mtllib 黑色塑料.003.mtl
usemtl 黑色塑料.003
v -0.328064 -0.022383 0.012777
v -0.328064 -0.022383 -0.013223
v -0.328064 -0.022383 -0.013223
v -0.328064 -0.022383 -0.013223
v -0.328064 -0.022383 -0.013223
v -0.328064 0.025 0.012777
v -0.328064 0.043 0.012777
v -0.328064 0.025 0.008777
v -0.328064 0.0225 0.008777
v -0.328064 0.0275 0.008777
v -0.327064 0.0275 0.008777
v -0.327064 0.0275 0.008777
v -0.327064 0.0275 0.008777
v -0.327064 0.0275 0.008777
v -0.327064 0.0275 0.008777
v -0.328064 0.043 0.008777
v -0.327064 0.043 0.008777
v -0.327064 0.043 0.008777
v -0.328064 0.044481 0.008654
v -0.328064 0.045922 0.008289
v -0.327064 0.044481 0.008654
v -0.327064 0.045922 0.008289
v -0.327064 0.047284 0.007692
v -0.328064 0.047284 0.007692
v -0.327064 0.048528 0.006879
v -0.328064 0.048528 0.006879
v -0.327064 0.049622 0.005873
v -0.328064 0.049622 0.005873
v -0.327064 0.050534 0.0047
v -0.328064 0.050534 0.0047
v -0.327064 0.051242 0.003392
v -0.327064 0.051725 0.001986
v -0.328064 0.051242 0.003392
v -0.328064 0.051725 0.001986
v -0.328064 0.051969 0.00052
v -0.328064 0.051969 -0.000966
v -0.327064 0.051969 0.00052
v -0.327064 0.051969 -0.000966
v -0.327064 0.051725 -0.002432
v -0.327064 0.051242 -0.003838
v -0.328064 0.051725 -0.002432
v -0.328064 0.051242 -0.003838
v -0.328064 0.050534 -0.005145
v -0.327064 0.050534 -0.005145
v -0.328064 0.049622 -0.006318
v -0.327064 0.049622 -0.006318
v -0.328064 0.048528 -0.007325
v -0.327064 0.048528 -0.007325
v -0.328064 0.047284 -0.008138
v -0.328064 0.045922 -0.008735
v -0.327064 0.047284 -0.008138
v -0.327064 0.045922 -0.008735
v -0.327064 0.044481 -0.0091
v -0.327064 0.043 -0.009223
v -0.328064 0.044481 -0.0091
v -0.328064 0.043 -0.009223
v -0.328064 0.0275 -0.009223
v -0.327064 0.0275 -0.009223
v -0.327064 0.0275 -0.009223
v -0.327064 0.0275 -0.009223
v -0.328064 0.025 -0.009223
v -0.328064 0.0225 -0.009223
v -0.328064 0.025 -0.013223
v -0.328064 0.043 -0.013223
v -0.328064 0.04514 -0.013046
v -0.328064 0.047221 -0.012519
v -0.328064 0.049187 -0.011656
v -0.328064 0.050985 -0.010482
v -0.328064 0.052564 -0.009028
v -0.328064 0.053883 -0.007333
v -0.328064 0.054905 -0.005445
v -0.328064 0.055602 -0.003414
v -0.328064 0.055956 -0.001296
v -0.328064 0.055956 0.000851
v -0.328064 0.055602 0.002969
v -0.328064 0.054905 0.004999
v -0.328064 0.050985 0.010036
v -0.328064 0.052564 0.008582
v -0.328064 0.053883 0.006887
v -0.328064 0.049187 0.01121
v -0.328064 0.047221 0.012073
v -0.328064 0.04514 0.0126
v -0.328064 0.007 -0.009223
v -0.328064 0.007 -0.009223
v -0.327064 0.0225 -0.009223
v -0.327064 0.0225 -0.009223
v -0.327064 0.0225 -0.009223
v -0.327064 0.0225 -0.009223
v -0.327064 0.0225 -0.009223
v -0.327064 0.0225 -0.00685
v -0.327064 0.0225 -0.00685
v -0.327064 0.007 -0.009223
v -0.327064 0.007 -0.009223
v -0.327064 0.007 -0.008237
v -0.327064 0.005592 -0.009112
v -0.327064 0.004219 -0.008782
v -0.328064 0.005592 -0.009112
v -0.328064 0.005592 -0.009112
v -0.328064 0.004219 -0.008782
v -0.328064 0.004219 -0.008782
v -0.328064 0.002914 -0.008242
v -0.328064 0.002914 -0.008242
v -0.327064 0.002914 -0.008242
v -0.328064 0.00171 -0.007504
v -0.327064 0.00171 -0.007504
v -0.328064 0.000636 -0.006587
v -0.327064 0.000636 -0.006587
v -0.328064 -0.000281 -0.005513
v -0.327064 -0.000281 -0.005513
v -0.328064 -0.001019 -0.004309
v -0.328064 -0.00156 -0.003004
v -0.327064 -0.001019 -0.004309
v -0.327064 -0.00156 -0.003004
v -0.327064 -0.001889 -0.001631
v -0.328064 -0.001889 -0.001631
v -0.327064 -0.002 -0.000223
v -0.327064 -0.001889 0.001185
v -0.328064 -0.002 -0.000223
v -0.328064 -0.001889 0.001185
v -0.328064 -0.001559 0.002558
v -0.327064 -0.001559 0.002558
v -0.328064 -0.001019 0.003863
v -0.327064 -0.001019 0.003863
v -0.328064 -0.000281 0.005067
v -0.327064 -0.000281 0.005067
v -0.328064 0.000636 0.006141
v -0.328064 0.00171 0.007058
v -0.327064 0.000636 0.006141
v -0.327064 0.00171 0.007058
v -0.327064 0.002914 0.007796
v -0.327064 0.004219 0.008337
v -0.328064 0.002914 0.007796
v -0.328064 0.004219 0.008337
v -0.328064 0.005592 0.008666
v -0.328064 0.007 0.008777
v -0.327064 0.005592 0.008666
v -0.327064 0.007 0.008777
v -0.327064 0.007 0.007791
v -0.327064 0.0225 0.008777
v -0.327064 0.0225 0.008777
v -0.327064 0.0225 0.008777
v -0.327064 0.0225 0.008777
v -0.327064 0.0225 0.008777
v -0.327064 0.0225 0.008777
v -0.327064 0.0225 0.006617
v -0.327064 0.0225 0.006617
v -0.327064 0.0225 0.006617
v -0.327064 0.0225 0.006617
v -0.327064 0.0225 0.006617
v -0.327064 0.023231 0.006617
v -0.327064 0.023231 0.006617
v -0.327064 0.0225 0.003904
v -0.327064 0.0225 0.003904
v -0.327064 0.0225 0.003904
v -0.327064 0.0225 0.003904
v -0.327064 0.0225 0.003904
v -0.327064 0.0225 0.003904
v -0.327064 0.0225 0.003904
v -0.327064 0.0225 0.001718
v -0.327064 0.0225 0.001718
v -0.327064 0.0225 0.001718
v -0.327064 0.0225 0.001718
v -0.327064 0.0225 0.001718
v -0.327064 0.0225 0.001718
v -0.327064 0.023231 0.003904
v -0.327064 0.023231 0.003904
v -0.327064 0.02323 0.003919
v -0.327064 0.02325 0.003729
v -0.327064 0.02325 0.003729
v -0.327064 0.023297 0.003545
v -0.327064 0.023297 0.003545
v -0.327064 0.023234 0.004109
v -0.327064 0.023268 0.004297
v -0.327064 0.023268 0.004297
v -0.327064 0.023332 0.004476
v -0.327064 0.023332 0.004476
v -0.327064 0.023375 0.004561
v -0.327064 0.023375 0.004561
v -0.327064 0.023426 0.004642
v -0.327064 0.023484 0.004718
v -0.327064 0.023549 0.004787
v -0.327064 0.023549 0.004787
v -0.327064 0.02362 0.00485
v -0.327064 0.02362 0.00485
v -0.327064 0.023698 0.004905
v -0.327064 0.023698 0.004905
v -0.327064 0.023781 0.004951
v -0.327064 0.023869 0.004988
v -0.327064 0.023959 0.005015
v -0.327064 0.023959 0.005015
v -0.327064 0.023959 0.005015
v -0.327064 0.024054 0.005034
v -0.327064 0.024054 0.005034
v -0.327064 0.024054 0.004516
v -0.327064 0.023962 0.004472
v -0.327064 0.023878 0.004414
v -0.327064 0.023878 0.004414
v -0.327064 0.023878 0.004414
v -0.327064 0.02384 0.00438
v -0.327064 0.023806 0.004342
v -0.327064 0.023806 0.004342
v -0.327064 0.023806 0.004342
v -0.327064 0.023777 0.004301
v -0.327064 0.023752 0.004256
v -0.327064 0.023752 0.004256
v -0.327064 0.023752 0.004256
v -0.327064 0.023733 0.00421
v -0.327064 0.023718 0.00416
v -0.327064 0.023718 0.00416
v -0.327064 0.023702 0.004059
v -0.327064 0.023702 0.004059
v -0.327064 0.0237 0.003957
v -0.327064 0.0237 0.003957
v -0.327064 0.023703 0.003904
v -0.327064 0.023703 0.003904
v -0.327064 0.024382 0.003904
v -0.327064 0.024382 0.003904
v -0.327064 0.024382 0.003904
v -0.327064 0.024382 0.003904
v -0.327064 0.024382 0.003904
v -0.327064 0.024382 0.003904
v -0.327064 0.024382 0.003904
v -0.327064 0.024382 0.003904
v -0.327064 0.024382 0.003904
v -0.327064 0.02371 0.003856
v -0.327064 0.023735 0.003757
v -0.327064 0.023754 0.003709
v -0.327064 0.023754 0.003709
v -0.327064 0.023777 0.003664
v -0.327064 0.023804 0.003621
v -0.327064 0.023804 0.003621
v -0.327064 0.023836 0.003581
v -0.327064 0.02387 0.003544
v -0.327064 0.02387 0.003544
v -0.327064 0.023908 0.003509
v -0.327064 0.023908 0.003509
v -0.327064 0.023992 0.003451
v -0.327064 0.023992 0.003451
v -0.327064 0.024084 0.003407
v -0.327064 0.024084 0.003407
v -0.327064 0.024181 0.003376
v -0.327064 0.024181 0.003376
v -0.327064 0.024281 0.003355
v -0.327064 0.024281 0.003355
v -0.327064 0.024382 0.003342
v -0.327064 0.024382 0.005057
v -0.327064 0.024542 0.005063
v -0.327064 0.024542 0.005063
v -0.327064 0.024732 0.005054
v -0.327064 0.024732 0.005054
v -0.327064 0.024732 0.005054
v -0.327064 0.024921 0.005027
v -0.327064 0.024921 0.005027
v -0.327064 0.025105 0.004977
v -0.327064 0.02528 0.004901
v -0.327064 0.02528 0.004901
v -0.327064 0.025441 0.0048
v -0.327064 0.025515 0.004739
v -0.327064 0.025583 0.004673
v -0.327064 0.025644 0.0046
v -0.327064 0.025698 0.004521
v -0.327064 0.025745 0.004438
v -0.327064 0.025745 0.004438
v -0.327064 0.025783 0.004351
v -0.327064 0.025783 0.004351
v -0.327064 0.025836 0.004168
v -0.327064 0.025858 0.003979
v -0.327064 0.025858 0.003979
v -0.327064 0.025853 0.003788
v -0.327064 0.025859 0.003904
v -0.327064 0.025859 0.003904
v -0.327064 0.025818 0.003601
v -0.327064 0.025789 0.00351
v -0.327064 0.025789 0.00351
v -0.327064 0.025751 0.003423
v -0.327064 0.025751 0.003423
v -0.327064 0.025751 0.003423
v -0.327064 0.025654 0.003259
v -0.327064 0.02553 0.003114
v -0.327064 0.02553 0.003114
v -0.327064 0.025383 0.002992
v -0.327064 0.025383 0.002992
v -0.327064 0.025383 0.002992
v -0.327064 0.02522 0.002894
v -0.327064 0.025044 0.002821
v -0.327064 0.02486 0.002773
v -0.327064 0.024671 0.002749
v -0.327064 0.024671 0.002749
v -0.327064 0.02448 0.002745
v -0.327064 0.02448 0.002745
v -0.327064 0.02429 0.002762
v -0.327064 0.02429 0.002762
v -0.327064 0.024104 0.002801
v -0.327064 0.024104 0.002801
v -0.327064 0.023924 0.002865
v -0.327064 0.023924 0.002865
v -0.327064 0.023756 0.002954
v -0.327064 0.023756 0.002954
v -0.327064 0.023605 0.00307
v -0.327064 0.023537 0.003137
v -0.327064 0.023475 0.003209
v -0.327064 0.023372 0.003369
v -0.327064 0.023372 0.003369
v -0.327064 0.025158 0.003479
v -0.327064 0.025158 0.003479
v -0.327064 0.025077 0.003433
v -0.327064 0.025231 0.003538
v -0.327064 0.025264 0.003572
v -0.327064 0.025264 0.003572
v -0.327064 0.025293 0.003608
v -0.327064 0.025319 0.003647
v -0.327064 0.025319 0.003647
v -0.327064 0.025341 0.003688
v -0.327064 0.025359 0.003731
v -0.327064 0.025359 0.003731
v -0.327064 0.025373 0.003776
v -0.327064 0.025382 0.003821
v -0.327064 0.025387 0.003868
v -0.327064 0.025387 0.003961
v -0.327064 0.025374 0.004054
v -0.327064 0.025361 0.004099
v -0.327064 0.025361 0.004099
v -0.327064 0.025345 0.004143
v -0.327064 0.025345 0.004143
v -0.327064 0.025324 0.004184
v -0.327064 0.025324 0.004184
v -0.327064 0.025299 0.004224
v -0.327064 0.02527 0.00426
v -0.327064 0.02527 0.00426
v -0.327064 0.02527 0.00426
v -0.327064 0.02527 0.00426
v -0.327064 0.02527 0.00426
v -0.327064 0.025237 0.004293
v -0.327064 0.025201 0.004323
v -0.327064 0.025201 0.004323
v -0.327064 0.025162 0.00435
v -0.327064 0.025162 0.00435
v -0.327064 0.025079 0.004393
v -0.327064 0.025079 0.004393
v -0.327064 0.024991 0.004425
v -0.327064 0.024991 0.004425
v -0.327064 0.0249 0.004447
v -0.327064 0.024808 0.004461
v -0.327064 0.024808 0.003356
v -0.327064 0.024808 0.003356
v -0.327064 0.0249 0.003373
v -0.327064 0.02499 0.003398
v -0.327064 0.0275 0.003904
v -0.327064 0.0275 0.003904
v -0.327064 0.0275 0.003904
v -0.327064 0.0275 0.003904
v -0.327064 0.0275 0.003904
v -0.327064 0.0275 0.003904
v -0.327064 0.0275 0.003904
v -0.327064 0.0275 0.001718
v -0.327064 0.0275 0.001718
v -0.327064 0.0275 0.001718
v -0.327064 0.0275 0.001718
v -0.327064 0.0275 0.001718
v -0.327064 0.0275 0.001718
v -0.327064 0.0275 0.001718
v -0.327064 0.0275 0.001718
v -0.327064 0.0275 0.001718
v -0.327064 0.0275 0.001718
v -0.327064 0.0275 0.001718
v -0.327064 0.0275 0.006617
v -0.327064 0.0275 0.006617
v -0.327064 0.0275 0.006617
v -0.327064 0.0275 0.006617
v -0.327064 0.0275 0.006617
v -0.327064 0.025859 0.006617
v -0.327064 0.025859 0.006617
v -0.327064 0.025858 0.006692
v -0.327064 0.025858 0.006692
v -0.327064 0.025853 0.006501
v -0.327064 0.025818 0.006314
v -0.327064 0.025789 0.006224
v -0.327064 0.025751 0.006136
v -0.327064 0.025654 0.005973
v -0.327064 0.02553 0.005828
v -0.327064 0.025383 0.005706
v -0.327064 0.025383 0.005706
v -0.327064 0.02522 0.005608
v -0.327064 0.02522 0.005608
v -0.327064 0.025044 0.005534
v -0.327064 0.02486 0.005486
v -0.327064 0.02486 0.005486
v -0.327064 0.02486 0.005486
v -0.327064 0.024671 0.005462
v -0.327064 0.024671 0.005462
v -0.327064 0.02448 0.005459
v -0.327064 0.02448 0.005459
v -0.327064 0.02429 0.005475
v -0.327064 0.024104 0.005514
v -0.327064 0.024104 0.005514
v -0.327064 0.024104 0.005514
v -0.327064 0.023924 0.005578
v -0.327064 0.023924 0.005578
v -0.327064 0.023756 0.005668
v -0.327064 0.023756 0.005668
v -0.327064 0.023605 0.005783
v -0.327064 0.023605 0.005783
v -0.327064 0.023537 0.00585
v -0.327064 0.023475 0.005923
v -0.327064 0.023372 0.006083
v -0.327064 0.023372 0.006083
v -0.327064 0.023297 0.006258
v -0.327064 0.023297 0.006258
v -0.327064 0.02325 0.006443
v -0.327064 0.02325 0.006443
v -0.327064 0.02323 0.006632
v -0.327064 0.023234 0.006823
v -0.327064 0.023268 0.00701
v -0.327064 0.023332 0.00719
v -0.327064 0.023332 0.00719
v -0.327064 0.023375 0.007275
v -0.327064 0.023375 0.007275
v -0.327064 0.023426 0.007355
v -0.327064 0.023426 0.007355
v -0.327064 0.023484 0.007431
v -0.327064 0.023484 0.007431
v -0.327064 0.023549 0.0075
v -0.327064 0.023549 0.0075
v -0.327064 0.02362 0.007563
v -0.327064 0.023698 0.007618
v -0.327064 0.023781 0.007664
v -0.327064 0.023869 0.007702
v -0.327064 0.023959 0.007729
v -0.327064 0.023959 0.007729
v -0.327064 0.024054 0.007747
v -0.327064 0.024054 0.007747
v -0.327064 0.024054 0.00723
v -0.327064 0.023962 0.007185
v -0.327064 0.023878 0.007128
v -0.327064 0.023878 0.007128
v -0.327064 0.023878 0.007128
v -0.327064 0.02384 0.007093
v -0.327064 0.023806 0.007056
v -0.327064 0.023806 0.007056
v -0.327064 0.023806 0.007056
v -0.327064 0.023777 0.007015
v -0.327064 0.023752 0.00697
v -0.327064 0.023752 0.00697
v -0.327064 0.023752 0.00697
v -0.327064 0.023733 0.006924
v -0.327064 0.023718 0.006873
v -0.327064 0.023718 0.006873
v -0.327064 0.023702 0.006773
v -0.327064 0.023702 0.006773
v -0.327064 0.0237 0.006671
v -0.327064 0.0237 0.006671
v -0.327064 0.02371 0.006569
v -0.327064 0.023703 0.006617
v -0.327064 0.023703 0.006617
v -0.327064 0.023735 0.00647
v -0.327064 0.023754 0.006423
v -0.327064 0.023754 0.006423
v -0.327064 0.023777 0.006378
v -0.327064 0.023804 0.006335
v -0.327064 0.023804 0.006335
v -0.327064 0.023836 0.006294
v -0.327064 0.02387 0.006257
v -0.327064 0.02387 0.006257
v -0.327064 0.023908 0.006223
v -0.327064 0.023908 0.006223
v -0.327064 0.023992 0.006165
v -0.327064 0.023992 0.006165
v -0.327064 0.024084 0.006121
v -0.327064 0.024084 0.006121
v -0.327064 0.024181 0.006089
v -0.327064 0.024181 0.006089
v -0.327064 0.024281 0.006068
v -0.327064 0.024281 0.006068
v -0.327064 0.024382 0.006056
v -0.327064 0.024382 0.006617
v -0.327064 0.024382 0.006617
v -0.327064 0.024382 0.006617
v -0.327064 0.024382 0.006617
v -0.327064 0.024382 0.006617
v -0.327064 0.024382 0.006617
v -0.327064 0.024382 0.006617
v -0.327064 0.024382 0.006617
v -0.327064 0.024382 0.006617
v -0.327064 0.024382 0.00777
v -0.327064 0.024382 0.00777
v -0.327064 0.024542 0.007776
v -0.327064 0.024542 0.007776
v -0.327064 0.024732 0.007768
v -0.327064 0.024732 0.007768
v -0.327064 0.024732 0.007768
v -0.327064 0.024921 0.00774
v -0.327064 0.025105 0.00769
v -0.327064 0.025105 0.00769
v -0.327064 0.02528 0.007615
v -0.327064 0.025441 0.007514
v -0.327064 0.025515 0.007453
v -0.327064 0.025515 0.007453
v -0.327064 0.025583 0.007386
v -0.327064 0.025583 0.007386
v -0.327064 0.025644 0.007313
v -0.327064 0.025644 0.007313
v -0.327064 0.025698 0.007235
v -0.327064 0.025698 0.007235
v -0.327064 0.025745 0.007152
v -0.327064 0.025745 0.007152
v -0.327064 0.025745 0.007152
v -0.327064 0.025783 0.007064
v -0.327064 0.025783 0.007064
v -0.327064 0.025836 0.006881
v -0.327064 0.025079 0.007105
v -0.327064 0.025079 0.007105
v -0.327064 0.024991 0.007137
v -0.327064 0.0249 0.007159
v -0.327064 0.024808 0.007173
v -0.327064 0.024808 0.006068
v -0.327064 0.0249 0.006085
v -0.327064 0.02499 0.00611
v -0.327064 0.025076 0.006146
v -0.327064 0.025076 0.006146
v -0.327064 0.025157 0.006192
v -0.327064 0.025231 0.00625
v -0.327064 0.025231 0.00625
v -0.327064 0.025231 0.00625
v -0.327064 0.025231 0.00625
v -0.327064 0.025264 0.006284
v -0.327064 0.025293 0.00632
v -0.327064 0.025293 0.00632
v -0.327064 0.025319 0.006359
v -0.327064 0.025341 0.0064
v -0.327064 0.025341 0.0064
v -0.327064 0.025341 0.0064
v -0.327064 0.025359 0.006443
v -0.327064 0.025373 0.006488
v -0.327064 0.025373 0.006488
v -0.327064 0.025373 0.006488
v -0.327064 0.025387 0.00658
v -0.327064 0.025387 0.006673
v -0.327064 0.025387 0.006673
v -0.327064 0.025387 0.006673
v -0.327064 0.025374 0.006766
v -0.327064 0.025361 0.006812
v -0.327064 0.025361 0.006812
v -0.327064 0.025345 0.006855
v -0.327064 0.025324 0.006897
v -0.327064 0.025324 0.006897
v -0.327064 0.025324 0.006897
v -0.327064 0.025324 0.006897
v -0.327064 0.025299 0.006936
v -0.327064 0.02527 0.006972
v -0.327064 0.02527 0.006972
v -0.327064 0.025237 0.007006
v -0.327064 0.025237 0.007006
v -0.327064 0.025201 0.007035
v -0.327064 0.025201 0.007035
v -0.327064 0.025201 0.007035
v -0.327064 0.025162 0.007062
v -0.327064 0.0275 -0.001709
v -0.327064 0.0275 -0.001709
v -0.327064 0.0275 -0.001709
v -0.327064 0.0275 -0.001709
v -0.327064 0.0275 -0.001709
v -0.327064 0.0275 -0.001709
v -0.327064 0.0275 -0.001709
v -0.327064 0.0275 -0.001709
v -0.327064 0.0275 -0.001709
v -0.327064 0.0275 -0.001709
v -0.327064 0.025644 0.001718
v -0.327064 0.025644 0.001718
v -0.327064 0.025596 0.001674
v -0.327064 0.025679 0.001756
v -0.327064 0.025679 0.001756
v -0.327064 0.025749 0.00185
v -0.327064 0.025502 0.001603
v -0.327064 0.025502 0.001603
v -0.327064 0.025401 0.001545
v -0.327064 0.025802 0.001545
v -0.327064 0.025802 0.001545
v -0.327064 0.025802 0.001025
v -0.327064 0.023286 0.001025
v -0.327064 0.024813 0.001025
v -0.327064 0.024813 0.001025
v -0.327064 0.023286 0.001618
v -0.327064 0.023286 0.001618
v -0.327064 0.023286 0.001618
v -0.327064 0.024656 0.001618
v -0.327064 0.024656 0.001618
v -0.327064 0.024766 0.001624
v -0.327064 0.024813 0.00163
v -0.327064 0.024813 0.001718
v -0.327064 0.024813 0.001718
v -0.327064 0.024813 0.001718
v -0.327064 0.024813 0.001718
v -0.327064 0.024813 0.001718
v -0.327064 0.024813 0.001718
v -0.327064 0.024873 0.001641
v -0.327064 0.024977 0.001675
v -0.327064 0.025027 0.001698
v -0.327064 0.025027 0.001698
v -0.327064 0.025061 0.001718
v -0.327064 0.025074 0.001726
v -0.327064 0.025074 0.001726
v -0.327064 0.025118 0.001759
v -0.327064 0.025118 0.001759
v -0.327064 0.025118 0.001759
v -0.327064 0.025158 0.001796
v -0.327064 0.025194 0.001838
v -0.327064 0.025194 0.001838
v -0.327064 0.025194 0.001838
v -0.327064 0.025226 0.001882
v -0.327064 0.025253 0.001929
v -0.327064 0.025253 0.001929
v -0.327064 0.025253 0.001929
v -0.327064 0.025275 0.001979
v -0.327064 0.025293 0.00203
v -0.327064 0.025293 0.00203
v -0.327064 0.025293 0.00203
v -0.327064 0.025305 0.002084
v -0.327064 0.025305 0.002084
v -0.327064 0.025318 0.002193
v -0.327064 0.025318 0.002193
v -0.327064 0.025316 0.002302
v -0.327064 0.025316 0.002302
v -0.327064 0.025302 0.002411
v -0.327064 0.025302 0.002411
v -0.327064 0.02583 0.002411
v -0.327064 0.02583 0.002411
v -0.327064 0.02583 0.002411
v -0.327064 0.02583 0.002411
v -0.327064 0.025836 0.002401
v -0.327064 0.025836 0.002401
v -0.327064 0.025841 0.00239
v -0.327064 0.025841 0.00239
v -0.327064 0.025849 0.002364
v -0.327064 0.025849 0.002364
v -0.327064 0.025854 0.002334
v -0.327064 0.025854 0.002334
v -0.327064 0.025858 0.002298
v -0.327064 0.025858 0.002298
v -0.327064 0.025857 0.002181
v -0.327064 0.025857 0.002181
v -0.327064 0.025839 0.002065
v -0.327064 0.025839 0.002065
v -0.327064 0.025803 0.001954
v -0.327064 0.025803 0.001954
v -0.327064 0.024813 -1.2E-05
v -0.327064 0.025332 -1.2E-05
v -0.327064 0.024055 -1.2E-05
v -0.327064 0.024055 -1.2E-05
v -0.327064 0.024055 -1.2E-05
v -0.327064 0.023985 -8E-06
v -0.327064 0.023985 -8E-06
v -0.327064 0.023985 -8E-06
v -0.327064 0.023916 7E-06
v -0.327064 0.023882 1.9E-05
v -0.327064 0.023882 1.9E-05
v -0.327064 0.023882 1.9E-05
v -0.327064 0.023852 3.5E-05
v -0.327064 0.023852 3.5E-05
v -0.327064 0.023822 5.5E-05
v -0.327064 0.023822 5.5E-05
v -0.327064 0.023797 7.9E-05
v -0.327064 0.023776 0.000107
v -0.327064 0.023776 0.000107
v -0.327064 0.023776 0.000107
v -0.327064 0.023758 0.000138
v -0.327064 0.023745 0.00017
v -0.327064 0.023735 0.000205
v -0.327064 0.023726 0.000274
v -0.327064 0.023725 0.000345
v -0.327064 0.02373 0.000415
v -0.327064 0.02373 0.000415
v -0.327064 0.02374 0.000485
v -0.327064 0.023758 0.000553
v -0.327064 0.023758 0.000553
v -0.327064 0.023295 0.000553
v -0.327064 0.023256 0.000421
v -0.327064 0.023256 0.000421
v -0.327064 0.023235 0.000286
v -0.327064 0.023235 0.000286
v -0.327064 0.02323 0.000148
v -0.327064 0.02323 0.000148
v -0.327064 0.023242 1.1E-05
v -0.327064 0.023242 1.1E-05
v -0.327064 0.023274 -0.000122
v -0.327064 0.023274 -0.000122
v -0.327064 0.023298 -0.000187
v -0.327064 0.023298 -0.000187
v -0.327064 0.023329 -0.000248
v -0.327064 0.023366 -0.000306
v -0.327064 0.023408 -0.00036
v -0.327064 0.023456 -0.000409
v -0.327064 0.023456 -0.000409
v -0.327064 0.023509 -0.000453
v -0.327064 0.023509 -0.000453
v -0.327064 0.023566 -0.000491
v -0.327064 0.023566 -0.000491
v -0.327064 0.023626 -0.000524
v -0.327064 0.023626 -0.000524
v -0.327064 0.023689 -0.00055
v -0.327064 0.023689 -0.00055
v -0.327064 0.023755 -0.000571
v -0.327064 0.02389 -0.000597
v -0.327064 0.024027 -0.000605
v -0.327064 0.025333 -0.000605
v -0.327064 0.025333 -0.000948
v -0.327064 0.025802 -0.000948
v -0.327064 0.025802 -0.000605
v -0.327064 0.026395 -0.000605
v -0.327064 0.026395 -0.000605
v -0.327064 0.026395 -0.000605
v -0.327064 0.026395 -1.2E-05
v -0.327064 0.025802 -1.2E-05
v -0.327064 0.025802 0.000553
v -0.327064 0.025332 0.000553
v -0.327064 0.024813 -0.000605
v -0.327064 0.024813 -0.001414
v -0.327064 0.025802 -0.001414
v -0.327064 0.025802 -0.001414
v -0.327064 0.025802 -0.001414
v -0.327064 0.023286 -0.001414
v -0.327064 0.023286 -0.001414
v -0.327064 0.023286 -0.001414
v -0.327064 0.023286 -0.001414
v -0.327064 0.023286 -0.001709
v -0.327064 0.0225 -0.001709
v -0.327064 0.0225 -0.001709
v -0.327064 0.0225 -0.001709
v -0.327064 0.0225 -0.001709
v -0.327064 0.023286 -0.002007
v -0.327064 0.025802 -0.002007
v -0.327064 0.025802 -0.002007
v -0.327064 0.025802 -0.002007
v -0.327064 0.025802 -0.002007
v -0.327064 0.025802 -0.002007
v -0.327064 0.025802 -0.002007
v -0.327064 0.025802 -0.001709
v -0.327064 0.02607 -0.001709
v -0.327064 0.02607 -0.001682
v -0.327064 0.02607 -0.001737
v -0.327064 0.026077 -0.001791
v -0.327064 0.026077 -0.001791
v -0.327064 0.02609 -0.001844
v -0.327064 0.02609 -0.001844
v -0.327064 0.026112 -0.001894
v -0.327064 0.026112 -0.001894
v -0.327064 0.026126 -0.001917
v -0.327064 0.026126 -0.001917
v -0.327064 0.026142 -0.001939
v -0.327064 0.026142 -0.001939
v -0.327064 0.02618 -0.001979
v -0.327064 0.026202 -0.001996
v -0.327064 0.026224 -0.002011
v -0.327064 0.026273 -0.002035
v -0.327064 0.026326 -0.002051
v -0.327064 0.02638 -0.002059
v -0.327064 0.02638 -0.002059
v -0.327064 0.026434 -0.00206
v -0.327064 0.026434 -0.00206
v -0.327064 0.026489 -0.002056
v -0.327064 0.026489 -0.002056
v -0.327064 0.026542 -0.002044
v -0.327064 0.026542 -0.002044
v -0.327064 0.026593 -0.002024
v -0.327064 0.026617 -0.002011
v -0.327064 0.02664 -0.001996
v -0.327064 0.026681 -0.00196
v -0.327064 0.026699 -0.001939
v -0.327064 0.026715 -0.001917
v -0.327064 0.026729 -0.001894
v -0.327064 0.026741 -0.001869
v -0.327064 0.026759 -0.001818
v -0.327064 0.026759 -0.001818
v -0.327064 0.026768 -0.001764
v -0.327064 0.026768 -0.001764
v -0.327064 0.026772 -0.001709
v -0.327064 0.026772 -0.001709
v -0.327064 0.026768 -0.001655
v -0.327064 0.026768 -0.001655
v -0.327064 0.026759 -0.001601
v -0.327064 0.026759 -0.001601
v -0.327064 0.026741 -0.00155
v -0.327064 0.026741 -0.00155
v -0.327064 0.026729 -0.001525
v -0.327064 0.026729 -0.001525
v -0.327064 0.026715 -0.001502
v -0.327064 0.026715 -0.001502
v -0.327064 0.026699 -0.00148
v -0.327064 0.026699 -0.00148
v -0.327064 0.026681 -0.001459
v -0.327064 0.026681 -0.001459
v -0.327064 0.026681 -0.001459
v -0.327064 0.02664 -0.001423
v -0.327064 0.02664 -0.001423
v -0.327064 0.026617 -0.001408
v -0.327064 0.026593 -0.001395
v -0.327064 0.026542 -0.001375
v -0.327064 0.026489 -0.001363
v -0.327064 0.026434 -0.001359
v -0.327064 0.02638 -0.00136
v -0.327064 0.02638 -0.00136
v -0.327064 0.026326 -0.001368
v -0.327064 0.026326 -0.001368
v -0.327064 0.026273 -0.001384
v -0.327064 0.026224 -0.001408
v -0.327064 0.026202 -0.001423
v -0.327064 0.02618 -0.00144
v -0.327064 0.02618 -0.00144
v -0.327064 0.026142 -0.00148
v -0.327064 0.026142 -0.00148
v -0.327064 0.026126 -0.001502
v -0.327064 0.026126 -0.001502
v -0.327064 0.026112 -0.001525
v -0.327064 0.026112 -0.001525
v -0.327064 0.02609 -0.001575
v -0.327064 0.026077 -0.001628
v -0.327064 0.0225 -0.003747
v -0.327064 0.0225 -0.003747
v -0.327064 0.025359 -0.003747
v -0.327064 0.025359 -0.003747
v -0.327064 0.025361 -0.003704
v -0.327064 0.025361 -0.003704
v -0.327064 0.025361 -0.003704
v -0.327064 0.025354 -0.003795
v -0.327064 0.025354 -0.003795
v -0.327064 0.025336 -0.003885
v -0.327064 0.025303 -0.00397
v -0.327064 0.025281 -0.00401
v -0.327064 0.025256 -0.004048
v -0.327064 0.025227 -0.004084
v -0.327064 0.025227 -0.004084
v -0.327064 0.025195 -0.004117
v -0.327064 0.025195 -0.004117
v -0.327064 0.025195 -0.004117
v -0.327064 0.025124 -0.004174
v -0.327064 0.025044 -0.004218
v -0.327064 0.025044 -0.004218
v -0.327064 0.024958 -0.004251
v -0.327064 0.024958 -0.004251
v -0.327064 0.024869 -0.004272
v -0.327064 0.024778 -0.004284
v -0.327064 0.024687 -0.004287
v -0.327064 0.024687 -0.004287
v -0.327064 0.024687 -0.004287
v -0.327064 0.023288 -0.004287
v -0.327064 0.023288 -0.00488
v -0.327064 0.023288 -0.00488
v -0.327064 0.023288 -0.00488
v -0.327064 0.023288 -0.00488
v -0.327064 0.023288 -0.00488
v -0.327064 0.025802 -0.00488
v -0.327064 0.025802 -0.004346
v -0.327064 0.025802 -0.004346
v -0.327064 0.025802 -0.004346
v -0.327064 0.025802 -0.004346
v -0.327064 0.025802 -0.004346
v -0.327064 0.025426 -0.004344
v -0.327064 0.025548 -0.004252
v -0.327064 0.025548 -0.004252
v -0.327064 0.025653 -0.004141
v -0.327064 0.025653 -0.004141
v -0.327064 0.025698 -0.004079
v -0.327064 0.025698 -0.004079
v -0.327064 0.025737 -0.004014
v -0.327064 0.025737 -0.004014
v -0.327064 0.025798 -0.003873
v -0.327064 0.025798 -0.003873
v -0.327064 0.025798 -0.003873
v -0.327064 0.025833 -0.003747
v -0.327064 0.025833 -0.003747
v -0.327064 0.025837 -0.003725
v -0.327064 0.025837 -0.003725
v -0.327064 0.0275 -0.003747
v -0.327064 0.0275 -0.003747
v -0.327064 0.0275 -0.003747
v -0.327064 0.0275 -0.003747
v -0.327064 0.0275 -0.003747
v -0.327064 0.0275 -0.003747
v -0.327064 0.0275 -0.00685
v -0.327064 0.0275 -0.00685
v -0.327064 0.023752 -0.00685
v -0.327064 0.023754 -0.00681
v -0.327064 0.023754 -0.00681
v -0.327064 0.023754 -0.00693
v -0.327064 0.023754 -0.00693
v -0.327064 0.023766 -0.00705
v -0.327064 0.023766 -0.00705
v -0.327064 0.023795 -0.007166
v -0.327064 0.023795 -0.007166
v -0.327064 0.023795 -0.007166
v -0.327064 0.023816 -0.007223
v -0.327064 0.023842 -0.007277
v -0.327064 0.023842 -0.007277
v -0.327064 0.023873 -0.007328
v -0.327064 0.023909 -0.007376
v -0.327064 0.023909 -0.007376
v -0.327064 0.02395 -0.00742
v -0.327064 0.023995 -0.007459
v -0.327064 0.023995 -0.007459
v -0.327064 0.024044 -0.007494
v -0.327064 0.024096 -0.007524
v -0.327064 0.024096 -0.007524
v -0.327064 0.024096 -0.007524
v -0.327064 0.024207 -0.007571
v -0.327064 0.024323 -0.007601
v -0.327064 0.024323 -0.007601
v -0.327064 0.024323 -0.007601
v -0.327064 0.024323 -0.007601
v -0.327064 0.024442 -0.007617
v -0.327064 0.024562 -0.007622
v -0.327064 0.026677 -0.007622
v -0.327064 0.026677 -0.008222
v -0.327064 0.026677 -0.008222
v -0.327064 0.024513 -0.008222
v -0.327064 0.024513 -0.008222
v -0.327064 0.024301 -0.008209
v -0.327064 0.024301 -0.008209
v -0.327064 0.024093 -0.008166
v -0.327064 0.024093 -0.008166
v -0.327064 0.023992 -0.008131
v -0.327064 0.023896 -0.008088
v -0.327064 0.023896 -0.008088
v -0.327064 0.023803 -0.008036
v -0.327064 0.023803 -0.008036
v -0.327064 0.023716 -0.007977
v -0.327064 0.023716 -0.007977
v -0.327064 0.023634 -0.007908
v -0.327064 0.023634 -0.007908
v -0.327064 0.02356 -0.007833
v -0.327064 0.02356 -0.007833
v -0.327064 0.023494 -0.007751
v -0.327064 0.023494 -0.007751
v -0.327064 0.023434 -0.007662
v -0.327064 0.023434 -0.007662
v -0.327064 0.023341 -0.007472
v -0.327064 0.023341 -0.007472
v -0.327064 0.023278 -0.007269
v -0.327064 0.023243 -0.00706
v -0.327064 0.023232 -0.006848
v -0.327064 0.023243 -0.006636
v -0.327064 0.023278 -0.006427
v -0.327064 0.023342 -0.006225
v -0.327064 0.023436 -0.006035
v -0.327064 0.023495 -0.005947
v -0.327064 0.023495 -0.005947
v -0.327064 0.023561 -0.005865
v -0.327064 0.023561 -0.005865
v -0.327064 0.023635 -0.005789
v -0.327064 0.023635 -0.005789
v -0.327064 0.023717 -0.005721
v -0.327064 0.023717 -0.005721
v -0.327064 0.023804 -0.005662
v -0.327064 0.023804 -0.005662
v -0.327064 0.023897 -0.00561
v -0.327064 0.023897 -0.00561
v -0.327064 0.023993 -0.005567
v -0.327064 0.023993 -0.005567
v -0.327064 0.024094 -0.005533
v -0.327064 0.024094 -0.005533
v -0.327064 0.024301 -0.00549
v -0.327064 0.024301 -0.00549
v -0.327064 0.024513 -0.005477
v -0.327064 0.026677 -0.005477
v -0.327064 0.026677 -0.006119
v -0.327064 0.024562 -0.006119
v -0.327064 0.024442 -0.006124
v -0.327064 0.024323 -0.00614
v -0.327064 0.024323 -0.00614
v -0.327064 0.024323 -0.00614
v -0.327064 0.024207 -0.00617
v -0.327064 0.024096 -0.006216
v -0.327064 0.024096 -0.006216
v -0.327064 0.024096 -0.006216
v -0.327064 0.024043 -0.006246
v -0.327064 0.023995 -0.006281
v -0.327064 0.023995 -0.006281
v -0.327064 0.023995 -0.006281
v -0.327064 0.02395 -0.00632
v -0.327064 0.023909 -0.006364
v -0.327064 0.023909 -0.006364
v -0.327064 0.023873 -0.006412
v -0.327064 0.023873 -0.006412
v -0.327064 0.023842 -0.006464
v -0.327064 0.023842 -0.006464
v -0.327064 0.023816 -0.006517
v -0.327064 0.023795 -0.006574
v -0.327064 0.023795 -0.006574
v -0.327064 0.023766 -0.006691
v -0.327064 0.023766 -0.006691
v -0.327064 0.023232 -0.00685
v -0.327064 0.025856 -0.003574
v -0.327064 0.025856 -0.003574
v -0.327064 0.025858 -0.003421
v -0.327064 0.025858 -0.003421
v -0.327064 0.025842 -0.003269
v -0.327064 0.025842 -0.003269
v -0.327064 0.025824 -0.003193
v -0.327064 0.025824 -0.003193
v -0.327064 0.025801 -0.003121
v -0.327064 0.025801 -0.003121
v -0.327064 0.02577 -0.003051
v -0.327064 0.025733 -0.002984
v -0.327064 0.025689 -0.002922
v -0.327064 0.025689 -0.002922
v -0.327064 0.025639 -0.002864
v -0.327064 0.025639 -0.002864
v -0.327064 0.025639 -0.002864
v -0.327064 0.025583 -0.002812
v -0.327064 0.025522 -0.002766
v -0.327064 0.025457 -0.002727
v -0.327064 0.025387 -0.002693
v -0.327064 0.025242 -0.002646
v -0.327064 0.025091 -0.002621
v -0.327064 0.025091 -0.002621
v -0.327064 0.024938 -0.002613
v -0.327064 0.024938 -0.002613
v -0.327064 0.023286 -0.002613
v -0.327064 0.023286 -0.003206
v -0.327064 0.024845 -0.003206
v -0.327064 0.024937 -0.003211
v -0.327064 0.024937 -0.003211
v -0.327064 0.025027 -0.003225
v -0.327064 0.025027 -0.003225
v -0.327064 0.025114 -0.003253
v -0.327064 0.025114 -0.003253
v -0.327064 0.025156 -0.003273
v -0.327064 0.025194 -0.003297
v -0.327064 0.02523 -0.003326
v -0.327064 0.025261 -0.003359
v -0.327064 0.025261 -0.003359
v -0.327064 0.025288 -0.003396
v -0.327064 0.02531 -0.003436
v -0.327064 0.02531 -0.003436
v -0.327064 0.025328 -0.003477
v -0.327064 0.025341 -0.003522
v -0.327064 0.025357 -0.003612
v -0.327064 0.005748 0.007693
v -0.327064 0.008255 0.007692
v -0.327064 0.009479 0.007398
v -0.327064 0.010642 0.006915
v -0.327064 0.011715 0.006257
v -0.327064 0.012672 0.005438
v -0.327064 0.013489 0.00448
v -0.327064 0.014145 0.003406
v -0.327064 0.014625 0.002242
v -0.327064 0.014917 0.001017
v -0.327064 0.015014 -0.000238
v -0.327064 0.014902 -0.001557
v -0.327064 0.014575 -0.00284
v -0.327064 0.014041 -0.004051
v -0.327064 0.013315 -0.005157
v -0.327064 0.012416 -0.006129
v -0.327064 0.01137 -0.00694
v -0.327064 0.010205 -0.007568
v -0.327064 0.010205 -0.007568
v -0.327064 0.008952 -0.007995
v -0.327064 0.008952 -0.007995
v -0.327064 0.007647 -0.008211
v -0.327064 0.006323 -0.008208
v -0.327064 0.005018 -0.007988
v -0.327064 0.003767 -0.007556
v -0.327064 0.002604 -0.006924
v -0.327064 0.001561 -0.006109
v -0.327064 0.000666 -0.005133
v -0.327064 -5.5E-05 -0.004024
v -0.327064 -0.000585 -0.002811
v -0.327064 -0.000907 -0.001527
v -0.327064 -0.001014 -0.000208
v -0.327064 -0.000913 0.001044
v -0.327064 -0.000618 0.002265
v -0.327064 -0.000136 0.003425
v -0.327064 0.000522 0.004495
v -0.327064 0.001339 0.005449
v -0.327064 0.002295 0.006264
v -0.327064 0.003366 0.00692
v -0.327064 0.004526 0.0074
v -0.327064 0.043 -0.008237
v -0.327064 0.042323 -0.008208
v -0.327064 0.043647 -0.008211
v -0.327064 0.044952 -0.007995
v -0.324564 0.043647 -0.008211
v -0.324564 0.043647 -0.008211
v -0.324564 0.043647 -0.008211
v -0.324564 0.042323 -0.008208
v -0.324564 0.044952 -0.007995
v -0.324564 0.046205 -0.007568
v -0.324564 0.046205 -0.007568
v -0.327064 0.046205 -0.007568
v -0.324564 0.04737 -0.00694
v -0.327064 0.04737 -0.00694
v -0.324564 0.048416 -0.006129
v -0.324564 0.048416 -0.006129
v -0.327064 0.048416 -0.006129
v -0.324564 0.049315 -0.005157
v -0.324564 0.050041 -0.004051
v -0.324564 0.050041 -0.004051
v -0.324564 0.050041 -0.004051
v -0.327064 0.049315 -0.005157
v -0.327064 0.050041 -0.004051
v -0.327064 0.050575 -0.00284
v -0.327064 0.050902 -0.001557
v -0.324564 0.050575 -0.00284
v -0.324564 0.050902 -0.001557
v -0.324564 0.050902 -0.001557
v -0.324564 0.051014 -0.000238
v -0.324564 0.050917 0.001017
v -0.324564 0.050917 0.001017
v -0.327064 0.051014 -0.000238
v -0.327064 0.050917 0.001017
v -0.327064 0.050625 0.002242
v -0.324564 0.050625 0.002242
v -0.327064 0.050145 0.003406
v -0.327064 0.049489 0.00448
v -0.324564 0.050145 0.003406
v -0.324564 0.050145 0.003406
v -0.324564 0.050145 0.003406
v -0.324564 0.049489 0.00448
v -0.324564 0.048672 0.005438
v -0.324564 0.048672 0.005438
v -0.324564 0.048672 0.005438
v -0.327064 0.048672 0.005438
v -0.324564 0.047715 0.006257
v -0.324564 0.046642 0.006915
v -0.324564 0.046642 0.006915
v -0.324564 0.046642 0.006915
v -0.327064 0.047715 0.006257
v -0.327064 0.046642 0.006915
v -0.327064 0.045479 0.007398
v -0.327064 0.044255 0.007692
v -0.324564 0.045479 0.007398
v -0.324564 0.044255 0.007692
v -0.324564 0.044255 0.007692
v -0.324564 0.044255 0.007692
v -0.324564 0.043 0.007791
v -0.324564 0.041748 0.007693
v -0.327064 0.043 0.007791
v -0.327064 0.041748 0.007693
v -0.327064 0.041748 0.007693
v -0.327064 0.040526 0.0074
v -0.327064 0.040526 0.0074
v -0.324564 0.040526 0.0074
v -0.327064 0.039366 0.00692
v -0.327064 0.039366 0.00692
v -0.324564 0.039366 0.00692
v -0.327064 0.038295 0.006264
v -0.324564 0.038295 0.006264
v -0.327064 0.037339 0.005449
v -0.324564 0.037339 0.005449
v -0.327064 0.036522 0.004495
v -0.324564 0.036522 0.004495
v -0.324564 0.036522 0.004495
v -0.327064 0.035864 0.003425
v -0.324564 0.035864 0.003425
v -0.327064 0.035382 0.002265
v -0.324564 0.035382 0.002265
v -0.324564 0.035382 0.002265
v -0.327064 0.035087 0.001044
v -0.324564 0.035087 0.001044
v -0.324564 0.035087 0.001044
v -0.327064 0.034986 -0.000208
v -0.324564 0.034986 -0.000208
v -0.324564 0.034986 -0.000208
v -0.327064 0.035093 -0.001527
v -0.324564 0.035093 -0.001527
v -0.327064 0.035415 -0.002811
v -0.324564 0.035415 -0.002811
v -0.324564 0.035415 -0.002811
v -0.327064 0.035945 -0.004024
v -0.324564 0.035945 -0.004024
v -0.327064 0.036666 -0.005133
v -0.324564 0.036666 -0.005133
v -0.324564 0.036666 -0.005133
v -0.324564 0.036666 -0.005133
v -0.327064 0.037561 -0.006109
v -0.327064 0.038604 -0.006924
v -0.324564 0.037561 -0.006109
v -0.324564 0.038604 -0.006924
v -0.324564 0.038604 -0.006924
v -0.324564 0.038604 -0.006924
v -0.324564 0.039767 -0.007556
v -0.324564 0.041018 -0.007988
v -0.324564 0.041018 -0.007988
v -0.324564 0.041018 -0.007988
v -0.324564 0.041018 -0.007988
v -0.324564 0.041018 -0.007988
v -0.327064 0.039767 -0.007556
v -0.327064 0.041018 -0.007988
v -0.326564 0.043 -0.004588
v -0.326564 0.043 -0.004588
v -0.326564 0.042284 -0.004529
v -0.326564 0.042284 -0.004529
v -0.326564 0.043716 -0.004529
v -0.326564 0.043716 -0.004529
v -0.326564 0.043716 -0.004529
v -0.326564 0.041588 -0.004353
v -0.326564 0.04093 -0.004064
v -0.326564 0.04093 -0.004064
v -0.326564 0.04093 -0.004064
v -0.326564 0.04093 -0.004064
v -0.326564 0.04093 -0.004064
v -0.326564 0.040328 -0.003671
v -0.326564 0.040328 -0.003671
v -0.326564 0.0398 -0.003184
v -0.326564 0.0398 -0.003184
v -0.326564 0.039358 -0.002618
v -0.326564 0.039016 -0.001986
v -0.326564 0.039016 -0.001986
v -0.326564 0.039016 -0.001986
v -0.326564 0.039016 -0.001986
v -0.326564 0.038783 -0.001306
v -0.326564 0.038665 -0.000598
v -0.326564 0.038665 0.000121
v -0.326564 0.038783 0.00083
v -0.326564 0.039016 0.001509
v -0.326564 0.039358 0.002141
v -0.326564 0.0398 0.002708
v -0.326564 0.040328 0.003194
v -0.326564 0.040328 0.003194
v -0.326564 0.04093 0.003587
v -0.326564 0.04093 0.003587
v -0.326564 0.041588 0.003876
v -0.326564 0.041588 0.003876
v -0.326564 0.042284 0.004052
v -0.326564 0.043 0.004112
v -0.326564 0.043 0.004112
v -0.326564 0.043 0.004112
v -0.326564 0.043 0.004112
v -0.326564 0.043716 0.004052
v -0.326564 0.044412 0.003876
v -0.326564 0.044412 0.003876
v -0.326564 0.04507 0.003587
v -0.326564 0.04507 0.003587
v -0.326564 0.045672 0.003194
v -0.326564 0.045672 0.003194
v -0.326564 0.0462 0.002708
v -0.326564 0.046642 0.002141
v -0.326564 0.046642 0.002141
v -0.326564 0.046984 0.001509
v -0.326564 0.046984 0.001509
v -0.326564 0.047217 0.00083
v -0.326564 0.047335 0.000121
v -0.326564 0.047335 -0.000598
v -0.326564 0.047217 -0.001306
v -0.326564 0.046984 -0.001986
v -0.326564 0.046984 -0.001986
v -0.326564 0.046642 -0.002618
v -0.326564 0.0462 -0.003184
v -0.326564 0.0462 -0.003184
v -0.326564 0.045672 -0.003671
v -0.326564 0.045672 -0.003671
v -0.326564 0.04507 -0.004064
v -0.326564 0.04507 -0.004064
v -0.326564 0.04507 -0.004064
v -0.326564 0.044412 -0.004353
v -0.326564 0.043 -0.004988
v -0.326564 0.043 -0.004988
v -0.326564 0.043782 -0.004924
v -0.326564 0.042218 -0.004924
v -0.327056 0.043 -0.00617
v -0.327056 0.043 -0.00617
v -0.327056 0.043 -0.00617
v -0.327056 0.042024 -0.006089
v -0.327056 0.042024 -0.006089
v -0.327061 0.043 -0.006182
v -0.327061 0.043 -0.006182
v -0.327056 0.043976 -0.006089
v -0.327056 0.043976 -0.006089
v -0.327056 0.044926 -0.005848
v -0.327056 0.044926 -0.005848
v -0.327061 0.043978 -0.006101
v -0.327061 0.04493 -0.00586
v -0.327063 0.04398 -0.006114
v -0.327063 0.043 -0.006195
v -0.327063 0.043 -0.006195
v -0.327064 0.043983 -0.006127
v -0.327064 0.043983 -0.006127
v -0.327064 0.043983 -0.006127
v -0.327063 0.044934 -0.005872
v -0.327064 0.044938 -0.005885
v -0.327064 0.044938 -0.005885
v -0.327064 0.044938 -0.005885
v -0.327063 0.045835 -0.005477
v -0.327061 0.045829 -0.005466
v -0.327064 0.045841 -0.005489
v -0.327064 0.045841 -0.005489
v -0.327063 0.046659 -0.004939
v -0.327064 0.046667 -0.004949
v -0.327064 0.046667 -0.004949
v -0.327061 0.046651 -0.004929
v -0.327063 0.047383 -0.004273
v -0.327064 0.047392 -0.004282
v -0.327064 0.047392 -0.004282
v -0.327063 0.047987 -0.003496
v -0.327061 0.047373 -0.004264
v -0.327056 0.047364 -0.004256
v -0.327056 0.047364 -0.004256
v -0.327061 0.047976 -0.003489
v -0.327056 0.047966 -0.003483
v -0.327056 0.047966 -0.003483
v -0.327061 0.048443 -0.002626
v -0.327056 0.048432 -0.002621
v -0.327056 0.048432 -0.002621
v -0.327061 0.048762 -0.001697
v -0.327063 0.048455 -0.002631
v -0.327064 0.048467 -0.002636
v -0.327064 0.048467 -0.002636
v -0.327063 0.048775 -0.001701
v -0.327063 0.048937 -0.00073
v -0.327064 0.048787 -0.001704
v -0.327064 0.048787 -0.001704
v -0.327064 0.048787 -0.001704
v -0.327064 0.04895 -0.000731
v -0.327064 0.04895 -0.000731
v -0.327064 0.04895 0.000255
v -0.327064 0.04895 0.000255
v -0.327064 0.04895 0.000255
v -0.327063 0.048937 0.000254
v -0.327064 0.048787 0.001227
v -0.327064 0.048787 0.001227
v -0.327064 0.048787 0.001227
v -0.327064 0.048787 0.001227
v -0.327064 0.048467 0.00216
v -0.327064 0.048467 0.00216
v -0.327064 0.048467 0.00216
v -0.327063 0.048775 0.001224
v -0.327061 0.048762 0.001221
v -0.327063 0.048455 0.002155
v -0.327061 0.048443 0.002149
v -0.327063 0.047987 0.00302
v -0.327064 0.047998 0.003027
v -0.327064 0.047998 0.003027
v -0.327064 0.047998 0.003027
v -0.327063 0.047383 0.003796
v -0.327061 0.047976 0.003013
v -0.327061 0.047373 0.003787
v -0.327056 0.047966 0.003006
v -0.327056 0.047966 0.003006
v -0.326564 0.046977 0.00236
v -0.327056 0.048432 0.002144
v -0.327056 0.048432 0.002144
v -0.327056 0.047364 0.003779
v -0.327056 0.047364 0.003779
v -0.327056 0.046643 0.004443
v -0.327056 0.046643 0.004443
v -0.326564 0.046495 0.002979
v -0.326564 0.045918 0.00351
v -0.326564 0.04735 0.00167
v -0.326564 0.047605 0.000928
v -0.326564 0.047734 0.000154
v -0.327056 0.04875 0.001218
v -0.327056 0.04875 0.001218
v -0.327056 0.048911 0.000252
v -0.327056 0.048911 0.000252
v -0.327061 0.048924 0.000253
v -0.327056 0.048911 -0.000728
v -0.327056 0.048911 -0.000728
v -0.326564 0.047734 -0.000631
v -0.327056 0.04875 -0.001694
v -0.327056 0.04875 -0.001694
v -0.327061 0.048924 -0.000729
v -0.326564 0.047605 -0.001404
v -0.326564 0.04735 -0.002146
v -0.326564 0.046977 -0.002836
v -0.326564 0.046495 -0.003455
v -0.326564 0.045918 -0.003987
v -0.326564 0.045261 -0.004416
v -0.327056 0.046643 -0.004919
v -0.327056 0.046643 -0.004919
v -0.327056 0.045823 -0.005455
v -0.327056 0.045823 -0.005455
v -0.326564 0.044542 -0.004731
v -0.326564 0.045261 0.003939
v -0.326564 0.044542 0.004254
v -0.327056 0.045823 0.004978
v -0.327056 0.045823 0.004978
v -0.327061 0.045829 0.004989
v -0.327056 0.044926 0.005372
v -0.327056 0.044926 0.005372
v -0.327056 0.043976 0.005612
v -0.327056 0.043976 0.005612
v -0.327061 0.04493 0.005384
v -0.327063 0.044934 0.005396
v -0.327061 0.043978 0.005625
v -0.327063 0.04398 0.005637
v -0.327061 0.043 0.005706
v -0.327061 0.043 0.005706
v -0.327056 0.043 0.005693
v -0.327056 0.043 0.005693
v -0.327056 0.043 0.005693
v -0.327061 0.042022 0.005625
v -0.327063 0.043 0.005719
v -0.327063 0.043 0.005719
v -0.327064 0.043 0.005732
v -0.327064 0.043 0.005732
v -0.327064 0.043 0.005732
v -0.327064 0.043 0.005732
v -0.327063 0.04202 0.005637
v -0.327063 0.041066 0.005396
v -0.327064 0.042017 0.00565
v -0.327064 0.042017 0.00565
v -0.327064 0.041062 0.005408
v -0.327064 0.041062 0.005408
v -0.327064 0.041062 0.005408
v -0.327064 0.040159 0.005012
v -0.327064 0.040159 0.005012
v -0.327064 0.039333 0.004473
v -0.327064 0.039333 0.004473
v -0.327063 0.040165 0.005001
v -0.327061 0.040171 0.004989
v -0.327063 0.039341 0.004463
v -0.327061 0.039349 0.004452
v -0.327063 0.038617 0.003796
v -0.327064 0.038608 0.003805
v -0.327064 0.038608 0.003805
v -0.327061 0.038627 0.003787
v -0.327063 0.038013 0.00302
v -0.327064 0.038002 0.003027
v -0.327064 0.038002 0.003027
v -0.327063 0.037545 0.002155
v -0.327061 0.038024 0.003013
v -0.327061 0.037557 0.002149
v -0.327056 0.038034 0.003006
v -0.327056 0.038034 0.003006
v -0.327056 0.038636 0.003779
v -0.327056 0.038636 0.003779
v -0.327056 0.037568 0.002144
v -0.327056 0.037568 0.002144
v -0.326564 0.039023 0.00236
v -0.326564 0.03865 0.00167
v -0.326564 0.039505 0.002979
v -0.326564 0.040082 0.00351
v -0.326564 0.040739 0.003939
v -0.327056 0.039357 0.004443
v -0.327056 0.039357 0.004443
v -0.327056 0.040177 0.004978
v -0.327056 0.040177 0.004978
v -0.327056 0.041074 0.005372
v -0.327056 0.041074 0.005372
v -0.327061 0.04107 0.005384
v -0.327056 0.042024 0.005612
v -0.327056 0.042024 0.005612
v -0.326564 0.041458 0.004254
v -0.326564 0.042218 0.004447
v -0.326564 0.043 0.004512
v -0.326564 0.043 0.004512
v -0.326564 0.043782 0.004447
v -0.326564 0.038395 0.000928
v -0.327056 0.03725 0.001218
v -0.327056 0.03725 0.001218
v -0.326564 0.038266 0.000154
v -0.327056 0.037089 0.000252
v -0.327056 0.037089 0.000252
v -0.326564 0.038266 -0.000631
v -0.327056 0.037089 -0.000728
v -0.327056 0.037089 -0.000728
v -0.326564 0.038395 -0.001404
v -0.326564 0.03865 -0.002146
v -0.326564 0.039023 -0.002836
v -0.327056 0.037568 -0.002621
v -0.327056 0.037568 -0.002621
v -0.327061 0.037557 -0.002626
v -0.327056 0.03725 -0.001694
v -0.327056 0.03725 -0.001694
v -0.327056 0.038034 -0.003483
v -0.327056 0.038034 -0.003483
v -0.327056 0.038636 -0.004256
v -0.327056 0.038636 -0.004256
v -0.327061 0.038024 -0.003489
v -0.327061 0.038627 -0.004264
v -0.327063 0.038013 -0.003496
v -0.327063 0.038617 -0.004273
v -0.327063 0.037545 -0.002631
v -0.327064 0.038002 -0.003504
v -0.327064 0.038002 -0.003504
v -0.327064 0.037533 -0.002636
v -0.327064 0.037533 -0.002636
v -0.327064 0.038608 -0.004282
v -0.327064 0.038608 -0.004282
v -0.327064 0.039333 -0.004949
v -0.327064 0.039333 -0.004949
v -0.327064 0.039333 -0.004949
v -0.327064 0.040159 -0.005489
v -0.327064 0.040159 -0.005489
v -0.327063 0.039341 -0.004939
v -0.327061 0.039349 -0.004929
v -0.327063 0.040165 -0.005477
v -0.327061 0.040171 -0.005466
v -0.327063 0.041066 -0.005872
v -0.327061 0.04107 -0.00586
v -0.327063 0.04202 -0.006114
v -0.327064 0.041062 -0.005885
v -0.327064 0.041062 -0.005885
v -0.327064 0.041062 -0.005885
v -0.327064 0.042017 -0.006127
v -0.327064 0.042017 -0.006127
v -0.327064 0.043 -0.006208
v -0.327064 0.043 -0.006208
v -0.327064 0.043 -0.006208
v -0.327064 0.043 -0.007138
v -0.327064 0.043 -0.007138
v -0.327064 0.043 -0.007138
v -0.327064 0.044136 -0.007044
v -0.327064 0.044136 -0.007044
v -0.327064 0.044136 -0.007044
v -0.327064 0.041864 -0.007044
v -0.327064 0.041864 -0.007044
v -0.327064 0.041864 -0.007044
v -0.327063 0.043 -0.007154
v -0.327063 0.043 -0.007154
v -0.327063 0.041862 -0.00706
v -0.327059 0.043 -0.007169
v -0.327059 0.043 -0.007169
v -0.327063 0.044138 -0.00706
v -0.327059 0.044141 -0.007075
v -0.327063 0.045245 -0.006779
v -0.327063 0.046291 -0.00632
v -0.327064 0.04524 -0.006764
v -0.327064 0.04524 -0.006764
v -0.327059 0.04525 -0.006794
v -0.327059 0.046299 -0.006334
v -0.327053 0.045255 -0.006807
v -0.327053 0.044143 -0.007089
v -0.327045 0.04526 -0.00682
v -0.327053 0.046306 -0.006347
v -0.327045 0.046312 -0.006358
v -0.327053 0.047266 -0.005719
v -0.327059 0.047257 -0.005708
v -0.327045 0.047274 -0.00573
v -0.327053 0.04811 -0.004942
v -0.327053 0.048814 -0.004037
v -0.327045 0.04812 -0.004951
v -0.327059 0.048099 -0.004932
v -0.327059 0.048802 -0.004029
v -0.327063 0.048088 -0.004922
v -0.327064 0.048076 -0.004912
v -0.327064 0.048076 -0.004912
v -0.327063 0.047248 -0.005696
v -0.327063 0.04879 -0.004021
v -0.327063 0.049333 -0.003016
v -0.327064 0.048776 -0.004012
v -0.327064 0.048776 -0.004012
v -0.327064 0.049319 -0.00301
v -0.327064 0.049319 -0.00301
v -0.327064 0.049689 -0.001932
v -0.327064 0.049689 -0.001932
v -0.327064 0.049689 -0.001932
v -0.327064 0.049876 -0.000808
v -0.327064 0.049876 -0.000808
v -0.327064 0.049876 -0.000808
v -0.327063 0.049704 -0.001936
v -0.327059 0.049719 -0.00194
v -0.327063 0.049892 -0.000809
v -0.327063 0.049892 0.000333
v -0.327059 0.049907 -0.000811
v -0.327053 0.049922 -0.000812
v -0.327059 0.049907 0.000334
v -0.327053 0.049922 0.000335
v -0.327059 0.049719 0.001463
v -0.327059 0.049347 0.002546
v -0.327063 0.049704 0.001459
v -0.327053 0.049733 0.001467
v -0.327045 0.049746 0.00147
v -0.327053 0.04936 0.002552
v -0.327045 0.049373 0.002557
v -0.327053 0.048814 0.00356
v -0.327053 0.04811 0.004466
v -0.327045 0.048826 0.003568
v -0.327059 0.048802 0.003553
v -0.327059 0.048099 0.004456
v -0.327063 0.04879 0.003544
v -0.327063 0.048088 0.004446
v -0.327063 0.049333 0.00254
v -0.327064 0.048776 0.003536
v -0.327064 0.048776 0.003536
v -0.327064 0.048076 0.004435
v -0.327064 0.048076 0.004435
v -0.327064 0.049319 0.002533
v -0.327064 0.049319 0.002533
v -0.327064 0.049319 0.002533
v -0.327064 0.049689 0.001456
v -0.327064 0.049689 0.001456
v -0.327064 0.049689 0.001456
v -0.327064 0.049876 0.000332
v -0.327064 0.049876 0.000332
v -0.327064 0.049876 0.000332
v -0.327064 0.049876 0.000332
v -0.327064 0.047238 0.005207
v -0.327064 0.047238 0.005207
v -0.327064 0.047238 0.005207
v -0.327064 0.046284 0.00583
v -0.327064 0.046284 0.00583
v -0.327064 0.046284 0.00583
v -0.327063 0.047248 0.005219
v -0.327063 0.046291 0.005844
v -0.327059 0.047257 0.005231
v -0.327059 0.046299 0.005857
v -0.327053 0.047266 0.005243
v -0.327045 0.047274 0.005253
v -0.327053 0.046306 0.00587
v -0.327045 0.046312 0.005882
v -0.327053 0.045255 0.006331
v -0.327053 0.044143 0.006612
v -0.327045 0.04526 0.006343
v -0.327059 0.04525 0.006317
v -0.327059 0.044141 0.006598
v -0.327063 0.045245 0.006303
v -0.327063 0.044138 0.006583
v -0.327064 0.04524 0.006288
v -0.327064 0.04524 0.006288
v -0.327064 0.044136 0.006568
v -0.327064 0.044136 0.006568
v -0.327064 0.044136 0.006568
v -0.327064 0.043 0.006662
v -0.327064 0.043 0.006662
v -0.327064 0.043 0.006662
v -0.327064 0.041864 0.006568
v -0.327064 0.041864 0.006568
v -0.327064 0.041864 0.006568
v -0.327063 0.043 0.006677
v -0.327063 0.043 0.006677
v -0.327059 0.043 0.006693
v -0.327059 0.043 0.006693
v -0.327063 0.041862 0.006583
v -0.327063 0.040755 0.006303
v -0.327059 0.041859 0.006598
v -0.327053 0.041857 0.006612
v -0.327059 0.04075 0.006317
v -0.327059 0.039701 0.005857
v -0.327053 0.040745 0.006331
v -0.327053 0.039694 0.00587
v -0.327045 0.04074 0.006343
v -0.327045 0.041855 0.006626
v -0.327045 0.039688 0.005882
v -0.327035 0.040737 0.006355
v -0.327035 0.039682 0.005892
v -0.327023 0.040733 0.006364
v -0.327035 0.041853 0.006637
v -0.327023 0.041851 0.006647
v -0.327035 0.043 0.006732
v -0.327035 0.043 0.006732
v -0.327045 0.043 0.00672
v -0.327045 0.043 0.00672
v -0.327035 0.044147 0.006637
v -0.327023 0.043 0.006743
v -0.327023 0.043 0.006743
v -0.327023 0.044149 0.006647
v -0.32701 0.043 0.006751
v -0.32701 0.043 0.006751
v -0.32701 0.04415 0.006655
v -0.326995 0.043 0.006757
v -0.326995 0.043 0.006757
v -0.32701 0.04185 0.006655
v -0.326995 0.041849 0.006661
v -0.32701 0.040731 0.006372
v -0.32701 0.039674 0.005908
v -0.326995 0.040729 0.006378
v -0.32698 0.040728 0.006381
v -0.326995 0.039671 0.005914
v -0.32698 0.039669 0.005917
v -0.326995 0.038704 0.005282
v -0.32698 0.038701 0.005285
v -0.32701 0.038707 0.005277
v -0.326995 0.037854 0.004499
v -0.326995 0.037144 0.003588
v -0.32698 0.037851 0.004502
v -0.32701 0.037858 0.004495
v -0.32701 0.037149 0.003584
v -0.327023 0.037864 0.00449
v -0.327023 0.037156 0.00358
v -0.327023 0.038712 0.005271
v -0.327035 0.037871 0.004483
v -0.327035 0.037164 0.003574
v -0.327035 0.038719 0.005263
v -0.327045 0.03788 0.004475
v -0.327045 0.037174 0.003568
v -0.327045 0.038726 0.005253
v -0.327053 0.03789 0.004466
v -0.327053 0.037186 0.00356
v -0.327059 0.037901 0.004456
v -0.327053 0.038734 0.005243
v -0.327059 0.038743 0.005231
v -0.327063 0.038752 0.005219
v -0.327063 0.039709 0.005844
v -0.327063 0.037912 0.004446
v -0.327064 0.038762 0.005207
v -0.327064 0.038762 0.005207
v -0.327064 0.037924 0.004435
v -0.327064 0.037924 0.004435
v -0.327064 0.039716 0.00583
v -0.327064 0.039716 0.00583
v -0.327064 0.04076 0.006288
v -0.327064 0.04076 0.006288
v -0.327064 0.04076 0.006288
v -0.327064 0.037224 0.003536
v -0.327064 0.037224 0.003536
v -0.327063 0.03721 0.003544
v -0.327064 0.036681 0.002533
v -0.327064 0.036681 0.002533
v -0.327064 0.036311 0.001456
v -0.327064 0.036311 0.001456
v -0.327063 0.036667 0.00254
v -0.327059 0.036653 0.002546
v -0.327063 0.036296 0.001459
v -0.327063 0.036108 0.000333
v -0.327059 0.036281 0.001463
v -0.327059 0.036093 0.000334
v -0.327053 0.036267 0.001467
v -0.327053 0.036078 0.000335
v -0.327045 0.036254 0.00147
v -0.327053 0.03664 0.002552
v -0.327045 0.036627 0.002557
v -0.327035 0.036616 0.002562
v -0.327023 0.036607 0.002566
v -0.327035 0.036243 0.001473
v -0.327035 0.036053 0.000337
v -0.327023 0.036233 0.001475
v -0.327023 0.036043 0.000338
v -0.32701 0.036225 0.001477
v -0.32701 0.036035 0.000339
v -0.326995 0.036219 0.001479
v -0.32701 0.0366 0.002569
v -0.326995 0.036594 0.002572
v -0.32698 0.036591 0.002573
v -0.32698 0.037141 0.00359
v -0.32698 0.036215 0.00148
v -0.326964 0.03659 0.002574
v -0.326964 0.03659 0.002574
v -0.322564 0.03659 0.002574
v -0.326964 0.03714 0.00359
v -0.326964 0.03714 0.00359
v -0.326964 0.036214 0.00148
v -0.326964 0.036214 0.00148
v -0.322564 0.036214 0.00148
v -0.326964 0.036024 0.00034
v -0.326964 0.036024 0.00034
v -0.322564 0.036024 0.00034
v -0.32698 0.036025 0.00034
v -0.326964 0.036024 -0.000816
v -0.326964 0.036024 -0.000816
v -0.322564 0.036024 -0.000816
v -0.326964 0.036214 -0.001957
v -0.326964 0.036214 -0.001957
v -0.32698 0.036025 -0.000816
v -0.326995 0.036029 -0.000816
v -0.32698 0.036215 -0.001956
v -0.326995 0.036219 -0.001955
v -0.32698 0.036591 -0.00305
v -0.326995 0.036594 -0.003048
v -0.32698 0.037141 -0.004066
v -0.326964 0.03659 -0.00305
v -0.326964 0.03659 -0.00305
v -0.322564 0.03659 -0.00305
v -0.326964 0.03714 -0.004067
v -0.326964 0.03714 -0.004067
v -0.322564 0.03714 -0.004067
v -0.326964 0.03785 -0.004979
v -0.326964 0.03785 -0.004979
v -0.322564 0.03785 -0.004979
v -0.326964 0.038701 -0.005762
v -0.326964 0.038701 -0.005762
v -0.32698 0.037851 -0.004978
v -0.326995 0.037854 -0.004976
v -0.32698 0.038701 -0.005761
v -0.326995 0.038704 -0.005758
v -0.32698 0.039669 -0.006394
v -0.326995 0.039671 -0.00639
v -0.32698 0.040728 -0.006858
v -0.326964 0.039668 -0.006395
v -0.326964 0.039668 -0.006395
v -0.326964 0.040727 -0.006859
v -0.326964 0.040727 -0.006859
v -0.322564 0.039668 -0.006395
v -0.322564 0.038701 -0.005762
v -0.322564 0.040727 -0.006859
v -0.322564 0.041848 -0.007143
v -0.322564 0.043 -0.007238
v -0.322564 0.043 -0.007238
v -0.326964 0.041848 -0.007143
v -0.326964 0.041848 -0.007143
v -0.326964 0.043 -0.007238
v -0.326964 0.043 -0.007238
v -0.326964 0.043 -0.007238
v -0.326964 0.043 -0.007238
v -0.32698 0.041848 -0.007142
v -0.326995 0.041849 -0.007138
v -0.32698 0.043 -0.007237
v -0.32698 0.043 -0.007237
v -0.326995 0.043 -0.007233
v -0.326995 0.043 -0.007233
v -0.32698 0.044152 -0.007142
v -0.326964 0.044152 -0.007143
v -0.326964 0.044152 -0.007143
v -0.32698 0.045272 -0.006858
v -0.326995 0.044151 -0.007138
v -0.326995 0.045271 -0.006854
v -0.32701 0.04415 -0.007132
v -0.32701 0.045269 -0.006849
v -0.327023 0.044149 -0.007124
v -0.32701 0.043 -0.007227
v -0.32701 0.043 -0.007227
v -0.327023 0.043 -0.007219
v -0.327023 0.043 -0.007219
v -0.32701 0.04185 -0.007132
v -0.32701 0.040731 -0.006849
v -0.327023 0.041851 -0.007124
v -0.327035 0.041853 -0.007114
v -0.327023 0.040733 -0.006841
v -0.327023 0.039677 -0.006378
v -0.327035 0.040737 -0.006831
v -0.327035 0.039682 -0.006369
v -0.327045 0.04074 -0.00682
v -0.327045 0.041855 -0.007102
v -0.327045 0.039688 -0.006358
v -0.327053 0.040745 -0.006807
v -0.327053 0.041857 -0.007089
v -0.327059 0.04075 -0.006794
v -0.327053 0.039694 -0.006347
v -0.327053 0.038734 -0.005719
v -0.327059 0.039701 -0.006334
v -0.327063 0.039709 -0.00632
v -0.327059 0.038743 -0.005708
v -0.327063 0.038752 -0.005696
v -0.327059 0.037901 -0.004932
v -0.327053 0.03789 -0.004942
v -0.327063 0.037912 -0.004922
v -0.327059 0.037198 -0.004029
v -0.327053 0.037186 -0.004037
v -0.327063 0.03721 -0.004021
v -0.327059 0.036653 -0.003022
v -0.327053 0.03664 -0.003028
v -0.327059 0.036281 -0.00194
v -0.327063 0.036667 -0.003016
v -0.327064 0.036681 -0.00301
v -0.327064 0.036681 -0.00301
v -0.327063 0.036296 -0.001936
v -0.327064 0.036311 -0.001932
v -0.327064 0.036311 -0.001932
v -0.327064 0.036311 -0.001932
v -0.327063 0.036108 -0.000809
v -0.327064 0.036124 -0.000808
v -0.327064 0.036124 -0.000808
v -0.327064 0.036124 -0.000808
v -0.327059 0.036093 -0.000811
v -0.327053 0.036078 -0.000812
v -0.327053 0.036267 -0.001943
v -0.327045 0.036065 -0.000813
v -0.327045 0.036254 -0.001947
v -0.327035 0.036053 -0.000814
v -0.327045 0.036065 0.000336
v -0.327035 0.036243 -0.00195
v -0.327023 0.036043 -0.000815
v -0.327023 0.036233 -0.001952
v -0.32701 0.036035 -0.000815
v -0.32701 0.036225 -0.001954
v -0.32701 0.0366 -0.003046
v -0.32701 0.037149 -0.004061
v -0.327023 0.036607 -0.003042
v -0.327023 0.037156 -0.004056
v -0.327035 0.036616 -0.003038
v -0.327035 0.037164 -0.004051
v -0.327045 0.036627 -0.003034
v -0.327045 0.037174 -0.004044
v -0.327045 0.03788 -0.004951
v -0.327045 0.038726 -0.00573
v -0.327035 0.037871 -0.004959
v -0.327035 0.038719 -0.005739
v -0.327023 0.037864 -0.004966
v -0.327023 0.038712 -0.005747
v -0.32701 0.037858 -0.004972
v -0.32701 0.038707 -0.005754
v -0.32701 0.039674 -0.006385
v -0.326995 0.037144 -0.004064
v -0.327064 0.036124 0.000332
v -0.327064 0.036124 0.000332
v -0.327064 0.037224 -0.004012
v -0.327064 0.037224 -0.004012
v -0.327064 0.037924 -0.004912
v -0.327064 0.037924 -0.004912
v -0.327064 0.037924 -0.004912
v -0.327064 0.038762 -0.005683
v -0.327064 0.038762 -0.005683
v -0.327064 0.038762 -0.005683
v -0.327064 0.039716 -0.006307
v -0.327064 0.039716 -0.006307
v -0.327064 0.04076 -0.006764
v -0.327064 0.04076 -0.006764
v -0.327064 0.04076 -0.006764
v -0.327063 0.040755 -0.006779
v -0.327059 0.041859 -0.007075
v -0.327053 0.043 -0.007184
v -0.327053 0.043 -0.007184
v -0.327045 0.043 -0.007197
v -0.327045 0.043 -0.007197
v -0.327045 0.044145 -0.007102
v -0.327035 0.043 -0.007209
v -0.327035 0.043 -0.007209
v -0.327035 0.044147 -0.007114
v -0.327035 0.045263 -0.006831
v -0.327035 0.046318 -0.006369
v -0.327023 0.045267 -0.006841
v -0.327023 0.046323 -0.006378
v -0.32701 0.046326 -0.006385
v -0.327023 0.047288 -0.005747
v -0.327023 0.048136 -0.004966
v -0.32701 0.047293 -0.005754
v -0.327035 0.047281 -0.005739
v -0.327035 0.048129 -0.004959
v -0.327035 0.048836 -0.004051
v -0.327035 0.049384 -0.003038
v -0.327023 0.048844 -0.004056
v -0.327045 0.048826 -0.004044
v -0.327045 0.049373 -0.003034
v -0.327045 0.049746 -0.001947
v -0.327053 0.04936 -0.003028
v -0.327053 0.049733 -0.001943
v -0.327059 0.049347 -0.003022
v -0.327045 0.049935 -0.000813
v -0.327035 0.049757 -0.00195
v -0.327035 0.049947 -0.000814
v -0.327023 0.049767 -0.001952
v -0.327023 0.049957 -0.000815
v -0.32701 0.049775 -0.001954
v -0.327023 0.049393 -0.003042
v -0.32701 0.0494 -0.003046
v -0.326995 0.049406 -0.003048
v -0.32701 0.048851 -0.004061
v -0.32701 0.048142 -0.004972
v -0.326995 0.048856 -0.004064
v -0.32698 0.048859 -0.004066
v -0.326995 0.048146 -0.004976
v -0.32698 0.048149 -0.004978
v -0.326995 0.047296 -0.005758
v -0.32698 0.047299 -0.005761
v -0.326995 0.046329 -0.00639
v -0.32698 0.046331 -0.006394
v -0.326964 0.046332 -0.006395
v -0.326964 0.046332 -0.006395
v -0.326964 0.045273 -0.006859
v -0.326964 0.045273 -0.006859
v -0.322564 0.046332 -0.006395
v -0.326964 0.047299 -0.005762
v -0.326964 0.047299 -0.005762
v -0.322564 0.047299 -0.005762
v -0.326964 0.04815 -0.004979
v -0.326964 0.04815 -0.004979
v -0.326964 0.04886 -0.004067
v -0.326964 0.04886 -0.004067
v -0.322564 0.04815 -0.004979
v -0.322564 0.04886 -0.004067
v -0.322564 0.04941 -0.00305
v -0.326964 0.04941 -0.00305
v -0.326964 0.04941 -0.00305
v -0.322564 0.049786 -0.001957
v -0.322564 0.049976 -0.000816
v -0.326964 0.049786 -0.001957
v -0.326964 0.049786 -0.001957
v -0.326964 0.049976 -0.000816
v -0.326964 0.049976 -0.000816
v -0.32698 0.049785 -0.001956
v -0.32698 0.049975 -0.000816
v -0.32698 0.049409 -0.00305
v -0.326995 0.049781 -0.001955
v -0.326995 0.049971 -0.000816
v -0.32701 0.049965 -0.000815
v -0.326995 0.049971 0.000339
v -0.32698 0.049975 0.00034
v -0.326995 0.049781 0.001479
v -0.32701 0.049965 0.000339
v -0.327023 0.049957 0.000338
v -0.32701 0.049775 0.001477
v -0.327023 0.049767 0.001475
v -0.32701 0.0494 0.002569
v -0.326995 0.049406 0.002572
v -0.327023 0.049393 0.002566
v -0.32701 0.048851 0.003584
v -0.32701 0.048142 0.004495
v -0.326995 0.048856 0.003588
v -0.327023 0.048844 0.00358
v -0.327023 0.048136 0.00449
v -0.327035 0.048836 0.003574
v -0.327035 0.048129 0.004483
v -0.327035 0.049384 0.002562
v -0.327035 0.049757 0.001473
v -0.327035 0.049947 0.000337
v -0.327045 0.049935 0.000336
v -0.327035 0.047281 0.005263
v -0.327045 0.04812 0.004475
v -0.327023 0.047288 0.005271
v -0.327035 0.046318 0.005892
v -0.327023 0.046323 0.005901
v -0.327035 0.045263 0.006355
v -0.327023 0.045267 0.006364
v -0.32701 0.045269 0.006372
v -0.326995 0.045271 0.006378
v -0.32701 0.046326 0.005908
v -0.326995 0.046329 0.005914
v -0.32701 0.047293 0.005277
v -0.326995 0.047296 0.005282
v -0.32698 0.047299 0.005285
v -0.326995 0.048146 0.004499
v -0.32698 0.048149 0.004502
v -0.326964 0.04815 0.004503
v -0.326964 0.04815 0.004503
v -0.32698 0.048859 0.00359
v -0.326964 0.04886 0.00359
v -0.326964 0.04886 0.00359
v -0.32698 0.049409 0.002573
v -0.326964 0.04941 0.002574
v -0.326964 0.04941 0.002574
v -0.32698 0.049785 0.00148
v -0.326964 0.049786 0.00148
v -0.326964 0.049786 0.00148
v -0.322564 0.049786 0.00148
v -0.326964 0.049976 0.00034
v -0.326964 0.049976 0.00034
v -0.322564 0.049976 0.00034
v -0.322564 0.04941 0.002574
v -0.322564 0.04886 0.00359
v -0.322564 0.04815 0.004503
v -0.322564 0.047299 0.005286
v -0.326964 0.047299 0.005286
v -0.326964 0.047299 0.005286
v -0.322564 0.046332 0.005918
v -0.322564 0.045273 0.006382
v -0.326964 0.046332 0.005918
v -0.326964 0.046332 0.005918
v -0.326964 0.045273 0.006382
v -0.326964 0.045273 0.006382
v -0.32698 0.046331 0.005917
v -0.32698 0.045272 0.006381
v -0.32698 0.044152 0.006665
v -0.326964 0.044152 0.006666
v -0.326964 0.044152 0.006666
v -0.326995 0.044151 0.006661
v -0.32698 0.043 0.00676
v -0.32698 0.043 0.00676
v -0.326964 0.043 0.006762
v -0.326964 0.043 0.006762
v -0.326964 0.043 0.006762
v -0.326964 0.043 0.006762
v -0.32698 0.041848 0.006665
v -0.326964 0.041848 0.006666
v -0.326964 0.041848 0.006666
v -0.322564 0.041848 0.006666
v -0.326964 0.040727 0.006382
v -0.326964 0.040727 0.006382
v -0.326964 0.039668 0.005918
v -0.326964 0.039668 0.005918
v -0.322564 0.040727 0.006382
v -0.322564 0.039668 0.005918
v -0.322564 0.038701 0.005286
v -0.326964 0.038701 0.005286
v -0.326964 0.038701 0.005286
v -0.322564 0.03785 0.004503
v -0.322564 0.03714 0.00359
v -0.326964 0.03785 0.004503
v -0.326964 0.03785 0.004503
v -0.322564 0.043 0.006762
v -0.322564 0.043 0.006762
v -0.322564 0.044152 0.006666
v -0.322564 0.045273 -0.006859
v -0.322564 0.044152 -0.007143
v -0.326995 0.040729 -0.006854
v -0.322564 0.036214 -0.001957
v -0.326995 0.036029 0.000339
v -0.327059 0.037198 0.003553
v -0.327023 0.039677 0.005901
v -0.327045 0.044145 0.006626
v -0.327053 0.043 0.006707
v -0.327053 0.043 0.006707
v -0.327064 0.047238 -0.005683
v -0.327064 0.047238 -0.005683
v -0.327064 0.046284 -0.006307
v -0.327064 0.046284 -0.006307
v -0.327061 0.042022 -0.006101
v -0.327056 0.041074 -0.005848
v -0.327056 0.041074 -0.005848
v -0.326564 0.041458 -0.004731
v -0.327056 0.040177 -0.005455
v -0.327056 0.040177 -0.005455
v -0.327056 0.039357 -0.004919
v -0.327056 0.039357 -0.004919
v -0.326564 0.040739 -0.004416
v -0.326564 0.040082 -0.003987
v -0.326564 0.039505 -0.003455
v -0.327064 0.037213 -0.001704
v -0.327064 0.037213 -0.001704
v -0.327064 0.037213 -0.001704
v -0.327064 0.03705 -0.000731
v -0.327064 0.03705 -0.000731
v -0.327063 0.037225 -0.001701
v -0.327061 0.037238 -0.001697
v -0.327063 0.037063 -0.00073
v -0.327063 0.037063 0.000254
v -0.327061 0.037076 -0.000729
v -0.327061 0.037076 0.000253
v -0.327061 0.037238 0.001221
v -0.327063 0.037225 0.001224
v -0.327064 0.037213 0.001227
v -0.327064 0.037213 0.001227
v -0.327064 0.037533 0.00216
v -0.327064 0.037533 0.00216
v -0.327064 0.03705 0.000255
v -0.327064 0.03705 0.000255
v -0.327064 0.043983 0.00565
v -0.327064 0.043983 0.00565
v -0.327064 0.043983 0.00565
v -0.327064 0.044938 0.005408
v -0.327064 0.044938 0.005408
v -0.327064 0.045841 0.005012
v -0.327064 0.045841 0.005012
v -0.327064 0.045841 0.005012
v -0.327063 0.045835 0.005001
v -0.327064 0.046667 0.004473
v -0.327064 0.046667 0.004473
v -0.327064 0.047392 0.003805
v -0.327064 0.047392 0.003805
v -0.327063 0.046659 0.004463
v -0.327061 0.046651 0.004452
v -0.327064 0.047998 -0.003504
v -0.327064 0.047998 -0.003504
vn -1 0 0
vn -1 0 -0.0001
vn -1 0 0.0001
vn -1 0 0
vn -1 0 -0.0002
vn -1 0 0
vn -1 0 0
vn -1 0 0
vn -1 0 0
vn -1 0 0
vn -1 0 0
vn -1 0 0.0001
vn -1 0 0
vn -1 0 0.0001
vn -1 0 -0.0001
vn -1 0 0
vn -1 0 0
vn -1 0 0.0001
vn -1 0 0
vn -1 0 0
vn -1 0 0
vn -1 0 0
vn -1 0 0
vn -1 0 0
vn -1 0 0
vn -1 0 0
vn -1 0 0
vn -1 0 0
vn -1 0 0
vn -1 0 0
vn -1 0 0
vn -1 0 0
vn -1 0 0
vn -1 0 0
vn -1 0 0
vn -1 0 0
vn -1 0 0
vn -1 0 0
vn -1 0 0
vn -1 0 0
vn -1 0 0
vn -1 0 0
vn -1 0 0
vn -1 0 0
vn -1 0 0
vn -1 0 0
vn -1 0 0
vn -1 0 0
vn -1 0 0
vn -1 0 0
vn -1 0 0
vn -1 0 0
vn -1 0 0
vn -1 0 0
vn -1 0 0
vn -1 0 0
vn -1 0 0
vn -1 0 0
vn -1 0 0
vn -1 0 -0.0001
vn -1 0 0
vn -1 0 0
vn -1 0 0
vn -1 0 0
vn -1 0 0
vn -1 0 0
vn -1 0 0
vn -1 0 0
vn -1 0 0
vn -1 0 0
vn -1 0 0
vn -1 0 0
vn -1 0 0
vn -1 0 0
vn -1 0 0
vn -1 0 0
vn -1 0 0
vn -1 0 0
vn -1 0 0
vn -1 0 0
vn -1 0 0
vn -1 0 0
vn -1 0 0
vn -1 0 -0.0002
vn -1 0 0.0004
vn -1 0 -0.0001
vn -1 0 0
vn -1 0 0.0001
vn -1 0 0
vn -1 0 0
vn -1 0 0
vn -1 0 0
vn -1 0 -0.0001
vn -1 0 0
vn -1 0 0
vn -1 0 0
vn -1 0 -0.0002
vn -1 0 0.0001
vn -1 0 0.0001
vn -1 0 -0.0001
vn -1 0 -0.0001
vn -1 0 0
vn -1 0 0
vn -1 0 0
vn -1 0 0
vn -1 0 0
vn -1 0 0
vn -1 0 0
vn -1 0 0
vn -1 0 0
vn -1 0 0
vn -1 0 0
vn -1 0 0
vn -1 0 0
vn -1 0 0
vn -1 0 0
vn -1 0 0
vn -1 0 0
vn -1 0 0
vn -1 0 0
vn -1 0 0
vn -1 0 0
vn -1 0 0
vn -1 0 0
vn -1 0 0
vn -1 0 0
vn -1 0 0
vn -1 0 0
vn -1 0 0
vn -1 0 0
vn -1 0 0
vn -1 0 0
vn -1 0 0
vn -1 0 0
vn -1 0 0
vn -1 0 0
vn -1 0 0
vn -1 0 0
vn -1 0 0
vn -1 0 -0.0004
vn -1 0 0
vn -1 0 -0.0005
vn -1 0 0.0004
vn -1 0 0.0003
vn -1 0 0
vn -1 0 -0.0002
vn -1 0 -0.0001
vn -1 0 0.0001
vn -1 0 0
vn -1 0 0
vn -1 0 -0.0001
vn -1 0 -0.0002
vn -1 0 -0.0001
vn -1 0 0.0005
vn -1 0 -0.0013
vn -1 0 0
vn -1 0 0.0001
vn -1 0 0
vn -1 0 0
vn -1 0 0.0001
vn -1 0 0
vn -1 0 -0.0002
vn -1 0 0.0002
vn -1 0 0.0005
vn -1 0 -0.0001
vn -1 0 0
vn -1 0 0
vn -1 0 0.0001
vn -1 0 -0.0001
vn -1 0 -0.0002
vn -1 0 0.0001
vn -1 0 0
vn -1 0 0.0005
vn -1 0 0
vn -1 0 -0.0013
vn -1 0 0.0005
vn -1 0 0
vn -1 0 -0.0013
vn -1 0 0
vn -1 0 0
vn -1 0 -0.0001
vn -1 0 0
vn -1 0 -0.0001
vn -1 0 0
vn -1 0 -0.0001
vn -1 0 0
vn -1 0 0
vn -1 0 0
vn -1 0 -0.0001
vn -1 0 0.0001
vn -1 0 0
vn -1 0 0
vn -1 0 -0.0001
vn -1 0 0
vn -1 0 0
vn -1 0 0
vn -0.6933 -0.4456 0.5664
vn -1 0 0.0004
vn -0.6962 -0.5097 0.5054
vn -1 0 0
vn -0.6946 -0.5627 0.4483
vn -1 0 0.0004
vn -0.6938 -0.6076 0.3865
vn -1 0 0
vn -1 0 -0.0004
vn -0.6945 -0.6481 0.3126
vn -1 0 0
vn -1 0 -0.0004
vn -1 0 0
vn -1 0 0.0004
vn -1 0 0
vn -1 0 0.0004
vn -1 0 -0.0002
vn -1 0 -0.0002
vn -1 0 0
vn -1 0 -0.0002
vn -1 0 -0.0003
vn -1 0 0.0005
vn -1 0 -0.0004
vn -1 0 -0.0005
vn -1 0 -0.0009
vn -1 0 0.0003
vn -1 0 0
vn -1 0 0.0004
vn -1 0 0
vn -1 0 0
vn -1 0 0
vn -1 0 -0.004
vn -1 0 -0.004
vn -1 0 -0.004
vn -1 0 0
vn -1 0 0
vn -1 0 0
vn -1 0 -0.0009
vn -1 0 -0.0009
vn -1 0 0.0005
vn -1 0 0.0005
vn -1 0 -0.0005
vn -1 0 -0.0005
vn -1 0 0.0003
vn -1 0 0.0003
vn -1 0 -0.0003
vn -1 0 -0.0003
vn -1 0 0
vn -1 0 0
vn -1 0 0
vn -1 0 0
vn -1 0 0.0001
vn -1 0 0.0001
vn -1 0 0
vn -1 0 -0.0001
vn -1 0 -0.0001
vn -1 0 0
vn -1 0 0
vn -1 0 0
vn -1 0 0.0001
vn -1 0 0
vn -1 0 0
vn -1 0 0
vn -1 0 0
vn -1 0 0
vn -1 0 0
vn -1 0 -0.0002
vn -1 0 -0.0002
vn -1 0 0.0001
vn -1 0 0.0001
vn -1 0 0.0001
vn -1 0 -0.0004
vn -1 0 0
vn -1 0 0
vn -1 0 -0.0004
vn -1 0 0
vn -1 0 0.0009
vn -1 0 0
vn -1 0 -0.0001
vn -1 0 0
vn -1 0 0.0009
vn -1 0 0
vn -1 0 0
vn -1 0 -0.0001
vn -1 0 -0.0001
vn -1 0 0.0001
vn -1 0 0
vn -1 0 0
vn -1 0 0
vn -1 0 0
vn -1 0 0
vn -1 0 0.0004
vn -1 0 0
vn -1 0 0.0001
vn -1 0 -0.0002
vn -1 0 0.0001
vn -1 0 0
vn -1 0 -0.0002
vn -1 0 0
vn -1 0 0.0001
vn -1 0 0
vn -1 0 0.0001
vn -1 0 0
vn -1 0 0
vn -1 0 0
vn -1 0 -0.0002
vn -1 0 0
vn -1 0 0
vn -0.6901 0.4087 -0.5973
vn -1 0 0
vn -0.6937 0.486 -0.5316
vn -0.697 0.5372 -0.4749
vn -1 0 0
vn -0.6971 0.578 -0.4244
vn -0.6965 0.6154 -0.369
vn -1 0 0
vn -0.6958 0.6473 -0.3112
vn -1 0 0
vn -0.6966 0.6742 -0.2455
vn -1 0 0
vn -1 0 0
vn -1 0 0
vn -1 0 0
vn -1 0 0
vn -1 0 -0.0025
vn -1 0 0
vn -1 0 0
vn -1 0 -0.0025
vn -1 0 0
vn -1 0 0.0071
vn -1 0 0.0071
vn -1 0 -0.0025
vn -1 0 0
vn -1 0 0.0071
vn -1 0 -0.0091
vn -1 0 0.0061
vn -1 0 -0.0091
vn -1 0 0.0061
vn -1 0 -0.0091
vn -1 0 0.0061
vn -1 0 0
vn -1 0 0.0001
vn -1 0 0
vn -1 0 0
vn -1 0 0.0001
vn -1 0 0
vn -1 0 0
vn -1 0 0
vn -1 0 0.0001
vn -1 0 0
vn -1 0 0
vn -1 0 0.0001
vn -1 0 0.0009
vn -1 0 0
vn -1 0 0
vn -1 0 -0.0001
vn -1 0 -0.0004
vn -1 0 -0.0002
vn -1 0 -0.0004
vn -1 0 0
vn -1 0 0.0026
vn -1 0 0.0025
vn -1 0 0.0002
vn -1 0 0
vn -1 0 -0.0008
vn -1 0 -0.0001
vn -1 0 0.0001
vn -1 0 0.0006
vn -1 0 0.0005
vn -1 0 0.0001
vn -1 0 0
vn -1 0 -0.0002
vn -1 0 0
vn -1 0 -0.0004
vn -1 0 0
vn -1 0 -0.0004
vn -1 0 -0.0004
vn -1 0 0.0001
vn -1 0 0
vn -1 0 0
vn -1 0 0
vn -1 0 0
vn -1 0 0
vn -1 0 0
vn -1 0 0.0001
vn -1 0 0
vn -1 0 0.0001
vn -1 0 0
vn -1 0 0
vn -1 0 -0.0001
vn -1 0 0.0001
vn -1 0 0
vn -1 0 0
vn -1 0 0.0001
vn -1 0 0.0001
vn -1 0 0
vn -1 0 0
vn -1 0 0
vn -1 0 0.0001
vn -1 0 -0.0001
vn -1 0 0
vn -1 0 0.0001
vn -1 0 0
vn -1 0 -0.0001
vn -1 0 0
vn -1 0 -0.0001
vn -1 0 0
vn -1 0 0
vn -1 0 0
vn -1 0 -0.0002
vn -1 0 -0.0002
vn -1 0 0.0001
vn -1 0 -0.0001
vn -1 0 0.0001
vn -1 0 0
vn -1 0 0
vn -1 0 0
vn -1 0 -0.0004
vn -1 0 0
vn -1 0 -0.0004
vn -1 0 0.0004
vn -1 0 0
vn -1 0 0.0004
vn -1 0 -0.0004
vn -1 0 0
vn -1 0 0
vn -1 0 -0.0004
vn -1 0 0
vn -1 0 0
vn -1 0 0
vn -1 0 0
vn -1 0 0
vn -1 0 -0.0005
vn -1 0 0
vn -1 0 -0.0005
vn -1 0 0
vn -1 0 0
vn -0.6907 -0.4492 0.5667
vn -1 0 0.0004
vn -1 0 0
vn -0.7 -0.5082 0.5017
vn -1 0 0
vn -1 0 0.0004
vn -0.693 -0.5606 0.4533
vn -0.6938 -0.6076 0.3865
vn -1 0 0
vn -1 0 -0.0004
vn -0.6944 -0.6482 0.3124
vn -1 0 0
vn -1 0 0
vn -1 0 -0.0004
vn -1 0 0.0004
vn -1 0 0
vn -1 0 -0.0002
vn -1 0 0.0004
vn -1 0 0
vn -1 0 0
vn -1 0 -0.0002
vn -1 0 0
vn -1 0 0
vn -1 0 -0.004
vn -1 0 -0.004
vn -1 0 -0.004
vn -1 0 0
vn -1 0 0
vn -1 0 0
vn -1 0 -0.0009
vn -1 0 0.0005
vn -1 0 -0.0009
vn -1 0 -0.0005
vn -1 0 0.0005
vn -1 0 0.0003
vn -1 0 -0.0005
vn -1 0 -0.0003
vn -1 0 0.0003
vn -1 0 -0.0003
vn -1 0 0
vn -1 0 0
vn -1 0 -0.0003
vn -1 0 0.0005
vn -1 0 -0.0005
vn -1 0 0.0004
vn -1 0 0
vn -1 0 -0.0004
vn -1 0 -0.0009
vn -1 0 0.0003
vn -1 0 -0.0002
vn -1 0 0
vn -1 0 0.0003
vn -1 0 0.0003
vn -1 0 -0.0004
vn -1 0 0
vn -1 0 -0.0004
vn -1 0 -0.0001
vn -1 0 -0.0001
vn -1 0 -0.0001
vn -1 0 0.0001
vn -1 0 0.0001
vn -1 0 0.0001
vn -1 0 0
vn -1 0 0.0001
vn -1 0 0
vn -1 0 -0.0001
vn -1 0 0.0001
vn -1 0 -0.0001
vn -1 0 -0.0001
vn -1 0 0.0001
vn -1 0 -0.0001
vn -1 0 0
vn -1 0 -0.0002
vn -1 0 -0.0002
vn -1 0 0.0001
vn -1 0 0.0001
vn -0.694 0.2878 0.66
vn -1 0 0
vn -1 0 0
vn -1 0 0
vn -1 0 0
vn -1 0 0
vn -1 0 0
vn -1 0 0
vn -1 0 -0.0028
vn -1 0 0
vn -1 0 -0.0028
vn -1 0 0.0001
vn -1 0 0
vn -1 0 -0.0003
vn -1 0 -0.0028
vn -1 0 0
vn -1 0 0
vn -0.697 0.5779 -0.4244
vn -0.6949 0.6141 -0.3742
vn -1 0 0
vn -1 0 0.0044
vn -0.6965 0.6479 -0.3085
vn -1 0 0.0044
vn -1 0 -0.0003
vn -1 0 0.0044
vn -1 0 0
vn -1 0 0
vn -1 0 0.0001
vn -1 0 0
vn -1 0 -0.0003
vn -1 0 0
vn -1 0 -0.004
vn -1 0 0
vn -1 0 -0.004
vn -1 0 0
vn -1 0 -0.0057
vn -1 0 -0.004
vn -0.6952 0.6249 0.3552
vn -0.6937 0.5819 0.4246
vn -1 0 -0.0057
vn -0.6981 0.5383 0.4721
vn -1 0 -0.0057
vn -1 0 0
vn -1 0 0
vn -0.6991 0.428 0.5728
vn -1 0 0.0001
vn -0.6929 0.3723 0.6175
vn -1 0 -0.0004
vn -1 0 -0.0014
vn -1 0 -0.0007
vn -1 0 0.0007
vn -1 0 0.0001
vn -1 0 0
vn -1 0 0.0006
vn -1 0 0
vn -1 0 0.0011
vn -1 0 0.0009
vn -1 0 0
vn -1 0 0.0005
vn -1 0 0
vn -1 0 -0.0001
vn -1 0 0.0005
vn -1 0 -0.0001
vn -1 0 0.0003
vn -1 0 0
vn -1 0 0.0003
vn -1 0 0.0003
vn -1 0 0
vn -1 0 0
vn -1 0 0
vn -1 0 0
vn -1 0 -0.0001
vn -1 0 -0.0002
vn -1 0 0.0005
vn -1 0 0
vn -1 0 -0.0002
vn -1 0 0
vn -1 0 0
vn -1 0 0
vn -1 0 0
vn -1 0 -0.0002
vn -1 0 0.0005
vn -1 0 -0.0007
vn -1 0 0.0013
vn -1 0 0.0001
vn -1 0 0
vn -1 0 0
vn -0.6959 0.3328 -0.6364
vn -1 0 0
vn -0.7051 0.3651 -0.6079
vn -1 0 0
vn -0.6966 0.4031 -0.5935
vn -0.6957 0.4598 -0.5519
vn -1 0 0
vn -1 0 -0.0007
vn -0.6942 0.5184 -0.4993
vn -1 0 -0.0007
vn -0.6982 0.5616 -0.4439
vn -1 0 0
vn -0.6941 0.6023 -0.3943
vn -0.6953 0.6415 -0.3242
vn -1 0 -0.0041
vn -1 0 0
vn -1 0 -0.0041
vn -1 0 0
vn -1 0 0.0013
vn -1 0 -0.0041
vn -1 0 0
vn -1 0 0.0013
vn -1 0 0.0004
vn -1 0 0
vn -1 0 0
vn -1 0 0.0004
vn -1 0 0
vn -1 0 0.0001
vn -1 0 0
vn -1 0 0.0025
vn -1 0 -0.0001
vn -1 0 0.0001
vn -1 0 0.0025
vn -1 0 0.0026
vn -1 0 0.0026
vn -1 0 -0.0004
vn -1 0 -0.0004
vn -1 0 -0.0008
vn -1 0 0.0006
vn -1 0 -0.0008
vn -1 0 -0.0004
vn -1 0 0.0006
vn -1 0 -0.0004
vn -1 0 0.0001
vn -1 0 0.0001
vn -1 0 0.0002
vn -1 0 -0.0001
vn -1 0 0.0002
vn -1 0 0
vn -1 0 0
vn -1 0 -0.0005
vn -1 0 -0.0001
vn -1 0 0
vn -1 0 0
vn -1 0 -0.0057
vn -1 0 -0.0005
vn -1 0 -0.0057
vn -1 0 0.0039
vn -1 0 0
vn -1 0 -0.0057
vn -1 0 0.0039
vn -1 0 0
vn -0.6876 -0.4546 -0.5661
vn -1 0 0
vn -0.6904 -0.5435 -0.4775
vn -0.6942 -0.6003 -0.3971
vn -1 0 0
vn -1 0 0.0039
vn -1 0 0
vn -1 0 0
vn -1 0 0
vn -1 0 0
vn -1 0 0
vn -1 0 0
vn -1 0 -0.0005
vn -1 0 0
vn -1 0 -0.0001
vn -1 0 0
vn -1 0 0
vn -1 0 -0.0002
vn -1 0 0
vn -1 0 -0.0002
vn -1 0 0.0002
vn -1 0 0
vn -1 0 0.0002
vn -1 0 0
vn -1 0 -0.0002
vn -1 0 -0.0002
vn -1 0 0.0003
vn -1 0 0.0003
vn -1 0 0
vn -1 0 0
vn -1 0 0
vn -1 0 0
vn -1 0 0.0002
vn -1 0 0
vn -1 0 0.0002
vn -1 0 0
vn -1 0 -0.0002
vn -1 0 0
vn -1 0 0.0004
vn -1 0 -0.0002
vn -1 0 0
vn -1 0 0.0004
vn -1 0 0
vn -1 0 0
vn -1 0 0
vn -1 0 0
vn -1 0 0
vn -1 0 0
vn -1 0 0
vn -1 0 -0.0001
vn -1 0 0.0001
vn -1 0 0
vn -1 0 0
vn -1 0 0
vn -1 0 0
vn -1 0 0
vn -1 0 0
vn -1 0 0
vn -1 0 0.0017
vn -1 0 -0.0009
vn -1 0 0
vn -1 0 0
vn -1 0 0.0002
vn -1 0 -0.0002
vn -1 0 0.0004
vn -1 0 0
vn -1 0 0.0003
vn -1 0 0
vn -1 0 0
vn -1 0 -0.0002
vn -1 0 0
vn -1 0 0.0001
vn -1 0 0
vn -1 0 -0.0002
vn -1 0 -0.0009
vn -1 0 -0.0006
vn -1 0 0.0002
vn -1 0 0
vn -1 0 0
vn -1 0 0
vn -1 0 0
vn -1 0 0
vn -1 0 0.0002
vn -1 0 0.0002
vn -1 0 0.0001
vn -1 0 -0.0009
vn -1 0 0.0001
vn -1 0 -0.0002
vn -1 0 -0.0009
vn -1 0 0
vn -1 0 -0.0002
vn -1 0 0
vn -1 0 0
vn -1 0 0
vn -1 0 0
vn -1 0 0
vn -1 0 0.0007
vn -1 0 0
vn -1 0 0.0007
vn -1 0 -0.0007
vn -1 0 -0.0007
vn -1 0 0
vn -1 0 0.0004
vn -1 0 0
vn -1 0 0
vn -1 0 0
vn -1 0 0
vn -1 0 0
vn -1 0 0
vn -1 0 0
vn -1 0 0
vn -1 0 0
vn -1 0 0
vn -1 0 -0.0007
vn -1 0 0.0007
vn -1 0 -0.0007
vn -1 0 0.0007
vn -1 0 -0.0004
vn -1 0 0.0006
vn -1 0 -0.0004
vn -1 0 -0.0004
vn -1 0 0.0006
vn -1 0 -0.0004
vn -1 0 0.0011
vn -1 0 0.0011
vn -1 0 -0.0014
vn -1 0 0.0009
vn -1 0 -0.0014
vn -1 0 0.0009
vn -1 0 0.0001
vn -1 0 0
vn -1 0 0.0001
vn -1 0 -0.0001
vn -1 0 0
vn -1 0 -0.0001
vn -1 0 0
vn -1 0 0
vn -1 0 0
vn -1 0 0
vn -1 0 0
vn -1 0 0
vn -1 0 0.0001
vn -1 0 0.0001
vn -1 0 0
vn -1 0 0
vn -1 0 0
vn -1 0 0
vn -1 0 0
vn -1 0 -0.0009
vn -1 0 0
vn -1 0 -0.0009
vn -1 0 0.0017
vn -1 0 0
vn -1 0 0.0017
vn -1 0 0
vn -1 0 0
vn -1 0 0
vn -1 0 0
vn -1 0 0
vn -1 0 0.001
vn -1 0 0
vn -1 0 -0.0005
vn -1 0 0
vn -1 0 0.0004
vn -1 0 0.001
vn -1 0 0
vn -1 0 0
vn -1 0 0
vn -1 0 0
vn -1 0 0
vn -1 0 0.0026
vn -1 0 0
vn -1 0 0.0026
vn -0.6939 0.4856 -0.5316
vn -1 0 0
vn -1 0 0
vn -1 0 0
vn -0.692 0.3038 -0.6548
vn -1 0 0
vn -0.6924 0.2126 -0.6895
vn -1 0 0
vn -1 0 0
vn -1 0 0
vn -1 0 0.0026
vn -1 0 0.001
vn -1 0 0
vn -1 0 -0.0002
vn -1 0 -0.0001
vn -1 0 0.0002
vn -1 0 0
vn -1 0 0.0001
vn -1 0 0
vn -1 0 0
vn -1 0 -0.0001
vn -1 0 0.0002
vn -1 0 -0.0002
vn -1 0 0.0001
vn -1 0 -0.0002
vn -1 0 -0.0002
vn -1 0 0
vn -1 0 0.0002
vn -1 0 0
vn -1 0 0.0001
vn -1 0 0.0002
vn -1 0 0.0001
vn -1 0 -0.0001
vn -1 0 0
vn -1 0 -0.0006
vn -1 0 -0.0001
vn -1 0 -0.0006
vn -1 0 0.0011
vn -1 0 -0.0001
vn -1 0 0.0011
vn -1 0 -0.0001
vn -1 0 0
vn -1 0 -0.0006
vn -1 0 0
vn -1 0 0.0011
vn -1 0 0.0004
vn -1 0 0
vn -1 0 0
vn -1 0 0
vn -1 0 0
vn -1 0 -0.0005
vn -1 0 0.0005
vn -1 0 0
vn -1 0 0.0005
vn -1 0 -0.0006
vn -0.695 -0.687 -0.2123
vn -1 0 0
vn -1 0 -0.0006
vn -0.6966 -0.6605 -0.2802
vn -0.6963 -0.6308 -0.3423
vn -1 0 0
vn -0.6963 -0.5945 -0.4022
vn -1 0 0
vn -0.6953 -0.5511 -0.4614
vn -1 0 0
vn -1 0 0
vn -0.9999 0 -0.0104
vn -0.9999 0 -0.0104
vn -1 0 0
vn -0.9999 0 -0.0104
vn -1 0 0.0034
vn -1 0 0.0034
vn -1 0 -0.0006
vn -1 0 0.0034
vn -1 0 0
vn -1 0 0.0005
vn -1 0 0
vn -1 0 0
vn -1 0 0
vn -1 0 -0.0001
vn -1 0 0
vn -1 0 0
vn -1 0 -0.0001
vn -1 0 0
vn -1 0 0.0004
vn -1 0 0.0004
vn -1 0 0
vn -1 0 0
vn -1 0 -0.0001
vn -1 0 0
vn -1 0 0.0001
vn -1 0 -0.0001
vn -1 0 0
vn -1 0 0.0001
vn -1 0 -0.0001
vn -1 0 0
vn -1 0 0.0001
vn -1 0 -0.0001
vn -1 0 0.0001
vn -1 0 0
vn -1 0 0
vn -1 0 -0.0001
vn -1 0 -0.0001
vn -1 0 0
vn -1 0 0
vn -1 0 0
vn -1 0 0
vn -1 0 0
vn -1 0 0
vn -1 0 0
vn -1 0 0
vn -1 0 0
vn -1 0 -0.0001
vn -1 0 0.0001
vn -1 0 -0.0001
vn -1 0 0.0001
vn -1 0 0
vn -1 0 0
vn -1 0 -0.0001
vn -1 0 -0.0001
vn -1 0 0.0002
vn -1 0 -0.0002
vn -1 0 0.0002
vn -1 0 -0.0002
vn -1 0 -0.0001
vn -1 0 0.0001
vn -1 0 -0.0001
vn -1 0 0
vn -1 0 0.0001
vn -1 0 0
vn -1 0 0
vn -1 0 0
vn -1 0 0
vn -1 0 0
vn -1 0 -0.0005
vn -1 0 0
vn -1 0 -0.0036
vn -1 0 -0.0036
vn -0.6936 -0.3159 0.6474
vn -1 0 0
vn -1 0 -0.0036
vn -0.6918 -0.3884 0.6087
vn -0.6977 -0.4461 0.5605
vn -1 0 0
vn -1 0 -0.0032
vn -1 0 0
vn -1 0 -0.0032
vn -1 0 0
vn -1 0 0
vn -1 0 -0.0032
vn -1 0 0
vn -0.698 -0.6296 0.3412
vn -0.6958 -0.6602 0.2827
vn -0.6948 -0.6874 0.2113
vn -1 0 0
vn -1 0 -0.0005
vn -1 0 0
vn -1 0 0
vn -1 0 -0.0001
vn -1 0 0
vn -1 0 -0.0001
vn -1 0 0
vn -1 0 0.0004
vn -1 0 -0.0001
vn -1 0 0
vn -1 0 0.0004
vn -1 0 0
vn -1 0 0.0004
vn -1 0 0
vn -1 0 0
vn -1 0 -0.0007
vn -1 0 0
vn -1 0 -0.0007
vn -1 0 0.0007
vn -1 0 0
vn -1 0 0
vn -1 0 0
vn -1 0 0
vn -1 0 0
vn -1 0 0
vn -1 0 -0.0006
vn -1 0 0
vn -1 0 -0.0006
vn -1 0 0
vn -1 0 0
vn -1 0 0
vn -1 0 0
vn -1 0 0.0004
vn -1 0 0
vn -1 0 -0.0005
vn -1 0 0.0004
vn -1 0 0
vn -1 0 -0.0005
vn -1 0 0
vn -1 0 0
vn -1 0 0
vn -1 0 0
vn -1 0 0.0034
vn -1 0 0.0034
vn -1 0 0.0034
vn -1 0 0
vn -1 0 0
vn -1 0 0
vn -1 0 0
vn -1 0 0
vn -1 0 0
vn -1 0 0
vn -1 0 0
vn -1 0 0
vn -1 0 0
vn -1 0 0
vn -1 0 0
vn -1 0 0
vn -1 0 0
vn -1 0 0
vn -1 0 0
vn -1 0 0
vn -1 0 0
vn -1 0 0
vn -1 0 0
vn -1 0 0
vn -1 0 0
vn -1 0 -0.0001
vn -1 0 -0.0001
vn -1 0 0
vn -1 0 0
vn -1 0 0
vn -1 0 0
vn -1 0 0
vn -1 0 0
vn -1 0 0
vn -1 0 0
vn -1 0 0
vn -1 0 0
vn -1 0 0
vn -1 0 0
vn -1 0 0
vn -1 0 0
vn -1 0 0
vn -1 0 0
vn -1 0 0
vn -1 0 0
vn -1 0 0
vn -1 0 0
vn -1 0 0
vn -1 0 0
vn -1 0 0
vn -1 0 0
vn -1 0 0.0001
vn -1 0 0
vn -1 0 -0.0002
vn -1 0 -0.0002
vn -1 0 0
vn -1 0 0
vn -1 0 0.0001
vn -1 0 0
vn -1 0 0
vn -1 0 0
vn -1 0 0.0002
vn -1 0 0
vn -1 0 0
vn -1 0 0.0002
vn -1 0 0
vn -1 0 0.0002
vn -1 0 0.0001
vn -1 0 0
vn -1 0 0
vn -1 0 0
vn -1 0 0
vn -1 0 0.0001
vn -1 0 0.0001
vn -1 0 0
vn -1 0 0
vn -1 0 0
vn -1 0 0.0001
vn -1 0 0
vn -1 0 0
vn -1 0 0
vn -1 0 0.0001
vn -1 0 0
vn -1 0 0
vn -1 0 0.0001
vn -1 0 -0.0002
vn -1 0 0
vn -1 0 -0.0002
vn -1 0 0
vn -1 0 -0.0002
vn -1 0 0.0001
vn -1 0 0
vn -1 0 -0.0002
vn -1 0 -0.0002
vn -1 0 0.0002
vn -1 0 0.0001
vn -1 0 0
vn -1 0 0
vn -1 0 0
vn -1 0 0
vn -1 0 0.0002
vn -1 0 0.0002
vn -1 0 0
vn -1 0 0.0001
vn -1 0 0
vn -1 0 0
vn -1 0 0
vn -1 0 0
vn -1 0 0.0001
vn -1 0 0.0001
vn -1 0 0
vn -1 0 0
vn -1 0 0.0001
vn -1 0 0
vn -1 0 0
vn -1 0 0
vn -1 0 0
vn -1 0 0
vn -1 0 0
vn -1 0 0
vn -1 0 0.0001
vn -1 0 0
vn -1 0 0
vn -1 0 0
vn -1 0 0
vn -1 0 0.0001
vn -1 0 0
vn -1 0 0
vn -1 0 0.0001
vn -1 0 0
vn -1 0 0
vn -1 0 0.0001
vn -1 0 0
vn -1 0 0
vn -1 0 0.0001
vn -1 0 0
vn -1 0 0
vn -1 0 0.0001
vn -1 0 0
vn -1 0 0
vn -1 0 0
vn -1 0 -0.0002
vn -1 0 0
vn -1 0 -0.0001
vn -1 0 0
vn -1 0 0
vn -1 0 -0.0002
vn -1 0 0.0002
vn -1 0 -0.0001
vn -1 0 -0.0002
vn -1 0 0.0002
vn -1 0 0
vn -1 0 -0.0001
vn -1 0 -0.0002
vn -1 0 0.0002
vn -1 0 0.0001
vn -1 0 0
vn -1 0 0
vn -1 0 -0.0002
vn -1 0 0.0002
vn -1 0 0
vn -1 0 0.0002
vn -1 0 0
vn -1 0 0.0001
vn -1 0 -0.0002
vn -1 0 0
vn -1 0 -0.0001
vn -1 0 0
vn -1 0 0.0001
vn -1 0 0.0002
vn -1 0 -0.0002
vn -1 0 0
vn -1 0 0.0001
vn -1 0 -0.0002
vn -1 0 0
vn -1 0 -0.0002
vn -1 0 0.0001
vn -1 0 0
vn -1 0 -0.0002
vn -1 0 -0.0001
vn -1 0 0
vn -1 0 0
vn -1 0 0
vn -1 0 0
vn -1 0 0
vn -1 0 0
vn -1 0 0
vn -1 0 0
vn -1 0 0.0002
vn -1 0 -0.0002
vn -1 0 0.0002
vn -1 0 -0.0002
vn -1 0 0
vn -1 0 0
vn -1 0 -0.0002
vn -1 0 -0.0005
vn -1 0 0
vn -1 0 0.0002
vn -1 0 0
vn -1 0 -0.0005
vn -1 0 0
vn -1 0 0
vn -1 0 -0.0005
vn -1 0 0
vn -1 0 0.0002
vn -1 0 0
vn -1 0 0.0002
vn -1 0 0
vn -1 0 0
vn -1 0 0.0002
vn -1 0 0
vn -1 0 0
vn -1 0 0
vn -1 0 0
vn -1 0 0
vn -1 0 -0.0002
vn -1 0 0
vn -1 0 0
vn -1 0 -0.0002
vn -1 0 0
vn -1 0 -0.0002
vn -1 0 -0.0001
vn -1 0 0.0001
vn -1 0 0
vn -1 0 0
vn -0.5685 0 0.8227
vn -0.5685 0 0.8227
vn -0.5688 -0.1352 0.8113
vn -0.5688 0.1352 0.8113
vn -0.923 0 0.3847
vn -0.923 0 0.3847
vn -0.923 0 0.3847
vn -0.9241 0.063 0.3769
vn -0.9241 0.063 0.3769
vn -0.9647 0 0.2632
vn -0.9647 0 0.2632
vn -0.9233 -0.0629 0.379
vn -0.9233 -0.0629 0.379
vn -0.9267 -0.1222 0.3553
vn -0.9267 -0.1222 0.3553
vn -0.9648 -0.0431 0.2594
vn -0.9663 -0.084 0.2432
vn -0.9938 -0.0181 0.1093
vn -0.9938 0 0.1115
vn -0.9938 0 0.1115
vn -1 0 0
vn -1 0 -0.0001
vn -0.9994 -0.006 0.0353
vn -0.9938 -0.0368 0.1053
vn -1 0 -0.0001
vn -1 0 0
vn -0.9994 -0.0114 0.0326
vn -0.9934 -0.0545 0.1011
vn -0.9653 -0.1238 0.2298
vn -1 0 0
vn -0.9994 -0.0169 0.0308
vn -0.9935 -0.0703 0.0901
vn -0.9993 -0.023 0.029
vn -1 0 0
vn -0.9668 -0.1571 0.2014
vn -0.9938 -0.0822 0.0755
vn -1 0 0
vn -0.9993 -0.0276 0.0254
vn -0.9938 -0.0929 0.0607
vn -0.9653 -0.1922 0.1767
vn -0.9235 -0.2821 0.2598
vn -0.9235 -0.2821 0.2598
vn -0.963 -0.226 0.147
vn -0.9205 -0.3269 0.2139
vn -0.9205 -0.3269 0.2139
vn -0.9645 -0.2416 0.1069
vn -0.9232 -0.3521 0.1541
vn -0.9232 -0.3521 0.1541
vn -0.9666 -0.2488 0.0621
vn -0.9936 -0.1033 0.0459
vn -0.9993 -0.0338 0.0147
vn -1 0 0
vn -0.9937 -0.1083 0.0275
vn -0.9936 -0.1122 0.0094
vn -1 0 -0.0001
vn -0.9993 -0.0374 0.0097
vn -1 0 0
vn -0.9993 -0.0366 0.003
vn -1 0 0
vn -0.9993 -0.0366 -0.003
vn -1 0 -0.0001
vn -1 0 0
vn -0.9936 -0.1122 -0.0094
vn -1 0 0.0001
vn -1 0 -0.0001
vn -1 0 0
vn -0.9993 -0.0374 -0.0097
vn -1 0 0.0001
vn -0.9993 -0.0338 -0.0147
vn -1 0 0
vn -0.9936 -0.1096 -0.0281
vn -0.9662 -0.25 -0.0633
vn -0.9938 -0.1013 -0.0448
vn -0.9652 -0.2395 -0.105
vn -0.9937 -0.0942 -0.061
vn -1 0 0.0001
vn -0.9993 -0.0309 -0.0198
vn -1 0 0
vn -0.9937 -0.0822 -0.076
vn -0.9651 -0.2192 -0.1433
vn -0.9652 -0.1926 -0.1771
vn -0.9239 -0.3206 -0.2089
vn -0.9239 -0.3206 -0.2089
vn -0.5687 -0.6887 -0.4498
vn -0.9233 -0.3518 -0.1539
vn -0.9233 -0.3518 -0.1539
vn -0.9232 -0.2827 -0.2603
vn -0.9232 -0.2827 -0.2603
vn -0.9233 -0.2357 -0.3034
vn -0.9233 -0.2357 -0.3034
vn -0.5686 -0.6051 -0.5572
vn -0.5687 -0.5051 -0.6492
vn -0.5686 -0.7534 -0.3304
vn -0.5687 -0.7974 -0.202
vn -0.5686 -0.8198 -0.0678
vn -0.925 -0.3683 -0.0931
vn -0.925 -0.3683 -0.0931
vn -0.9286 -0.3698 -0.0307
vn -0.9286 -0.3698 -0.0307
vn -0.9679 -0.2504 -0.0209
vn -0.9286 -0.3698 0.0307
vn -0.9286 -0.3698 0.0307
vn -0.5686 -0.8198 0.0679
vn -0.925 -0.3683 0.0931
vn -0.925 -0.3683 0.0931
vn -0.9679 -0.2503 0.0209
vn -0.5687 -0.7974 0.2021
vn -0.5686 -0.7534 0.3303
vn -0.5688 -0.6886 0.4498
vn -0.5686 -0.6053 0.557
vn -0.5687 -0.5054 0.649
vn -0.5687 -0.3913 0.7236
vn -0.9275 -0.23 0.2947
vn -0.9275 -0.23 0.2947
vn -0.9263 -0.1794 0.3314
vn -0.9263 -0.1794 0.3314
vn -0.5685 -0.2672 0.7781
vn -0.5687 -0.3912 -0.7236
vn -0.5686 -0.2672 -0.778
vn -0.9263 -0.1794 -0.3313
vn -0.9263 -0.1794 -0.3313
vn -0.9667 -0.1216 -0.225
vn -0.9268 -0.1222 -0.3552
vn -0.9268 -0.1222 -0.3552
vn -0.9286 -0.0609 -0.366
vn -0.9286 -0.0609 -0.366
vn -0.9664 -0.0839 -0.2431
vn -0.9935 -0.0377 -0.1078
vn -0.967 -0.0419 -0.2515
vn -0.9933 -0.0191 -0.1136
vn -0.9678 0 -0.2515
vn -0.9678 0 -0.2515
vn -0.9285 0 -0.3712
vn -0.9285 0 -0.3712
vn -0.9285 0 -0.3712
vn -0.9669 0.0419 -0.2516
vn -0.9937 0 -0.1124
vn -0.9937 0 -0.1124
vn -0.9993 0 -0.0365
vn -0.9993 0 -0.0365
vn -1 0 -0.0001
vn -1 0 0
vn -0.9931 0.019 -0.1154
vn -0.9932 0.0377 -0.1098
vn -0.9994 0.006 -0.0355
vn -1 0 0
vn -1 0 0
vn -1 0 -0.0001
vn -0.9993 0.0122 -0.0353
vn -0.9993 0.0182 -0.034
vn -1 0 0
vn -0.9993 0.023 -0.0294
vn -1 0 0
vn -0.9936 0.0533 -0.0992
vn -0.9672 0.1215 -0.223
vn -0.994 0.0678 -0.0863
vn -0.9654 0.1609 -0.2051
vn -0.9938 0.082 -0.0756
vn -0.9993 0.0277 -0.0259
vn -1 0 0
vn -0.9651 0.1924 -0.1775
vn -0.9937 0.0943 -0.0608
vn -0.9993 0.0307 -0.02
vn -1 0 0
vn -0.9938 0.1016 -0.0454
vn -0.9653 0.2189 -0.1421
vn -0.9654 0.239 -0.1045
vn -0.9243 0.32 -0.2082
vn -0.9243 0.32 -0.2082
vn -0.923 0.2826 -0.2611
vn -0.923 0.2826 -0.2611
vn -0.9237 0.351 -0.1535
vn -0.9237 0.351 -0.1535
vn -0.5687 0.6886 -0.4498
vn -0.5686 0.7534 -0.3304
vn -0.5686 0.6051 -0.5572
vn -0.5687 0.5051 -0.6492
vn -0.5687 0.3912 -0.7236
vn -0.9229 0.2356 -0.3045
vn -0.9229 0.2356 -0.3045
vn -0.9267 0.1795 -0.3303
vn -0.9267 0.1795 -0.3303
vn -0.9262 0.1221 -0.3568
vn -0.9262 0.1221 -0.3568
vn -0.9656 0.0839 -0.2462
vn -0.9294 0.061 -0.364
vn -0.9294 0.061 -0.364
vn -0.5686 0.2672 -0.778
vn -0.5687 0.1358 -0.8113
vn -0.5687 0 -0.8226
vn -0.5687 0 -0.8226
vn -0.5687 -0.1358 -0.8113
vn -0.5687 0.7974 -0.202
vn -0.925 0.3683 -0.0934
vn -0.925 0.3683 -0.0934
vn -0.5686 0.8198 -0.0678
vn -0.9287 0.3696 -0.0306
vn -0.9287 0.3696 -0.0306
vn -0.5686 0.8198 0.0679
vn -0.9287 0.3696 0.0306
vn -0.9287 0.3696 0.0306
vn -0.5687 0.7974 0.2021
vn -0.5686 0.7534 0.3303
vn -0.5688 0.6886 0.4498
vn -0.9236 0.3512 0.1536
vn -0.9236 0.3512 0.1536
vn -0.9648 0.2412 0.105
vn -0.925 0.3683 0.0933
vn -0.925 0.3683 0.0933
vn -0.9209 0.3262 0.2135
vn -0.9209 0.3262 0.2135
vn -0.9235 0.2821 0.2599
vn -0.9235 0.2821 0.2599
vn -0.963 0.2256 0.1473
vn -0.9655 0.1921 0.1761
vn -0.9938 0.093 0.0609
vn -0.9938 0.082 0.0755
vn -0.9936 0.1036 0.0453
vn -0.9994 0.0294 0.0193
vn -1 0 0
vn -0.9993 0.0338 0.0153
vn -1 0 0
vn -0.9993 0.0276 0.0262
vn -1 0 0
vn -0.9993 0.023 0.0295
vn -1 0 -0.0001
vn -1 0 0
vn -0.9994 0.0169 0.0317
vn -1 0 0
vn -0.9935 0.0704 0.0894
vn -0.9669 0.1572 0.2012
vn -0.9934 0.0545 0.101
vn -0.9659 0.1238 0.2276
vn -0.9936 0.0368 0.1064
vn -0.9658 0.0839 0.2454
vn -0.9936 0.0181 0.1113
vn -1 0 0
vn -1 0 0.0001
vn -0.9994 0.0114 0.0329
vn -0.9994 0.006 0.0353
vn -1 0 0
vn -0.9993 0 0.0367
vn -0.9993 0 0.0367
vn -1 0 0
vn -1 0 0
vn -0.9994 0 -0.0335
vn -0.9994 0 -0.0335
vn -1 0 0
vn -1 0 -0.0001
vn -0.9995 0.0055 -0.0326
vn -1 0 0
vn -1 0 0.0001
vn -0.9994 -0.0055 -0.0328
vn -0.9861 0 -0.1663
vn -0.9861 0 -0.1663
vn -0.9865 -0.0266 -0.1615
vn -0.9486 0 -0.3164
vn -0.9486 0 -0.3164
vn -0.9865 0.0266 -0.1614
vn -0.9452 0.0541 -0.322
vn -0.9871 0.0519 -0.1517
vn -0.9872 0.0758 -0.1401
vn -0.9994 0.011 -0.0327
vn -1 0 0
vn -0.9459 0.1051 -0.3069
vn -0.9498 0.1487 -0.2753
vn -0.8926 0.1463 -0.4265
vn -0.8876 0.0756 -0.4543
vn -0.8105 0.1912 -0.5537
vn -0.8864 0.2202 -0.4072
vn -0.8126 0.2775 -0.5125
vn -0.8928 0.2781 -0.3544
vn -0.9451 0.2009 -0.2576
vn -0.8081 0.3613 -0.4653
vn -0.8942 0.3292 -0.3032
vn -0.8953 0.3724 -0.2445
vn -0.8153 0.4266 -0.3915
vn -0.9473 0.2354 -0.2173
vn -0.9445 0.2751 -0.1794
vn -0.9858 0.1233 -0.1139
vn -1 0 0
vn -0.9994 0.0251 -0.0234
vn -0.9863 0.1018 -0.1302
vn -0.9854 0.1426 -0.093
vn -0.9862 0.1516 -0.0668
vn -0.9995 0.0268 -0.0175
vn -1 0 0
vn -0.9994 0.032 -0.0141
vn -1 0 0
vn -0.9994 0.0334 -0.0082
vn -1 0 -0.0001
vn -1 0 0
vn -1 0 0
vn -0.9994 0.0332 -0.003
vn -1 0 -0.0001
vn -0.9867 0.1576 -0.0395
vn -0.9469 0.3116 -0.0793
vn -0.9863 0.1644 -0.0134
vn -0.9862 0.1651 0.0138
vn -0.9488 0.3148 -0.0266
vn -0.892 0.4505 -0.0375
vn -0.9486 0.3155 0.0262
vn -0.8919 0.4506 0.0375
vn -0.9479 0.3089 0.078
vn -0.9461 0.2967 0.1298
vn -0.9866 0.158 0.0396
vn -0.8918 0.4384 0.1116
vn -0.8059 0.5741 0.1447
vn -0.895 0.4081 0.1801
vn -0.8196 0.5248 0.2299
vn -0.8963 0.3716 0.2419
vn -0.8943 0.3291 0.3031
vn -0.8185 0.4809 0.3143
vn -0.9435 0.2768 0.1825
vn -0.9475 0.2355 0.2163
vn -0.9861 0.1396 0.0905
vn -0.986 0.1224 0.1132
vn -0.9863 0.1509 0.0664
vn -0.9995 0.0276 0.0182
vn -1 0 0
vn -0.9995 0.0241 0.0223
vn -1 0 0
vn -0.9994 0.0312 0.0137
vn -1 0 0
vn -1 0 0.0001
vn -1 0 0
vn -1 0 0.0001
vn -0.9994 0.0339 0.0084
vn -1 0 0
vn -0.9994 0.0332 0.003
vn -1 0 -0.0001
vn -1 0 0.0001
vn -1 0 0
vn -0.9994 0.0209 0.026
vn -1 0 0.0001
vn -1 0 0.0001
vn -0.9995 0.0162 0.0288
vn -1 0 0
vn -0.986 0.1027 0.1313
vn -0.9864 0.078 0.1447
vn -0.9481 0.1953 0.2511
vn -0.9477 0.152 0.2806
vn -0.8902 0.2797 0.3597
vn -0.8109 0.36 0.4614
vn -0.8936 0.2143 0.3944
vn -0.8099 0.2783 0.5163
vn -0.89 0.1471 0.4315
vn -0.895 0.0734 0.4399
vn -0.8145 0.1902 0.5481
vn -0.9473 0.1038 0.3032
vn -0.9453 0.0541 0.3216
vn -0.9857 0.0543 0.1592
vn -0.9863 0.0268 0.1628
vn -1 0 0
vn -0.9994 0.011 0.0327
vn -0.9994 0.0058 0.0347
vn -1 0 -0.0001
vn -1 0 0
vn -1 0 0
vn -0.9994 0 0.0358
vn -0.9994 0 0.0358
vn -0.9994 -0.0058 0.0349
vn -1 0 -0.0001
vn -1 0 0
vn -0.9871 0 0.16
vn -0.9871 0 0.16
vn -0.947 0 0.3213
vn -0.947 0 0.3213
vn -0.9862 -0.0269 0.1632
vn -0.9859 -0.0543 0.1583
vn -0.9447 -0.0541 0.3233
vn -0.8944 -0.0732 0.4412
vn -0.9477 -0.1038 0.3019
vn -0.9481 -0.1518 0.2794
vn -0.8903 -0.147 0.431
vn -0.8938 -0.2145 0.3938
vn -0.8133 -0.1902 0.5499
vn -0.8106 -0.0959 0.5777
vn -0.8099 -0.2786 0.5162
vn -0.7057 -0.2275 0.671
vn -0.706 -0.3376 0.6225
vn -0.5831 -0.2658 0.7677
vn -0.6972 -0.1177 0.7072
vn -0.5857 -0.1339 0.7994
vn -0.7225 0 0.6914
vn -0.7225 0 0.6914
vn -0.8112 0 0.5848
vn -0.8112 0 0.5848
vn -0.6967 0.1173 0.7077
vn -0.5999 0 0.8001
vn -0.5999 0 0.8001
vn -0.5868 0.1342 0.7985
vn -0.4474 0 0.8943
vn -0.4474 0 0.8943
vn -0.4512 0.1467 0.8803
vn -0.2835 0 0.959
vn -0.2835 0 0.959
vn -0.4513 -0.1466 0.8802
vn -0.3199 -0.1555 0.9346
vn -0.4611 -0.2873 0.8395
vn -0.4545 -0.4232 0.7838
vn -0.297 -0.3096 0.9033
vn -0.1425 -0.3203 0.9365
vn -0.3203 -0.4504 0.8334
vn -0.1591 -0.47 0.8682
vn -0.3136 -0.5813 0.7509
vn -0.1594 -0.6079 0.7779
vn -0.4376 -0.5535 0.7086
vn -0.312 -0.6992 0.6433
vn -0.3123 -0.7945 0.5208
vn -0.1796 -0.7238 0.6662
vn -0.4337 -0.6635 0.6097
vn -0.4578 -0.7454 0.4846
vn -0.5755 -0.6008 0.5548
vn -0.583 -0.6794 0.4456
vn -0.5893 -0.4964 0.6374
vn -0.704 -0.5237 0.4797
vn -0.6993 -0.5991 0.39
vn -0.7179 -0.426 0.5507
vn -0.8149 -0.4269 0.392
vn -0.8181 -0.4808 0.3154
vn -0.8104 -0.3602 0.4621
vn -0.8944 -0.3295 0.3024
vn -0.8958 -0.3719 0.2434
vn -0.9478 -0.2354 0.215
vn -0.8892 -0.28 0.3617
vn -0.9479 -0.1952 0.2517
vn -0.9861 -0.1026 0.1306
vn -0.9863 -0.078 0.1452
vn -0.986 -0.1227 0.1128
vn -0.9994 -0.0208 0.0263
vn -1 0 0
vn -1 0 0
vn -0.9995 -0.024 0.0227
vn -0.9994 -0.0162 0.0296
vn -1 0 0
vn -1 0 0
vn -1 0 -0.0001
vn -0.9994 -0.011 0.0326
vn -1 0 0
vn -0.9995 -0.0276 0.0181
vn -0.9862 -0.1392 0.09
vn -1 0 0
vn -0.9994 -0.0312 0.0135
vn -1 0 0
vn -0.9994 -0.0337 0.0089
vn -0.9863 -0.1509 0.0663
vn -0.9461 -0.2968 0.1297
vn -0.9866 -0.1583 0.0398
vn -0.9861 -0.1654 0.0137
vn -0.9478 -0.3093 0.0777
vn -0.9484 -0.3159 0.0262
vn -0.8919 -0.4384 0.1111
vn -0.8919 -0.4507 0.0375
vn -0.8059 -0.574 0.1447
vn -0.8949 -0.4083 0.1799
vn -0.8198 -0.5245 0.2296
vn -0.7035 -0.6507 0.2857
vn -0.5688 -0.7532 0.3305
vn -0.7002 -0.6919 0.1761
vn -0.7063 -0.7055 0.0581
vn -0.5908 -0.7823 0.1974
vn -0.5838 -0.8091 0.0666
vn -0.4598 -0.8611 0.2171
vn -0.4484 -0.8907 0.0751
vn -0.3269 -0.9159 0.2328
vn -0.4559 -0.8153 0.3571
vn -0.3062 -0.8711 0.3839
vn -0.1426 -0.9069 0.3965
vn -0.1447 -0.8273 0.5428
vn -0.1631 -0.9562 0.2429
vn -0.0412 -0.9146 0.4022
vn -0.0412 -0.9146 0.4022
vn 0.689 -0.6636 0.2913
vn -0.0263 -0.8372 0.5462
vn -0.0263 -0.8372 0.5462
vn -0.0287 -0.969 0.2454
vn -0.0287 -0.969 0.2454
vn 0.6889 -0.7026 0.178
vn -0.0315 -0.9961 0.0821
vn -0.0315 -0.9961 0.0821
vn 0.689 -0.7223 0.0598
vn -0.1626 -0.9833 0.082
vn -0.0314 -0.9961 -0.0821
vn -0.0314 -0.9961 -0.0821
vn 0.689 -0.7223 -0.0597
vn -0.0364 -0.9684 -0.2468
vn -0.0364 -0.9684 -0.2468
vn -0.1601 -0.9838 -0.0805
vn -0.3159 -0.9455 -0.0792
vn -0.1708 -0.9554 -0.2409
vn -0.3204 -0.9184 -0.2321
vn -0.1437 -0.9055 -0.3993
vn -0.3083 -0.8719 -0.3805
vn -0.1609 -0.8266 -0.5393
vn -0.0287 -0.9156 -0.4011
vn -0.0287 -0.9156 -0.4011
vn 0.6891 -0.6636 -0.2912
vn -0.0426 -0.8364 -0.5465
vn -0.0426 -0.8364 -0.5465
vn 0.6889 -0.6068 -0.3964
vn -0.0443 -0.7347 -0.677
vn -0.0443 -0.7347 -0.677
vn 0.689 -0.5332 -0.491
vn -0.0251 -0.6138 -0.789
vn -0.0251 -0.6138 -0.789
vn -0.1584 -0.7265 -0.6687
vn -0.2899 -0.7029 -0.6495
vn -0.1595 -0.6087 -0.7772
vn -0.2917 -0.5868 -0.7554
vn -0.1861 -0.4671 -0.8644
vn -0.3235 -0.4511 -0.8318
vn -0.1706 -0.3189 -0.9323
vn -0.0427 -0.476 -0.8784
vn -0.0427 -0.476 -0.8784
vn -0.0384 -0.3256 -0.9447
vn -0.0384 -0.3256 -0.9447
vn 0.6888 -0.3452 -0.6375
vn 0.689 -0.4452 -0.5718
vn 0.689 -0.2352 -0.6855
vn 0.6889 -0.1192 -0.715
vn 0.6891 0 -0.7247
vn 0.6891 0 -0.7247
vn -0.0311 -0.1641 -0.986
vn -0.0311 -0.1641 -0.986
vn -0.0316 0 -0.9995
vn -0.0316 0 -0.9995
vn -0.0316 0 -0.9995
vn -0.0316 0 -0.9995
vn -0.1628 -0.1629 -0.9731
vn -0.3183 -0.1555 -0.9352
vn -0.1604 0.0001 -0.9871
vn -0.1604 0.0001 -0.9871
vn -0.3144 0.0001 -0.9493
vn -0.3144 0.0001 -0.9493
vn -0.1632 0.1631 -0.973
vn -0.0311 0.1641 -0.986
vn -0.0311 0.1641 -0.986
vn -0.1698 0.3186 -0.9326
vn -0.318 0.1553 -0.9353
vn -0.3005 0.3105 -0.9018
vn -0.4511 0.1464 -0.8804
vn -0.4374 0.2904 -0.8511
vn -0.5871 0.1342 -0.7983
vn -0.4474 0 -0.8943
vn -0.4474 0 -0.8943
vn -0.5823 0 -0.8129
vn -0.5823 0 -0.8129
vn -0.4518 -0.1464 -0.88
vn -0.4371 -0.2906 -0.8512
vn -0.5865 -0.134 -0.7988
vn -0.71 -0.1154 -0.6947
vn -0.6011 -0.2609 -0.7553
vn -0.5773 -0.3901 -0.7173
vn -0.7089 -0.2278 -0.6675
vn -0.7178 -0.3313 -0.6123
vn -0.8107 -0.1914 -0.5533
vn -0.8143 -0.0955 -0.5726
vn -0.8116 -0.2776 -0.5141
vn -0.893 -0.1462 -0.4256
vn -0.8871 -0.0755 -0.4553
vn -0.9464 -0.1051 -0.3056
vn -0.8857 -0.2203 -0.4087
vn -0.892 -0.2784 -0.3561
vn -0.9496 -0.1485 -0.2759
vn -0.9871 -0.0758 -0.1408
vn -0.9451 -0.2009 -0.2576
vn -0.9863 -0.1017 -0.1295
vn -0.9476 -0.2354 -0.216
vn -0.8944 -0.3295 -0.3026
vn -0.9858 -0.1236 -0.1136
vn -0.9442 -0.2752 -0.1807
vn -0.8949 -0.3727 -0.2456
vn -0.9855 -0.1422 -0.0928
vn -0.9461 -0.2968 -0.1293
vn -0.8979 -0.4034 -0.1762
vn -0.9468 -0.3119 -0.0792
vn -0.9862 -0.1517 -0.0662
vn -0.9994 -0.032 -0.0139
vn -1 0 0
vn -0.9867 -0.1578 -0.0401
vn -1 0 0
vn -1 0 0.0001
vn -0.9994 -0.0332 -0.0086
vn -0.9862 -0.1647 -0.0131
vn -1 0 0
vn -1 0 0.0001
vn -0.9995 -0.033 -0.0027
vn -0.9487 -0.3151 -0.0266
vn -0.8919 -0.4506 -0.0375
vn -0.8926 -0.4373 -0.1098
vn -0.8108 -0.5834 -0.0482
vn -0.8081 -0.5709 -0.1448
vn -0.7063 -0.7056 -0.0581
vn -0.8108 -0.5834 0.0482
vn -0.7001 -0.692 -0.1758
vn -0.5819 -0.8104 -0.0683
vn -0.5906 -0.7824 -0.1976
vn -0.4484 -0.8909 -0.072
vn -0.4533 -0.8639 -0.2196
vn -0.4552 -0.8145 -0.3597
vn -0.4563 -0.7446 -0.4872
vn -0.5786 -0.7475 -0.3264
vn -0.5845 -0.6797 -0.443
vn -0.6978 -0.6562 -0.2872
vn -0.6966 -0.6 -0.3933
vn -0.8182 -0.5261 -0.232
vn -0.8203 -0.479 -0.3125
vn -0.8146 -0.4267 -0.3929
vn -0.8082 -0.3619 -0.4647
vn -0.7033 -0.5232 -0.4813
vn -0.7074 -0.434 -0.5579
vn -0.5913 -0.593 -0.5465
vn -0.6074 -0.4892 -0.6259
vn -0.45 -0.6569 -0.605
vn -0.4351 -0.5526 -0.7108
vn -0.4315 -0.4281 -0.7941
vn -0.2976 -0.7993 -0.5221
vn -0.9995 -0.033 0.0028
vn -1 0 0
vn -0.9995 -0.0268 -0.0174
vn -1 0 0
vn -1 0 -0.0001
vn -1 0 0
vn -0.9994 -0.025 -0.0238
vn -1 0 -0.0001
vn -1 0 0
vn -0.9995 -0.0199 -0.025
vn -0.9994 -0.0171 -0.0313
vn -1 0 0
vn -1 0 0
vn -0.9994 -0.011 -0.0326
vn -1 0 0.0001
vn -0.9872 -0.0519 -0.151
vn -0.9449 -0.054 -0.3228
vn -0.8925 0 -0.4511
vn -0.8925 0 -0.4511
vn -0.8107 -0.0001 -0.5855
vn -0.8107 -0.0001 -0.5855
vn -0.8147 0.0956 -0.5719
vn -0.7057 0 -0.7085
vn -0.7057 0 -0.7085
vn -0.7109 0.1155 -0.6937
vn -0.7091 0.2278 -0.6673
vn -0.7176 0.3312 -0.6127
vn -0.6015 0.2615 -0.7549
vn -0.5767 0.3897 -0.718
vn -0.4316 0.428 -0.794
vn -0.6066 0.4895 -0.6264
vn -0.5904 0.5939 -0.5465
vn -0.4349 0.5528 -0.7108
vn -0.7065 0.4336 -0.5593
vn -0.7036 0.5236 -0.4804
vn -0.6968 0.6 -0.3931
vn -0.6978 0.6564 -0.2866
vn -0.5836 0.6802 -0.4435
vn -0.8204 0.4789 -0.3126
vn -0.8182 0.5262 -0.2316
vn -0.8082 0.5708 -0.1449
vn -0.8979 0.4032 -0.1767
vn -0.8925 0.4375 -0.1099
vn -0.9461 0.2967 -0.1299
vn -0.8108 0.5834 -0.0484
vn -0.6991 0.6929 -0.1765
vn -0.7061 0.7057 -0.0583
vn -0.5911 0.782 -0.1976
vn -0.582 0.8103 -0.0684
vn -0.455 0.8631 -0.219
vn -0.5787 0.7475 -0.3262
vn -0.4553 0.8146 -0.3593
vn -0.308 0.872 -0.3805
vn -0.4567 0.7444 -0.4871
vn -0.4491 0.6574 -0.605
vn -0.2988 0.7991 -0.5217
vn -0.1591 0.8268 -0.5396
vn -0.2915 0.7029 -0.6488
vn -0.1605 0.7264 -0.6683
vn -0.2925 0.5869 -0.755
vn -0.1595 0.6082 -0.7776
vn -0.3232 0.4509 -0.832
vn -0.1859 0.4668 -0.8646
vn -0.0427 0.4761 -0.8783
vn -0.0427 0.4761 -0.8783
vn -0.0377 0.3252 -0.9449
vn -0.0377 0.3252 -0.9449
vn 0.6888 0.3452 -0.6375
vn -0.0251 0.6134 -0.7894
vn -0.0251 0.6134 -0.7894
vn 0.6892 0.4453 -0.5716
vn -0.0446 0.7343 -0.6774
vn -0.0446 0.7343 -0.6774
vn -0.0409 0.8364 -0.5466
vn -0.0409 0.8364 -0.5466
vn 0.6889 0.5332 -0.491
vn 0.6889 0.6068 -0.3965
vn 0.6891 0.6636 -0.2912
vn -0.0288 0.9156 -0.4011
vn -0.0288 0.9156 -0.4011
vn 0.6889 0.7027 -0.1781
vn 0.689 0.7223 -0.0597
vn -0.0385 0.9684 -0.2465
vn -0.0385 0.9684 -0.2465
vn -0.0317 0.9961 -0.0821
vn -0.0317 0.9961 -0.0821
vn -0.1708 0.9554 -0.2409
vn -0.1598 0.9838 -0.0807
vn -0.1437 0.9054 -0.3994
vn -0.3181 0.9192 -0.2321
vn -0.3155 0.9456 -0.0796
vn -0.4488 0.8907 -0.0722
vn -0.3157 0.9458 0.0764
vn -0.1624 0.9833 0.0823
vn -0.3248 0.9168 0.2326
vn -0.4486 0.8905 0.0753
vn -0.5841 0.8089 0.0669
vn -0.4615 0.8602 0.2169
vn -0.5913 0.7819 0.1976
vn -0.4563 0.8153 0.3565
vn -0.3066 0.871 0.3838
vn -0.5689 0.7531 0.3305
vn -0.4578 0.7451 0.4851
vn -0.4328 0.6642 0.6096
vn -0.3136 0.7943 0.5202
vn -0.5819 0.6801 0.446
vn -0.5747 0.6016 0.5549
vn -0.6996 0.5992 0.3892
vn -0.7036 0.5236 0.4804
vn -0.7032 0.6508 0.2863
vn -0.6993 0.6928 0.176
vn -0.7063 0.7055 0.0584
vn -0.8109 0.5832 0.0484
vn -0.7179 0.4261 0.5505
vn -0.815 0.4263 0.3925
vn -0.5884 0.4969 0.6379
vn -0.7053 0.3375 0.6234
vn -0.5768 0.3899 0.7178
vn -0.7072 0.228 0.6692
vn -0.5832 0.2662 0.7674
vn -0.4612 0.2872 0.8396
vn -0.2975 0.3096 0.9031
vn -0.4545 0.4232 0.7838
vn -0.3203 0.45 0.8336
vn -0.4373 0.5534 0.7089
vn -0.3147 0.5818 0.7499
vn -0.1595 0.6082 0.7776
vn -0.3134 0.6987 0.6431
vn -0.1811 0.7232 0.6665
vn -0.0434 0.7349 0.6768
vn -0.0434 0.7349 0.6768
vn -0.143 0.8278 0.5425
vn -0.0247 0.8373 0.5462
vn -0.0247 0.8373 0.5462
vn -0.1427 0.9068 0.3967
vn -0.0412 0.9146 0.4022
vn -0.0412 0.9146 0.4022
vn -0.1632 0.9563 0.2425
vn -0.0309 0.969 0.2451
vn -0.0309 0.969 0.2451
vn 0.6889 0.7026 0.178
vn -0.0317 0.9961 0.0821
vn -0.0317 0.9961 0.0821
vn 0.689 0.7223 0.0598
vn 0.689 0.6636 0.2913
vn 0.689 0.6068 0.3963
vn 0.6889 0.5333 0.4909
vn 0.689 0.4451 0.5719
vn -0.025 0.6131 0.7896
vn -0.025 0.6131 0.7896
vn 0.689 0.3449 0.6374
vn 0.689 0.2352 0.6855
vn -0.0428 0.4758 0.8785
vn -0.0428 0.4758 0.8785
vn -0.0394 0.3252 0.9448
vn -0.0394 0.3252 0.9448
vn -0.1591 0.4697 0.8684
vn -0.1418 0.3203 0.9366
vn -0.1614 0.1632 0.9733
vn -0.0293 0.1645 0.9859
vn -0.0293 0.1645 0.9859
vn -0.3196 0.1552 0.9348
vn -0.1607 0 0.987
vn -0.1607 0 0.987
vn -0.0626 0 0.998
vn -0.0626 0 0.998
vn -0.0626 0 0.998
vn -0.0626 0 0.998
vn -0.1611 -0.1631 0.9734
vn -0.0293 -0.1645 0.9859
vn -0.0293 -0.1645 0.9859
vn 0.689 -0.1195 0.7148
vn -0.0401 -0.3255 0.9447
vn -0.0401 -0.3255 0.9447
vn -0.0426 -0.4757 0.8786
vn -0.0426 -0.4757 0.8786
vn 0.689 -0.2352 0.6855
vn 0.6889 -0.3449 0.6375
vn 0.689 -0.4451 0.5719
vn -0.0251 -0.6135 0.7893
vn -0.0251 -0.6135 0.7893
vn 0.6889 -0.5333 0.4909
vn 0.689 -0.6068 0.3963
vn -0.0432 -0.7353 0.6764
vn -0.0432 -0.7353 0.6764
vn 0.6889 0 0.7249
vn 0.6889 0 0.7249
vn 0.6891 0.1195 0.7147
vn 0.6891 0.2352 -0.6854
vn 0.6889 0.1192 -0.715
vn -0.3004 -0.3109 -0.9017
vn 0.6889 -0.7027 -0.1781
vn -0.3161 -0.9456 0.0762
vn -0.9433 -0.277 0.1829
vn -0.5772 -0.3899 0.7175
vn -0.8099 0.0957 0.5787
vn -0.8872 0 0.4615
vn -0.8872 0 0.4615
vn -0.9995 0.02 -0.0247
vn -1 0 0
vn -1 0 0
vn -0.9994 0.0171 -0.0305
vn -0.9648 0.0431 0.2596
vn -0.9261 0.1222 0.3569
vn -0.9261 0.1222 0.3569
vn -0.5685 0.2672 0.778
vn -0.9267 0.1794 0.3303
vn -0.9267 0.1794 0.3303
vn -0.9271 0.2298 0.296
vn -0.9271 0.2298 0.296
vn -0.5687 0.3913 0.7236
vn -0.5687 0.5054 0.649
vn -0.5686 0.6053 0.557
vn -1 0 0.0001
vn -1 0 0
vn -0.9992 0.0376 0.0095
vn -0.9993 0.0365 0.0029
vn -1 0 0
vn -0.9938 0.1081 0.0276
vn -0.9666 0.2485 0.0627
vn -0.9937 0.1121 0.0094
vn -0.9937 0.112 -0.0093
vn -0.9679 0.2503 0.0209
vn -0.968 0.2502 -0.0208
vn -0.9662 0.2497 -0.0634
vn -0.9936 0.1095 -0.0277
vn -1 0 0
vn -0.9992 0.0376 -0.0095
vn -0.9993 0.0338 -0.0153
vn -1 0 0
vn -0.9993 0.0365 -0.0029
vn -1 0 0
vn -1 0 0
vn -0.9994 -0.006 -0.0355
vn -1 0 -0.0001
vn -0.9993 -0.0122 -0.0349
vn -1 0 0
vn -1 0 0.0001
vn -0.9993 -0.0181 -0.033
vn -1 0 0
vn -0.9936 -0.0534 -0.0992
vn -0.9993 -0.023 -0.029
vn -1 0 0
vn -0.9993 -0.0277 -0.0259
vn -1 0 0
vn -0.9939 -0.0677 -0.0871
vn -0.9654 -0.1608 -0.2055
vn -0.9994 -0.0295 0.0197
vn -1 0 0
vt 1.00000000 1.00000000
vt 1.00000000 0.00000000
vt 1.00000000 0.00000000
vt 1.00000000 0.00000000
vt 1.00000000 0.00000000
vt 0.39549600 1.00000000
vt 0.16585300 1.00000000
vt 0.39549600 0.84615400
vt 0.42739100 0.84615400
vt 0.36360100 0.84615400
vt 0.00000000 1.00000000
vt 0.00000000 1.00000000
vt 1.00000000 1.00000000
vt 1.00000000 1.00000000
vt 0.00000000 1.00000000
vt 0.16585300 0.84615400
vt 0.36734700 1.00000000
vt 0.36734700 1.00000000
vt 0.14695400 0.84143300
vt 0.12857100 0.82739800
vt 0.30688400 0.99318100
vt 0.24807000 0.97290900
vt 0.19250900 0.93973700
vt 0.11120400 0.80443300
vt 0.14171800 0.89457000
vt 0.09532800 0.77316400
vt 0.09708100 0.83864100
vt 0.08137600 0.73444400
vt 0.05981600 0.77347400
vt 0.06972900 0.68932800
vt 0.03094000 0.70084800
vt 0.01124100 0.62274300
vt 0.06070300 0.63904800
vt 0.05454500 0.58497600
vt 0.05142400 0.52858500
vt 0.05142400 0.47141500
vt 0.00125500 0.54128900
vt 0.00125500 0.45871100
vt 0.01124100 0.37725700
vt 0.03094000 0.29915300
vt 0.05454500 0.41502400
vt 0.06070300 0.36095200
vt 0.06972900 0.31067200
vt 0.05981600 0.22652600
vt 0.08137600 0.26555600
vt 0.09708100 0.16135900
vt 0.09532800 0.22683600
vt 0.14171800 0.10543000
vt 0.11120400 0.19556700
vt 0.12857100 0.17260200
vt 0.19250900 0.06026300
vt 0.24807000 0.02709100
vt 0.30688400 0.00681900
vt 0.36734700 0.00000000
vt 0.14695400 0.15856700
vt 0.16585300 0.15384600
vt 0.36360100 0.15384600
vt 1.00000000 0.00000000
vt 0.00000000 0.00000000
vt 0.00000000 0.00000000
vt 0.39549600 0.15384600
vt 0.42739100 0.15384600
vt 0.39549600 0.00000000
vt 0.16585300 0.00000000
vt 0.13855500 0.00681900
vt 0.11200100 0.02709100
vt 0.08691600 0.06026400
vt 0.06398400 0.10543100
vt 0.04383100 0.16136100
vt 0.02700600 0.22652800
vt 0.01396900 0.29915500
vt 0.00507500 0.37726100
vt 0.00056600 0.45871400
vt 0.00056700 0.54129300
vt 0.00507500 0.62274700
vt 0.01397000 0.70085200
vt 0.06398600 0.89457400
vt 0.04383200 0.83864500
vt 0.02700700 0.77347800
vt 0.08691800 0.93974000
vt 0.11200300 0.97291100
vt 0.13855700 0.99318200
vt 0.62513900 0.15384600
vt 0.62513900 0.15384600
vt 1.00000000 0.00000000
vt 1.00000000 0.00000000
vt 0.00000000 0.00000000
vt 1.00000000 0.00000000
vt 1.00000000 0.00000000
vt 1.00000000 0.13184100
vt 0.00000000 0.13184100
vt 0.63265300 0.00000000
vt 0.63265300 0.00000000
vt 0.63265300 0.05478500
vt 0.69011800 0.00615600
vt 0.74616900 0.02447200
vt 0.64310100 0.15810800
vt 0.64310100 0.15810800
vt 0.66062100 0.17078800
vt 0.66062100 0.17078800
vt 0.67726700 0.19157500
vt 0.67726700 0.19157500
vt 0.79942500 0.05449700
vt 0.69263000 0.21995600
vt 0.84857400 0.09549100
vt 0.70633000 0.25523200
vt 0.89240700 0.14644700
vt 0.71803200 0.29653600
vt 0.92984300 0.20610800
vt 0.72744600 0.34285000
vt 0.73434100 0.39303300
vt 0.95996200 0.27300500
vt 0.98202100 0.34549200
vt 0.99547700 0.42178300
vt 0.73854700 0.44585000
vt 1.00000000 0.50000000
vt 0.99547700 0.57821800
vt 0.73996100 0.50000000
vt 0.73854700 0.55415100
vt 0.73434100 0.60696900
vt 0.98202000 0.65451100
vt 0.72744600 0.65715300
vt 0.95996000 0.72699900
vt 0.71803100 0.70346700
vt 0.92984100 0.79389700
vt 0.70632900 0.74477100
vt 0.69262800 0.78004800
vt 0.89240300 0.85355900
vt 0.84856900 0.90451400
vt 0.79941800 0.94550800
vt 0.74616100 0.97553200
vt 0.67726500 0.80842900
vt 0.66061900 0.82921400
vt 0.64309800 0.84189400
vt 0.62513900 0.84615400
vt 0.69010900 0.99384600
vt 0.63265300 1.00000000
vt 0.63265300 0.94521700
vt 1.00000000 1.00000000
vt 1.00000000 1.00000000
vt 0.00000000 1.00000000
vt 1.00000000 1.00000000
vt 1.00000000 1.00000000
vt 1.00000000 1.00000000
vt 1.00000000 0.88000400
vt 1.00000000 0.88000400
vt 1.00000000 0.88000400
vt 1.00000000 0.88000400
vt 0.00000000 0.88000400
vt 0.85382800 0.88000400
vt 0.85382800 0.88000400
vt 1.00000000 0.72927700
vt 1.00000000 0.72927700
vt 1.00000000 0.72927700
vt 1.00000000 0.72927700
vt 1.00000000 0.72927700
vt 1.00000000 0.72927700
vt 0.00000000 0.72927700
vt 0.00000000 0.60782400
vt 1.00000000 0.60782400
vt 1.00000000 0.60782400
vt 1.00000000 0.60782400
vt 1.00000000 0.60782400
vt 1.00000000 0.60782400
vt 0.85383200 0.72927700
vt 0.85383200 0.72927700
vt 0.85397800 0.73009300
vt 0.84990300 0.71956700
vt 0.84990300 0.71956700
vt 0.84058000 0.70930500
vt 0.84058000 0.70930500
vt 0.85317400 0.74067500
vt 0.84646500 0.75109200
vt 0.84646500 0.75109200
vt 0.83369200 0.76106100
vt 0.83369200 0.76106100
vt 0.82499800 0.76579900
vt 0.82499800 0.76579900
vt 0.81489600 0.77026200
vt 0.80326100 0.77447400
vt 0.79027800 0.77833200
vt 0.79027800 0.77833200
vt 0.77594500 0.78181400
vt 0.77594500 0.78181400
vt 0.76035800 0.78487000
vt 0.76035800 0.78487000
vt 0.74381500 0.78743100
vt 0.72615400 0.78951000
vt 0.70814100 0.79102400
vt 0.70814100 0.79102400
vt 0.70814100 0.79102400
vt 0.68918200 0.79202800
vt 0.68918200 0.79202800
vt 0.68918200 0.76329700
vt 0.70755000 0.76083200
vt 0.72436700 0.75762800
vt 0.72436700 0.75762800
vt 0.72436700 0.75762800
vt 0.73198200 0.75570900
vt 0.73876000 0.75362000
vt 0.73876000 0.75362000
vt 0.73876000 0.75362000
vt 0.74468600 0.75135000
vt 0.74966500 0.74884300
vt 0.74966500 0.74884300
vt 0.74966500 0.74884300
vt 0.75344000 0.74628000
vt 0.75637900 0.74349800
vt 0.75637900 0.74349800
vt 0.75956700 0.73790200
vt 0.75956700 0.73790200
vt 0.76008700 0.73223600
vt 0.76008700 0.73223600
vt 0.75937700 0.72927700
vt 0.75937700 0.72927700
vt 0.62350700 0.72927700
vt 0.62350700 0.72927700
vt 0.62350700 0.72927700
vt 0.62350700 0.72927700
vt 0.62350700 0.72927700
vt 0.62350700 0.72927700
vt 0.62350700 0.72927700
vt 0.62350700 0.72927700
vt 0.62350700 0.72927700
vt 0.75805800 0.72659800
vt 0.75298300 0.72111200
vt 0.74917000 0.71846600
vt 0.74917000 0.71846600
vt 0.74455200 0.71595600
vt 0.73910300 0.71356900
vt 0.73910300 0.71356900
vt 0.73284600 0.71131900
vt 0.72596900 0.70925600
vt 0.72596900 0.70925600
vt 0.71834100 0.70733900
vt 0.71834100 0.70733900
vt 0.70154500 0.70412800
vt 0.70154500 0.70412800
vt 0.68314000 0.70168500
vt 0.68314000 0.70168500
vt 0.66373700 0.69993200
vt 0.66373700 0.69993200
vt 0.64376800 0.69876400
vt 0.64376800 0.69876400
vt 0.62350700 0.69808000
vt 0.62350700 0.79335800
vt 0.59160000 0.79365300
vt 0.59160000 0.79365300
vt 0.55351300 0.79317900
vt 0.55351300 0.79317900
vt 0.55351300 0.79317900
vt 0.51579900 0.79164000
vt 0.51579900 0.79164000
vt 0.47902500 0.78886000
vt 0.44401200 0.78468500
vt 0.44401200 0.78468500
vt 0.41174200 0.77906200
vt 0.39696200 0.77568000
vt 0.38347600 0.77197200
vt 0.37127200 0.76792800
vt 0.36039300 0.76355800
vt 0.35109900 0.75895200
vt 0.35109900 0.75895200
vt 0.34337800 0.75409400
vt 0.34337800 0.75409400
vt 0.33286100 0.74392600
vt 0.32839400 0.73341400
vt 0.32839400 0.73341400
vt 0.32933700 0.72283300
vt 0.32810800 0.72927700
vt 0.32810800 0.72927700
vt 0.33631500 0.71243100
vt 0.34223200 0.70739300
vt 0.34223200 0.70739300
vt 0.34974400 0.70253100
vt 0.34974400 0.70253100
vt 0.34974400 0.70253100
vt 0.36926700 0.69344600
vt 0.39405400 0.68541100
vt 0.39405400 0.68541100
vt 0.42331600 0.67863500
vt 0.42331600 0.67863500
vt 0.42331600 0.67863500
vt 0.45598600 0.67318800
vt 0.49114200 0.66910500
vt 0.52802100 0.66643800
vt 0.56582600 0.66508900
vt 0.56582600 0.66508900
vt 0.60394200 0.66489900
vt 0.60394200 0.66489900
vt 0.64191700 0.66581600
vt 0.64191700 0.66581600
vt 0.67921600 0.66799000
vt 0.67921600 0.66799000
vt 0.71511700 0.67153900
vt 0.71511700 0.67153900
vt 0.74875100 0.67651100
vt 0.74875100 0.67651100
vt 0.77905500 0.68291500
vt 0.79259200 0.68663600
vt 0.80492400 0.69068600
vt 0.82555800 0.69958000
vt 0.82555800 0.69958000
vt 0.39795500 0.11197000
vt 0.39795500 0.11197000
vt 0.53760600 0.06998300
vt 0.27255500 0.16492000
vt 0.21567800 0.19565400
vt 0.21567800 0.19565400
vt 0.16543400 0.22799000
vt 0.12036800 0.26328400
vt 0.12036800 0.26328400
vt 0.08245400 0.30039100
vt 0.05173200 0.33926000
vt 0.05173200 0.33926000
vt 0.02814100 0.37995400
vt 0.01217000 0.42084900
vt 0.00279600 0.46345900
vt 0.00276600 0.54806300
vt 0.02570500 0.63178100
vt 0.04743400 0.67310400
vt 0.04743400 0.67310400
vt 0.07576800 0.71212000
vt 0.07576800 0.71212000
vt 0.11201100 0.75004800
vt 0.11201100 0.75004800
vt 0.15533600 0.78555000
vt 0.20527000 0.81834700
vt 0.20527000 0.81834700
vt 0.20527000 0.81834700
vt 0.20527000 0.81834700
vt 0.20527000 0.81834700
vt 0.26214600 0.84870600
vt 0.32332000 0.87534500
vt 0.32332000 0.87534500
vt 0.39048700 0.89964800
vt 0.39048700 0.89964800
vt 0.53300200 0.93887500
vt 0.53300200 0.93887500
vt 0.68435600 0.96759800
vt 0.68435600 0.96759800
vt 0.84080200 0.98745300
vt 1.00000000 1.00000000
vt 1.00000000 0.00000000
vt 1.00000000 0.00000000
vt 0.84170900 0.01536500
vt 0.68674700 0.03822200
vt 0.00000000 0.72927700
vt 0.00000000 0.72927700
vt 1.00000000 0.72927700
vt 0.00000000 0.72927700
vt 0.00000000 0.72927700
vt 0.00000000 0.72927700
vt 0.00000000 0.72927700
vt 0.00000000 0.60782400
vt 1.00000000 0.60782400
vt 0.00000000 0.60782400
vt 0.00000000 0.60782400
vt 0.00000000 0.60782400
vt 0.00000000 0.60782400
vt 0.00000000 0.60782400
vt 0.00000000 0.60782400
vt 0.00000000 0.60782400
vt 0.00000000 0.60782400
vt 0.00000000 0.60782400
vt 0.00000000 0.88000400
vt 0.00000000 0.88000400
vt 0.00000000 0.88000400
vt 1.00000000 0.88000400
vt 0.00000000 0.88000400
vt 0.32810800 0.88000400
vt 0.32810800 0.88000400
vt 0.32839400 0.88416000
vt 0.32839400 0.88416000
vt 0.32933700 0.87357900
vt 0.33631500 0.86317700
vt 0.34223200 0.85813900
vt 0.34974400 0.85327700
vt 0.36926700 0.84419200
vt 0.39405400 0.83615700
vt 0.42331600 0.82938100
vt 0.42331600 0.82938100
vt 0.45598600 0.82393300
vt 0.45598600 0.82393300
vt 0.49114200 0.81985100
vt 0.52802100 0.81718400
vt 0.52802100 0.81718400
vt 0.52802100 0.81718400
vt 0.56582600 0.81583500
vt 0.56582600 0.81583500
vt 0.60394200 0.81564400
vt 0.60394200 0.81564400
vt 0.64191700 0.81656200
vt 0.67921600 0.81873600
vt 0.67921600 0.81873600
vt 0.67921600 0.81873600
vt 0.71511700 0.82228500
vt 0.71511700 0.82228500
vt 0.74875100 0.82725700
vt 0.74875100 0.82725700
vt 0.77905500 0.83366100
vt 0.77905500 0.83366100
vt 0.79259200 0.83738200
vt 0.80492400 0.84143200
vt 0.82555800 0.85032600
vt 0.82555800 0.85032600
vt 0.84058000 0.86005100
vt 0.84058000 0.86005100
vt 0.84990300 0.87031300
vt 0.84990300 0.87031300
vt 0.85397800 0.88083800
vt 0.85317400 0.89142100
vt 0.84646500 0.90183800
vt 0.83369200 0.91180700
vt 0.83369200 0.91180700
vt 0.82499800 0.91654500
vt 0.82499800 0.91654500
vt 0.81489600 0.92100800
vt 0.81489600 0.92100800
vt 0.80326100 0.92521900
vt 0.80326100 0.92521900
vt 0.79027800 0.92907800
vt 0.79027800 0.92907800
vt 0.77594500 0.93256000
vt 0.76035800 0.93561600
vt 0.74381500 0.93817700
vt 0.72615400 0.94025600
vt 0.70814100 0.94176900
vt 0.70814100 0.94176900
vt 0.68918200 0.94277400
vt 0.68918200 0.94277400
vt 0.68918200 0.91404300
vt 0.70755000 0.91157700
vt 0.72436700 0.90837400
vt 0.72436700 0.90837400
vt 0.72436700 0.90837400
vt 0.73198200 0.90645400
vt 0.73876000 0.90436600
vt 0.73876000 0.90436600
vt 0.73876000 0.90436600
vt 0.74468600 0.90209600
vt 0.74966500 0.89958900
vt 0.74966500 0.89958900
vt 0.74966500 0.89958900
vt 0.75344000 0.89702600
vt 0.75637900 0.89424400
vt 0.75637900 0.89424400
vt 0.75956700 0.88864800
vt 0.75956700 0.88864800
vt 0.76008700 0.88298200
vt 0.76008700 0.88298200
vt 0.75805800 0.87734400
vt 0.75937000 0.88000400
vt 0.75937000 0.88000400
vt 0.75298300 0.87185700
vt 0.74917000 0.86921100
vt 0.74917000 0.86921100
vt 0.74455200 0.86670100
vt 0.73910300 0.86431500
vt 0.73910300 0.86431500
vt 0.73284600 0.86206500
vt 0.72596900 0.86000200
vt 0.72596900 0.86000200
vt 0.71834100 0.85808500
vt 0.71834100 0.85808500
vt 0.70154500 0.85487400
vt 0.70154500 0.85487400
vt 0.68314000 0.85243100
vt 0.68314000 0.85243100
vt 0.66373700 0.85067800
vt 0.66373700 0.85067800
vt 0.64376800 0.84951000
vt 0.64376800 0.84951000
vt 0.62350700 0.84882600
vt 0.62350700 0.88000400
vt 0.62350700 0.88000400
vt 0.62350700 0.88000400
vt 0.62350700 0.88000400
vt 0.62350700 0.88000400
vt 0.62350700 0.88000400
vt 0.62350700 0.88000400
vt 0.62350700 0.88000400
vt 0.62350700 0.88000400
vt 0.62350700 0.94403000
vt 0.62350700 0.94403000
vt 0.59160000 0.94439900
vt 0.59160000 0.94439900
vt 0.55351300 0.94392400
vt 0.55351300 0.94392400
vt 0.55351300 0.94392400
vt 0.51579900 0.94238600
vt 0.47902500 0.93960600
vt 0.47902500 0.93960600
vt 0.44401200 0.93543100
vt 0.41174200 0.92980800
vt 0.39696200 0.92642600
vt 0.39696200 0.92642600
vt 0.38347600 0.92271800
vt 0.38347600 0.92271800
vt 0.37127200 0.91867400
vt 0.37127200 0.91867400
vt 0.36039300 0.91430400
vt 0.36039300 0.91430400
vt 0.35109900 0.90969800
vt 0.35109900 0.90969800
vt 0.35109900 0.90969800
vt 0.34337800 0.90484000
vt 0.34337800 0.90484000
vt 0.33286100 0.89467100
vt 0.53305100 0.93888600
vt 0.53305100 0.93888600
vt 0.68439000 0.96760300
vt 0.84081900 0.98745400
vt 1.00000000 1.00000000
vt 1.00000000 0.00000000
vt 0.84175800 0.01544800
vt 0.68691300 0.03848700
vt 0.53790600 0.07040000
vt 0.53790600 0.07040000
vt 0.39824500 0.11236700
vt 0.27244900 0.16504900
vt 0.27244900 0.16504900
vt 0.27244900 0.16504900
vt 0.27244900 0.16504900
vt 0.21555300 0.19572700
vt 0.16529700 0.22808700
vt 0.16529700 0.22808700
vt 0.12025500 0.26338300
vt 0.08236300 0.30049100
vt 0.08236300 0.30049100
vt 0.08236300 0.30049100
vt 0.05166600 0.33935700
vt 0.02808700 0.38006700
vt 0.02808700 0.38006700
vt 0.02808700 0.38006700
vt 0.00278300 0.46355100
vt 0.00277700 0.54814600
vt 0.00277700 0.54814600
vt 0.00277700 0.54814600
vt 0.02573600 0.63185300
vt 0.04747500 0.67316900
vt 0.04747500 0.67316900
vt 0.07581800 0.71217900
vt 0.11201100 0.75004800
vt 0.11201100 0.75004800
vt 0.11201100 0.75004800
vt 0.11201100 0.75004800
vt 0.15539800 0.78559500
vt 0.20533400 0.81838500
vt 0.20533400 0.81838500
vt 0.26221100 0.84873700
vt 0.26221100 0.84873700
vt 0.32338300 0.87537000
vt 0.32338300 0.87537000
vt 0.32338300 0.87537000
vt 0.39054700 0.89966700
vt 0.00000000 0.41741600
vt 0.00000000 0.41741600
vt 0.00000000 0.41741600
vt 0.00000000 0.41741600
vt 0.00000000 0.41741600
vt 0.00000000 0.41741600
vt 0.00000000 0.41741600
vt 1.00000000 0.41741600
vt 0.00000000 0.41741600
vt 0.00000000 0.41741600
vt 0.37124300 0.60782400
vt 0.37124300 0.60782400
vt 0.38078200 0.60536000
vt 0.36417100 0.60994100
vt 0.36417100 0.60994100
vt 0.35024400 0.61516700
vt 0.39952600 0.60146300
vt 0.39952600 0.60146300
vt 0.41983400 0.59822300
vt 0.33953400 0.59822300
vt 0.33953400 0.59822300
vt 0.33953400 0.56934400
vt 0.84286700 0.56934400
vt 0.53749100 0.56934400
vt 0.53749100 0.56934400
vt 0.84286700 0.60228500
vt 0.84286700 0.60228500
vt 0.84286700 0.60228500
vt 0.56873300 0.60228500
vt 0.56873300 0.60228500
vt 0.54688800 0.60258200
vt 0.53749100 0.60291700
vt 0.53749100 0.60782400
vt 0.53749100 0.60782400
vt 0.53749100 0.60782400
vt 0.53749100 0.60782400
vt 0.53749100 0.60782400
vt 0.53749100 0.60782400
vt 0.52531700 0.60357400
vt 0.50450700 0.60543100
vt 0.49451200 0.60674700
vt 0.49451200 0.60674700
vt 0.48783500 0.60782400
vt 0.48524400 0.60829200
vt 0.48524400 0.60829200
vt 0.47648000 0.61011900
vt 0.47648000 0.61011900
vt 0.47648000 0.61011900
vt 0.46849000 0.61218400
vt 0.46120800 0.61447600
vt 0.46120800 0.61447600
vt 0.46120800 0.61447600
vt 0.45486000 0.61692600
vt 0.44942500 0.61954700
vt 0.44942500 0.61954700
vt 0.44942500 0.61954700
vt 0.44493000 0.62233000
vt 0.44148500 0.62517100
vt 0.44148500 0.62517100
vt 0.44148500 0.62517100
vt 0.43891600 0.62816500
vt 0.43891600 0.62816500
vt 0.43645700 0.63419900
vt 0.43645700 0.63419900
vt 0.43689300 0.64027200
vt 0.43689300 0.64027200
vt 0.43951000 0.64630500
vt 0.43951000 0.64630500
vt 0.33395100 0.64630500
vt 0.33395100 0.64630500
vt 0.33395100 0.64630500
vt 0.33395100 0.64630500
vt 0.33285400 0.64577500
vt 0.33285400 0.64577500
vt 0.33187400 0.64517200
vt 0.33187400 0.64517200
vt 0.33026300 0.64374700
vt 0.33026300 0.64374700
vt 0.32910600 0.64203700
vt 0.32910600 0.64203700
vt 0.32839100 0.64004800
vt 0.32839100 0.64004800
vt 0.32864100 0.63354500
vt 0.32864100 0.63354500
vt 0.33223800 0.62712000
vt 0.33223800 0.62712000
vt 0.33946000 0.62093700
vt 0.33946000 0.62093700
vt 0.53749100 0.51173400
vt 0.43366000 0.51173400
vt 0.68891600 0.51173400
vt 0.68891600 0.51173400
vt 0.68891600 0.51173400
vt 0.70299400 0.51196200
vt 0.70299400 0.51196200
vt 0.70299400 0.51196200
vt 0.71679000 0.51276000
vt 0.72356700 0.51345500
vt 0.72356700 0.51345500
vt 0.72356700 0.51345500
vt 0.72968500 0.51432800
vt 0.72968500 0.51432800
vt 0.73550700 0.51546100
vt 0.73550700 0.51546100
vt 0.74057600 0.51679900
vt 0.74484100 0.51832300
vt 0.74484100 0.51832300
vt 0.74484100 0.51832300
vt 0.74837100 0.52004900
vt 0.75096600 0.52181400
vt 0.75293500 0.52374900
vt 0.75489300 0.52762600
vt 0.75502200 0.53154400
vt 0.75407700 0.53545400
vt 0.75407700 0.53545400
vt 0.75196500 0.53932800
vt 0.74847600 0.54312400
vt 0.74847600 0.54312400
vt 0.84100600 0.54312400
vt 0.84874500 0.53580000
vt 0.84874500 0.53580000
vt 0.85302400 0.52825900
vt 0.85302400 0.52825900
vt 0.85396800 0.52062900
vt 0.85396800 0.52062900
vt 0.85161000 0.51302300
vt 0.85161000 0.51302300
vt 0.84526400 0.50559900
vt 0.84526400 0.50559900
vt 0.84030300 0.50199500
vt 0.84030300 0.50199500
vt 0.83422900 0.49861500
vt 0.82686900 0.49539100
vt 0.81834100 0.49239700
vt 0.80873700 0.48965900
vt 0.80873700 0.48965900
vt 0.79821500 0.48721100
vt 0.79821500 0.48721100
vt 0.78688900 0.48508200
vt 0.78688900 0.48508200
vt 0.77472300 0.48326400
vt 0.77472300 0.48326400
vt 0.76222300 0.48180800
vt 0.76222300 0.48180800
vt 0.74893800 0.48063900
vt 0.72194200 0.47921900
vt 0.69450000 0.47879300
vt 0.43339400 0.47879300
vt 0.43339400 0.45973800
vt 0.33953400 0.45973800
vt 0.33953400 0.47879300
vt 0.22094700 0.47879300
vt 0.22094700 0.47879300
vt 0.22094700 0.47879300
vt 0.22094700 0.51173400
vt 0.33953400 0.51173400
vt 0.33953400 0.54312400
vt 0.43366000 0.54312400
vt 0.53749100 0.47879300
vt 0.53749100 0.43381300
vt 0.33953400 0.43381300
vt 0.33953400 0.43381300
vt 0.33953400 0.43381300
vt 0.84286700 0.43381300
vt 0.84286700 0.43381300
vt 0.84286700 0.43381300
vt 0.84286700 0.43381300
vt 0.84286700 0.41741600
vt 1.00000000 0.41741600
vt 0.00000000 0.41741600
vt 1.00000000 0.41741600
vt 1.00000000 0.41741600
vt 0.84286700 0.40087200
vt 0.33953400 0.40087200
vt 0.33953400 0.40087200
vt 0.33953400 0.40087200
vt 0.33953400 0.40087200
vt 0.33953400 0.40087200
vt 0.33953400 0.40087200
vt 0.33953400 0.41741600
vt 0.28609000 0.41741600
vt 0.28594500 0.41893400
vt 0.28594500 0.41589900
vt 0.28469100 0.41288400
vt 0.28469100 0.41288400
vt 0.28195800 0.40994700
vt 0.28195800 0.40994700
vt 0.27757100 0.40716900
vt 0.27757100 0.40716900
vt 0.27474300 0.40587100
vt 0.27474300 0.40587100
vt 0.27151000 0.40464700
vt 0.27151000 0.40464700
vt 0.26395700 0.40245700
vt 0.25969000 0.40150300
vt 0.25516800 0.40066500
vt 0.24535300 0.39932600
vt 0.23489100 0.39845500
vt 0.22408500 0.39801000
vt 0.22408500 0.39801000
vt 0.21316200 0.39792800
vt 0.21316200 0.39792800
vt 0.20227500 0.39818300
vt 0.20227500 0.39818300
vt 0.19160600 0.39883400
vt 0.19160600 0.39883400
vt 0.18143200 0.39993500
vt 0.17662200 0.40066500
vt 0.17209100 0.40150500
vt 0.16388700 0.40350700
vt 0.16026600 0.40465100
vt 0.15704700 0.40587100
vt 0.15422900 0.40716400
vt 0.15181200 0.40853200
vt 0.14826600 0.41140100
vt 0.14826600 0.41140100
vt 0.14630100 0.41438600
vt 0.14630100 0.41438600
vt 0.14569900 0.41741600
vt 0.14569900 0.41741600
vt 0.14630100 0.42044700
vt 0.14630100 0.42044700
vt 0.14826600 0.42343200
vt 0.14826600 0.42343200
vt 0.15181200 0.42630100
vt 0.15181200 0.42630100
vt 0.15422900 0.42766900
vt 0.15422900 0.42766900
vt 0.15704700 0.42896200
vt 0.15704700 0.42896200
vt 0.16026600 0.43018100
vt 0.16026600 0.43018100
vt 0.16388700 0.43132600
vt 0.16388700 0.43132600
vt 0.16388700 0.43132600
vt 0.17209100 0.43332800
vt 0.17209100 0.43332800
vt 0.17662200 0.43416800
vt 0.18143200 0.43489800
vt 0.19160600 0.43599900
vt 0.20227500 0.43665000
vt 0.21316200 0.43690500
vt 0.22408500 0.43682300
vt 0.22408500 0.43682300
vt 0.23489100 0.43637800
vt 0.23489100 0.43637800
vt 0.24535300 0.43550700
vt 0.25516800 0.43416800
vt 0.25969000 0.43332900
vt 0.26395700 0.43237600
vt 0.26395700 0.43237600
vt 0.27151000 0.43018600
vt 0.27151000 0.43018600
vt 0.27474300 0.42896200
vt 0.27474300 0.42896200
vt 0.27757100 0.42766400
vt 0.27757100 0.42766400
vt 0.28195800 0.42488600
vt 0.28469100 0.42194900
vt 0.00000000 0.30422800
vt 1.00000000 0.30422800
vt 0.42816000 0.30422800
vt 0.42816000 0.30422800
vt 0.42782400 0.30662600
vt 0.42782400 0.30662600
vt 0.42782400 0.30662600
vt 0.42911500 0.30155400
vt 0.42911500 0.30155400
vt 0.43282900 0.29657700
vt 0.43934400 0.29182900
vt 0.44372200 0.28958900
vt 0.44880200 0.28748100
vt 0.45453700 0.28551900
vt 0.45453700 0.28551900
vt 0.46095600 0.28368700
vt 0.46095600 0.28368700
vt 0.46095600 0.28368700
vt 0.47528700 0.28052500
vt 0.49125400 0.27804300
vt 0.49125400 0.27804300
vt 0.50836300 0.27623900
vt 0.50836300 0.27623900
vt 0.52616300 0.27505300
vt 0.54432100 0.27440300
vt 0.56261700 0.27420400
vt 0.56261700 0.27420400
vt 0.56261700 0.27420400
vt 0.84233600 0.27420400
vt 0.84233600 0.24126300
vt 0.84233600 0.24126300
vt 0.84233600 0.24126300
vt 0.84233600 0.24126300
vt 0.84233600 0.24126300
vt 0.33953400 0.24126300
vt 0.33953400 0.27095400
vt 0.33953400 0.27095400
vt 0.33953400 0.27095400
vt 0.33953400 0.27095400
vt 0.33953400 0.27095400
vt 0.41478200 0.27102800
vt 0.39040300 0.27615800
vt 0.39040300 0.27615800
vt 0.36936900 0.28232200
vt 0.36936900 0.28232200
vt 0.36040200 0.28575600
vt 0.36040200 0.28575600
vt 0.35253000 0.28941000
vt 0.35253000 0.28941000
vt 0.34030200 0.29719500
vt 0.34030200 0.29719500
vt 0.34030200 0.29719500
vt 0.33339600 0.30422800
vt 0.33339600 0.30422800
vt 0.33254700 0.30541400
vt 0.33254700 0.30541400
vt 0.00000000 0.30422800
vt 0.00000000 0.30422800
vt 0.00000000 0.30422800
vt 1.00000000 0.30422800
vt 0.00000000 0.30422800
vt 0.00000000 0.30422800
vt 1.00000000 0.13184100
vt 0.00000000 0.13184100
vt 0.74950900 0.13184100
vt 0.74925800 0.13404700
vt 0.74925800 0.13404700
vt 0.74924200 0.12737600
vt 0.74924200 0.12737600
vt 0.74670200 0.12074300
vt 0.74670200 0.12074300
vt 0.74103300 0.11426400
vt 0.74103300 0.11426400
vt 0.74103300 0.11426400
vt 0.73676200 0.11109900
vt 0.73161800 0.10813400
vt 0.73161800 0.10813400
vt 0.72535700 0.10527100
vt 0.71814800 0.10262200
vt 0.71814800 0.10262200
vt 0.70999900 0.10019200
vt 0.70092000 0.09798100
vt 0.70092000 0.09798100
vt 0.69126300 0.09606000
vt 0.68078600 0.09436600
vt 0.68078600 0.09436600
vt 0.68078600 0.09436600
vt 0.65866300 0.09178200
vt 0.63541000 0.09012300
vt 0.63541000 0.09012300
vt 0.63541000 0.09012300
vt 0.63541000 0.09012300
vt 0.61161000 0.08923400
vt 0.58761100 0.08896600
vt 0.16457800 0.08896600
vt 0.16457800 0.05558200
vt 0.16457800 0.05558200
vt 0.59744900 0.05558200
vt 0.59744900 0.05558200
vt 0.63980500 0.05631500
vt 0.63980500 0.05631500
vt 0.68133700 0.05871800
vt 0.68133700 0.05871800
vt 0.70156600 0.06064300
vt 0.72080200 0.06303100
vt 0.72080200 0.06303100
vt 0.73946800 0.06594100
vt 0.73946800 0.06594100
vt 0.75683200 0.06924500
vt 0.75683200 0.06924500
vt 0.77313000 0.07302900
vt 0.77313000 0.07302900
vt 0.78799900 0.07723000
vt 0.78799900 0.07723000
vt 0.80123700 0.08177300
vt 0.80123700 0.08177300
vt 0.81310500 0.08672300
vt 0.81310500 0.08672300
vt 0.83188300 0.09728900
vt 0.83188300 0.09728900
vt 0.84445700 0.10854500
vt 0.85138500 0.12017500
vt 0.85350300 0.13195200
vt 0.85135400 0.14370900
vt 0.84434500 0.15531700
vt 0.83167600 0.16654500
vt 0.81284600 0.17708300
vt 0.80098500 0.18202100
vt 0.80098500 0.18202100
vt 0.78776600 0.18655800
vt 0.78776600 0.18655800
vt 0.77292900 0.19075600
vt 0.77292900 0.19075600
vt 0.75667200 0.19453700
vt 0.75667200 0.19453700
vt 0.73929100 0.19784600
vt 0.73929100 0.19784600
vt 0.72068000 0.20073100
vt 0.72068000 0.20073100
vt 0.70147200 0.20309100
vt 0.70147200 0.20309100
vt 0.68122200 0.20499800
vt 0.68122200 0.20499800
vt 0.63973900 0.20737400
vt 0.63973900 0.20737400
vt 0.59744900 0.20810100
vt 0.16457800 0.20810100
vt 0.16457800 0.17242700
vt 0.58761100 0.17242700
vt 0.61161000 0.17215900
vt 0.63541100 0.17127200
vt 0.63541100 0.17127200
vt 0.63541100 0.17127200
vt 0.65867100 0.16962000
vt 0.68081400 0.16704900
vt 0.68081400 0.16704900
vt 0.68081400 0.16704900
vt 0.69131500 0.16536300
vt 0.70100300 0.16345000
vt 0.70100300 0.16345000
vt 0.70100300 0.16345000
vt 0.71008500 0.16124800
vt 0.71819600 0.15880700
vt 0.71819600 0.15880700
vt 0.72537600 0.15615400
vt 0.72537600 0.15615400
vt 0.73162800 0.15328700
vt 0.73162800 0.15328700
vt 0.73676900 0.15032200
vt 0.74104800 0.14715600
vt 0.74104800 0.14715600
vt 0.74672600 0.14067900
vt 0.74672600 0.14067900
vt 0.85350200 0.13184100
vt 0.32875100 0.31384700
vt 0.32875100 0.31384700
vt 0.32831900 0.32234600
vt 0.32831900 0.32234600
vt 0.33167900 0.33079100
vt 0.33167900 0.33079100
vt 0.33515800 0.33499900
vt 0.33515800 0.33499900
vt 0.33980200 0.33897800
vt 0.33980200 0.33897800
vt 0.34593500 0.34291000
vt 0.35334900 0.34658700
vt 0.36215300 0.35005000
vt 0.36215300 0.35005000
vt 0.37226400 0.35325400
vt 0.37226400 0.35325400
vt 0.37226400 0.35325400
vt 0.38343500 0.35614900
vt 0.39565400 0.35871700
vt 0.40859900 0.36089700
vt 0.42254300 0.36275300
vt 0.45162800 0.36537400
vt 0.48180100 0.36677500
vt 0.48180100 0.36677500
vt 0.51236400 0.36719200
vt 0.51236400 0.36719200
vt 0.84286700 0.36719200
vt 0.84286700 0.33425100
vt 0.53097600 0.33425100
vt 0.51268800 0.33401700
vt 0.51268800 0.33401700
vt 0.49461400 0.33321600
vt 0.49461400 0.33321600
vt 0.47718400 0.33167400
vt 0.47718400 0.33167400
vt 0.46880300 0.33054600
vt 0.46119900 0.32921300
vt 0.45407300 0.32759900
vt 0.44780700 0.32576300
vt 0.44780700 0.32576300
vt 0.44246400 0.32373500
vt 0.43794800 0.32149000
vt 0.43794800 0.32149000
vt 0.43447800 0.31919600
vt 0.43173100 0.31671400
vt 0.42859100 0.31170600
vt 0.68376000 0.93974900
vt 0.58142200 0.93972200
vt 0.53145500 0.92337400
vt 0.48398600 0.89657500
vt 0.44018700 0.85998700
vt 0.40113800 0.81451400
vt 0.36780400 0.76127800
vt 0.34100800 0.70159200
vt 0.32141000 0.63693100
vt 0.30949400 0.56888900
vt 0.30555600 0.49914700
vt 0.31012000 0.42587900
vt 0.32348200 0.35463300
vt 0.34527800 0.28735100
vt 0.37491200 0.22587000
vt 0.41157700 0.17186700
vt 0.45427200 0.12681400
vt 0.50183300 0.09194100
vt 0.50183300 0.09194100
vt 0.55296300 0.06819800
vt 0.55296300 0.06819800
vt 0.60626600 0.05623400
vt 0.66028900 0.05637500
vt 0.71355800 0.06861700
vt 0.76462000 0.09262600
vt 0.81208300 0.12774600
vt 0.85465100 0.17302100
vt 0.89116400 0.22721600
vt 0.92062500 0.28885100
vt 0.94223100 0.35624500
vt 0.95539200 0.42756100
vt 0.95975000 0.50085300
vt 0.95563500 0.57040400
vt 0.94358700 0.63822800
vt 0.92390000 0.70265600
vt 0.89706000 0.76210500
vt 0.86372500 0.81511700
vt 0.82471400 0.86038800
vt 0.78098500 0.89680700
vt 0.73361300 0.92347900
vt 0.36734700 0.05478500
vt 0.39498300 0.05637500
vt 0.34096000 0.05623400
vt 0.28765700 0.06819800
vt 0.45944000 0.00258400
vt 0.45944000 0.00258400
vt 0.45944000 0.00258400
vt 0.54190700 0.00274200
vt 0.37807100 0.01600700
vt 0.30002000 0.04264500
vt 0.30002000 0.04264500
vt 0.23652700 0.09194100
vt 0.22741700 0.08177200
vt 0.18896600 0.12681400
vt 0.16224100 0.13232000
vt 0.16224100 0.13232000
vt 0.14627100 0.17186700
vt 0.10627100 0.19291100
vt 0.06103300 0.26189100
vt 0.06103300 0.26189100
vt 0.06103300 0.26189100
vt 0.10960600 0.22587000
vt 0.07997100 0.28735100
vt 0.05817600 0.35463300
vt 0.04481400 0.42587900
vt 0.02776200 0.33737900
vt 0.00736400 0.41731600
vt 0.00736400 0.41731600
vt 0.00039700 0.49952100
vt 0.00640900 0.57776900
vt 0.00640900 0.57776900
vt 0.04025000 0.49914700
vt 0.04418800 0.56888900
vt 0.05610400 0.63693100
vt 0.02459800 0.65411100
vt 0.07570200 0.70159200
vt 0.10249800 0.76127800
vt 0.05451500 0.72666000
vt 0.05451500 0.72666000
vt 0.05451500 0.72666000
vt 0.09542100 0.79362500
vt 0.14630700 0.85335500
vt 0.14630700 0.85335500
vt 0.14630700 0.85335500
vt 0.13583200 0.81451400
vt 0.20591500 0.90437500
vt 0.27277600 0.94542500
vt 0.27277600 0.94542500
vt 0.27277600 0.94542500
vt 0.17488100 0.85998700
vt 0.21868000 0.89657500
vt 0.26614900 0.92337400
vt 0.31611600 0.93972200
vt 0.34523800 0.97549200
vt 0.42151500 0.99383500
vt 0.42151500 0.99383500
vt 0.42151500 0.99383500
vt 0.49972000 1.00000000
vt 0.57773700 0.99386500
vt 0.36734700 0.94521700
vt 0.41845400 0.93974900
vt 0.41845400 0.93974900
vt 0.46830600 0.92347900
vt 0.46830600 0.92347900
vt 0.65383800 0.97561100
vt 0.51567900 0.89680700
vt 0.51567900 0.89680700
vt 0.72615300 0.94568600
vt 0.55940800 0.86038800
vt 0.79290600 0.90482500
vt 0.59841900 0.81511700
vt 0.85245800 0.85403100
vt 0.63175400 0.76210500
vt 0.90334500 0.79455400
vt 0.90334500 0.79455400
vt 0.65859400 0.70265600
vt 0.94431700 0.72785300
vt 0.67828100 0.63822800
vt 0.97436900 0.65556600
vt 0.97436900 0.65556600
vt 0.69032900 0.57040400
vt 0.99276200 0.57947000
vt 0.99276200 0.57947000
vt 0.69444400 0.50085300
vt 0.99904400 0.50143400
vt 0.99904400 0.50143400
vt 0.69008600 0.42756100
vt 0.99239100 0.41920300
vt 0.67692500 0.35624500
vt 0.97230000 0.33918900
vt 0.97230000 0.33918900
vt 0.65531900 0.28885100
vt 0.93931700 0.26357400
vt 0.62585800 0.22721600
vt 0.89434400 0.19442100
vt 0.89434400 0.19442100
vt 0.89434400 0.19442100
vt 0.58934500 0.17302100
vt 0.54677700 0.12774600
vt 0.83860600 0.13361600
vt 0.77362500 0.08281900
vt 0.77362500 0.08281900
vt 0.77362500 0.08281900
vt 0.70117200 0.04341400
vt 0.62322300 0.01647700
vt 0.62322300 0.01647700
vt 0.62322300 0.01647700
vt 0.62322300 0.01647700
vt 0.62322300 0.01647700
vt 0.49931400 0.09262600
vt 0.44825200 0.06861700
vt 0.50000000 0.00000000
vt 0.50000000 0.00000000
vt 0.58229700 0.00681900
vt 0.58229700 0.00681900
vt 0.41770300 0.00681900
vt 0.41770300 0.00681900
vt 0.41770300 0.00681900
vt 0.66234900 0.02709100
vt 0.73797400 0.06026300
vt 0.73797400 0.06026300
vt 0.73797400 0.06026300
vt 0.73797400 0.06026300
vt 0.73797400 0.06026300
vt 0.80710600 0.10543000
vt 0.80710600 0.10543000
vt 0.86786200 0.16135900
vt 0.86786200 0.16135900
vt 0.91858300 0.22652600
vt 0.95788700 0.29915300
vt 0.95788700 0.29915300
vt 0.95788700 0.29915300
vt 0.95788700 0.29915300
vt 0.98470000 0.37725700
vt 0.99829200 0.45871100
vt 0.99829200 0.54128900
vt 0.98470000 0.62274300
vt 0.95788700 0.70084800
vt 0.91858300 0.77347400
vt 0.86786200 0.83864100
vt 0.80710600 0.89457000
vt 0.80710600 0.89457000
vt 0.73797400 0.93973700
vt 0.73797400 0.93973700
vt 0.66234900 0.97290900
vt 0.66234900 0.97290900
vt 0.58229700 0.99318100
vt 0.50000000 1.00000000
vt 0.50000000 1.00000000
vt 0.50000000 1.00000000
vt 0.50000000 1.00000000
vt 0.41770300 0.99318100
vt 0.33765100 0.97290900
vt 0.33765100 0.97290900
vt 0.26202600 0.93973700
vt 0.26202600 0.93973700
vt 0.19289400 0.89457000
vt 0.19289400 0.89457000
vt 0.13213800 0.83864100
vt 0.08141700 0.77347400
vt 0.08141700 0.77347400
vt 0.04211300 0.70084800
vt 0.04211300 0.70084800
vt 0.01530000 0.62274300
vt 0.00170800 0.54128900
vt 0.00170800 0.45871100
vt 0.01530000 0.37725700
vt 0.04211300 0.29915300
vt 0.04211300 0.29915300
vt 0.08141700 0.22652600
vt 0.13213800 0.16135900
vt 0.13213800 0.16135900
vt 0.19289400 0.10543000
vt 0.19289400 0.10543000
vt 0.26202600 0.06026300
vt 0.26202600 0.06026300
vt 0.26202600 0.06026300
vt 0.33765100 0.02709100
vt 1.00000000 1.00000000
vt 1.00000000 0.00000000
vt 1.00000000 0.05664800
vt 1.00000000 0.94335200
vt 0.00000000 1.00000000
vt 0.00000000 0.00000000
vt 1.00000000 0.00000000
vt 0.94335200 0.00000000
vt 0.00000000 0.94335200
vt 1.00000000 0.33381500
vt 0.00000000 0.33381500
vt 0.05664800 0.00000000
vt 0.00000000 0.05664800
vt 0.11036600 0.00000000
vt 0.00000000 0.11036600
vt 0.05664800 0.33381500
vt 0.11036600 0.33381500
vt 0.05664800 0.66618500
vt 1.00000000 0.66618500
vt 0.00000000 0.66618500
vt 0.42879500 0.07329200
vt 0.42879500 0.07329200
vt 0.05664800 1.00000000
vt 0.11036600 0.66618500
vt 0.35953300 0.09083100
vt 0.35953300 0.09083100
vt 0.11036600 1.00000000
vt 0.16206400 0.66618500
vt 0.16206400 0.33381500
vt 0.29410100 0.11953200
vt 0.16206400 1.00000000
vt 0.21252800 0.66618500
vt 0.21252800 1.00000000
vt 0.23428600 0.15861100
vt 0.21252800 0.33381500
vt 0.26247600 0.66618500
vt 0.18171900 0.20700200
vt 0.26247600 1.00000000
vt 0.31259500 0.66618500
vt 0.26247600 0.33381500
vt 0.00000000 0.26247600
vt 0.26247600 0.00000000
vt 0.31259500 0.33381500
vt 0.31259500 0.00000000
vt 0.00000000 0.31259500
vt 0.36358300 0.33381500
vt 0.36358300 0.00000000
vt 0.00000000 0.36358300
vt 0.41618700 0.33381500
vt 0.36358300 0.66618500
vt 0.36358300 1.00000000
vt 0.10382800 0.32622300
vt 0.41618700 0.66618500
vt 0.47124700 0.66618500
vt 0.08062900 0.39380100
vt 0.41618700 1.00000000
vt 0.08062900 0.39380100
vt 0.47124700 1.00000000
vt 0.06886900 0.46427600
vt 0.52875300 1.00000000
vt 0.06886900 0.53572400
vt 0.06886900 0.53572400
vt 0.52875300 0.66618500
vt 0.08062900 0.60619900
vt 0.08062900 0.60619900
vt 0.08062900 0.60619900
vt 0.58381300 1.00000000
vt 0.10382800 0.67377700
vt 0.63641700 1.00000000
vt 0.10382800 0.67377700
vt 0.58381300 0.66618500
vt 0.58381300 0.33381500
vt 0.63641700 0.66618500
vt 0.63641700 0.33381500
vt 0.68740500 0.66618500
vt 0.13783400 0.73661400
vt 0.68740500 1.00000000
vt 0.13783400 0.73661400
vt 0.73752400 0.66618500
vt 0.68740500 0.33381500
vt 0.73752400 0.33381500
vt 0.68740500 0.00000000
vt 0.00000000 0.68740500
vt 1.00000000 0.68740500
vt 0.63641700 0.00000000
vt 0.00000000 0.63641700
vt 0.73752400 0.00000000
vt 0.00000000 0.73752400
vt 0.00000000 0.78747100
vt 0.78747100 0.00000000
vt 1.00000000 0.73752400
vt 1.00000000 0.78747100
vt 1.00000000 0.63641700
vt 1.00000000 0.58381300
vt 1.00000000 0.52875300
vt 0.00000000 0.58381300
vt 0.58381300 0.00000000
vt 0.00000000 0.52875300
vt 0.52875300 0.00000000
vt 0.52875300 0.33381500
vt 0.00000000 0.47124700
vt 0.47124700 0.00000000
vt 1.00000000 0.47124700
vt 0.41618700 0.00000000
vt 0.00000000 0.41618700
vt 0.47124700 0.33381500
vt 1.00000000 0.41618700
vt 1.00000000 0.36358300
vt 1.00000000 0.31259500
vt 1.00000000 0.26247600
vt 1.00000000 0.21252800
vt 1.00000000 0.16206400
vt 0.00000000 0.21252800
vt 0.21252800 0.00000000
vt 0.00000000 0.16206400
vt 0.16206400 0.00000000
vt 1.00000000 0.11036600
vt 1.00000000 0.83793600
vt 1.00000000 0.88963400
vt 0.83793600 0.00000000
vt 0.00000000 0.83793600
vt 0.83793600 0.33381500
vt 0.88963400 0.00000000
vt 0.00000000 0.88963400
vt 0.94335200 0.00000000
vt 0.00000000 0.94335200
vt 0.88963400 0.33381500
vt 0.88963400 0.66618500
vt 0.94335200 0.33381500
vt 0.94335200 0.66618500
vt 0.00000000 0.33381500
vt 1.00000000 0.33381500
vt 1.00000000 0.00000000
vt 0.00000000 1.00000000
vt 0.00000000 0.00000000
vt 0.05664800 0.33381500
vt 0.00000000 0.66618500
vt 1.00000000 0.66618500
vt 0.00000000 1.00000000
vt 1.00000000 1.00000000
vt 0.50000000 0.93260900
vt 0.50000000 0.93260900
vt 0.05664800 0.66618500
vt 0.11036600 0.66618500
vt 0.05664800 1.00000000
vt 0.57120500 0.92670800
vt 0.64046700 0.90916900
vt 0.64046700 0.90916900
vt 0.11036600 1.00000000
vt 0.16206400 1.00000000
vt 0.70589900 0.88046800
vt 0.21252800 1.00000000
vt 0.76571400 0.84138900
vt 0.16206400 0.66618500
vt 0.16206400 0.33381500
vt 0.21252800 0.66618500
vt 0.21252800 0.33381500
vt 0.26247600 0.66618500
vt 0.26247600 1.00000000
vt 0.81828100 0.79299800
vt 0.26247600 0.33381500
vt 0.31259500 0.66618500
vt 0.31259500 1.00000000
vt 0.86216600 0.73661400
vt 0.36358300 0.66618500
vt 0.31259500 0.33381500
vt 0.36358300 0.33381500
vt 0.31259500 0.00000000
vt 0.00000000 0.31259500
vt 0.26247600 0.00000000
vt 0.00000000 0.26247600
vt 0.36358300 0.00000000
vt 0.00000000 0.36358300
vt 1.00000000 0.31259500
vt 1.00000000 0.36358300
vt 1.00000000 0.26247600
vt 1.00000000 0.21252800
vt 1.00000000 0.16206400
vt 0.00000000 0.21252800
vt 0.21252800 0.00000000
vt 0.00000000 0.16206400
vt 0.16206400 0.00000000
vt 0.11036600 0.00000000
vt 0.00000000 0.11036600
vt 0.11036600 0.33381500
vt 0.05664800 0.00000000
vt 0.00000000 0.05664800
vt 1.00000000 0.11036600
vt 1.00000000 0.05664800
vt 1.00000000 1.00000000
vt 1.00000000 0.00000000
vt 1.00000000 0.94335200
vt 1.00000000 0.41618700
vt 0.00000000 0.41618700
vt 0.41618700 0.00000000
vt 1.00000000 0.47124700
vt 0.00000000 0.47124700
vt 0.47124700 0.00000000
vt 1.00000000 0.52875300
vt 0.52875300 0.00000000
vt 0.00000000 0.52875300
vt 1.00000000 0.58381300
vt 1.00000000 0.63641700
vt 1.00000000 0.68740500
vt 0.63641700 0.00000000
vt 0.00000000 0.63641700
vt 0.63641700 0.33381500
vt 0.58381300 0.00000000
vt 0.00000000 0.58381300
vt 0.00000000 0.68740500
vt 0.68740500 0.00000000
vt 0.00000000 0.73752400
vt 0.73752400 0.00000000
vt 0.68740500 0.33381500
vt 0.73752400 0.33381500
vt 0.68740500 0.66618500
vt 0.73752400 0.66618500
vt 0.63641700 0.66618500
vt 0.68740500 1.00000000
vt 0.86216600 0.26338600
vt 0.63641700 1.00000000
vt 0.89617200 0.32622300
vt 0.73752400 1.00000000
vt 0.81828100 0.20700200
vt 0.78747100 1.00000000
vt 0.76571400 0.15861100
vt 0.76571400 0.15861100
vt 0.83793600 1.00000000
vt 0.70589900 0.11953200
vt 0.78747100 0.66618500
vt 0.78747100 0.33381500
vt 0.83793600 0.66618500
vt 0.83793600 0.33381500
vt 0.88963400 0.66618500
vt 0.88963400 0.33381500
vt 0.94335200 0.66618500
vt 0.64046700 0.09083100
vt 0.64046700 0.09083100
vt 0.88963400 1.00000000
vt 0.94335200 1.00000000
vt 0.57120500 0.07329200
vt 0.00000000 1.00000000
vt 1.00000000 1.00000000
vt 0.50000000 0.06739100
vt 0.50000000 0.00000000
vt 0.00000000 1.00000000
vt 1.00000000 1.00000000
vt 0.41770300 0.00681900
vt 0.41770300 0.00681900
vt 0.94335200 1.00000000
vt 0.58229700 0.00681900
vt 0.58229700 0.00681900
vt 0.05664800 1.00000000
vt 1.00000000 0.89221400
vt 0.00000000 0.89221400
vt 0.05664800 0.89221400
vt 0.00000000 0.78980100
vt 1.00000000 0.78980100
vt 0.94335200 0.89221400
vt 0.94335200 0.78980100
vt 0.88963400 0.89221400
vt 0.83793600 0.89221400
vt 0.88963400 1.00000000
vt 0.33765100 0.02709100
vt 0.88963400 0.78980100
vt 0.83793600 0.78980100
vt 0.88963400 0.69118700
vt 0.94335200 0.69118700
vt 0.88963400 0.59500200
vt 0.83793600 0.69118700
vt 0.83793600 0.59500200
vt 0.78747100 0.69118700
vt 0.78747100 0.78980100
vt 0.78747100 0.59500200
vt 0.73752400 0.69118700
vt 0.68740500 0.69118700
vt 0.73752400 0.59500200
vt 0.73752400 0.78980100
vt 0.68740500 0.78980100
vt 0.73752400 0.89221400
vt 0.13213800 0.16135900
vt 0.73752400 1.00000000
vt 0.78747100 0.89221400
vt 0.68740500 0.89221400
vt 0.63641700 0.89221400
vt 0.68740500 1.00000000
vt 0.08141700 0.22652600
vt 0.63641700 1.00000000
vt 0.04211300 0.29915300
vt 0.58381300 1.00000000
vt 0.01530000 0.37725700
vt 0.01530000 0.37725700
vt 0.00170800 0.45871100
vt 0.52875300 1.00000000
vt 0.00170800 0.45871100
vt 0.58381300 0.89221400
vt 0.58381300 0.78980100
vt 0.52875300 0.89221400
vt 0.47124700 0.89221400
vt 0.52875300 0.78980100
vt 0.52875300 0.69118700
vt 0.47124700 0.78980100
vt 0.47124700 0.69118700
vt 0.41618700 0.78980100
vt 0.36358300 0.78980100
vt 0.41618700 0.89221400
vt 0.41618700 0.69118700
vt 0.41618700 0.59500200
vt 0.36358300 0.69118700
vt 0.36358300 0.59500200
vt 0.31259500 0.69118700
vt 0.26247600 0.69118700
vt 0.31259500 0.59500200
vt 0.31259500 0.78980100
vt 0.26247600 0.78980100
vt 0.31259500 0.89221400
vt 0.26247600 0.89221400
vt 0.36358300 0.89221400
vt 0.31259500 1.00000000
vt 0.08141700 0.77347400
vt 0.26247600 1.00000000
vt 0.13213800 0.83864100
vt 0.36358300 1.00000000
vt 0.04211300 0.70084800
vt 0.04211300 0.70084800
vt 0.01530000 0.62274300
vt 0.01530000 0.62274300
vt 0.41618700 1.00000000
vt 0.00170800 0.54128900
vt 0.47124700 1.00000000
vt 0.00170800 0.54128900
vt 0.00170800 0.54128900
vt 0.19289400 0.89457000
vt 0.21252800 1.00000000
vt 0.19289400 0.89457000
vt 0.26202600 0.93973700
vt 0.16206400 1.00000000
vt 0.26202600 0.93973700
vt 0.21252800 0.89221400
vt 0.16206400 0.89221400
vt 0.21252800 0.78980100
vt 0.16206400 0.78980100
vt 0.21252800 0.69118700
vt 0.21252800 0.59500200
vt 0.16206400 0.69118700
vt 0.16206400 0.59500200
vt 0.11036600 0.69118700
vt 0.05664800 0.69118700
vt 0.11036600 0.59500200
vt 0.11036600 0.78980100
vt 0.05664800 0.78980100
vt 0.11036600 0.89221400
vt 0.05664800 0.89221400
vt 0.33765100 0.97290900
vt 0.11036600 1.00000000
vt 0.05664800 1.00000000
vt 0.41770300 0.99318100
vt 0.41770300 0.99318100
vt 0.50000000 1.00000000
vt 0.00000000 1.00000000
vt 1.00000000 1.00000000
vt 0.94335200 1.00000000
vt 0.58229700 0.99318100
vt 0.58229700 0.99318100
vt 0.00000000 0.89221400
vt 1.00000000 0.89221400
vt 1.00000000 0.78980100
vt 0.00000000 0.78980100
vt 0.94335200 0.89221400
vt 0.88963400 0.89221400
vt 0.94335200 0.78980100
vt 0.94335200 0.69118700
vt 0.88963400 0.78980100
vt 0.83793600 0.78980100
vt 0.88963400 0.69118700
vt 0.83793600 0.69118700
vt 0.88963400 0.59500200
vt 0.94335200 0.59500200
vt 0.83793600 0.59500200
vt 0.88963400 0.50000000
vt 0.83793600 0.50000000
vt 0.88963400 0.40499800
vt 0.94335200 0.50000000
vt 0.94335200 0.40499800
vt 1.00000000 0.50000000
vt 0.00000000 0.50000000
vt 0.00000000 0.59500200
vt 1.00000000 0.59500200
vt 0.05664800 0.50000000
vt 1.00000000 0.40499800
vt 0.00000000 0.40499800
vt 0.05664800 0.40499800
vt 1.00000000 0.30859200
vt 0.00000000 0.30881300
vt 0.05664800 0.30881300
vt 1.00000000 0.21019900
vt 0.00000000 0.21019900
vt 0.94335200 0.30881300
vt 0.94335200 0.21019900
vt 0.88963400 0.30881300
vt 0.83793600 0.30881300
vt 0.88963400 0.21019900
vt 0.88963400 0.10778600
vt 0.83793600 0.21019900
vt 0.83793600 0.10778600
vt 0.78747100 0.21019900
vt 0.78747100 0.10778600
vt 0.78747100 0.30881300
vt 0.73752400 0.21019900
vt 0.68740500 0.21019900
vt 0.73752400 0.10778600
vt 0.73752400 0.30881300
vt 0.68740500 0.30881300
vt 0.73752400 0.40499800
vt 0.68740500 0.40499800
vt 0.78747100 0.40499800
vt 0.73752400 0.50000000
vt 0.68740500 0.50000000
vt 0.78747100 0.50000000
vt 0.73752400 0.59500200
vt 0.68740500 0.59500200
vt 0.78747100 0.59500200
vt 0.73752400 0.69118700
vt 0.68740500 0.69118700
vt 0.73752400 0.78980100
vt 0.78747100 0.69118700
vt 0.78747100 0.78980100
vt 0.78747100 0.89221400
vt 0.83793600 0.89221400
vt 0.73752400 0.89221400
vt 0.78747100 1.00000000
vt 0.80710600 0.89457000
vt 0.86786200 0.83864100
vt 0.73752400 1.00000000
vt 0.83793600 1.00000000
vt 0.73797400 0.93973700
vt 0.66234900 0.97290900
vt 0.66234900 0.97290900
vt 0.88963400 1.00000000
vt 0.91858300 0.77347400
vt 0.68740500 1.00000000
vt 0.68740500 0.89221400
vt 0.95788700 0.70084800
vt 0.63641700 1.00000000
vt 0.98470000 0.62274300
vt 0.58381300 1.00000000
vt 0.63641700 0.89221400
vt 0.63641700 0.78980100
vt 0.58381300 0.89221400
vt 0.52875300 0.89221400
vt 0.58381300 0.78980100
vt 0.52875300 0.78980100
vt 0.58381300 0.69118700
vt 0.52875300 0.69118700
vt 0.58381300 0.59500200
vt 0.63641700 0.69118700
vt 0.63641700 0.59500200
vt 0.63641700 0.50000000
vt 0.63641700 0.40499800
vt 0.58381300 0.50000000
vt 0.52875300 0.50000000
vt 0.58381300 0.40499800
vt 0.52875300 0.40499800
vt 0.58381300 0.30881300
vt 0.52875300 0.30881300
vt 0.58381300 0.21019900
vt 0.63641700 0.30881300
vt 0.63641700 0.21019900
vt 0.63641700 0.10778600
vt 0.68740500 0.10778600
vt 0.58381300 0.10778600
vt 0.63641700 1.00000000
vt 0.63641700 0.00000000
vt 0.63641700 0.00000000
vt 0.68740500 1.00000000
vt 0.68740500 0.00000000
vt 0.58381300 0.00000000
vt 0.58381300 1.00000000
vt 0.58381300 0.00000000
vt 0.52875300 0.00000000
vt 0.52875300 1.00000000
vt 0.52875300 0.00000000
vt 0.52875300 0.10778600
vt 0.47124700 0.00000000
vt 0.47124700 1.00000000
vt 0.47124700 0.00000000
vt 0.41618700 0.00000000
vt 0.41618700 1.00000000
vt 0.47124700 0.10778600
vt 0.47124700 0.21019900
vt 0.41618700 0.10778600
vt 0.41618700 0.21019900
vt 0.36358300 0.10778600
vt 0.36358300 0.21019900
vt 0.31259500 0.10778600
vt 0.36358300 0.00000000
vt 0.36358300 1.00000000
vt 0.36358300 0.00000000
vt 0.31259500 1.00000000
vt 0.31259500 0.00000000
vt 0.31259500 0.00000000
vt 0.26247600 1.00000000
vt 0.26247600 0.00000000
vt 0.26247600 0.00000000
vt 0.21252800 0.00000000
vt 0.21252800 1.00000000
vt 0.26247600 0.10778600
vt 0.26247600 0.21019900
vt 0.21252800 0.10778600
vt 0.21252800 0.21019900
vt 0.16206400 0.10778600
vt 0.16206400 0.21019900
vt 0.11036600 0.10778600
vt 0.16206400 0.00000000
vt 0.16206400 1.00000000
vt 0.11036600 1.00000000
vt 0.11036600 0.00000000
vt 0.16206400 0.00000000
vt 0.21252800 0.00000000
vt 0.11036600 0.00000000
vt 0.05664800 0.00000000
vt 1.00000000 0.00000000
vt 0.00000000 0.00000000
vt 0.05664800 1.00000000
vt 0.05664800 0.00000000
vt 0.00000000 0.00000000
vt 1.00000000 0.00000000
vt 0.00000000 1.00000000
vt 1.00000000 1.00000000
vt 0.05664800 0.10778600
vt 0.05664800 0.21019900
vt 0.00000000 0.10778600
vt 1.00000000 0.10778600
vt 0.00000000 0.21019900
vt 1.00000000 0.21019900
vt 0.94335200 0.10778600
vt 0.94335200 1.00000000
vt 0.94335200 0.00000000
vt 0.88963400 0.10778600
vt 0.94335200 0.21019900
vt 0.88963400 0.21019900
vt 0.94335200 0.30881300
vt 0.88963400 0.30881300
vt 0.94335200 0.40499800
vt 1.00000000 0.30859200
vt 0.00000000 0.30881300
vt 1.00000000 0.40499800
vt 0.00000000 0.40499800
vt 0.05664800 0.30881300
vt 0.11036600 0.30881300
vt 0.05664800 0.40499800
vt 0.05664800 0.50000000
vt 0.11036600 0.40499800
vt 0.16206400 0.40499800
vt 0.11036600 0.50000000
vt 0.16206400 0.50000000
vt 0.11036600 0.59500200
vt 0.05664800 0.59500200
vt 0.16206400 0.59500200
vt 0.11036600 0.69118700
vt 0.05664800 0.69118700
vt 0.11036600 0.78980100
vt 0.16206400 0.69118700
vt 0.21252800 0.69118700
vt 0.16206400 0.78980100
vt 0.16206400 0.89221400
vt 0.21252800 0.78980100
vt 0.21252800 0.89221400
vt 0.26247600 0.78980100
vt 0.26247600 0.69118700
vt 0.26247600 0.89221400
vt 0.31259500 0.78980100
vt 0.31259500 0.69118700
vt 0.31259500 0.89221400
vt 0.36358300 0.78980100
vt 0.36358300 0.69118700
vt 0.41618700 0.78980100
vt 0.36358300 0.89221400
vt 0.36358300 1.00000000
vt 0.95788700 0.29915300
vt 0.41618700 0.89221400
vt 0.98470000 0.37725700
vt 0.98470000 0.37725700
vt 0.41618700 1.00000000
vt 0.47124700 0.89221400
vt 0.99829200 0.45871100
vt 0.99829200 0.45871100
vt 0.47124700 1.00000000
vt 0.47124700 0.78980100
vt 0.47124700 0.69118700
vt 0.41618700 0.69118700
vt 0.47124700 0.59500200
vt 0.41618700 0.59500200
vt 0.47124700 0.50000000
vt 0.52875300 0.59500200
vt 0.41618700 0.50000000
vt 0.47124700 0.40499800
vt 0.41618700 0.40499800
vt 0.47124700 0.30881300
vt 0.41618700 0.30881300
vt 0.36358300 0.30881300
vt 0.31259500 0.30881300
vt 0.36358300 0.40499800
vt 0.31259500 0.40499800
vt 0.36358300 0.50000000
vt 0.31259500 0.50000000
vt 0.36358300 0.59500200
vt 0.31259500 0.59500200
vt 0.26247600 0.59500200
vt 0.21252800 0.59500200
vt 0.26247600 0.50000000
vt 0.21252800 0.50000000
vt 0.26247600 0.40499800
vt 0.21252800 0.40499800
vt 0.26247600 0.30881300
vt 0.21252800 0.30881300
vt 0.16206400 0.30881300
vt 0.31259500 0.21019900
vt 0.52875300 1.00000000
vt 0.99829200 0.54128900
vt 0.31259500 1.00000000
vt 0.91858300 0.22652600
vt 0.86786200 0.16135900
vt 0.86786200 0.16135900
vt 0.26247600 1.00000000
vt 0.80710600 0.10543000
vt 0.80710600 0.10543000
vt 0.21252800 1.00000000
vt 0.16206400 1.00000000
vt 0.73797400 0.06026300
vt 0.66234900 0.02709100
vt 0.11036600 1.00000000
vt 0.66234900 0.02709100
vt 0.11036600 0.89221400
vt 0.05664800 0.78980100
vt 1.00000000 0.69118700
vt 0.00000000 0.69118700
vt 0.00000000 0.59500200
vt 1.00000000 0.59500200
vt 0.94335200 0.59500200
vt 0.00000000 0.50000000
vt 1.00000000 0.50000000
vt 0.94335200 0.50000000
vt 0.88963400 0.50000000
vt 0.83793600 0.50000000
vt 0.88963400 0.40499800
vt 0.83793600 0.40499800
vt 0.83793600 0.30881300
vt 0.78747100 0.40499800
vt 0.73752400 0.40499800
vt 0.78747100 0.30881300
vt 0.78747100 0.50000000
vt 0.73752400 0.50000000
vt 0.68740500 0.50000000
vt 0.63641700 0.50000000
vt 0.68740500 0.40499800
vt 0.68740500 0.59500200
vt 0.63641700 0.59500200
vt 0.58381300 0.59500200
vt 0.63641700 0.69118700
vt 0.58381300 0.69118700
vt 0.63641700 0.78980100
vt 0.52875300 0.59500200
vt 0.58381300 0.50000000
vt 0.52875300 0.50000000
vt 0.58381300 0.40499800
vt 0.52875300 0.40499800
vt 0.58381300 0.30881300
vt 0.63641700 0.40499800
vt 0.63641700 0.30881300
vt 0.63641700 0.21019900
vt 0.68740500 0.30881300
vt 0.73752400 0.30881300
vt 0.68740500 0.21019900
vt 0.68740500 0.10778600
vt 0.73752400 0.21019900
vt 0.73752400 0.10778600
vt 0.78747100 0.21019900
vt 0.78747100 0.10778600
vt 0.83793600 0.21019900
vt 0.83793600 0.10778600
vt 0.83793600 1.00000000
vt 0.83793600 0.00000000
vt 0.88963400 1.00000000
vt 0.88963400 0.00000000
vt 0.83793600 0.00000000
vt 0.78747100 0.00000000
vt 0.78747100 1.00000000
vt 0.78747100 0.00000000
vt 0.73752400 1.00000000
vt 0.73752400 0.00000000
vt 0.68740500 0.00000000
vt 0.68740500 1.00000000
vt 0.73752400 0.00000000
vt 0.68740500 0.00000000
vt 0.63641700 0.00000000
vt 0.63641700 0.00000000
vt 0.63641700 1.00000000
vt 0.58381300 0.00000000
vt 0.52875300 0.00000000
vt 0.58381300 0.00000000
vt 0.58381300 1.00000000
vt 0.52875300 0.00000000
vt 0.52875300 1.00000000
vt 0.58381300 0.10778600
vt 0.52875300 0.10778600
vt 0.63641700 0.10778600
vt 0.58381300 0.21019900
vt 0.52875300 0.21019900
vt 0.52875300 0.30881300
vt 0.47124700 0.21019900
vt 0.47124700 0.10778600
vt 0.41618700 0.21019900
vt 0.47124700 0.30881300
vt 0.47124700 0.40499800
vt 0.41618700 0.30881300
vt 0.41618700 0.40499800
vt 0.36358300 0.30881300
vt 0.36358300 0.21019900
vt 0.36358300 0.40499800
vt 0.31259500 0.30881300
vt 0.26247600 0.30881300
vt 0.31259500 0.21019900
vt 0.31259500 0.40499800
vt 0.26247600 0.40499800
vt 0.31259500 0.50000000
vt 0.26247600 0.50000000
vt 0.36358300 0.50000000
vt 0.41618700 0.50000000
vt 0.47124700 0.50000000
vt 0.47124700 0.59500200
vt 0.21252800 0.50000000
vt 0.26247600 0.59500200
vt 0.21252800 0.40499800
vt 0.16206400 0.50000000
vt 0.16206400 0.40499800
vt 0.11036600 0.50000000
vt 0.11036600 0.40499800
vt 0.11036600 0.30881300
vt 0.11036600 0.21019900
vt 0.16206400 0.30881300
vt 0.16206400 0.21019900
vt 0.21252800 0.30881300
vt 0.21252800 0.21019900
vt 0.21252800 0.10778600
vt 0.26247600 0.21019900
vt 0.26247600 0.10778600
vt 0.26247600 0.00000000
vt 0.26247600 1.00000000
vt 0.31259500 0.10778600
vt 0.31259500 0.00000000
vt 0.31259500 1.00000000
vt 0.36358300 0.10778600
vt 0.36358300 0.00000000
vt 0.36358300 1.00000000
vt 0.41618700 0.10778600
vt 0.41618700 1.00000000
vt 0.41618700 0.00000000
vt 0.41618700 0.00000000
vt 0.47124700 0.00000000
vt 0.47124700 1.00000000
vt 0.47124700 0.00000000
vt 0.36358300 0.00000000
vt 0.31259500 0.00000000
vt 0.26247600 0.00000000
vt 0.21252800 0.00000000
vt 0.21252800 1.00000000
vt 0.21252800 0.00000000
vt 0.16206400 0.00000000
vt 0.11036600 0.00000000
vt 0.16206400 0.00000000
vt 0.16206400 1.00000000
vt 0.11036600 1.00000000
vt 0.11036600 0.00000000
vt 0.16206400 0.10778600
vt 0.11036600 0.10778600
vt 0.05664800 0.10778600
vt 0.05664800 1.00000000
vt 0.05664800 0.00000000
vt 0.05664800 0.21019900
vt 0.00000000 0.10778600
vt 1.00000000 0.10778600
vt 1.00000000 0.00000000
vt 1.00000000 1.00000000
vt 0.00000000 1.00000000
vt 0.00000000 0.00000000
vt 0.94335200 0.10778600
vt 0.94335200 0.00000000
vt 0.94335200 1.00000000
vt 0.94335200 0.00000000
vt 0.88963400 0.00000000
vt 0.88963400 1.00000000
vt 0.83793600 0.00000000
vt 0.83793600 1.00000000
vt 0.88963400 0.00000000
vt 0.83793600 0.00000000
vt 0.78747100 0.00000000
vt 0.78747100 1.00000000
vt 0.78747100 0.00000000
vt 0.73752400 0.00000000
vt 0.68740500 0.00000000
vt 0.73752400 1.00000000
vt 0.73752400 0.00000000
vt 1.00000000 0.00000000
vt 0.00000000 0.00000000
vt 0.05664800 0.00000000
vt 0.88963400 0.00000000
vt 0.94335200 0.00000000
vt 0.11036600 0.21019900
vt 0.41618700 0.00000000
vt 0.52875300 0.21019900
vt 0.68740500 0.78980100
vt 0.83793600 0.40499800
vt 0.05664800 0.59500200
vt 0.00000000 0.69118700
vt 1.00000000 0.69118700
vt 0.78747100 1.00000000
vt 0.19289400 0.10543000
vt 0.26202600 0.06026300
vt 0.83793600 1.00000000
vt 0.94335200 0.33381500
vt 0.88963400 0.00000000
vt 0.00000000 0.88963400
vt 1.00000000 0.88963400
vt 0.00000000 0.83793600
vt 0.83793600 0.00000000
vt 0.78747100 0.00000000
vt 0.00000000 0.78747100
vt 1.00000000 0.83793600
vt 1.00000000 0.78747100
vt 1.00000000 0.73752400
vt 0.91937100 0.39380100
vt 0.91937100 0.39380100
vt 0.58381300 1.00000000
vt 0.52875300 1.00000000
vt 0.93113100 0.46427600
vt 0.58381300 0.66618500
vt 0.58381300 0.33381500
vt 0.52875300 0.66618500
vt 0.47124700 0.66618500
vt 0.52875300 0.33381500
vt 0.47124700 0.33381500
vt 0.41618700 0.33381500
vt 0.41618700 0.66618500
vt 0.91937100 0.60619900
vt 0.41618700 1.00000000
vt 0.36358300 1.00000000
vt 0.89617200 0.67377700
vt 0.47124700 1.00000000
vt 0.93113100 0.53572400
vt 0.42879500 0.92670800
vt 0.94335200 1.00000000
vt 0.42879500 0.92670800
vt 0.88963400 1.00000000
vt 0.35953300 0.90916900
vt 0.29410100 0.88046800
vt 0.83793600 1.00000000
vt 0.29410100 0.88046800
vt 0.83793600 0.66618500
vt 0.78747100 1.00000000
vt 0.23428600 0.84138900
vt 0.73752400 1.00000000
vt 0.18171900 0.79299800
vt 0.78747100 0.66618500
vt 0.78747100 0.33381500
vt 0.31259500 1.00000000
vt 0.13783400 0.26338600
f 118/118/118 115/115/115 4/4/4
f 36/36/36 35/35/35 73/73/73
f 1107/1107/1107 1108/1108/1108 37/37/37
f 1043/1043/1043 158/158/158 1044/1044/1044
f 919/919/919 918/918/918 89/89/89
f 1066/1066/1066 1065/1065/1065 113/113/113
f 144/144/144 486/486/486 485/485/485
f 354/354/354 264/264/264 263/263/263
f 300/300/300 299/299/299 161/161/161
f 231/231/231 227/227/227 223/223/223
f 304/304/304 339/339/339 317/317/317
f 1167/1167/1167 875/875/875 1164/1164/1164
f 460/460/460 456/456/456 479/479/479
f 555/555/555 537/537/537 521/521/521
f 578/578/578 360/360/360 711/711/711
f 725/725/725 685/685/685 686/686/686
f 595/595/595 588/588/588 589/589/589
f 732/732/732 746/746/746 749/749/749
f 817/817/817 819/819/819 844/844/844
f 1094/1094/1094 1180/1180/1180 1161/1161/1161
f 1243/1243/1243 1252/1252/1252 1212/1212/1212
f 1314/1314/1314 1318/1318/1318 1584/1584/1584
f 2089/2089/2089 2086/2086/2086 1839/1839/1839
f 6/6/6 8/8/8 9/9/9
f 6/6/6 9/9/9 135/135/135
f 61/61/61 63/63/63 62/62/62
f 63/63/63 4/4/4 83/83/83
f 62/62/62 63/63/63 83/83/83
f 1/1/1 6/6/6 135/135/135
f 1/1/1 135/135/135 134/134/134
f 97/97/97 84/84/84 5/5/5
f 1/1/1 134/134/134 133/133/133
f 1/1/1 133/133/133 132/132/132
f 99/99/99 98/98/98 3/3/3
f 101/101/101 100/100/100 2/2/2
f 1/1/1 132/132/132 127/127/127
f 1/1/1 127/127/127 126/126/126
f 104/104/104 102/102/102 4/4/4
f 106/106/106 104/104/104 4/4/4
f 4/4/4 1/1/1 118/118/118
f 1/1/1 126/126/126 124/124/124
f 1/1/1 124/124/124 122/122/122
f 108/108/108 106/106/106 4/4/4
f 110/110/110 108/108/108 4/4/4
f 1/1/1 122/122/122 120/120/120
f 1/1/1 120/120/120 119/119/119
f 111/111/111 110/110/110 4/4/4
f 115/115/115 111/111/111 4/4/4
f 1/1/1 119/119/119 118/118/118
f 63/63/63 61/61/61 57/57/57
f 63/63/63 57/57/57 64/64/64
f 57/57/57 56/56/56 64/64/64
f 65/65/65 64/64/64 56/56/56
f 67/67/67 66/66/66 49/49/49
f 66/66/66 65/65/65 50/50/50
f 49/49/49 66/66/66 50/50/50
f 69/69/69 68/68/68 45/45/45
f 68/68/68 67/67/67 47/47/47
f 45/45/45 68/68/68 47/47/47
f 71/71/71 70/70/70 43/43/43
f 70/70/70 69/69/69 45/45/45
f 73/73/73 72/72/72 41/41/41
f 72/72/72 71/71/71 42/42/42
f 75/75/75 74/74/74 34/34/34
f 74/74/74 73/73/73 35/35/35
f 34/34/34 74/74/74 35/35/35
f 79/79/79 76/76/76 30/30/30
f 76/76/76 75/75/75 33/33/33
f 30/30/30 76/76/76 33/33/33
f 77/77/77 78/78/78 28/28/28
f 78/78/78 79/79/79 28/28/28
f 81/81/81 80/80/80 24/24/24
f 80/80/80 77/77/77 26/26/26
f 7/7/7 82/82/82 16/16/16
f 82/82/82 81/81/81 19/19/19
f 16/16/16 82/82/82 19/19/19
f 8/8/8 6/6/6 10/10/10
f 6/6/6 7/7/7 10/10/10
f 16/16/16 10/10/10 7/7/7
f 80/80/80 26/26/26 24/24/24
f 72/72/72 42/42/42 41/41/41
f 70/70/70 45/45/45 43/43/43
f 65/65/65 56/56/56 55/55/55
f 77/77/77 28/28/28 26/26/26
f 28/28/28 79/79/79 30/30/30
f 65/65/65 55/55/55 50/50/50
f 20/20/20 19/19/19 81/81/81
f 24/24/24 20/20/20 81/81/81
f 49/49/49 47/47/47 67/67/67
f 71/71/71 43/43/43 42/42/42
f 33/33/33 75/75/75 34/34/34
f 73/73/73 41/41/41 36/36/36
f 54/54/54 1076/1076/1076 1078/1078/1078
f 54/54/54 1078/1078/1078 53/53/53
f 1078/1078/1078 1079/1079/1079 53/53/53
f 52/52/52 53/53/53 1079/1079/1079
f 48/48/48 51/51/51 1089/1089/1089
f 51/51/51 52/52/52 1087/1087/1087
f 1089/1089/1089 51/51/51 1087/1087/1087
f 44/44/44 46/46/46 1097/1097/1097
f 46/46/46 48/48/48 1092/1092/1092
f 39/39/39 40/40/40 1099/1099/1099
f 40/40/40 44/44/44 1098/1098/1098
f 1099/1099/1099 40/40/40 1098/1098/1098
f 37/37/37 38/38/38 1107/1107/1107
f 38/38/38 39/39/39 1100/1100/1100
f 31/31/31 32/32/32 1109/1109/1109
f 32/32/32 37/37/37 1108/1108/1108
f 1109/1109/1109 32/32/32 1108/1108/1108
f 27/27/27 29/29/29 1112/1112/1112
f 29/29/29 31/31/31 1111/1111/1111
f 1112/1112/1112 29/29/29 1111/1111/1111
f 23/23/23 25/25/25 1125/1125/1125
f 25/25/25 27/27/27 1120/1120/1120
f 1125/1125/1125 25/25/25 1120/1120/1120
f 21/21/21 22/22/22 1127/1127/1127
f 22/22/22 23/23/23 1126/1126/1126
f 1135/1135/1135 17/17/17 1128/1128/1128
f 17/17/17 21/21/21 1128/1128/1128
f 22/22/22 1126/1126/1126 1127/1127/1127
f 1126/1126/1126 23/23/23 1125/1125/1125
f 38/38/38 1100/1100/1100 1107/1107/1107
f 46/46/46 1092/1092/1092 1097/1097/1097
f 1092/1092/1092 48/48/48 1089/1089/1089
f 52/52/52 1079/1079/1079 1087/1087/1087
f 1127/1127/1127 1128/1128/1128 21/21/21
f 1112/1112/1112 1120/1120/1120 27/27/27
f 44/44/44 1097/1097/1097 1098/1098/1098
f 1111/1111/1111 31/31/31 1109/1109/1109
f 39/39/39 1099/1099/1099 1100/1100/1100
f 92/92/92 94/94/94 1057/1057/1057
f 92/92/92 1057/1057/1057 1056/1056/1056
f 91/91/91 87/87/87 1050/1050/1050
f 87/87/87 92/92/92 1053/1053/1053
f 159/159/159 726/726/726 1046/1046/1046
f 726/726/726 816/816/816 1047/1047/1047
f 1049/1049/1049 91/91/91 1050/1050/1050
f 816/816/816 91/91/91 1049/1049/1049
f 87/87/87 1053/1053/1053 1052/1052/1052
f 93/93/93 1055/1055/1055 1054/1054/1054
f 87/87/87 1052/1052/1052 1051/1051/1051
f 149/149/149 158/158/158 1043/1043/1043
f 158/158/158 159/159/159 1044/1044/1044
f 1040/1040/1040 141/141/141 1041/1041/1041
f 87/87/87 1051/1051/1051 1050/1050/1050
f 141/141/141 149/149/149 1042/1042/1042
f 141/141/141 1040/1040/1040 1039/1039/1039
f 141/141/141 1039/1039/1039 1038/1038/1038
f 816/816/816 1049/1049/1049 1048/1048/1048
f 137/137/137 141/141/141 1038/1038/1038
f 1041/1041/1041 141/141/141 1042/1042/1042
f 1037/1037/1037 138/138/138 137/137/137
f 1038/1038/1038 1037/1037/1037 137/137/137
f 816/816/816 1048/1048/1048 1047/1047/1047
f 726/726/726 1047/1047/1047 1046/1046/1046
f 1042/1042/1042 149/149/149 1043/1043/1043
f 159/159/159 1046/1046/1046 1045/1045/1045
f 159/159/159 1045/1045/1045 1044/1044/1044
f 90/90/90 989/989/989 937/937/937
f 90/90/90 937/937/937 936/936/936
f 884/884/884 880/880/880 909/909/909
f 880/880/880 879/879/879 910/910/910
f 889/889/889 886/886/886 904/904/904
f 885/885/885 883/883/883 907/907/907
f 897/897/897 896/896/896 892/892/892
f 896/896/896 894/894/894 892/892/892
f 901/901/901 899/899/899 898/898/898
f 905/905/905 903/903/903 902/902/902
f 909/909/909 908/908/908 884/884/884
f 908/908/908 906/906/906 884/884/884
f 910/910/910 909/909/909 880/880/880
f 906/906/906 900/900/900 892/892/892
f 900/900/900 897/897/897 892/892/892
f 892/892/892 888/888/888 906/906/906
f 89/89/89 90/90/90 935/935/935
f 90/90/90 936/936/936 935/935/935
f 86/86/86 934/934/934 933/933/933
f 89/89/89 932/932/932 931/931/931
f 912/912/912 910/910/910 879/879/879
f 88/88/88 930/930/930 928/928/928
f 86/86/86 929/929/929 926/926/926
f 912/912/912 879/879/879 59/59/59
f 914/914/914 911/911/911 60/60/60
f 89/89/89 927/927/927 924/924/924
f 88/88/88 925/925/925 922/922/922
f 913/913/913 59/59/59 89/89/89
f 915/915/915 913/913/913 89/89/89
f 86/86/86 923/923/923 920/920/920
f 89/89/89 921/921/921 919/919/919
f 917/917/917 916/916/916 85/85/85
f 137/137/137 138/138/138 1036/1036/1036
f 137/137/137 1036/1036/1036 136/136/136
f 1036/1036/1036 1075/1075/1075 136/136/136
f 131/131/131 136/136/136 1075/1075/1075
f 129/129/129 130/130/130 1073/1073/1073
f 130/130/130 131/131/131 1074/1074/1074
f 125/125/125 128/128/128 1071/1071/1071
f 128/128/128 129/129/129 1072/1072/1072
f 121/121/121 123/123/123 1069/1069/1069
f 123/123/123 125/125/125 1070/1070/1070
f 1070/1070/1070 125/125/125 1071/1071/1071
f 116/116/116 117/117/117 1067/1067/1067
f 117/117/117 121/121/121 1068/1068/1068
f 1067/1067/1067 117/117/117 1068/1068/1068
f 113/113/113 114/114/114 1066/1066/1066
f 114/114/114 116/116/116 1067/1067/1067
f 1066/1066/1066 114/114/114 1067/1067/1067
f 109/109/109 112/112/112 1064/1064/1064
f 112/112/112 113/113/113 1065/1065/1065
f 1064/1064/1064 112/112/112 1065/1065/1065
f 105/105/105 107/107/107 1062/1062/1062
f 107/107/107 109/109/109 1063/1063/1063
f 1062/1062/1062 107/107/107 1063/1063/1063
f 96/96/96 103/103/103 1060/1060/1060
f 103/103/103 105/105/105 1061/1061/1061
f 1060/1060/1060 103/103/103 1061/1061/1061
f 92/92/92 95/95/95 1058/1058/1058
f 95/95/95 96/96/96 1059/1059/1059
f 1058/1058/1058 94/94/94 92/92/92
f 1059/1059/1059 1058/1058/1058 95/95/95
f 1059/1059/1059 96/96/96 1060/1060/1060
f 128/128/128 1072/1072/1072 1071/1071/1071
f 130/130/130 1074/1074/1074 1073/1073/1073
f 1074/1074/1074 131/131/131 1075/1075/1075
f 129/129/129 1073/1073/1073 1072/1072/1072
f 1062/1062/1062 1061/1061/1061 105/105/105
f 1063/1063/1063 109/109/109 1064/1064/1064
f 123/123/123 1070/1070/1070 1069/1069/1069
f 121/121/121 1069/1069/1069 1068/1068/1068
f 483/483/483 454/454/454 450/450/450
f 451/451/451 448/448/448 478/478/478
f 449/449/449 446/446/446 479/479/479
f 446/446/446 445/445/445 442/442/442
f 436/436/436 433/433/433 479/479/479
f 433/433/433 432/432/432 479/479/479
f 439/439/439 435/435/435 478/478/478
f 447/447/447 443/443/443 480/480/480
f 442/442/442 438/438/438 479/479/479
f 484/484/484 479/479/479 432/432/432
f 484/484/484 432/432/432 430/430/430
f 411/411/411 150/150/150 145/145/145
f 11/11/11 367/367/367 505/505/505
f 370/370/370 372/372/372 373/373/373
f 366/366/366 374/374/374 509/509/509
f 411/411/411 145/145/145 412/412/412
f 145/145/145 139/139/139 415/415/415
f 412/412/412 145/145/145 413/413/413
f 413/413/413 145/145/145 415/415/415
f 366/366/366 509/509/509 508/508/508
f 368/368/368 507/507/507 506/506/506
f 15/15/15 504/504/504 502/502/502
f 416/416/416 414/414/414 140/140/140
f 419/419/419 417/417/417 143/143/143
f 12/12/12 503/503/503 500/500/500
f 15/15/15 501/501/501 499/499/499
f 421/421/421 418/418/418 139/139/139
f 423/423/423 420/420/420 140/140/140
f 11/11/11 498/498/498 496/496/496
f 12/12/12 497/497/497 495/495/495
f 424/424/424 422/422/422 139/139/139
f 425/425/425 424/424/424 139/139/139
f 12/12/12 495/495/495 494/494/494
f 12/12/12 494/494/494 493/493/493
f 426/426/426 425/425/425 139/139/139
f 427/427/427 426/426/426 139/139/139
f 139/139/139 11/11/11 488/488/488
f 15/15/15 492/492/492 491/491/491
f 15/15/15 491/491/491 490/490/490
f 428/428/428 427/427/427 139/139/139
f 431/431/431 429/429/429 142/142/142
f 140/140/140 489/489/489 487/487/487
f 484/484/484 430/430/430 139/139/139
f 216/216/216 214/214/214 213/213/213
f 212/212/212 210/210/210 224/224/224
f 211/211/211 209/209/209 223/223/223
f 209/209/209 207/207/207 204/204/204
f 196/196/196 195/195/195 223/223/223
f 195/195/195 194/194/194 223/223/223
f 202/202/202 198/198/198 224/224/224
f 208/208/208 205/205/205 219/219/219
f 204/204/204 200/200/200 223/223/223
f 246/246/246 223/223/223 194/194/194
f 246/246/246 194/194/194 192/192/192
f 167/167/167 166/166/166 156/156/156
f 156/156/156 145/145/145 177/177/177
f 147/147/147 151/151/151 409/409/409
f 148/148/148 410/410/410 408/408/408
f 172/172/172 167/167/167 156/156/156
f 174/174/174 172/172/172 156/156/156
f 146/146/146 407/407/407 406/406/406
f 145/145/145 405/405/405 179/179/179
f 176/176/176 173/173/173 154/154/154
f 178/178/178 175/175/175 155/155/155
f 145/145/145 179/179/179 177/177/177
f 405/405/405 404/404/404 179/179/179
f 404/404/404 403/403/403 179/179/179
f 180/180/180 179/179/179 403/403/403
f 403/403/403 401/401/401 180/180/180
f 401/401/401 399/399/399 184/184/184
f 182/182/182 180/180/180 401/401/401
f 183/183/183 181/181/181 402/402/402
f 399/399/399 397/397/397 187/187/187
f 183/183/183 400/400/400 185/185/185
f 398/398/398 395/395/395 190/190/190
f 186/186/186 399/399/399 187/187/187
f 394/394/394 393/393/393 192/192/192
f 187/187/187 397/397/397 188/188/188
f 188/188/188 397/397/397 191/191/191
f 393/393/393 392/392/392 246/246/246
f 189/189/189 396/396/396 193/193/193
f 391/391/391 390/390/390 248/248/248
f 192/192/192 393/393/393 246/246/246
f 390/390/390 387/387/387 249/249/249
f 246/246/246 392/392/392 247/247/247
f 388/388/388 385/385/385 253/253/253
f 247/247/247 389/389/389 250/250/250
f 385/385/385 384/384/384 254/254/254
f 251/251/251 386/386/386 252/252/252
f 383/383/383 381/381/381 256/256/256
f 253/253/253 385/385/385 254/254/254
f 254/254/254 384/384/384 255/255/255
f 382/382/382 380/380/380 257/257/257
f 255/255/255 382/382/382 257/257/257
f 380/380/380 379/379/379 258/258/258
f 257/257/257 380/380/380 258/258/258
f 379/379/379 378/378/378 260/260/260
f 258/258/258 379/379/379 259/259/259
f 378/378/378 377/377/377 260/260/260
f 259/259/259 379/379/379 260/260/260
f 377/377/377 376/376/376 367/367/367
f 260/260/260 377/377/377 261/261/261
f 375/375/375 371/371/371 367/367/367
f 376/376/376 375/375/375 367/367/367
f 377/377/377 367/367/367 261/261/261
f 367/367/367 351/351/351 261/261/261
f 353/353/353 271/271/271 268/268/268
f 348/348/348 267/267/267 266/266/266
f 348/348/348 266/266/266 265/265/265
f 262/262/262 261/261/261 351/351/351
f 365/365/365 568/568/568 571/571/571
f 362/362/362 570/570/570 572/572/572
f 270/270/270 351/351/351 269/269/269
f 351/351/351 360/360/360 625/625/625
f 269/269/269 351/351/351 272/272/272
f 272/272/272 351/351/351 274/274/274
f 362/362/362 572/572/572 643/643/643
f 359/359/359 644/644/644 642/642/642
f 273/273/273 349/349/349 277/277/277
f 275/275/275 352/352/352 627/627/627
f 363/363/363 641/641/641 640/640/640
f 355/355/355 639/639/639 637/637/637
f 278/278/278 276/276/276 625/625/625
f 364/364/364 638/638/638 635/635/635
f 361/361/361 636/636/636 634/634/634
f 279/279/279 278/278/278 625/625/625
f 281/281/281 280/280/280 627/627/627
f 355/355/355 633/633/633 632/632/632
f 357/357/357 631/631/631 630/630/630
f 284/284/284 283/283/283 623/623/623
f 285/285/285 284/284/284 623/623/623
f 282/282/282 628/628/628 624/624/624
f 358/358/358 629/629/629 626/626/626
f 623/623/623 621/621/621 287/287/287
f 622/622/622 619/619/619 288/288/288
f 620/620/620 617/617/617 589/589/589
f 286/286/286 285/285/285 623/623/623
f 620/620/620 589/589/589 287/287/287
f 618/618/618 615/615/615 593/593/593
f 616/616/616 613/613/613 611/611/611
f 603/603/603 600/600/600 589/589/589
f 589/589/589 161/161/161 293/293/293
f 161/161/161 156/156/156 303/303/303
f 297/297/297 161/161/161 299/299/299
f 612/612/612 608/608/608 589/589/589
f 606/606/606 604/604/604 592/592/592
f 614/614/614 612/612/612 589/589/589
f 287/287/287 286/286/286 623/623/623
f 289/289/289 287/287/287 589/589/589
f 160/160/160 298/298/298 296/296/296
f 153/153/153 165/165/165 169/169/169
f 157/157/157 168/168/168 171/171/171
f 292/292/292 290/290/290 594/594/594
f 152/152/152 170/170/170 302/302/302
f 303/303/303 301/301/301 161/161/161
f 294/294/294 291/291/291 590/590/590
f 295/295/295 293/293/293 161/161/161
f 301/301/301 300/300/300 161/161/161
f 215/215/215 223/223/223 225/225/225
f 223/223/223 245/245/245 244/244/244
f 225/225/225 223/223/223 226/226/226
f 243/243/243 242/242/242 217/217/217
f 241/241/241 240/240/240 222/222/222
f 239/239/239 238/238/238 220/220/220
f 237/237/237 236/236/236 218/218/218
f 235/235/235 234/234/234 221/221/221
f 233/233/233 232/232/232 231/231/231
f 230/230/230 229/229/229 228/228/228
f 227/227/227 226/226/226 223/223/223
f 233/233/233 231/231/231 223/223/223
f 344/344/344 343/343/343 342/342/342
f 342/342/342 340/340/340 344/344/344
f 341/341/341 338/338/338 345/345/345
f 339/339/339 337/337/337 329/329/329
f 336/336/336 334/334/334 332/332/332
f 335/335/335 333/333/333 331/331/331
f 330/330/330 327/327/327 326/326/326
f 325/325/325 323/323/323 329/329/329
f 324/324/324 321/321/321 328/328/328
f 322/322/322 320/320/320 319/319/319
f 319/319/319 318/318/318 317/317/317
f 317/317/317 316/316/316 312/312/312
f 316/316/316 314/314/314 312/312/312
f 304/304/304 306/306/306 347/347/347
f 347/347/347 346/346/346 339/339/339
f 346/346/346 344/344/344 339/339/339
f 322/322/322 319/319/319 329/329/329
f 319/319/319 317/317/317 339/339/339
f 329/329/329 319/319/319 339/339/339
f 312/312/312 309/309/309 317/317/317
f 309/309/309 304/304/304 317/317/317
f 304/304/304 347/347/347 339/339/339
f 17/17/17 1135/1135/1135 1136/1136/1136
f 18/18/18 1137/1137/1137 1138/1138/1138
f 369/369/369 13/13/13 1148/1148/1148
f 13/13/13 17/17/17 1139/1139/1139
f 1141/1141/1141 14/14/14 1138/1138/1138
f 564/564/564 356/356/356 1159/1159/1159
f 356/356/356 350/350/350 1153/1153/1153
f 1151/1151/1151 369/369/369 1148/1148/1148
f 350/350/350 369/369/369 1151/1151/1151
f 13/13/13 1142/1142/1142 1144/1144/1144
f 13/13/13 1144/1144/1144 1146/1146/1146
f 878/878/878 875/875/875 1167/1167/1167
f 875/875/875 564/564/564 1162/1162/1162
f 1174/1174/1174 58/58/58 1173/1173/1173
f 13/13/13 1146/1146/1146 1148/1148/1148
f 58/58/58 878/878/878 1169/1169/1169
f 58/58/58 1174/1174/1174 1185/1185/1185
f 58/58/58 1185/1185/1185 54/54/54
f 350/350/350 1151/1151/1151 1153/1153/1153
f 1173/1173/1173 58/58/58 1169/1169/1169
f 1077/1077/1077 1076/1076/1076 54/54/54
f 1186/1186/1186 1077/1077/1077 54/54/54
f 356/356/356 1153/1153/1153 1156/1156/1156
f 1185/1185/1185 1186/1186/1186 54/54/54
f 356/356/356 1156/1156/1156 1159/1159/1159
f 1169/1169/1169 878/878/878 1167/1167/1167
f 564/564/564 1159/1159/1159 1162/1162/1162
f 1162/1162/1162 1164/1164/1164 875/875/875
f 453/453/453 479/479/479 452/452/452
f 479/479/479 474/474/474 473/473/473
f 452/452/452 479/479/479 455/455/455
f 472/472/472 470/470/470 475/475/475
f 471/471/471 468/468/468 482/482/482
f 469/469/469 466/466/466 477/477/477
f 467/467/467 464/464/464 476/476/476
f 465/465/465 463/463/463 481/481/481
f 462/462/462 461/461/461 460/460/460
f 459/459/459 458/458/458 457/457/457
f 456/456/456 455/455/455 479/479/479
f 462/462/462 460/460/460 479/479/479
f 515/515/515 514/514/514 516/516/516
f 514/514/514 513/513/513 516/516/516
f 513/513/513 512/512/512 516/516/516
f 512/512/512 511/511/511 516/516/516
f 553/553/553 552/552/552 544/544/544
f 551/551/551 549/549/549 545/545/545
f 546/546/546 543/543/543 541/541/541
f 542/542/542 540/540/540 538/538/538
f 538/538/538 536/536/536 535/535/535
f 534/534/534 532/532/532 530/530/530
f 526/526/526 525/525/525 529/529/529
f 525/525/525 522/522/522 529/529/529
f 524/524/524 520/520/520 518/518/518
f 519/519/519 517/517/517 511/511/511
f 517/517/517 516/516/516 511/511/511
f 511/511/511 553/553/553 519/519/519
f 544/544/544 542/542/542 553/553/553
f 542/542/542 538/538/538 553/553/553
f 539/539/539 533/533/533 523/523/523
f 535/535/535 529/529/529 522/522/522
f 522/522/522 519/519/519 553/553/553
f 557/557/557 776/776/776 778/778/778
f 563/563/563 777/777/777 780/780/780
f 569/569/569 567/567/567 577/577/577
f 567/567/567 360/360/360 577/577/577
f 576/576/576 575/575/575 573/573/573
f 574/574/574 569/569/569 577/577/577
f 360/360/360 562/562/562 711/711/711
f 557/557/557 779/779/779 781/781/781
f 565/565/565 782/782/782 783/783/783
f 578/578/578 577/577/577 360/360/360
f 558/558/558 784/784/784 786/786/786
f 566/566/566 785/785/785 787/787/787
f 561/561/561 788/788/788 790/790/790
f 562/562/562 789/789/789 710/710/710
f 708/708/708 791/791/791 793/793/793
f 562/562/562 710/710/710 711/711/711
f 792/792/792 794/794/794 710/710/710
f 794/794/794 795/795/795 710/710/710
f 795/795/795 796/796/796 710/710/710
f 796/796/796 797/797/797 710/710/710
f 797/797/797 798/798/798 710/710/710
f 798/798/798 799/799/799 710/710/710
f 800/800/800 801/801/801 709/709/709
f 802/802/802 803/803/803 706/706/706
f 710/710/710 802/802/802 706/706/706
f 803/803/803 804/804/804 706/706/706
f 804/804/804 805/805/805 706/706/706
f 805/805/805 806/806/806 706/706/706
f 807/807/807 809/809/809 718/718/718
f 808/808/808 811/811/811 719/719/719
f 706/706/706 806/806/806 719/719/719
f 810/810/810 812/812/812 717/717/717
f 813/813/813 814/814/814 719/719/719
f 738/738/738 737/737/737 736/736/736
f 719/719/719 716/716/716 705/705/705
f 716/716/716 715/715/715 705/705/705
f 738/738/738 736/736/736 815/815/815
f 736/736/736 719/719/719 815/815/815
f 715/715/715 704/704/704 705/705/705
f 706/706/706 707/707/707 710/710/710
f 719/719/719 705/705/705 706/706/706
f 814/814/814 815/815/815 719/719/719
f 646/646/646 645/645/645 714/714/714
f 645/645/645 580/580/580 714/714/714
f 714/714/714 580/580/580 578/578/578
f 711/711/711 712/712/712 713/713/713
f 713/713/713 714/714/714 578/578/578
f 713/713/713 578/578/578 711/711/711
f 715/715/715 716/716/716 703/703/703
f 716/716/716 720/720/720 703/703/703
f 720/720/720 724/724/724 727/727/727
f 164/164/164 591/591/591 583/583/583
f 589/589/589 588/588/588 587/587/587
f 582/582/582 590/590/590 585/585/585
f 587/587/587 586/586/586 589/589/589
f 720/720/720 727/727/727 688/688/688
f 727/727/727 161/161/161 680/680/680
f 702/702/702 703/703/703 720/720/720
f 579/579/579 580/580/580 674/674/674
f 580/580/580 645/645/645 649/649/649
f 673/673/673 581/581/581 648/648/648
f 161/161/161 584/584/584 579/579/579
f 701/701/701 702/702/702 720/720/720
f 699/699/699 701/701/701 720/720/720
f 647/647/647 652/652/652 671/671/671
f 674/674/674 649/649/649 672/672/672
f 651/651/651 653/653/653 656/656/656
f 654/654/654 657/657/657 664/664/664
f 658/658/658 660/660/660 663/663/663
f 663/663/663 665/665/665 666/666/666
f 666/666/666 667/667/667 663/663/663
f 667/667/667 668/668/668 663/663/663
f 668/668/668 669/669/669 650/650/650
f 669/669/669 670/670/670 650/650/650
f 670/670/670 672/672/672 649/649/649
f 650/650/650 655/655/655 668/668/668
f 655/655/655 663/663/663 668/668/668
f 579/579/579 674/674/674 675/675/675
f 697/697/697 700/700/700 723/723/723
f 695/695/695 698/698/698 722/722/722
f 161/161/161 579/579/579 675/675/675
f 161/161/161 675/675/675 677/677/677
f 694/694/694 696/696/696 720/720/720
f 691/691/691 693/693/693 721/721/721
f 162/162/162 676/676/676 678/678/678
f 163/163/163 679/679/679 681/681/681
f 690/690/690 692/692/692 720/720/720
f 689/689/689 690/690/690 720/720/720
f 727/727/727 680/680/680 682/682/682
f 728/728/728 683/683/683 684/684/684
f 688/688/688 689/689/689 720/720/720
f 687/687/687 688/688/688 727/727/727
f 598/598/598 596/596/596 589/589/589
f 596/596/596 595/595/595 589/589/589
f 876/876/876 869/869/869 871/871/871
f 872/872/872 870/870/870 990/990/990
f 775/775/775 560/560/560 773/773/773
f 562/562/562 873/873/873 766/766/766
f 774/774/774 559/559/559 772/772/772
f 771/771/771 562/562/562 770/770/770
f 873/873/873 991/991/991 993/993/993
f 872/872/872 992/992/992 995/995/995
f 770/770/770 562/562/562 769/769/769
f 769/769/769 562/562/562 768/768/768
f 877/877/877 994/994/994 997/997/997
f 873/873/873 996/996/996 762/762/762
f 997/997/997 999/999/999 761/761/761
f 768/768/768 562/562/562 767/767/767
f 767/767/767 562/562/562 766/766/766
f 998/998/998 1000/1000/1000 762/762/762
f 1000/1000/1000 1001/1001/1001 762/762/762
f 1001/1001/1001 1003/1003/1003 760/760/760
f 762/762/762 1001/1001/1001 760/760/760
f 1002/1002/1002 1004/1004/1004 758/758/758
f 765/765/765 766/766/766 873/873/873
f 764/764/764 765/765/765 873/873/873
f 1006/1006/1006 1007/1007/1007 754/754/754
f 759/759/759 1002/1002/1002 758/758/758
f 1007/1007/1007 1008/1008/1008 731/731/731
f 763/763/763 764/764/764 873/873/873
f 762/762/762 763/763/763 873/873/873
f 1008/1008/1008 1009/1009/1009 731/731/731
f 757/757/757 1005/1005/1005 755/755/755
f 756/756/756 1006/1006/1006 754/754/754
f 1009/1009/1009 1010/1010/1010 731/731/731
f 754/754/754 1007/1007/1007 753/753/753
f 753/753/753 1007/1007/1007 731/731/731
f 1010/1010/1010 1011/1011/1011 731/731/731
f 1011/1011/1011 1013/1013/1013 731/731/731
f 1012/1012/1012 1014/1014/1014 734/734/734
f 1015/1015/1015 1016/1016/1016 729/729/729
f 753/753/753 731/731/731 752/752/752
f 752/752/752 731/731/731 751/751/751
f 1017/1017/1017 1018/1018/1018 819/819/819
f 1018/1018/1018 1020/1020/1020 821/821/821
f 731/731/731 1015/1015/1015 729/729/729
f 1018/1018/1018 821/821/821 819/819/819
f 1019/1019/1019 1022/1022/1022 822/822/822
f 750/750/750 751/751/751 731/731/731
f 1021/1021/1021 1024/1024/1024 820/820/820
f 748/748/748 750/750/750 731/731/731
f 1023/1023/1023 1025/1025/1025 821/821/821
f 1025/1025/1025 1026/1026/1026 821/821/821
f 1026/1026/1026 1027/1027/1027 1028/1028/1028
f 1029/1029/1029 1030/1030/1030 1031/1031/1031
f 1032/1032/1032 1033/1033/1033 1028/1028/1028
f 1033/1033/1033 1034/1034/1034 1028/1028/1028
f 1034/1034/1034 1035/1035/1035 1026/1026/1026
f 1035/1035/1035 821/821/821 1026/1026/1026
f 819/819/819 817/817/817 1017/1017/1017
f 817/817/817 727/727/727 1016/1016/1016
f 727/727/727 724/724/724 729/729/729
f 727/727/727 729/729/729 1016/1016/1016
f 1026/1026/1026 1028/1028/1028 1034/1034/1034
f 731/731/731 736/736/736 740/740/740
f 736/736/736 737/737/737 739/739/739
f 736/736/736 739/739/739 740/740/740
f 1016/1016/1016 1017/1017/1017 817/817/817
f 735/735/735 741/741/741 742/742/742
f 730/730/730 743/743/743 745/745/745
f 733/733/733 744/744/744 747/747/747
f 879/879/879 880/880/880 963/963/963
f 880/880/880 881/881/881 964/964/964
f 963/963/963 880/880/880 964/964/964
f 882/882/882 987/987/987 966/966/966
f 988/988/988 986/986/986 967/967/967
f 982/982/982 980/980/980 975/975/975
f 981/981/981 978/978/978 976/976/976
f 979/979/979 977/977/977 975/975/975
f 972/972/972 969/969/969 968/968/968
f 967/967/967 965/965/965 881/881/881
f 965/965/965 964/964/964 881/881/881
f 975/975/975 971/971/971 982/982/982
f 971/971/971 967/967/967 982/982/982
f 986/986/986 982/982/982 967/967/967
f 868/868/868 874/874/874 866/866/866
f 873/873/873 879/879/879 962/962/962
f 865/865/865 873/873/873 851/851/851
f 854/854/854 856/856/856 857/857/857
f 851/851/851 858/858/858 860/860/860
f 853/853/853 859/859/859 862/862/862
f 855/855/855 861/861/861 863/863/863
f 879/879/879 963/963/963 962/962/962
f 852/852/852 864/864/864 867/867/867
f 873/873/873 962/962/962 851/851/851
f 850/850/850 851/851/851 962/962/962
f 850/850/850 962/962/962 961/961/961
f 848/848/848 850/850/850 961/961/961
f 848/848/848 961/961/961 959/959/959
f 840/840/840 841/841/841 833/833/833
f 841/841/841 844/844/844 819/819/819
f 831/831/831 842/842/842 829/829/829
f 849/849/849 960/960/960 957/957/957
f 839/839/839 840/840/840 833/833/833
f 846/846/846 958/958/958 956/956/956
f 837/837/837 839/839/839 833/833/833
f 845/845/845 955/955/955 953/953/953
f 847/847/847 954/954/954 952/952/952
f 834/834/834 835/835/835 833/833/833
f 846/846/846 951/951/951 950/950/950
f 830/830/830 841/841/841 828/828/828
f 848/848/848 949/949/949 948/948/948
f 828/828/828 841/841/841 827/827/827
f 849/849/849 947/947/947 945/945/945
f 827/827/827 841/841/841 826/826/826
f 846/846/846 946/946/946 944/944/944
f 826/826/826 841/841/841 825/825/825
f 848/848/848 943/943/943 942/942/942
f 825/825/825 841/841/841 824/824/824
f 848/848/848 942/942/942 941/941/941
f 823/823/823 843/843/843 818/818/818
f 848/848/848 941/941/941 90/90/90
f 941/941/941 940/940/940 90/90/90
f 844/844/844 848/848/848 817/817/817
f 817/817/817 848/848/848 90/90/90
f 940/940/940 939/939/939 90/90/90
f 989/989/989 90/90/90 938/938/938
f 938/938/938 90/90/90 939/939/939
f 1134/1134/1134 1133/1133/1133 1131/1131/1131
f 1130/1130/1130 1129/1129/1129 1123/1123/1123
f 1122/1122/1122 1121/1121/1121 1118/1118/1118
f 1118/1118/1118 1116/1116/1116 1114/1114/1114
f 1113/1113/1113 1110/1110/1110 1106/1106/1106
f 1105/1105/1105 1104/1104/1104 1103/1103/1103
f 1102/1102/1102 1101/1101/1101 1096/1096/1096
f 1095/1095/1095 1093/1093/1093 1090/1090/1090
f 1091/1091/1091 1088/1088/1088 1085/1085/1085
f 1085/1085/1085 1084/1084/1084 1081/1081/1081
f 1082/1082/1082 1083/1083/1083 1182/1182/1182
f 1183/1183/1183 1179/1179/1179 1176/1176/1176
f 1178/1178/1178 1175/1175/1175 1170/1170/1170
f 1171/1171/1171 1168/1168/1168 1165/1165/1165
f 1166/1166/1166 1163/1163/1163 1160/1160/1160
f 1161/1161/1161 1158/1158/1158 1150/1150/1150
f 1157/1157/1157 1154/1154/1154 1149/1149/1149
f 1155/1155/1155 1152/1152/1152 1150/1150/1150
f 1150/1150/1150 1147/1147/1147 1145/1145/1145
f 1145/1145/1145 1143/1143/1143 1150/1150/1150
f 1143/1143/1143 1140/1140/1140 1150/1150/1150
f 1140/1140/1140 1134/1134/1134 1131/1131/1131
f 1132/1132/1132 1124/1124/1124 1119/1119/1119
f 1117/1117/1117 1115/1115/1115 1105/1105/1105
f 1105/1105/1105 1103/1103/1103 1117/1117/1117
f 1103/1103/1103 1094/1094/1094 1117/1117/1117
f 1094/1094/1094 1091/1091/1091 1085/1085/1085
f 1086/1086/1086 1080/1080/1080 1184/1184/1184
f 1181/1181/1181 1177/1177/1177 1172/1172/1172
f 1171/1171/1171 1165/1165/1165 1180/1180/1180
f 1165/1165/1165 1161/1161/1161 1180/1180/1180
f 1140/1140/1140 1131/1131/1131 1094/1094/1094
f 1131/1131/1131 1117/1117/1117 1094/1094/1094
f 1094/1094/1094 1085/1085/1085 1180/1180/1180
f 1161/1161/1161 1150/1150/1150 1094/1094/1094
f 1150/1150/1150 1140/1140/1140 1094/1094/1094
f 1193/1193/1193 1187/1187/1187 1199/1199/1199
f 1188/1188/1188 1190/1190/1190 1198/1198/1198
f 1189/1189/1189 1194/1194/1194 1196/1196/1196
f 1197/1197/1197 1201/1201/1201 1205/1205/1205
f 1200/1200/1200 1203/1203/1203 1206/1206/1206
f 1202/1202/1202 1204/1204/1204 1207/1207/1207
f 1206/1206/1206 1209/1209/1209 1212/1212/1212
f 1209/1209/1209 1210/1210/1210 1212/1212/1212
f 1210/1210/1210 1211/1211/1211 1212/1212/1212
f 1212/1212/1212 1213/1213/1213 1216/1216/1216
f 1213/1213/1213 1214/1214/1214 1216/1216/1216
f 1214/1214/1214 1215/1215/1215 1216/1216/1216
f 1217/1217/1217 1219/1219/1219 1226/1226/1226
f 1218/1218/1218 1220/1220/1220 1223/1223/1223
f 1221/1221/1221 1222/1222/1222 1225/1225/1225
f 1225/1225/1225 1227/1227/1227 1229/1229/1229
f 1228/1228/1228 1231/1231/1231 1224/1224/1224
f 1230/1230/1230 1232/1232/1232 1225/1225/1225
f 1232/1232/1232 1234/1234/1234 1236/1236/1236
f 1235/1235/1235 1238/1238/1238 1233/1233/1233
f 1237/1237/1237 1239/1239/1239 1232/1232/1232
f 1239/1239/1239 1240/1240/1240 1241/1241/1241
f 1241/1241/1241 1242/1242/1242 1239/1239/1239
f 1242/1242/1242 1243/1243/1243 1239/1239/1239
f 1243/1243/1243 1245/1245/1245 1246/1246/1246
f 1247/1247/1247 1249/1249/1249 1244/1244/1244
f 1248/1248/1248 1252/1252/1252 1243/1243/1243
f 1252/1252/1252 1253/1253/1253 1191/1191/1191
f 1251/1251/1251 1192/1192/1192 1197/1197/1197
f 1195/1195/1195 1208/1208/1208 1250/1250/1250
f 1206/1206/1206 1212/1212/1212 1252/1252/1252
f 1212/1212/1212 1216/1216/1216 1239/1239/1239
f 1216/1216/1216 1225/1225/1225 1239/1239/1239
f 1225/1225/1225 1232/1232/1232 1239/1239/1239
f 1239/1239/1239 1243/1243/1243 1212/1212/1212
f 1498/1498/1498 1497/1497/1497 1274/1274/1274
f 1498/1498/1498 1274/1274/1274 1501/1501/1501
f 1275/1275/1275 1278/1278/1278 1502/1502/1502
f 1517/1517/1517 1501/1501/1501 1279/1279/1279
f 2071/2071/2071 2072/2072/2072 1283/1283/1283
f 2072/2072/2072 1517/1517/1517 1283/1283/1283
f 1540/1540/1540 1534/1534/1534 1290/1290/1290
f 1534/1534/1534 2071/2071/2071 1287/1287/1287
f 1545/1545/1545 1542/1542/1542 1310/1310/1310
f 1542/1542/1542 1540/1540/1540 1305/1305/1305
f 1310/1310/1310 1542/1542/1542 1305/1305/1305
f 1582/1582/1582 1546/1546/1546 1312/1312/1312
f 1548/1548/1548 1544/1544/1544 1308/1308/1308
f 1577/1577/1577 1579/1579/1579 1323/1323/1323
f 1580/1580/1580 1585/1585/1585 1317/1317/1317
f 1323/1323/1323 1579/1579/1579 1319/1319/1319
f 1575/1575/1575 1573/1573/1573 1331/1331/1331
f 1573/1573/1573 1577/1577/1577 1331/1331/1331
f 1589/1589/1589 1588/1588/1588 2109/2109/2109
f 1586/1586/1586 1575/1575/1575 2114/2114/2114
f 2111/2111/2111 1586/1586/1586 2114/2114/2114
f 1611/1611/1611 1607/1607/1607 2108/2108/2108
f 1607/1607/1607 1591/1591/1591 2111/2111/2111
f 1395/1395/1395 1612/1612/1612 1611/1611/1611
f 2106/2106/2106 1394/1394/1394 1610/1610/1610
f 1607/1607/1607 2111/2111/2111 2108/2108/2108
f 1329/1329/1329 1578/1578/1578 1321/1321/1321
f 1546/1546/1546 1310/1310/1310 1312/1312/1312
f 1534/1534/1534 1287/1287/1287 1290/1290/1290
f 1517/1517/1517 1279/1279/1279 1283/1283/1283
f 2108/2108/2108 2104/2104/2104 1611/1611/1611
f 2071/2071/2071 1283/1283/1283 1287/1287/1287
f 1540/1540/1540 1290/1290/1290 2120/2120/2120
f 2116/2116/2116 2114/2114/2114 1575/1575/1575
f 1331/1331/1331 2116/2116/2116 1575/1575/1575
f 1540/1540/1540 2120/2120/2120 1305/1305/1305
f 1582/1582/1582 1312/1312/1312 1315/1315/1315
f 1612/1612/1612 1395/1395/1395 1399/1399/1399
f 1612/1612/1612 1399/1399/1399 1617/1617/1617
f 1399/1399/1399 1400/1400/1400 1617/1617/1617
f 1691/1691/1691 1616/1616/1616 1401/1401/1401
f 1685/1685/1685 1689/1689/1689 1404/1404/1404
f 1689/1689/1689 1690/1690/1690 1404/1404/1404
f 1693/1693/1693 1686/1686/1686 1413/1413/1413
f 1686/1686/1686 1685/1685/1685 1406/1406/1406
f 1698/1698/1698 1696/1696/1696 2098/2098/2098
f 1696/1696/1696 1693/1693/1693 2101/2101/2101
f 2098/2098/2098 1696/1696/1696 2101/2101/2101
f 1839/1839/1839 1873/1873/1873 2103/2103/2103
f 1873/1873/1873 1698/1698/1698 2098/2098/2098
f 1833/1833/1833 1835/1835/1835 1475/1475/1475
f 1836/1836/1836 1840/1840/1840 2085/2085/2085
f 1475/1475/1475 1835/1835/1835 2086/2086/2086
f 1877/1877/1877 1875/1875/1875 1473/1473/1473
f 1875/1875/1875 1833/1833/1833 1473/1473/1473
f 1883/1883/1883 1880/1880/1880 1482/1482/1482
f 1879/1879/1879 1876/1876/1876 1479/1479/1479
f 1482/1482/1482 1880/1880/1880 1480/1480/1480
f 1505/1505/1505 1886/1886/1886 1491/1491/1491
f 1884/1884/1884 1883/1883/1883 1482/1482/1482
f 1497/1497/1497 1498/1498/1498 1504/1504/1504
f 1494/1494/1494 1497/1497/1497 1504/1504/1504
f 1884/1884/1884 1482/1482/1482 1490/1490/1490
f 1473/1473/1473 1833/1833/1833 1475/1475/1475
f 1873/1873/1873 2098/2098/2098 2103/2103/2103
f 1686/1686/1686 1406/1406/1406 1413/1413/1413
f 1690/1690/1690 1400/1400/1400 1404/1404/1404
f 1490/1490/1490 1494/1494/1494 1504/1504/1504
f 1685/1685/1685 1404/1404/1404 1406/1406/1406
f 1693/1693/1693 1413/1413/1413 1417/1417/1417
f 1477/1477/1477 1480/1480/1480 1877/1877/1877
f 1473/1473/1473 1477/1477/1477 1877/1877/1877
f 1693/1693/1693 1417/1417/1417 2101/2101/2101
f 1839/1839/1839 2103/2103/2103 2089/2089/2089
f 1266/1266/1266 1255/1255/1255 1256/1256/1256
f 1254/1254/1254 1262/1262/1262 1257/1257/1257
f 1260/1260/1260 2074/2074/2074 1261/1261/1261
f 1259/1259/1259 1269/1269/1269 1264/1264/1264
f 1265/1265/1265 1270/1270/1270 1269/1269/1269
f 1370/1370/1370 1266/1266/1266 1256/1256/1256
f 1269/1269/1269 1277/1277/1277 1271/1271/1271
f 1264/1264/1264 1271/1271/1271 1273/1273/1273
f 1495/1495/1495 1271/1271/1271 1276/1276/1276
f 1276/1276/1276 1277/1277/1277 1280/1280/1280
f 1280/1280/1280 1281/1281/1281 1284/1284/1284
f 1270/1270/1270 1281/1281/1281 1277/1277/1277
f 1288/1288/1288 1281/1281/1281 1282/1282/1282
f 1284/1284/1284 1285/1285/1285 1286/1286/1286
f 1291/1291/1291 1285/1285/1285 1289/1289/1289
f 1293/1293/1293 1285/1285/1285 1288/1288/1288
f 1291/1291/1291 1292/1292/1292 2119/2119/2119
f 1296/1296/1296 1289/1289/1289 1293/1293/1293
f 1367/1367/1367 1293/1293/1293 1288/1288/1288
f 1297/1297/1297 1293/1293/1293 1295/1295/1295
f 1300/1300/1300 1296/1296/1296 1297/1297/1297
f 1299/1299/1299 1292/1292/1292 1296/1296/1296
f 1357/1357/1357 1299/1299/1299 1300/1300/1300
f 1302/1302/1302 1303/1303/1303 1299/1299/1299
f 1304/1304/1304 1292/1292/1292 1303/1303/1303
f 1309/1309/1309 1303/1303/1303 1306/1306/1306
f 1311/1311/1311 1306/1306/1306 1307/1307/1307
f 1302/1302/1302 1307/1307/1307 1306/1306/1306
f 1311/1311/1311 1316/1316/1316 1313/1313/1313
f 1313/1313/1313 1324/1324/1324 1320/1320/1320
f 1320/1320/1320 1326/1326/1326 1322/1322/1322
f 1327/1327/1327 1324/1324/1324 1325/1325/1325
f 1325/1325/1325 1316/1316/1316 1353/1353/1353
f 1327/1327/1327 1328/1328/1328 1326/1326/1326
f 1322/1322/1322 1328/1328/1328 1330/1330/1330
f 1330/1330/1330 1332/1332/1332 2115/2115/2115
f 1333/1333/1333 1332/1332/1332 1328/1328/1328
f 1338/1338/1338 1333/1333/1333 1327/1327/1327
f 1335/1335/1335 1334/1334/1334 1333/1333/1333
f 1344/1344/1344 1336/1336/1336 1337/1337/1337
f 1337/1337/1337 1339/1339/1339 1346/1346/1346
f 1340/1340/1340 2118/2118/2118 1334/1334/1334
f 1345/1345/1345 1341/1341/1341 1344/1344/1344
f 1347/1347/1347 1339/1339/1339 1349/1349/1349
f 1348/1348/1348 1349/1349/1349 1351/1351/1351
f 1350/1350/1350 1327/1327/1327 1325/1325/1325
f 1352/1352/1352 1325/1325/1325 1353/1353/1353
f 1348/1348/1348 1354/1354/1354 1356/1356/1356
f 1355/1355/1355 1353/1353/1353 1359/1359/1359
f 1356/1356/1356 1358/1358/1358 1360/1360/1360
f 1355/1355/1355 1302/1302/1302 1357/1357/1357
f 1359/1359/1359 1316/1316/1316 1307/1307/1307
f 1361/1361/1361 1358/1358/1358 1301/1301/1301
f 1361/1361/1361 1298/1298/1298 1362/1362/1362
f 1362/1362/1362 1294/1294/1294 1363/1363/1363
f 1363/1363/1363 1366/1366/1366 1364/1364/1364
f 1364/1364/1364 1368/1368/1368 1365/1365/1365
f 1369/1369/1369 1288/1288/1288 1282/1282/1282
f 1267/1267/1267 1282/1282/1282 1270/1270/1270
f 1365/1365/1365 1268/1268/1268 1370/1370/1370
f 1372/1372/1372 1374/1374/1374 1371/1371/1371
f 1371/1371/1371 1342/1342/1342 1345/1345/1345
f 1373/1373/1373 2118/2118/2118 1343/1343/1343
f 1376/1376/1376 1375/1375/1375 1373/1373/1373
f 1378/1378/1378 1380/1380/1380 1376/1376/1376
f 1372/1372/1372 1379/1379/1379 1377/1377/1377
f 1380/1380/1380 2112/2112/2112 1375/1375/1375
f 1382/1382/1382 1381/1381/1381 1380/1380/1380
f 1386/1386/1386 1382/1382/1382 1378/1378/1378
f 1391/1391/1391 1382/1382/1382 1385/1385/1385
f 1388/1388/1388 1389/1389/1389 1384/1384/1384
f 1384/1384/1384 1396/1396/1396 1390/1390/1390
f 1393/1393/1393 1383/1383/1383 1391/1391/1391
f 1392/1392/1392 1396/1396/1396 1398/1398/1398
f 1389/1389/1389 1397/1397/1397 1396/1396/1396
f 1398/1398/1398 1397/1397/1397 1402/1402/1402
f 1402/1402/1402 1407/1407/1407 1403/1403/1403
f 1403/1403/1403 1409/1409/1409 1405/1405/1405
f 1408/1408/1408 1397/1397/1397 1438/1438/1438
f 1410/1410/1410 1407/1407/1407 1408/1408/1408
f 1414/1414/1414 1409/1409/1409 1410/1410/1410
f 1405/1405/1405 1411/1411/1411 1412/1412/1412
f 1416/1416/1416 1411/1411/1411 1415/1415/1415
f 1419/1419/1419 1411/1411/1411 1414/1414/1414
f 2100/2100/2100 1415/1415/1415 1418/1418/1418
f 1419/1419/1419 1418/1418/1418 1415/1415/1415
f 1425/1425/1425 1419/1419/1419 1421/1421/1421
f 1423/1423/1423 1419/1419/1419 1414/1414/1414
f 1427/1427/1427 1424/1424/1424 1429/1429/1429
f 1427/1427/1427 1426/1426/1426 1422/1422/1422
f 1430/1430/1430 1424/1424/1424 1432/1432/1432
f 1431/1431/1431 1432/1432/1432 1434/1434/1434
f 1423/1423/1423 1410/1410/1410 1433/1433/1433
f 1435/1435/1435 1410/1410/1410 1408/1408/1408
f 1436/1436/1436 1408/1408/1408 1438/1438/1438
f 1441/1441/1441 1434/1434/1434 1437/1437/1437
f 1439/1439/1439 1438/1438/1438 1389/1389/1389
f 1441/1441/1441 1440/1440/1440 1442/1442/1442
f 1388/1388/1388 1442/1442/1442 1440/1440/1440
f 1445/1445/1445 1387/1387/1387 1379/1379/1379
f 1449/1449/1449 1447/1447/1447 1446/1446/1446
f 1446/1446/1446 1426/1426/1426 1428/1428/1428
f 1452/1452/1452 1450/1450/1450 1449/1449/1449
f 1452/1452/1452 1462/1462/1462 1454/1454/1454
f 1457/1457/1457 1459/1459/1459 1456/1456/1456
f 1456/1456/1456 1462/1462/1462 1455/1455/1455
f 1461/1461/1461 1460/1460/1460 2091/2091/2091
f 1458/1458/1458 1467/1467/1467 1460/1460/1460
f 1464/1464/1464 1468/1468/1468 1467/1467/1467
f 1457/1457/1457 1465/1465/1465 1463/1463/1463
f 1460/1460/1460 1469/1469/1469 1471/1471/1471
f 1468/1468/1468 1469/1469/1469 1467/1467/1467
f 1472/1472/1472 1470/1470/1470 1476/1476/1476
f 1474/1474/1474 1469/1469/1469 1472/1472/1472
f 1476/1476/1476 1483/1483/1483 1478/1478/1478
f 1481/1481/1481 1483/1483/1483 1485/1485/1485
f 1468/1468/1468 1483/1483/1483 1470/1470/1470
f 1484/1484/1484 1485/1485/1485 1483/1483/1483
f 1486/1486/1486 1487/1487/1487 1485/1485/1485
f 1492/1492/1492 1485/1485/1485 1487/1487/1487
f 1488/1488/1488 1489/1489/1489 1487/1487/1487
f 1493/1493/1493 1487/1487/1487 1489/1489/1489
f 1496/1496/1496 1489/1489/1489 1272/1272/1272
f 1500/1500/1500 1512/1512/1512 1507/1507/1507
f 1499/1499/1499 1509/1509/1509 1506/1506/1506
f 1510/1510/1510 1509/1509/1509 1508/1508/1508
f 1507/1507/1507 1513/1513/1513 1511/1511/1511
f 1513/1513/1513 1514/1514/1514 1518/1518/1518
f 1503/1503/1503 1514/1514/1514 1512/1512/1512
f 1516/1516/1516 1515/1515/1515 1514/1514/1514
f 1519/1519/1519 1514/1514/1514 1515/1515/1515
f 1520/1520/1520 1519/1519/1519 1523/1523/1523
f 1521/1521/1521 1518/1518/1518 1520/1520/1520
f 1893/1893/1893 1520/1520/1520 1522/1522/1522
f 1524/1524/1524 1520/1520/1520 1523/1523/1523
f 1527/1527/1527 1523/1523/1523 1525/1525/1525
f 1523/1523/1523 1526/1526/1526 1525/1525/1525
f 1528/1528/1528 1526/1526/1526 1531/1531/1531
f 1527/1527/1527 1528/1528/1528 1530/1530/1530
f 1528/1528/1528 1532/1532/1532 1529/1529/1529
f 1530/1530/1530 1529/1529/1529 1910/1910/1910
f 1531/1531/1531 1537/1537/1537 1532/1532/1532
f 1526/1526/1526 1533/1533/1533 1531/1531/1531
f 1539/1539/1539 1533/1533/1533 1535/1535/1535
f 2070/2070/2070 1533/1533/1533 1536/1536/1536
f 1532/1532/1532 1538/1538/1538 1915/1915/1915
f 1541/1541/1541 1537/1537/1537 1539/1539/1539
f 1543/1543/1543 1538/1538/1538 1541/1541/1541
f 1547/1547/1547 1549/1549/1549 1543/1543/1543
f 1550/1550/1550 1538/1538/1538 1549/1549/1549
f 1550/1550/1550 1551/1551/1551 1553/1553/1553
f 1547/1547/1547 1552/1552/1552 1551/1551/1551
f 1553/1553/1553 1552/1552/1552 1555/1555/1555
f 1554/1554/1554 1550/1550/1550 1553/1553/1553
f 1554/1554/1554 1555/1555/1555 1556/1556/1556
f 1555/1555/1555 1559/1559/1559 1557/1557/1557
f 1556/1556/1556 1557/1557/1557 1560/1560/1560
f 1562/1562/1562 1557/1557/1557 1558/1558/1558
f 1558/1558/1558 1559/1559/1559 1571/1571/1571
f 1561/1561/1561 1556/1556/1556 1560/1560/1560
f 1563/1563/1563 1560/1560/1560 1562/1562/1562
f 1563/1563/1563 1564/1564/1564 1566/1566/1566
f 1564/1564/1564 1558/1558/1558 1567/1567/1567
f 1564/1564/1564 1568/1568/1568 1565/1565/1565
f 1566/1566/1566 1565/1565/1565 1986/1986/1986
f 1568/1568/1568 1569/1569/1569 1570/1570/1570
f 1567/1567/1567 1571/1571/1571 1569/1569/1569
f 1572/1572/1572 1570/1570/1570 1569/1569/1569
f 1576/1576/1576 1569/1569/1569 1571/1571/1571
f 1581/1581/1581 1571/1571/1571 1559/1559/1559
f 1583/1583/1583 1559/1559/1559 1552/1552/1552
f 1587/1587/1587 1570/1570/1570 1574/1574/1574
f 1590/1590/1590 1592/1592/1592 1587/1587/1587
f 1595/1595/1595 1592/1592/1592 1593/1593/1593
f 1594/1594/1594 1570/1570/1570 1592/1592/1592
f 1596/1596/1596 1595/1595/1595 1598/1598/1598
f 1596/1596/1596 1568/1568/1568 1594/1594/1594
f 1986/1986/1986 1596/1596/1596 1597/1597/1597
f 1599/1599/1599 1596/1596/1596 1598/1598/1598
f 1599/1599/1599 1600/1600/1600 1602/1602/1602
f 1600/1600/1600 1595/1595/1595 1603/1603/1603
f 1600/1600/1600 1604/1604/1604 1601/1601/1601
f 1602/1602/1602 1601/1601/1601 2067/2067/2067
f 1604/1604/1604 1605/1605/1605 1606/1606/1606
f 1595/1595/1595 1605/1605/1605 1603/1603/1603
f 1609/1609/1609 1605/1605/1605 1608/1608/1608
f 1608/1608/1608 1593/1593/1593 1590/1590/1590
f 1613/1613/1613 1606/1606/1606 1609/1609/1609
f 1614/1614/1614 1622/1622/1622 1619/1619/1619
f 1618/1618/1618 1604/1604/1604 1606/1606/1606
f 1619/1619/1619 1624/1624/1624 1620/1620/1620
f 1624/1624/1624 1623/1623/1623 1626/1626/1626
f 1615/1615/1615 1623/1623/1623 1622/1622/1622
f 1620/1620/1620 1625/1625/1625 2069/2069/2069
f 1625/1625/1625 1626/1626/1626 1628/1628/1628
f 1628/1628/1628 1627/1627/1627 1629/1629/1629
f 1626/1626/1626 1682/1682/1682 1627/1627/1627
f 1631/1631/1631 1628/1628/1628 1630/1630/1630
f 1632/1632/1632 1628/1628/1628 1629/1629/1629
f 1636/1636/1636 1630/1630/1630 1633/1633/1633
f 1634/1634/1634 1630/1630/1630 1632/1632/1632
f 1635/1635/1635 1634/1634/1634 2066/2066/2066
f 1637/1637/1637 1633/1633/1633 1635/1635/1635
f 1638/1638/1638 1637/1637/1637 1643/1643/1643
f 1641/1641/1641 1636/1636/1636 1638/1638/1638
f 1640/1640/1640 1642/1642/1642 2067/2067/2067
f 1639/1639/1639 1645/1645/1645 1642/1642/1642
f 1643/1643/1643 1651/1651/1651 1646/1646/1646
f 1647/1647/1647 1645/1645/1645 1644/1644/1644
f 1647/1647/1647 2033/2033/2033 1648/1648/1648
f 1646/1646/1646 1652/1652/1652 1649/1649/1649
f 1652/1652/1652 1653/1653/1653 1655/1655/1655
f 1653/1653/1653 1637/1637/1637 1635/1635/1635
f 1653/1653/1653 2066/2066/2066 1654/1654/1654
f 1655/1655/1655 1654/1654/1654 1657/1657/1657
f 1658/1658/1658 1655/1655/1655 1657/1657/1657
f 2040/2040/2040 1655/1655/1655 1656/1656/1656
f 1658/1658/1658 1659/1659/1659 1660/1660/1660
f 1659/1659/1659 1654/1654/1654 1661/1661/1661
f 1664/1664/1664 1659/1659/1659 1662/1662/1662
f 1662/1662/1662 1661/1661/1661 1665/1665/1665
f 1664/1664/1664 1663/1663/1663 1723/1723/1723
f 1663/1663/1663 1665/1665/1665 1666/1666/1666
f 1665/1665/1665 1668/1668/1668 1666/1666/1666
f 1665/1665/1665 1669/1669/1669 1667/1667/1667
f 1668/1668/1668 1670/1670/1670 1671/1671/1671
f 1669/1669/1669 1670/1670/1670 1667/1667/1667
f 1670/1670/1670 1674/1674/1674 1671/1671/1671
f 1670/1670/1670 1675/1675/1675 1673/1673/1673
f 1673/1673/1673 1677/1677/1677 1674/1674/1674
f 1675/1675/1675 1676/1676/1676 1673/1673/1673
f 1677/1677/1677 1678/1678/1678 2065/2065/2065
f 1679/1679/1679 1678/1678/1678 1676/1676/1676
f 1632/1632/1632 1679/1679/1679 1675/1675/1675
f 1679/1679/1679 1627/1627/1627 1680/1680/1680
f 1678/1678/1678 1681/1681/1681 1683/1683/1683
f 1627/1627/1627 1681/1681/1681 1680/1680/1680
f 1688/1688/1688 1681/1681/1681 1682/1682/1682
f 1684/1684/1684 1683/1683/1683 1681/1681/1681
f 1692/1692/1692 1682/1682/1682 1623/1623/1623
f 1694/1694/1694 1683/1683/1683 1687/1687/1687
f 1697/1697/1697 1695/1695/1695 1694/1694/1694
f 1699/1699/1699 1700/1700/1700 1697/1697/1697
f 2065/2065/2065 1700/1700/1700 1701/1701/1701
f 1704/1704/1704 1700/1700/1700 1702/1702/1702
f 1872/1872/1872 1702/1702/1702 1699/1699/1699
f 1705/1705/1705 1702/1702/1702 1703/1703/1703
f 1707/1707/1707 1704/1704/1704 1705/1705/1705
f 1709/1709/1709 1704/1704/1704 1706/1706/1706
f 1708/1708/1708 1707/1707/1707 1848/1848/1848
f 1708/1708/1708 1709/1709/1709 1706/1706/1706
f 1710/1710/1710 1677/1677/1677 1709/1709/1709
f 1677/1677/1677 1701/1701/1701 1709/1709/1709
f 1671/1671/1671 1710/1710/1710 1711/1711/1711
f 1711/1711/1711 1708/1708/1708 1713/1713/1713
f 1712/1712/1712 1671/1671/1671 1711/1711/1711
f 1712/1712/1712 1713/1713/1713 1715/1715/1715
f 1715/1715/1715 1714/1714/1714 1716/1716/1716
f 1714/1714/1714 1708/1708/1708 1848/1848/1848
f 1718/1718/1718 1715/1715/1715 1716/1716/1716
f 1717/1717/1717 1712/1712/1712 1715/1715/1715
f 1719/1719/1719 1718/1718/1718 2064/2064/2064
f 1721/1721/1721 1717/1717/1717 1719/1719/1719
f 1721/1721/1721 1666/1666/1666 1720/1720/1720
f 1720/1720/1720 1668/1668/1668 1712/1712/1712
f 1724/1724/1724 1721/1721/1721 1719/1719/1719
f 1722/1722/1722 1663/1663/1663 1721/1721/1721
f 1726/1726/1726 1723/1723/1723 1722/1722/1722
f 1730/1730/1730 1722/1722/1722 1724/1724/1724
f 1725/1725/1725 2054/2054/2054 1728/1728/1728
f 1731/1731/1731 1727/1727/1727 1725/1725/1725
f 1734/1734/1734 1732/1732/1732 1731/1731/1731
f 1733/1733/1733 1724/1724/1724 1736/1736/1736
f 1734/1734/1734 1739/1739/1739 1735/1735/1735
f 1733/1733/1733 1742/1742/1742 1737/1737/1737
f 1741/1741/1741 1739/1739/1739 1738/1738/1738
f 1737/1737/1737 1744/1744/1744 1740/1740/1740
f 1736/1736/1736 1743/1743/1743 1742/1742/1742
f 1742/1742/1742 1745/1745/1745 1744/1744/1744
f 1740/1740/1740 1746/1746/1746 1749/1749/1749
f 1744/1744/1744 1747/1747/1747 1746/1746/1746
f 1746/1746/1746 1871/1871/1871 1748/1748/1748
f 1749/1749/1749 1748/1748/1748 1753/1753/1753
f 1752/1752/1752 1751/1751/1751 1750/1750/1750
f 1750/1750/1750 2063/2063/2063 1741/1741/1741
f 1755/1755/1755 1754/1754/1754 1752/1752/1752
f 1753/1753/1753 1760/1760/1760 1756/1756/1756
f 1759/1759/1759 1757/1757/1757 1755/1755/1755
f 1758/1758/1758 1760/1760/1760 1762/1762/1762
f 1762/1762/1762 1761/1761/1761 1763/1763/1763
f 1748/1748/1748 1761/1761/1761 1760/1760/1760
f 1764/1764/1764 1763/1763/1763 1765/1765/1765
f 1767/1767/1767 1762/1762/1762 1764/1764/1764
f 1766/1766/1766 1765/1765/1765 2062/2062/2062
f 1770/1770/1770 1764/1764/1764 1766/1766/1766
f 1769/1769/1769 1771/1771/1771 1768/1768/1768
f 1768/1768/1768 1772/1772/1772 1759/1759/1759
f 1777/1777/1777 1773/1773/1773 1769/1769/1769
f 1781/1781/1781 1774/1774/1774 1777/1777/1777
f 1779/1779/1779 1783/1783/1783 1785/1785/1785
f 1778/1778/1778 1766/1766/1766 1783/1783/1783
f 1766/1766/1766 1784/1784/1784 1783/1783/1783
f 1787/1787/1787 1783/1783/1783 1784/1784/1784
f 1780/1780/1780 1789/1789/1789 1791/1791/1791
f 1786/1786/1786 1793/1793/1793 1789/1789/1789
f 1791/1791/1791 1792/1792/1792 1938/1938/1938
f 1789/1789/1789 1794/1794/1794 1792/1792/1792
f 1793/1793/1793 1796/1796/1796 1794/1794/1794
f 1798/1798/1798 1793/1793/1793 1788/1788/1788
f 1795/1795/1795 1899/1899/1899 1796/1796/1796
f 1800/1800/1800 1795/1795/1795 1798/1798/1798
f 1799/1799/1799 1784/1784/1784 1802/1802/1802
f 1799/1799/1799 1804/1804/1804 1801/1801/1801
f 1784/1784/1784 1803/1803/1803 1802/1802/1802
f 1802/1802/1802 1806/1806/1806 1804/1804/1804
f 1894/1894/1894 1804/1804/1804 1805/1805/1805
f 1804/1804/1804 1808/1808/1808 1805/1805/1805
f 1803/1803/1803 1807/1807/1807 1806/1806/1806
f 1807/1807/1807 1808/1808/1808 1806/1806/1806
f 1808/1808/1808 1812/1812/1812 1810/1810/1810
f 1805/1805/1805 1810/1810/1810 1811/1811/1811
f 1811/1811/1811 1813/1813/1813 1814/1814/1814
f 1812/1812/1812 1813/1813/1813 1810/1810/1810
f 1814/1814/1814 1815/1815/1815 1888/1888/1888
f 1816/1816/1816 1815/1815/1815 1813/1813/1813
f 1863/1863/1863 1816/1816/1816 1812/1812/1812
f 1816/1816/1816 1820/1820/1820 1818/1818/1818
f 1818/1818/1818 1887/1887/1887 1815/1815/1815
f 1818/1818/1818 1821/1821/1821 1819/1819/1819
f 1822/1822/1822 1821/1821/1821 1820/1820/1820
f 1823/1823/1823 1820/1820/1820 1817/1817/1817
f 1826/1826/1826 1822/1822/1822 1823/1823/1823
f 1825/1825/1825 1824/1824/1824 1822/1822/1822
f 1826/1826/1826 1828/1828/1828 1825/1825/1825
f 1825/1825/1825 1831/1831/1831 1827/1827/1827
f 1829/1829/1829 1830/1830/1830 1828/1828/1828
f 1828/1828/1828 1834/1834/1834 1831/1831/1831
f 1832/1832/1832 1827/1827/1827 1831/1831/1831
f 1837/1837/1837 1831/1831/1831 1834/1834/1834
f 1841/1841/1841 1834/1834/1834 1838/1838/1838
f 1830/1830/1830 1838/1838/1838 1834/1834/1834
f 1841/1841/1841 1703/1703/1703 1872/1872/1872
f 1705/1705/1705 1838/1838/1838 1842/1842/1842
f 1707/1707/1707 1842/1842/1842 1843/1843/1843
f 1843/1843/1843 1830/1830/1830 1844/1844/1844
f 1846/1846/1846 1843/1843/1843 1844/1844/1844
f 1848/1848/1848 1843/1843/1843 1845/1845/1845
f 1847/1847/1847 1846/1846/1846 1849/1849/1849
f 1714/1714/1714 1845/1845/1845 1847/1847/1847
f 1851/1851/1851 1847/1847/1847 1849/1849/1849
f 1716/1716/1716 1847/1847/1847 1850/1850/1850
f 1853/1853/1853 1850/1850/1850 1851/1851/1851
f 1718/1718/1718 1850/1850/1850 1852/1852/1852
f 1743/1743/1743 1853/1853/1853 1745/1745/1745
f 2064/2064/2064 1852/1852/1852 1743/1743/1743
f 1747/1747/1747 1853/1853/1853 1854/1854/1854
f 1854/1854/1854 1851/1851/1851 1856/1856/1856
f 1854/1854/1854 1857/1857/1857 1855/1855/1855
f 1871/1871/1871 1854/1854/1854 1855/1855/1855
f 1857/1857/1857 1858/1858/1858 1859/1859/1859
f 1856/1856/1856 1849/1849/1849 1858/1858/1858
f 1859/1859/1859 1860/1860/1860 1861/1861/1861
f 1849/1849/1849 1860/1860/1860 1858/1858/1858
f 1860/1860/1860 1826/1826/1826 1861/1861/1861
f 1860/1860/1860 1844/1844/1844 1829/1829/1829
f 1864/1864/1864 1861/1861/1861 1862/1862/1862
f 1862/1862/1862 1826/1826/1826 1823/1823/1823
f 1865/1865/1865 1862/1862/1862 1863/1863/1863
f 1862/1862/1862 1817/1817/1817 1863/1863/1863
f 1866/1866/1866 1865/1865/1865 1867/1867/1867
f 1866/1866/1866 1859/1859/1859 1864/1864/1864
f 1868/1868/1868 1867/1867/1867 1869/1869/1869
f 1855/1855/1855 1866/1866/1866 1868/1868/1868
f 1763/1763/1763 1868/1868/1868 1869/1869/1869
f 1871/1871/1871 1868/1868/1868 1761/1761/1761
f 1763/1763/1763 1870/1870/1870 1765/1765/1765
f 1870/1870/1870 1867/1867/1867 1807/1807/1807
f 2062/2062/2062 1870/1870/1870 1803/1803/1803
f 1867/1867/1867 1809/1809/1809 1807/1807/1807
f 1865/1865/1865 1812/1812/1812 1809/1809/1809
f 1874/1874/1874 1824/1824/1824 1827/1827/1827
f 1881/1881/1881 1824/1824/1824 1878/1878/1878
f 1882/1882/1882 1821/1821/1821 1881/1881/1881
f 1885/1885/1885 1819/1819/1819 1882/1882/1882
f 1506/1506/1506 1887/1887/1887 1885/1885/1885
f 1815/1815/1815 1509/1509/1509 1888/1888/1888
f 1510/1510/1510 1814/1814/1814 1888/1888/1888
f 1891/1891/1891 1814/1814/1814 1890/1890/1890
f 1511/1511/1511 1521/1521/1521 1889/1889/1889
f 1892/1892/1892 1521/1521/1521 1893/1893/1893
f 1894/1894/1894 1811/1811/1811 1891/1891/1891
f 1892/1892/1892 1896/1896/1896 1895/1895/1895
f 1895/1895/1895 1797/1797/1797 1800/1800/1800
f 1797/1797/1797 1897/1897/1897 1899/1899/1899
f 1896/1896/1896 1522/1522/1522 1897/1897/1897
f 1900/1900/1900 1897/1897/1897 1898/1898/1898
f 1897/1897/1897 1524/1524/1524 1898/1898/1898
f 1796/1796/1796 1900/1900/1900 1901/1901/1901
f 1900/1900/1900 1905/1905/1905 1902/1902/1902
f 1904/1904/1904 1900/1900/1900 1902/1902/1902
f 1904/1904/1904 1903/1903/1903 1926/1926/1926
f 1903/1903/1903 1905/1905/1905 1906/1906/1906
f 1898/1898/1898 1527/1527/1527 1905/1905/1905
f 1906/1906/1906 1527/1527/1527 1530/1530/1530
f 1903/1903/1903 1907/1907/1907 1909/1909/1909
f 1906/1906/1906 1910/1910/1910 1907/1907/1907
f 1908/1908/1908 1910/1910/1910 1911/1911/1911
f 1909/1909/1909 1908/1908/1908 1922/1922/1922
f 1910/1910/1910 1913/1913/1913 1911/1911/1911
f 1911/1911/1911 1914/1914/1914 1912/1912/1912
f 1908/1908/1908 1912/1912/1912 1917/1917/1917
f 1529/1529/1529 1915/1915/1915 1913/1913/1913
f 1913/1913/1913 1550/1550/1550 1914/1914/1914
f 1912/1912/1912 1554/1554/1554 1916/1916/1916
f 1918/1918/1918 1912/1912/1912 1916/1916/1916
f 1919/1919/1919 1918/1918/1918 1920/1920/1920
f 1922/1922/1922 1917/1917/1917 1919/1919/1919
f 1921/1921/1921 1920/1920/1920 1963/1963/1963
f 1921/1921/1921 1922/1922/1922 1919/1919/1919
f 1923/1923/1923 1909/1909/1909 1922/1922/1922
f 1924/1924/1924 1921/1921/1921 1961/1961/1961
f 1924/1924/1924 1925/1925/1925 1923/1923/1923
f 1929/1929/1929 1925/1925/1925 1927/1927/1927
f 1925/1925/1925 1903/1903/1903 1909/1909/1909
f 1930/1930/1930 1927/1927/1927 1928/1928/1928
f 1928/1928/1928 1924/1924/1924 1960/1960/1960
f 1930/1930/1930 1931/1931/1931 1929/1929/1929
f 1931/1931/1931 1926/1926/1926 1929/1929/1929
f 1932/1932/1932 1933/1933/1933 1931/1931/1931
f 1933/1933/1933 1904/1904/1904 1931/1931/1931
f 1792/1792/1792 1933/1933/1933 1934/1934/1934
f 1933/1933/1933 1796/1796/1796 1901/1901/1901
f 1936/1936/1936 1932/1932/1932 1940/1940/1940
f 1938/1938/1938 1934/1934/1934 1936/1936/1936
f 1935/1935/1935 2060/2060/2060 1937/1937/1937
f 1941/1941/1941 1939/1939/1939 1935/1935/1935
f 1943/1943/1943 1942/1942/1942 1941/1941/1941
f 1940/1940/1940 1930/1930/1930 1944/1944/1944
f 1946/1946/1946 1947/1947/1947 1943/1943/1943
f 1945/1945/1945 1930/1930/1930 1928/1928/1928
f 1951/1951/1951 1948/1948/1948 1946/1946/1946
f 1955/1955/1955 1949/1949/1949 1951/1951/1951
f 1957/1957/1957 1952/1952/1952 1955/1955/1955
f 1956/1956/1956 1958/1958/1958 1959/1959/1959
f 1954/1954/1954 1960/1960/1960 1958/1958/1958
f 1959/1959/1959 1961/1961/1961 1962/1962/1962
f 1960/1960/1960 1961/1961/1961 1958/1958/1958
f 1961/1961/1961 1963/1963/1963 1962/1962/1962
f 1962/1962/1962 1967/1967/1967 1964/1964/1964
f 1959/1959/1959 1964/1964/1964 1965/1965/1965
f 1965/1965/1965 1966/1966/1966 2009/2009/2009
f 1966/1966/1966 1967/1967/1967 1969/1969/1969
f 1963/1963/1963 1968/1968/1968 1967/1967/1967
f 1967/1967/1967 1970/1970/1970 1969/1969/1969
f 1966/1966/1966 1971/1971/1971 1972/1972/1972
f 1971/1971/1971 1970/1970/1970 1973/1973/1973
f 1972/1972/1972 1974/1974/1974 1976/1976/1976
f 1971/1971/1971 1977/1977/1977 1974/1974/1974
f 1975/1975/1975 1977/1977/1977 1978/1978/1978
f 1999/1999/1999 1974/1974/1974 1975/1975/1975
f 1978/1978/1978 1979/1979/1979 1980/1980/1980
f 1973/1973/1973 1979/1979/1979 1977/1977/1977
f 1980/1980/1980 1566/1566/1566 1986/1986/1986
f 1979/1979/1979 1563/1563/1563 1566/1566/1566
f 1970/1970/1970 1981/1981/1981 1973/1973/1973
f 1982/1982/1982 1563/1563/1563 1981/1981/1981
f 1968/1968/1968 1982/1982/1982 1970/1970/1970
f 1983/1983/1983 1561/1561/1561 1982/1982/1982
f 1920/1920/1920 1983/1983/1983 1968/1968/1968
f 1918/1918/1918 1984/1984/1984 1983/1983/1983
f 1916/1916/1916 1556/1556/1556 1984/1984/1984
f 1980/1980/1980 1597/1597/1597 1985/1985/1985
f 1978/1978/1978 1985/1985/1985 1987/1987/1987
f 1987/1987/1987 1988/1988/1988 1989/1989/1989
f 1985/1985/1985 1599/1599/1599 1988/1988/1988
f 1989/1989/1989 1990/1990/1990 1991/1991/1991
f 1990/1990/1990 1599/1599/1599 1602/1602/1602
f 1990/1990/1990 2067/2067/2067 1642/1642/1642
f 1645/1645/1645 1990/1990/1990 1642/1642/1642
f 1992/1992/1992 1989/1989/1989 1991/1991/1991
f 1992/1992/1992 1645/1645/1645 1648/1648/1648
f 2033/2033/2033 1992/1992/1992 1648/1648/1648
f 1993/1993/1993 1994/1994/1994 1992/1992/1992
f 1997/1997/1997 1994/1994/1994 1995/1995/1995
f 1994/1994/1994 1987/1987/1987 1989/1989/1989
f 1997/1997/1997 1975/1975/1975 1996/1996/1996
f 1975/1975/1975 1987/1987/1987 1996/1996/1996
f 1998/1998/1998 1995/1995/1995 2028/2028/2028
f 1998/1998/1998 1999/1999/1999 1997/1997/1997
f 2000/2000/2000 1976/1976/1976 1999/1999/1999
f 2021/2021/2021 2000/2000/2000 1998/1998/1998
f 2001/2001/2001 2003/2003/2003 2000/2000/2000
f 2007/2007/2007 2003/2003/2003 2004/2004/2004
f 2003/2003/2003 1972/1972/1972 1976/1976/1976
f 2011/2011/2011 2006/2006/2006 2007/2007/2007
f 2009/2009/2009 1972/1972/1972 2006/2006/2006
f 2013/2013/2013 2009/2009/2009 2011/2011/2011
f 2008/2008/2008 2012/2012/2012 2010/2010/2010
f 2010/2010/2010 2015/2015/2015 2014/2014/2014
f 2014/2014/2014 1953/1953/1953 1957/1957/1957
f 1956/1956/1956 1965/1965/1965 2013/2013/2013
f 2005/2005/2005 2016/2016/2016 2008/2008/2008
f 2002/2002/2002 2017/2017/2017 2005/2005/2005
f 2020/2020/2020 2018/2018/2018 2002/2002/2002
f 2025/2025/2025 2019/2019/2019 2020/2020/2020
f 2026/2026/2026 2022/2022/2022 2025/2025/2025
f 2027/2027/2027 2028/2028/2028 2029/2029/2029
f 2024/2024/2024 1998/1998/1998 2028/2028/2028
f 2028/2028/2028 1993/1993/1993 2029/2029/2029
f 2032/2032/2032 2029/2029/2029 2030/2030/2030
f 2030/2030/2030 1993/1993/1993 2033/2033/2033
f 2039/2039/2039 2030/2030/2030 2034/2034/2034
f 2034/2034/2034 2033/2033/2033 1650/1650/1650
f 2036/2036/2036 2040/2040/2040 2041/2041/2041
f 2035/2035/2035 1652/1652/1652 2040/2040/2040
f 2041/2041/2041 1656/1656/1656 2044/2044/2044
f 2057/2057/2057 2042/2042/2042 2043/2043/2043
f 2045/2045/2045 2043/2043/2043 2042/2042/2042
f 2044/2044/2044 1658/1658/1658 2046/2046/2046
f 2047/2047/2047 2048/2048/2048 2045/2045/2045
f 2051/2051/2051 2049/2049/2049 2047/2047/2047
f 2055/2055/2055 2050/2050/2050 2051/2051/2051
f 1728/1728/1728 2053/2053/2053 2055/2055/2055
f 2052/2052/2052 1664/1664/1664 2056/2056/2056
f 2056/2056/2056 1723/1723/1723 1729/1729/1729
f 2046/2046/2046 1660/1660/1660 2052/2052/2052
f 2038/2038/2038 2059/2059/2059 2031/2031/2031
f 2031/2031/2031 2023/2023/2023 2026/2026/2026
f 1950/1950/1950 1928/1928/1928 1960/1960/1960
f 1937/1937/1937 2061/2061/2061 1790/1790/1790
f 1775/1775/1775 1790/1790/1790 2061/2061/2061
f 1736/1736/1736 1719/1719/1719 2064/2064/2064
f 1678/1678/1678 1695/1695/1695 2065/2065/2065
f 1672/1672/1672 1632/1632/1632 1675/1675/1675
f 1669/1669/1669 1634/1634/1634 1672/1672/1672
f 1654/1654/1654 1669/1669/1669 1661/1661/1661
f 1640/1640/1640 1601/1601/1601 2068/2068/2068
f 1641/1641/1641 1625/1625/1625 1631/1631/1631
f 1621/1621/1621 1601/1601/1601 1604/1604/1604
f 2073/2073/2073 1536/1536/1536 1515/1515/1515
f 1519/1519/1519 1536/1536/1536 1526/1526/1526
f 1263/1263/1263 1489/1489/1489 2074/2074/2074
f 1261/1261/1261 1488/1488/1488 2075/2075/2075
f 2075/2075/2075 1486/1486/1486 2079/2079/2079
f 1257/1257/1257 2076/2076/2076 2077/2077/2077
f 2082/2082/2082 2076/2076/2076 2078/2078/2078
f 2079/2079/2079 1484/1484/1484 2080/2080/2080
f 2083/2083/2083 2078/2078/2078 2081/2081/2081
f 2084/2084/2084 2081/2081/2081 1465/1465/1465
f 1466/1466/1466 1484/1484/1484 1468/1468/1468
f 2087/2087/2087 1471/1471/1471 1474/1474/1474
f 2088/2088/2088 2090/2090/2090 2087/2087/2087
f 2091/2091/2091 2092/2092/2092 2094/2094/2094
f 2091/2091/2091 1471/1471/1471 2090/2090/2090
f 2102/2102/2102 2092/2092/2092 2088/2088/2088
f 2094/2094/2094 2093/2093/2093 2095/2095/2095
f 1453/1453/1453 2091/2091/2091 2094/2094/2094
f 1453/1453/1453 2095/2095/2095 1451/1451/1451
f 2095/2095/2095 2097/2097/2097 2096/2096/2096
f 1451/1451/1451 2096/2096/2096 1448/1448/1448
f 1420/1420/1420 2097/2097/2097 1418/1418/1418
f 1448/1448/1448 1420/1420/1420 1425/1425/1425
f 2099/2099/2099 1418/1418/1418 2097/2097/2097
f 2102/2102/2102 2097/2097/2097 2093/2093/2093
f 2105/2105/2105 1381/1381/1381 1383/1383/1383
f 2107/2107/2107 2112/2112/2112 1381/1381/1381
f 2110/2110/2110 2117/2117/2117 2112/2112/2112
f 2113/2113/2113 1332/1332/1332 2117/2117/2117
f 2118/2118/2118 2112/2112/2112 2117/2117/2117
f 1334/1334/1334 2117/2117/2117 1332/1332/1332
f 891/891/891 890/890/890 887/887/887
f 895/895/895 893/893/893 891/891/891
f 444/444/444 441/441/441 440/440/440
f 440/440/440 437/437/437 434/434/434
f 206/206/206 203/203/203 201/201/201
f 201/201/201 199/199/199 197/197/197
f 610/610/610 609/609/609 607/607/607
f 607/607/607 605/605/605 602/602/602
f 601/601/601 599/599/599 589/589/589
f 315/315/315 313/313/313 311/311/311
f 311/311/311 310/310/310 308/308/308
f 308/308/308 307/307/307 305/305/305
f 510/510/510 556/556/556 554/554/554
f 550/550/550 548/548/548 547/547/547
f 531/531/531 528/528/528 527/527/527
f 659/659/659 661/661/661 662/662/662
f 589/589/589 599/599/599 597/597/597
f 985/985/985 984/984/984 983/983/983
f 974/974/974 973/973/973 970/970/970
f 836/836/836 838/838/838 832/832/832
f 1266/1266/1266 1259/1259/1259 1255/1255/1255
f 1254/1254/1254 1258/1258/1258 1262/1262/1262
f 1260/1260/1260 1263/1263/1263 2074/2074/2074
f 1259/1259/1259 1265/1265/1265 1269/1269/1269
f 1265/1265/1265 1267/1267/1267 1270/1270/1270
f 1370/1370/1370 1268/1268/1268 1266/1266/1266
f 1269/1269/1269 1270/1270/1270 1277/1277/1277
f 1264/1264/1264 1269/1269/1269 1271/1271/1271
f 1495/1495/1495 1273/1273/1273 1271/1271/1271
f 1276/1276/1276 1271/1271/1271 1277/1277/1277
f 1280/1280/1280 1277/1277/1277 1281/1281/1281
f 1270/1270/1270 1282/1282/1282 1281/1281/1281
f 1288/1288/1288 1285/1285/1285 1281/1281/1281
f 1284/1284/1284 1281/1281/1281 1285/1285/1285
f 1291/1291/1291 1286/1286/1286 1285/1285/1285
f 1293/1293/1293 1289/1289/1289 1285/1285/1285
f 1291/1291/1291 1289/1289/1289 1292/1292/1292
f 1296/1296/1296 1292/1292/1292 1289/1289/1289
f 1367/1367/1367 1295/1295/1295 1293/1293/1293
f 1297/1297/1297 1296/1296/1296 1293/1293/1293
f 1300/1300/1300 1299/1299/1299 1296/1296/1296
f 1299/1299/1299 1303/1303/1303 1292/1292/1292
f 1357/1357/1357 1302/1302/1302 1299/1299/1299
f 1302/1302/1302 1306/1306/1306 1303/1303/1303
f 1304/1304/1304 2119/2119/2119 1292/1292/1292
f 1309/1309/1309 1304/1304/1304 1303/1303/1303
f 1311/1311/1311 1309/1309/1309 1306/1306/1306
f 1302/1302/1302 1359/1359/1359 1307/1307/1307
f 1311/1311/1311 1307/1307/1307 1316/1316/1316
f 1313/1313/1313 1316/1316/1316 1324/1324/1324
f 1320/1320/1320 1324/1324/1324 1326/1326/1326
f 1327/1327/1327 1326/1326/1326 1324/1324/1324
f 1325/1325/1325 1324/1324/1324 1316/1316/1316
f 1327/1327/1327 1333/1333/1333 1328/1328/1328
f 1322/1322/1322 1326/1326/1326 1328/1328/1328
f 1330/1330/1330 1328/1328/1328 1332/1332/1332
f 1333/1333/1333 1334/1334/1334 1332/1332/1332
f 1338/1338/1338 1335/1335/1335 1333/1333/1333
f 1335/1335/1335 1340/1340/1340 1334/1334/1334
f 1344/1344/1344 1341/1341/1341 1336/1336/1336
f 1337/1337/1337 1336/1336/1336 1339/1339/1339
f 1340/1340/1340 1343/1343/1343 2118/2118/2118
f 1345/1345/1345 1342/1342/1342 1341/1341/1341
f 1347/1347/1347 1346/1346/1346 1339/1339/1339
f 1348/1348/1348 1347/1347/1347 1349/1349/1349
f 1350/1350/1350 1338/1338/1338 1327/1327/1327
f 1352/1352/1352 1350/1350/1350 1325/1325/1325
f 1348/1348/1348 1351/1351/1351 1354/1354/1354
f 1355/1355/1355 1352/1352/1352 1353/1353/1353
f 1356/1356/1356 1354/1354/1354 1358/1358/1358
f 1355/1355/1355 1359/1359/1359 1302/1302/1302
f 1359/1359/1359 1353/1353/1353 1316/1316/1316
f 1361/1361/1361 1360/1360/1360 1358/1358/1358
f 1361/1361/1361 1301/1301/1301 1298/1298/1298
f 1362/1362/1362 1298/1298/1298 1294/1294/1294
f 1363/1363/1363 1294/1294/1294 1366/1366/1366
f 1364/1364/1364 1366/1366/1366 1368/1368/1368
f 1369/1369/1369 1367/1367/1367 1288/1288/1288
f 1267/1267/1267 1369/1369/1369 1282/1282/1282
f 1365/1365/1365 1368/1368/1368 1268/1268/1268
f 1372/1372/1372 1377/1377/1377 1374/1374/1374
f 1371/1371/1371 1374/1374/1374 1342/1342/1342
f 1373/1373/1373 1375/1375/1375 2118/2118/2118
f 1376/1376/1376 1380/1380/1380 1375/1375/1375
f 1378/1378/1378 1382/1382/1382 1380/1380/1380
f 1372/1372/1372 1445/1445/1445 1379/1379/1379
f 1380/1380/1380 1381/1381/1381 2112/2112/2112
f 1382/1382/1382 1383/1383/1383 1381/1381/1381
f 1386/1386/1386 1385/1385/1385 1382/1382/1382
f 1391/1391/1391 1383/1383/1383 1382/1382/1382
f 1388/1388/1388 1439/1439/1439 1389/1389/1389
f 1384/1384/1384 1389/1389/1389 1396/1396/1396
f 1393/1393/1393 2105/2105/2105 1383/1383/1383
f 1392/1392/1392 1390/1390/1390 1396/1396/1396
f 1389/1389/1389 1438/1438/1438 1397/1397/1397
f 1398/1398/1398 1396/1396/1396 1397/1397/1397
f 1402/1402/1402 1397/1397/1397 1407/1407/1407
f 1403/1403/1403 1407/1407/1407 1409/1409/1409
f 1408/1408/1408 1407/1407/1407 1397/1397/1397
f 1410/1410/1410 1409/1409/1409 1407/1407/1407
f 1414/1414/1414 1411/1411/1411 1409/1409/1409
f 1405/1405/1405 1409/1409/1409 1411/1411/1411
f 1416/1416/1416 1412/1412/1412 1411/1411/1411
f 1419/1419/1419 1415/1415/1415 1411/1411/1411
f 2100/2100/2100 1416/1416/1416 1415/1415/1415
f 1419/1419/1419 1420/1420/1420 1418/1418/1418
f 1425/1425/1425 1420/1420/1420 1419/1419/1419
f 1423/1423/1423 1421/1421/1421 1419/1419/1419
f 1427/1427/1427 1422/1422/1422 1424/1424/1424
f 1427/1427/1427 1428/1428/1428 1426/1426/1426
f 1430/1430/1430 1429/1429/1429 1424/1424/1424
f 1431/1431/1431 1430/1430/1430 1432/1432/1432
f 1423/1423/1423 1414/1414/1414 1410/1410/1410
f 1435/1435/1435 1433/1433/1433 1410/1410/1410
f 1436/1436/1436 1435/1435/1435 1408/1408/1408
f 1441/1441/1441 1431/1431/1431 1434/1434/1434
f 1439/1439/1439 1436/1436/1436 1438/1438/1438
f 1441/1441/1441 1437/1437/1437 1440/1440/1440
f 1388/1388/1388 1444/1444/1444 1442/1442/1442
f 1445/1445/1445 1443/1443/1443 1387/1387/1387
f 1449/1449/1449 1450/1450/1450 1447/1447/1447
f 1446/1446/1446 1447/1447/1447 1426/1426/1426
f 1452/1452/1452 1454/1454/1454 1450/1450/1450
f 1452/1452/1452 1455/1455/1455 1462/1462/1462
f 1457/1457/1457 1463/1463/1463 1459/1459/1459
f 1456/1456/1456 1459/1459/1459 1462/1462/1462
f 1461/1461/1461 1458/1458/1458 1460/1460/1460
f 1458/1458/1458 1464/1464/1464 1467/1467/1467
f 1464/1464/1464 1466/1466/1466 1468/1468/1468
f 1457/1457/1457 2084/2084/2084 1465/1465/1465
f 1460/1460/1460 1467/1467/1467 1469/1469/1469
f 1468/1468/1468 1470/1470/1470 1469/1469/1469
f 1472/1472/1472 1469/1469/1469 1470/1470/1470
f 1474/1474/1474 1471/1471/1471 1469/1469/1469
f 1476/1476/1476 1470/1470/1470 1483/1483/1483
f 1481/1481/1481 1478/1478/1478 1483/1483/1483
f 1468/1468/1468 1484/1484/1484 1483/1483/1483
f 1484/1484/1484 1486/1486/1486 1485/1485/1485
f 1486/1486/1486 1488/1488/1488 1487/1487/1487
f 1492/1492/1492 1481/1481/1481 1485/1485/1485
f 1488/1488/1488 2074/2074/2074 1489/1489/1489
f 1493/1493/1493 1492/1492/1492 1487/1487/1487
f 1496/1496/1496 1493/1493/1493 1489/1489/1489
f 1500/1500/1500 1503/1503/1503 1512/1512/1512
f 1499/1499/1499 1508/1508/1508 1509/1509/1509
f 1510/1510/1510 1888/1888/1888 1509/1509/1509
f 1507/1507/1507 1512/1512/1512 1513/1513/1513
f 1513/1513/1513 1512/1512/1512 1514/1514/1514
f 1503/1503/1503 1516/1516/1516 1514/1514/1514
f 1516/1516/1516 2073/2073/2073 1515/1515/1515
f 1519/1519/1519 1518/1518/1518 1514/1514/1514
f 1520/1520/1520 1518/1518/1518 1519/1519/1519
f 1521/1521/1521 1513/1513/1513 1518/1518/1518
f 1893/1893/1893 1521/1521/1521 1520/1520/1520
f 1524/1524/1524 1522/1522/1522 1520/1520/1520
f 1527/1527/1527 1524/1524/1524 1523/1523/1523
f 1523/1523/1523 1519/1519/1519 1526/1526/1526
f 1528/1528/1528 1525/1525/1525 1526/1526/1526
f 1527/1527/1527 1525/1525/1525 1528/1528/1528
f 1528/1528/1528 1531/1531/1531 1532/1532/1532
f 1530/1530/1530 1528/1528/1528 1529/1529/1529
f 1531/1531/1531 1533/1533/1533 1537/1537/1537
f 1526/1526/1526 1536/1536/1536 1533/1533/1533
f 1539/1539/1539 1537/1537/1537 1533/1533/1533
f 2070/2070/2070 1535/1535/1535 1533/1533/1533
f 1532/1532/1532 1537/1537/1537 1538/1538/1538
f 1541/1541/1541 1538/1538/1538 1537/1537/1537
f 1543/1543/1543 1549/1549/1549 1538/1538/1538
f 1547/1547/1547 1551/1551/1551 1549/1549/1549
f 1550/1550/1550 1915/1915/1915 1538/1538/1538
f 1550/1550/1550 1549/1549/1549 1551/1551/1551
f 1547/1547/1547 1583/1583/1583 1552/1552/1552
f 1553/1553/1553 1551/1551/1551 1552/1552/1552
f 1554/1554/1554 1914/1914/1914 1550/1550/1550
f 1554/1554/1554 1553/1553/1553 1555/1555/1555
f 1555/1555/1555 1552/1552/1552 1559/1559/1559
f 1556/1556/1556 1555/1555/1555 1557/1557/1557
f 1562/1562/1562 1560/1560/1560 1557/1557/1557
f 1558/1558/1558 1557/1557/1557 1559/1559/1559
f 1561/1561/1561 1984/1984/1984 1556/1556/1556
f 1563/1563/1563 1561/1561/1561 1560/1560/1560
f 1563/1563/1563 1562/1562/1562 1564/1564/1564
f 1564/1564/1564 1562/1562/1562 1558/1558/1558
f 1564/1564/1564 1567/1567/1567 1568/1568/1568
f 1566/1566/1566 1564/1564/1564 1565/1565/1565
f 1568/1568/1568 1567/1567/1567 1569/1569/1569
f 1567/1567/1567 1558/1558/1558 1571/1571/1571
f 1572/1572/1572 1574/1574/1574 1570/1570/1570
f 1576/1576/1576 1572/1572/1572 1569/1569/1569
f 1581/1581/1581 1576/1576/1576 1571/1571/1571
f 1583/1583/1583 1581/1581/1581 1559/1559/1559
f 1587/1587/1587 1592/1592/1592 1570/1570/1570
f 1590/1590/1590 1593/1593/1593 1592/1592/1592
f 1595/1595/1595 1594/1594/1594 1592/1592/1592
f 1594/1594/1594 1568/1568/1568 1570/1570/1570
f 1596/1596/1596 1594/1594/1594 1595/1595/1595
f 1596/1596/1596 1565/1565/1565 1568/1568/1568
f 1986/1986/1986 1565/1565/1565 1596/1596/1596
f 1599/1599/1599 1597/1597/1597 1596/1596/1596
f 1599/1599/1599 1598/1598/1598 1600/1600/1600
f 1600/1600/1600 1598/1598/1598 1595/1595/1595
f 1600/1600/1600 1603/1603/1603 1604/1604/1604
f 1602/1602/1602 1600/1600/1600 1601/1601/1601
f 1604/1604/1604 1603/1603/1603 1605/1605/1605
f 1595/1595/1595 1593/1593/1593 1605/1605/1605
f 1609/1609/1609 1606/1606/1606 1605/1605/1605
f 1608/1608/1608 1605/1605/1605 1593/1593/1593
f 1613/1613/1613 1618/1618/1618 1606/1606/1606
f 1614/1614/1614 1615/1615/1615 1622/1622/1622
f 1618/1618/1618 1621/1621/1621 1604/1604/1604
f 1619/1619/1619 1622/1622/1622 1624/1624/1624
f 1624/1624/1624 1622/1622/1622 1623/1623/1623
f 1615/1615/1615 1692/1692/1692 1623/1623/1623
f 1620/1620/1620 1624/1624/1624 1625/1625/1625
f 1625/1625/1625 1624/1624/1624 1626/1626/1626
f 1628/1628/1628 1626/1626/1626 1627/1627/1627
f 1626/1626/1626 1623/1623/1623 1682/1682/1682
f 1631/1631/1631 1625/1625/1625 1628/1628/1628
f 1632/1632/1632 1630/1630/1630 1628/1628/1628
f 1636/1636/1636 1631/1631/1631 1630/1630/1630
f 1634/1634/1634 1633/1633/1633 1630/1630/1630
f 1635/1635/1635 1633/1633/1633 1634/1634/1634
f 1637/1637/1637 1636/1636/1636 1633/1633/1633
f 1638/1638/1638 1636/1636/1636 1637/1637/1637
f 1641/1641/1641 1631/1631/1631 1636/1636/1636
f 1640/1640/1640 1639/1639/1639 1642/1642/1642
f 1639/1639/1639 1644/1644/1644 1645/1645/1645
f 1643/1643/1643 1637/1637/1637 1651/1651/1651
f 1647/1647/1647 1648/1648/1648 1645/1645/1645
f 1647/1647/1647 1650/1650/1650 2033/2033/2033
f 1646/1646/1646 1651/1651/1651 1652/1652/1652
f 1652/1652/1652 1651/1651/1651 1653/1653/1653
f 1653/1653/1653 1651/1651/1651 1637/1637/1637
f 1653/1653/1653 1635/1635/1635 2066/2066/2066
f 1655/1655/1655 1653/1653/1653 1654/1654/1654
f 1658/1658/1658 1656/1656/1656 1655/1655/1655
f 2040/2040/2040 1652/1652/1652 1655/1655/1655
f 1658/1658/1658 1657/1657/1657 1659/1659/1659
f 1659/1659/1659 1657/1657/1657 1654/1654/1654
f 1664/1664/1664 1660/1660/1660 1659/1659/1659
f 1662/1662/1662 1659/1659/1659 1661/1661/1661
f 1664/1664/1664 1662/1662/1662 1663/1663/1663
f 1663/1663/1663 1662/1662/1662 1665/1665/1665
f 1665/1665/1665 1667/1667/1667 1668/1668/1668
f 1665/1665/1665 1661/1661/1661 1669/1669/1669
f 1668/1668/1668 1667/1667/1667 1670/1670/1670
f 1669/1669/1669 1672/1672/1672 1670/1670/1670
f 1670/1670/1670 1673/1673/1673 1674/1674/1674
f 1670/1670/1670 1672/1672/1672 1675/1675/1675
f 1673/1673/1673 1676/1676/1676 1677/1677/1677
f 1675/1675/1675 1679/1679/1679 1676/1676/1676
f 1677/1677/1677 1676/1676/1676 1678/1678/1678
f 1679/1679/1679 1680/1680/1680 1678/1678/1678
f 1632/1632/1632 1629/1629/1629 1679/1679/1679
f 1679/1679/1679 1629/1629/1629 1627/1627/1627
f 1678/1678/1678 1680/1680/1680 1681/1681/1681
f 1627/1627/1627 1682/1682/1682 1681/1681/1681
f 1688/1688/1688 1684/1684/1684 1681/1681/1681
f 1684/1684/1684 1687/1687/1687 1683/1683/1683
f 1692/1692/1692 1688/1688/1688 1682/1682/1682
f 1694/1694/1694 1695/1695/1695 1683/1683/1683
f 1697/1697/1697 1700/1700/1700 1695/1695/1695
f 1699/1699/1699 1702/1702/1702 1700/1700/1700
f 2065/2065/2065 1695/1695/1695 1700/1700/1700
f 1704/1704/1704 1701/1701/1701 1700/1700/1700
f 1872/1872/1872 1703/1703/1703 1702/1702/1702
f 1705/1705/1705 1704/1704/1704 1702/1702/1702
f 1707/1707/1707 1706/1706/1706 1704/1704/1704
f 1709/1709/1709 1701/1701/1701 1704/1704/1704
f 1708/1708/1708 1706/1706/1706 1707/1707/1707
f 1708/1708/1708 1710/1710/1710 1709/1709/1709
f 1710/1710/1710 1674/1674/1674 1677/1677/1677
f 1677/1677/1677 2065/2065/2065 1701/1701/1701
f 1671/1671/1671 1674/1674/1674 1710/1710/1710
f 1711/1711/1711 1710/1710/1710 1708/1708/1708
f 1712/1712/1712 1668/1668/1668 1671/1671/1671
f 1712/1712/1712 1711/1711/1711 1713/1713/1713
f 1715/1715/1715 1713/1713/1713 1714/1714/1714
f 1714/1714/1714 1713/1713/1713 1708/1708/1708
f 1718/1718/1718 1717/1717/1717 1715/1715/1715
f 1717/1717/1717 1720/1720/1720 1712/1712/1712
f 1719/1719/1719 1717/1717/1717 1718/1718/1718
f 1721/1721/1721 1720/1720/1720 1717/1717/1717
f 1721/1721/1721 1663/1663/1663 1666/1666/1666
f 1720/1720/1720 1666/1666/1666 1668/1668/1668
f 1724/1724/1724 1722/1722/1722 1721/1721/1721
f 1722/1722/1722 1723/1723/1723 1663/1663/1663
f 1726/1726/1726 1729/1729/1729 1723/1723/1723
f 1730/1730/1730 1726/1726/1726 1722/1722/1722
f 1725/1725/1725 1727/1727/1727 2054/2054/2054
f 1731/1731/1731 1732/1732/1732 1727/1727/1727
f 1734/1734/1734 1735/1735/1735 1732/1732/1732
f 1733/1733/1733 1730/1730/1730 1724/1724/1724
f 1734/1734/1734 1738/1738/1738 1739/1739/1739
f 1733/1733/1733 1736/1736/1736 1742/1742/1742
f 1741/1741/1741 2063/2063/2063 1739/1739/1739
f 1737/1737/1737 1742/1742/1742 1744/1744/1744
f 1736/1736/1736 2064/2064/2064 1743/1743/1743
f 1742/1742/1742 1743/1743/1743 1745/1745/1745
f 1740/1740/1740 1744/1744/1744 1746/1746/1746
f 1744/1744/1744 1745/1745/1745 1747/1747/1747
f 1746/1746/1746 1747/1747/1747 1871/1871/1871
f 1749/1749/1749 1746/1746/1746 1748/1748/1748
f 1752/1752/1752 1754/1754/1754 1751/1751/1751
f 1750/1750/1750 1751/1751/1751 2063/2063/2063
f 1755/1755/1755 1757/1757/1757 1754/1754/1754
f 1753/1753/1753 1748/1748/1748 1760/1760/1760
f 1759/1759/1759 1772/1772/1772 1757/1757/1757
f 1758/1758/1758 1756/1756/1756 1760/1760/1760
f 1762/1762/1762 1760/1760/1760 1761/1761/1761
f 1748/1748/1748 1871/1871/1871 1761/1761/1761
f 1764/1764/1764 1762/1762/1762 1763/1763/1763
f 1767/1767/1767 1758/1758/1758 1762/1762/1762
f 1766/1766/1766 1764/1764/1764 1765/1765/1765
f 1770/1770/1770 1767/1767/1767 1764/1764/1764
f 1769/1769/1769 1773/1773/1773 1771/1771/1771
f 1768/1768/1768 1771/1771/1771 1772/1772/1772
f 1777/1777/1777 1774/1774/1774 1773/1773/1773
f 1781/1781/1781 1776/1776/1776 1774/1774/1774
f 1779/1779/1779 1778/1778/1778 1783/1783/1783
f 1778/1778/1778 1770/1770/1770 1766/1766/1766
f 1766/1766/1766 2062/2062/2062 1784/1784/1784
f 1787/1787/1787 1785/1785/1785 1783/1783/1783
f 1780/1780/1780 1786/1786/1786 1789/1789/1789
f 1786/1786/1786 1788/1788/1788 1793/1793/1793
f 1791/1791/1791 1789/1789/1789 1792/1792/1792
f 1789/1789/1789 1793/1793/1793 1794/1794/1794
f 1793/1793/1793 1795/1795/1795 1796/1796/1796
f 1798/1798/1798 1795/1795/1795 1793/1793/1793
f 1795/1795/1795 1797/1797/1797 1899/1899/1899
f 1800/1800/1800 1797/1797/1797 1795/1795/1795
f 1799/1799/1799 1787/1787/1787 1784/1784/1784
f 1799/1799/1799 1802/1802/1802 1804/1804/1804
f 1784/1784/1784 2062/2062/2062 1803/1803/1803
f 1802/1802/1802 1803/1803/1803 1806/1806/1806
f 1894/1894/1894 1801/1801/1801 1804/1804/1804
f 1804/1804/1804 1806/1806/1806 1808/1808/1808
f 1803/1803/1803 1870/1870/1870 1807/1807/1807
f 1807/1807/1807 1809/1809/1809 1808/1808/1808
f 1808/1808/1808 1809/1809/1809 1812/1812/1812
f 1805/1805/1805 1808/1808/1808 1810/1810/1810
f 1811/1811/1811 1810/1810/1810 1813/1813/1813
f 1812/1812/1812 1816/1816/1816 1813/1813/1813
f 1814/1814/1814 1813/1813/1813 1815/1815/1815
f 1816/1816/1816 1818/1818/1818 1815/1815/1815
f 1863/1863/1863 1817/1817/1817 1816/1816/1816
f 1816/1816/1816 1817/1817/1817 1820/1820/1820
f 1818/1818/1818 1819/1819/1819 1887/1887/1887
f 1818/1818/1818 1820/1820/1820 1821/1821/1821
f 1822/1822/1822 1824/1824/1824 1821/1821/1821
f 1823/1823/1823 1822/1822/1822 1820/1820/1820
f 1826/1826/1826 1825/1825/1825 1822/1822/1822
f 1825/1825/1825 1827/1827/1827 1824/1824/1824
f 1826/1826/1826 1829/1829/1829 1828/1828/1828
f 1825/1825/1825 1828/1828/1828 1831/1831/1831
f 1829/1829/1829 1844/1844/1844 1830/1830/1830
f 1828/1828/1828 1830/1830/1830 1834/1834/1834
f 1832/1832/1832 1874/1874/1874 1827/1827/1827
f 1837/1837/1837 1832/1832/1832 1831/1831/1831
f 1841/1841/1841 1837/1837/1837 1834/1834/1834
f 1830/1830/1830 1842/1842/1842 1838/1838/1838
f 1841/1841/1841 1838/1838/1838 1703/1703/1703
f 1705/1705/1705 1703/1703/1703 1838/1838/1838
f 1707/1707/1707 1705/1705/1705 1842/1842/1842
f 1843/1843/1843 1842/1842/1842 1830/1830/1830
f 1846/1846/1846 1845/1845/1845 1843/1843/1843
f 1848/1848/1848 1707/1707/1707 1843/1843/1843
f 1847/1847/1847 1845/1845/1845 1846/1846/1846
f 1714/1714/1714 1848/1848/1848 1845/1845/1845
f 1851/1851/1851 1850/1850/1850 1847/1847/1847
f 1716/1716/1716 1714/1714/1714 1847/1847/1847
f 1853/1853/1853 1852/1852/1852 1850/1850/1850
f 1718/1718/1718 1716/1716/1716 1850/1850/1850
f 1743/1743/1743 1852/1852/1852 1853/1853/1853
f 2064/2064/2064 1718/1718/1718 1852/1852/1852
f 1747/1747/1747 1745/1745/1745 1853/1853/1853
f 1854/1854/1854 1853/1853/1853 1851/1851/1851
f 1854/1854/1854 1856/1856/1856 1857/1857/1857
f 1871/1871/1871 1747/1747/1747 1854/1854/1854
f 1857/1857/1857 1856/1856/1856 1858/1858/1858
f 1856/1856/1856 1851/1851/1851 1849/1849/1849
f 1859/1859/1859 1858/1858/1858 1860/1860/1860
f 1849/1849/1849 1846/1846/1846 1860/1860/1860
f 1860/1860/1860 1829/1829/1829 1826/1826/1826
f 1860/1860/1860 1846/1846/1846 1844/1844/1844
f 1864/1864/1864 1859/1859/1859 1861/1861/1861
f 1862/1862/1862 1861/1861/1861 1826/1826/1826
f 1865/1865/1865 1864/1864/1864 1862/1862/1862
f 1862/1862/1862 1823/1823/1823 1817/1817/1817
f 1866/1866/1866 1864/1864/1864 1865/1865/1865
f 1866/1866/1866 1857/1857/1857 1859/1859/1859
f 1868/1868/1868 1866/1866/1866 1867/1867/1867
f 1855/1855/1855 1857/1857/1857 1866/1866/1866
f 1763/1763/1763 1761/1761/1761 1868/1868/1868
f 1871/1871/1871 1855/1855/1855 1868/1868/1868
f 1763/1763/1763 1869/1869/1869 1870/1870/1870
f 1870/1870/1870 1869/1869/1869 1867/1867/1867
f 2062/2062/2062 1765/1765/1765 1870/1870/1870
f 1867/1867/1867 1865/1865/1865 1809/1809/1809
f 1865/1865/1865 1863/1863/1863 1812/1812/1812
f 1874/1874/1874 1878/1878/1878 1824/1824/1824
f 1881/1881/1881 1821/1821/1821 1824/1824/1824
f 1882/1882/1882 1819/1819/1819 1821/1821/1821
f 1885/1885/1885 1887/1887/1887 1819/1819/1819
f 1506/1506/1506 1509/1509/1509 1887/1887/1887
f 1815/1815/1815 1887/1887/1887 1509/1509/1509
f 1510/1510/1510 1890/1890/1890 1814/1814/1814
f 1891/1891/1891 1811/1811/1811 1814/1814/1814
f 1511/1511/1511 1513/1513/1513 1521/1521/1521
f 1892/1892/1892 1889/1889/1889 1521/1521/1521
f 1894/1894/1894 1805/1805/1805 1811/1811/1811
f 1892/1892/1892 1893/1893/1893 1896/1896/1896
f 1895/1895/1895 1896/1896/1896 1797/1797/1797
f 1797/1797/1797 1896/1896/1896 1897/1897/1897
f 1896/1896/1896 1893/1893/1893 1522/1522/1522
f 1900/1900/1900 1899/1899/1899 1897/1897/1897
f 1897/1897/1897 1522/1522/1522 1524/1524/1524
f 1796/1796/1796 1899/1899/1899 1900/1900/1900
f 1900/1900/1900 1898/1898/1898 1905/1905/1905
f 1904/1904/1904 1901/1901/1901 1900/1900/1900
f 1904/1904/1904 1902/1902/1902 1903/1903/1903
f 1903/1903/1903 1902/1902/1902 1905/1905/1905
f 1898/1898/1898 1524/1524/1524 1527/1527/1527
f 1906/1906/1906 1905/1905/1905 1527/1527/1527
f 1903/1903/1903 1906/1906/1906 1907/1907/1907
f 1906/1906/1906 1530/1530/1530 1910/1910/1910
f 1908/1908/1908 1907/1907/1907 1910/1910/1910
f 1909/1909/1909 1907/1907/1907 1908/1908/1908
f 1910/1910/1910 1529/1529/1529 1913/1913/1913
f 1911/1911/1911 1913/1913/1913 1914/1914/1914
f 1908/1908/1908 1911/1911/1911 1912/1912/1912
f 1529/1529/1529 1532/1532/1532 1915/1915/1915
f 1913/1913/1913 1915/1915/1915 1550/1550/1550
f 1912/1912/1912 1914/1914/1914 1554/1554/1554
f 1918/1918/1918 1917/1917/1917 1912/1912/1912
f 1919/1919/1919 1917/1917/1917 1918/1918/1918
f 1922/1922/1922 1908/1908/1908 1917/1917/1917
f 1921/1921/1921 1919/1919/1919 1920/1920/1920
f 1921/1921/1921 1923/1923/1923 1922/1922/1922
f 1923/1923/1923 1925/1925/1925 1909/1909/1909
f 1924/1924/1924 1923/1923/1923 1921/1921/1921
f 1924/1924/1924 1927/1927/1927 1925/1925/1925
f 1929/1929/1929 1926/1926/1926 1925/1925/1925
f 1925/1925/1925 1926/1926/1926 1903/1903/1903
f 1930/1930/1930 1929/1929/1929 1927/1927/1927
f 1928/1928/1928 1927/1927/1927 1924/1924/1924
f 1930/1930/1930 1932/1932/1932 1931/1931/1931
f 1931/1931/1931 1904/1904/1904 1926/1926/1926
f 1932/1932/1932 1934/1934/1934 1933/1933/1933
f 1933/1933/1933 1901/1901/1901 1904/1904/1904
f 1792/1792/1792 1794/1794/1794 1933/1933/1933
f 1933/1933/1933 1794/1794/1794 1796/1796/1796
f 1936/1936/1936 1934/1934/1934 1932/1932/1932
f 1938/1938/1938 1792/1792/1792 1934/1934/1934
f 1935/1935/1935 1939/1939/1939 2060/2060/2060
f 1941/1941/1941 1942/1942/1942 1939/1939/1939
f 1943/1943/1943 1947/1947/1947 1942/1942/1942
f 1940/1940/1940 1932/1932/1932 1930/1930/1930
f 1946/1946/1946 1948/1948/1948 1947/1947/1947
f 1945/1945/1945 1944/1944/1944 1930/1930/1930
f 1951/1951/1951 1949/1949/1949 1948/1948/1948
f 1955/1955/1955 1952/1952/1952 1949/1949/1949
f 1957/1957/1957 1953/1953/1953 1952/1952/1952
f 1956/1956/1956 1954/1954/1954 1958/1958/1958
f 1954/1954/1954 1950/1950/1950 1960/1960/1960
f 1959/1959/1959 1958/1958/1958 1961/1961/1961
f 1960/1960/1960 1924/1924/1924 1961/1961/1961
f 1961/1961/1961 1921/1921/1921 1963/1963/1963
f 1962/1962/1962 1963/1963/1963 1967/1967/1967
f 1959/1959/1959 1962/1962/1962 1964/1964/1964
f 1965/1965/1965 1964/1964/1964 1966/1966/1966
f 1966/1966/1966 1964/1964/1964 1967/1967/1967
f 1963/1963/1963 1920/1920/1920 1968/1968/1968
f 1967/1967/1967 1968/1968/1968 1970/1970/1970
f 1966/1966/1966 1969/1969/1969 1971/1971/1971
f 1971/1971/1971 1969/1969/1969 1970/1970/1970
f 1972/1972/1972 1971/1971/1971 1974/1974/1974
f 1971/1971/1971 1973/1973/1973 1977/1977/1977
f 1975/1975/1975 1974/1974/1974 1977/1977/1977
f 1999/1999/1999 1976/1976/1976 1974/1974/1974
f 1978/1978/1978 1977/1977/1977 1979/1979/1979
f 1973/1973/1973 1981/1981/1981 1979/1979/1979
f 1980/1980/1980 1979/1979/1979 1566/1566/1566
f 1979/1979/1979 1981/1981/1981 1563/1563/1563
f 1970/1970/1970 1982/1982/1982 1981/1981/1981
f 1982/1982/1982 1561/1561/1561 1563/1563/1563
f 1968/1968/1968 1983/1983/1983 1982/1982/1982
f 1983/1983/1983 1984/1984/1984 1561/1561/1561
f 1920/1920/1920 1918/1918/1918 1983/1983/1983
f 1918/1918/1918 1916/1916/1916 1984/1984/1984
f 1916/1916/1916 1554/1554/1554 1556/1556/1556
f 1980/1980/1980 1986/1986/1986 1597/1597/1597
f 1978/1978/1978 1980/1980/1980 1985/1985/1985
f 1987/1987/1987 1985/1985/1985 1988/1988/1988
f 1985/1985/1985 1597/1597/1597 1599/1599/1599
f 1989/1989/1989 1988/1988/1988 1990/1990/1990
f 1990/1990/1990 1988/1988/1988 1599/1599/1599
f 1990/1990/1990 1602/1602/1602 2067/2067/2067
f 1645/1645/1645 1991/1991/1991 1990/1990/1990
f 1992/1992/1992 1994/1994/1994 1989/1989/1989
f 1992/1992/1992 1991/1991/1991 1645/1645/1645
f 2033/2033/2033 1993/1993/1993 1992/1992/1992
f 1993/1993/1993 1995/1995/1995 1994/1994/1994
f 1997/1997/1997 1996/1996/1996 1994/1994/1994
f 1994/1994/1994 1996/1996/1996 1987/1987/1987
f 1997/1997/1997 1999/1999/1999 1975/1975/1975
f 1975/1975/1975 1978/1978/1978 1987/1987/1987
f 1998/1998/1998 1997/1997/1997 1995/1995/1995
f 1998/1998/1998 2000/2000/2000 1999/1999/1999
f 2000/2000/2000 2003/2003/2003 1976/1976/1976
f 2021/2021/2021 2001/2001/2001 2000/2000/2000
f 2001/2001/2001 2004/2004/2004 2003/2003/2003
f 2007/2007/2007 2006/2006/2006 2003/2003/2003
f 2003/2003/2003 2006/2006/2006 1972/1972/1972
f 2011/2011/2011 2009/2009/2009 2006/2006/2006
f 2009/2009/2009 1966/1966/1966 1972/1972/1972
f 2013/2013/2013 1965/1965/1965 2009/2009/2009
f 2008/2008/2008 2016/2016/2016 2012/2012/2012
f 2010/2010/2010 2012/2012/2012 2015/2015/2015
f 2014/2014/2014 2015/2015/2015 1953/1953/1953
f 1956/1956/1956 1959/1959/1959 1965/1965/1965
f 2005/2005/2005 2017/2017/2017 2016/2016/2016
f 2002/2002/2002 2018/2018/2018 2017/2017/2017
f 2020/2020/2020 2019/2019/2019 2018/2018/2018
f 2025/2025/2025 2022/2022/2022 2019/2019/2019
f 2026/2026/2026 2023/2023/2023 2022/2022/2022
f 2027/2027/2027 2024/2024/2024 2028/2028/2028
f 2024/2024/2024 2021/2021/2021 1998/1998/1998
f 2028/2028/2028 1995/1995/1995 1993/1993/1993
f 2032/2032/2032 2027/2027/2027 2029/2029/2029
f 2030/2030/2030 2029/2029/2029 1993/1993/1993
f 2039/2039/2039 2032/2032/2032 2030/2030/2030
f 2034/2034/2034 2030/2030/2030 2033/2033/2033
f 2036/2036/2036 2035/2035/2035 2040/2040/2040
f 2035/2035/2035 1649/1649/1649 1652/1652/1652
f 2041/2041/2041 2040/2040/2040 1656/1656/1656
f 2057/2057/2057 2037/2037/2037 2042/2042/2042
f 2045/2045/2045 2048/2048/2048 2043/2043/2043
f 2044/2044/2044 1656/1656/1656 1658/1658/1658
f 2047/2047/2047 2049/2049/2049 2048/2048/2048
f 2051/2051/2051 2050/2050/2050 2049/2049/2049
f 2055/2055/2055 2053/2053/2053 2050/2050/2050
f 1728/1728/1728 2054/2054/2054 2053/2053/2053
f 2052/2052/2052 1660/1660/1660 1664/1664/1664
f 2056/2056/2056 1664/1664/1664 1723/1723/1723
f 2046/2046/2046 1658/1658/1658 1660/1660/1660
f 2038/2038/2038 2058/2058/2058 2059/2059/2059
f 2031/2031/2031 2059/2059/2059 2023/2023/2023
f 1950/1950/1950 1945/1945/1945 1928/1928/1928
f 1937/1937/1937 2060/2060/2060 2061/2061/2061
f 1775/1775/1775 1782/1782/1782 1790/1790/1790
f 1736/1736/1736 1724/1724/1724 1719/1719/1719
f 1678/1678/1678 1683/1683/1683 1695/1695/1695
f 1672/1672/1672 1634/1634/1634 1632/1632/1632
f 1669/1669/1669 2066/2066/2066 1634/1634/1634
f 1654/1654/1654 2066/2066/2066 1669/1669/1669
f 1640/1640/1640 2067/2067/2067 1601/1601/1601
f 1641/1641/1641 2069/2069/2069 1625/1625/1625
f 1621/1621/1621 2068/2068/2068 1601/1601/1601
f 2073/2073/2073 2070/2070/2070 1536/1536/1536
f 1519/1519/1519 1515/1515/1515 1536/1536/1536
f 1263/1263/1263 1272/1272/1272 1489/1489/1489
f 1261/1261/1261 2074/2074/2074 1488/1488/1488
f 2075/2075/2075 1488/1488/1488 1486/1486/1486
f 1257/1257/1257 1262/1262/1262 2076/2076/2076
f 2082/2082/2082 2077/2077/2077 2076/2076/2076
f 2079/2079/2079 1486/1486/1486 1484/1484/1484
f 2083/2083/2083 2082/2082/2082 2078/2078/2078
f 2084/2084/2084 2083/2083/2083 2081/2081/2081
f 1466/1466/1466 2080/2080/2080 1484/1484/1484
f 2087/2087/2087 2090/2090/2090 1471/1471/1471
f 2088/2088/2088 2092/2092/2092 2090/2090/2090
f 2091/2091/2091 2090/2090/2090 2092/2092/2092
f 2091/2091/2091 1460/1460/1460 1471/1471/1471
f 2102/2102/2102 2093/2093/2093 2092/2092/2092
f 2094/2094/2094 2092/2092/2092 2093/2093/2093
f 1453/1453/1453 1461/1461/1461 2091/2091/2091
f 1453/1453/1453 2094/2094/2094 2095/2095/2095
f 2095/2095/2095 2093/2093/2093 2097/2097/2097
f 1451/1451/1451 2095/2095/2095 2096/2096/2096
f 1420/1420/1420 2096/2096/2096 2097/2097/2097
f 1448/1448/1448 2096/2096/2096 1420/1420/1420
f 2099/2099/2099 2100/2100/2100 1418/1418/1418
f 2102/2102/2102 2099/2099/2099 2097/2097/2097
f 2105/2105/2105 2107/2107/2107 1381/1381/1381
f 2107/2107/2107 2110/2110/2110 2112/2112/2112
f 2110/2110/2110 2113/2113/2113 2117/2117/2117
f 2113/2113/2113 2115/2115/2115 1332/1332/1332
f 2118/2118/2118 1375/1375/1375 2112/2112/2112
f 1334/1334/1334 2118/2118/2118 2117/2117/2117
