mtllib 黑色贴纸.007.mtl
usemtl 黑色贴纸.007
v -0.015925 0.046041 -0.079757
v -0.01233 0.046493 -0.079196
v -0.021024 0.043472 -0.082625
v -0.020349 0.044069 -0.081997
v -0.016339 0.045941 -0.079877
v -0.008322 0.04637 -0.07935
v -0.008322 0.04637 -0.07935
v -0.006097 0.04604 -0.079755
v -0.011189 0.046515 -0.079166
v -0.011189 0.046515 -0.079166
v -0.004313 0.045621 -0.080254
v -0.000303 0.044087 -0.081979
v 0.000808 0.043472 -0.082626
v 0.003707 0.041248 -0.084776
v 0.003707 0.041248 -0.084776
v -0.022719 0.040684 -0.08528
v -0.023104 0.037698 -0.087694
v 0.00426 0.040684 -0.08528
v 0.006391 0.037701 -0.087697
v -0.022625 0.034515 -0.08988
v -0.022625 0.034515 -0.08988
v -0.021522 0.031195 -0.091783
v 0.007664 0.034515 -0.08988
v 0.007716 0.034325 -0.089998
v 0.008272 0.031194 -0.091781
v -0.020349 0.028787 -0.092954
v -0.019699 0.02769 -0.093435
v -0.017002 0.02412 -0.094779
v 0.008144 0.027689 -0.093434
v 0.007716 0.02583 -0.094175
v 0.007072 0.02412 -0.094778
v -0.012726 0.020384 -0.095853
v -0.01634 0.02341 -0.095008
v -0.01233 0.020126 -0.095915
v -0.008321 0.018202 -0.096332
v -0.004312 0.017462 -0.096471
v -0.000302 0.017852 -0.096399
v 0.004363 0.020384 -0.095853
v 0.003707 0.019832 -0.095984
v -0.01267 0.046476 -0.079217
v -0.014067 0.046358 -0.079369
v -0.015495 0.046133 -0.079645
v -0.016822 0.045807 -0.080036
v -0.018101 0.045356 -0.080564
v -0.018101 0.045356 -0.080564
v -0.01926 0.044793 -0.081205
v -0.020294 0.044112 -0.081951
v -0.008308 0.046369 -0.079352
v -0.008308 0.046369 -0.079352
v -0.005506 0.045917 -0.079903
v -0.000404 0.044138 -0.081924
v -0.002854 0.045167 -0.080781
v 0.003701 0.041254 -0.08477
v 0.003701 0.041254 -0.08477
v 0.001793 0.042831 -0.083275
v -0.021172 0.043319 -0.082782
v -0.02187 0.042443 -0.083655
v -0.022422 0.04145 -0.084592
v -0.022798 0.040423 -0.085507
v -0.023028 0.039307 -0.086442
v -0.023108 0.03819 -0.087322
v 0.005303 0.039427 -0.086347
v -0.02306 0.036991 -0.088212
v -0.022639 0.034574 -0.089843
v -0.022639 0.034574 -0.089843
v -0.021875 0.032091 -0.091304
v 0.007499 0.035062 -0.089531
v 0.00657 0.037356 -0.087952
v 0.008102 0.032568 -0.091037
v -0.020776 0.029587 -0.092583
v -0.019335 0.027127 -0.093668
v -0.017571 0.024775 -0.094556
v 0.008246 0.028468 -0.093095
v 0.008322 0.029891 -0.092435
v 0.007129 0.024247 -0.094736
v 0.007652 0.025622 -0.094252
v 0.008033 0.027077 -0.093688
v -0.016191 0.023259 -0.095055
v -0.015515 0.0226 -0.095255
v -0.013185 0.020699 -0.095775
v -0.010625 0.019158 -0.096135
v -0.007888 0.018067 -0.096358
v -0.006475 0.017721 -0.096424
v -0.005035 0.017513 -0.096462
v -0.002144 0.017521 -0.09646
v -0.002144 0.017521 -0.09646
v -0.00068 0.01776 -0.096417
v 0.004511 0.020522 -0.095819
v 0.005542 0.021636 -0.095528
v 0.006416 0.022882 -0.09517
v 0.006635 0.023259 -0.095054
v 0.000694 0.018162 -0.09634
v 0.002061 0.018767 -0.096219
v 0.003325 0.019547 -0.09605
v -0.02106 0.042151 0.080668
v -0.014191 0.042151 0.080668
v -0.017626 0.042151 0.080668
v -0.02106 0.015538 0.09431
v -0.02106 0.020513 0.093313
v -0.02106 0.025348 0.091774
v -0.02106 0.029984 0.089712
v -0.02106 0.034365 0.087152
v -0.02106 0.038437 0.084125
v -0.014191 0.015538 0.09431
v -0.017626 0.015538 0.09431
v -0.014191 0.038437 0.084125
v -0.014191 0.034365 0.087152
v -0.014191 0.029984 0.089712
v -0.014191 0.025348 0.091774
v -0.014191 0.020513 0.093313
v -0.017626 0.038437 0.084125
v -0.017626 0.034365 0.087152
v -0.017626 0.029984 0.089712
v -0.017626 0.025348 0.091774
v -0.017626 0.020513 0.093313
v -0.01761 0.049044 0.071415
v -0.018242 0.049026 0.071448
v -0.018865 0.048966 0.071553
v -0.019463 0.048857 0.071743
v -0.019748 0.048782 0.071872
v -0.020018 0.048695 0.072022
v -0.020272 0.048595 0.072193
v -0.020511 0.048481 0.072384
v -0.020928 0.048221 0.072813
v -0.021104 0.048075 0.073048
v -0.021256 0.04792 0.073296
v -0.021486 0.047587 0.073817
v -0.021621 0.047233 0.074355
v -0.021674 0.046865 0.074898
v -0.021674 0.046865 0.074898
v -0.021657 0.046489 0.075434
v -0.021564 0.046111 0.075957
v -0.021383 0.045739 0.076457
v -0.021104 0.045386 0.07692
v -0.020929 0.045221 0.077132
v -0.02073 0.045065 0.077331
v -0.020273 0.044787 0.077679
v -0.020018 0.044667 0.077828
v -0.019747 0.044562 0.077957
v -0.019168 0.044398 0.078157
v -0.018556 0.044294 0.07828
v -0.017927 0.044246 0.078336
v -0.017294 0.044246 0.078336
v -0.016665 0.044294 0.07828
v -0.016053 0.044398 0.078157
v -0.015474 0.044562 0.077957
v -0.015203 0.044667 0.077828
v -0.014948 0.044787 0.077679
v -0.014491 0.045065 0.077331
v -0.014292 0.045221 0.077132
v -0.014117 0.045386 0.07692
v -0.013838 0.045739 0.076457
v -0.013656 0.046111 0.075957
v -0.013564 0.046489 0.075434
v -0.013546 0.046865 0.074898
v -0.013546 0.046865 0.074898
v -0.0136 0.047233 0.074355
v -0.013735 0.047587 0.073817
v -0.013965 0.04792 0.073296
v -0.014117 0.048075 0.073048
v -0.014292 0.048221 0.072813
v -0.01471 0.048481 0.072384
v -0.014948 0.048595 0.072193
v -0.015203 0.048695 0.072022
v -0.015472 0.048782 0.071872
v -0.015758 0.048857 0.071743
v -0.016356 0.048966 0.071553
v -0.016978 0.049026 0.071448
v -0.019169 0.048918 0.071637
v -0.02073 0.048356 0.072591
v -0.021676 0.046802 0.074989
v -0.021676 0.046802 0.074989
v -0.021256 0.04556 0.076694
v -0.020511 0.04492 0.077513
v -0.019463 0.044472 0.078067
v -0.01761 0.044241 0.078342
v -0.015758 0.044472 0.078067
v -0.01471 0.04492 0.077513
v -0.013965 0.04556 0.076694
v -0.013545 0.046802 0.074989
v -0.013545 0.046802 0.074989
v -0.01449 0.048356 0.072591
v -0.016052 0.048918 0.071637
v -0.01761 0.046801 0.074989
v -0.01761 0.046801 0.074989
v -0.01761 0.046801 0.074989
v 0.092282 0.030468 0.08946
v 0.092205 0.02877 0.090312
v 0.092284 0.029932 0.089739
v 0.066252 0.0251 0.091867
v 0.066252 0.0251 0.091867
v 0.066817 0.023596 0.0924
v 0.067854 0.021576 0.093025
v 0.06919 0.019697 0.093516
v 0.069965 0.018839 0.093713
v 0.07081 0.018046 0.093879
v 0.072665 0.016695 0.094129
v 0.074693 0.015692 0.094288
v 0.076833 0.015061 0.094376
v 0.079028 0.014784 0.094413
v 0.081234 0.014839 0.094407
v 0.083407 0.015296 0.094349
v 0.085486 0.016155 0.094221
v 0.086474 0.016732 0.094125
v 0.087404 0.017397 0.094005
v 0.088282 0.018153 0.093858
v 0.089087 0.018985 0.09368
v 0.089814 0.019892 0.093467
v 0.089814 0.019892 0.093467
v 0.090451 0.020862 0.093219
v 0.090985 0.021876 0.092936
v 0.091418 0.02294 0.092613
v 0.091733 0.024006 0.09226
v 0.092184 0.032428 0.088362
v 0.091863 0.034298 0.087193
v 0.091283 0.036058 0.085976
v 0.090412 0.037674 0.084747
v 0.089239 0.039111 0.083553
v 0.088534 0.039754 0.082986
v 0.087761 0.040331 0.082459
v 0.086918 0.040845 0.081972
v 0.086006 0.041298 0.081531
v 0.085046 0.041681 0.081151
v 0.084033 0.041997 0.080831
v 0.081912 0.042422 0.080389
v 0.07972 0.042598 0.080197
v 0.077514 0.042561 0.080238
v 0.075345 0.042283 0.080535
v 0.074294 0.042044 0.080783
v 0.07328 0.041737 0.081095
v 0.071386 0.040929 0.081891
v 0.06971 0.039879 0.082873
v 0.068297 0.038601 0.083988
v 0.067161 0.037128 0.085176
v 0.06631 0.035486 0.086387
v 0.065753 0.0337 0.087582
v 0.065472 0.031803 0.088727
v 0.065433 0.029818 0.089797
v 0.065433 0.029818 0.089797
v 0.065624 0.027767 0.090774
v 0.066077 0.025678 0.091647
v 0.066263 0.025067 0.09188
v 0.066263 0.025067 0.09188
v 0.068954 0.019987 0.093446
v 0.071708 0.017333 0.094016
v 0.073656 0.01615 0.094219
v 0.076168 0.015216 0.094356
v 0.080132 0.014764 0.094415
v 0.081542 0.014878 0.094402
v 0.084466 0.015678 0.094295
v 0.091808 0.034516 0.087048
v 0.089569 0.038762 0.083852
v 0.082986 0.042243 0.080578
v 0.081542 0.042468 0.080339
v 0.076168 0.042421 0.080389
v 0.072308 0.041364 0.081466
v 0.070795 0.040602 0.082204
v 0.068449 0.038762 0.083852
v 0.065967 0.034517 0.08705
v 0.065429 0.029932 0.089739
v 0.065429 0.029932 0.089739
v 0.086916 0.040846 0.081971
v 0.070795 0.018059 0.093877
v 0.086914 0.01703 0.094072
v 0.089883 0.019988 0.093444
v 0.089883 0.019988 0.093444
v 0.091937 0.025067 0.09188
v 0.085438 0.024041 0.092248
v 0.08477 0.023047 0.092579
v 0.084369 0.022591 0.092723
v 0.083934 0.022183 0.092848
v 0.08346 0.021824 0.092954
v 0.082938 0.021521 0.093042
v 0.082403 0.02129 0.093107
v 0.081823 0.021109 0.093157
v 0.080656 0.020912 0.093209
v 0.079475 0.02088 0.093217
v 0.078299 0.021005 0.093184
v 0.077155 0.021317 0.093098
v 0.076603 0.021551 0.093032
v 0.07608 0.021832 0.092952
v 0.075582 0.022162 0.092854
v 0.075113 0.02254 0.09274
v 0.074682 0.022951 0.092611
v 0.074283 0.023405 0.092464
v 0.073613 0.024392 0.092126
v 0.073104 0.025454 0.091734
v 0.072738 0.026554 0.091296
v 0.072494 0.027665 0.09082
v 0.072352 0.02877 0.090312
v 0.085935 0.025067 0.09188
v 0.081542 0.021043 0.093175
v 0.07772 0.021137 0.093148
v 0.073269 0.025067 0.09188
v 0.076168 0.02178 0.092967
v 0.086916 0.02877 0.090312
v 0.081542 0.02877 0.090312
v 0.076168 0.02877 0.090312
v 0.072491 0.033185 0.087906
v 0.072688 0.034092 0.08733
v 0.072983 0.034964 0.086746
v 0.073391 0.035788 0.086169
v 0.073928 0.036549 0.085614
v 0.074603 0.037224 0.085101
v 0.074996 0.037526 0.084865
v 0.07541 0.03779 0.084654
v 0.075862 0.038026 0.084463
v 0.076336 0.038224 0.084302
v 0.076834 0.038383 0.08417
v 0.077355 0.038505 0.084069
v 0.078424 0.038635 0.083959
v 0.078424 0.038635 0.083959
v 0.078424 0.038635 0.083959
v 0.079506 0.038635 0.083959
v 0.079506 0.038635 0.083959
v 0.080578 0.038517 0.084059
v 0.080578 0.038517 0.084059
v 0.081106 0.038405 0.084152
v 0.081606 0.038258 0.084274
v 0.082091 0.038069 0.084429
v 0.082545 0.037842 0.084612
v 0.082965 0.03758 0.084822
v 0.083353 0.037278 0.085059
v 0.083694 0.036952 0.08531
v 0.084006 0.036591 0.085582
v 0.084508 0.035815 0.086149
v 0.084875 0.034977 0.086736
v 0.085129 0.034097 0.087326
v 0.085289 0.033185 0.087906
v 0.072817 0.034516 0.087049
v 0.077885 0.038588 0.083999
v 0.085022 0.034516 0.087048
v 0.076168 0.038159 0.084355
v 0.081542 0.038279 0.084256
v 0.076168 0.033185 0.087906
v 0.081542 0.033185 0.087906
v 0.070795 0.038762 0.083852
v 0.070795 0.034518 0.087051
v 0.070795 0.029932 0.089739
v 0.070795 0.029932 0.089739
v 0.070795 0.025067 0.09188
v 0.070795 0.025067 0.09188
v 0.070795 0.019988 0.093446
v 0.076168 0.038762 0.083852
v 0.076168 0.038762 0.083852
v 0.076168 0.029932 0.089739
v 0.076168 0.019988 0.093446
v 0.081542 0.038762 0.083852
v 0.081542 0.038762 0.083852
v 0.081542 0.038762 0.083852
v 0.081542 0.038762 0.083852
v 0.081542 0.029932 0.089739
v 0.081542 0.019988 0.093446
v 0.086916 0.038762 0.083852
v 0.086916 0.034518 0.087051
v 0.086916 0.029932 0.089739
v 0.086916 0.025067 0.09188
v 0.086916 0.019988 0.093446
v 0.086916 0.019988 0.093446
v 0.060847 0.030468 0.08946
v 0.060785 0.02877 0.090312
v 0.060859 0.029932 0.089739
v 0.034817 0.0251 0.091867
v 0.034817 0.0251 0.091867
v 0.035382 0.023596 0.0924
v 0.036419 0.021576 0.093025
v 0.037755 0.019697 0.093516
v 0.03853 0.018839 0.093713
v 0.039375 0.018046 0.093879
v 0.04123 0.016695 0.094129
v 0.043257 0.015692 0.094288
v 0.045397 0.015061 0.094376
v 0.047592 0.014784 0.094413
v 0.049799 0.014839 0.094407
v 0.051971 0.015296 0.094349
v 0.05405 0.016155 0.094221
v 0.055038 0.016732 0.094125
v 0.055969 0.017397 0.094005
v 0.056847 0.018153 0.093858
v 0.057652 0.018985 0.09368
v 0.058378 0.019892 0.093467
v 0.058378 0.019892 0.093467
v 0.059016 0.020862 0.093219
v 0.059549 0.021876 0.092936
v 0.059983 0.02294 0.092613
v 0.060298 0.024006 0.09226
v 0.060748 0.032428 0.088362
v 0.060428 0.034298 0.087193
v 0.059848 0.036058 0.085976
v 0.058977 0.037674 0.084747
v 0.057804 0.039111 0.083553
v 0.057099 0.039754 0.082986
v 0.056325 0.040331 0.082459
v 0.055482 0.040845 0.081972
v 0.054571 0.041298 0.081531
v 0.053611 0.041681 0.081151
v 0.052598 0.041997 0.080831
v 0.050477 0.042422 0.080389
v 0.048285 0.042598 0.080197
v 0.046079 0.042561 0.080238
v 0.043909 0.042283 0.080535
v 0.042859 0.042044 0.080783
v 0.041845 0.041737 0.081095
v 0.03995 0.040929 0.081891
v 0.038275 0.039879 0.082873
v 0.036862 0.038601 0.083988
v 0.035726 0.037128 0.085176
v 0.034874 0.035486 0.086387
v 0.034318 0.0337 0.087582
v 0.034037 0.031803 0.088727
v 0.033997 0.029818 0.089797
v 0.033997 0.029818 0.089797
v 0.034188 0.027767 0.090774
v 0.034642 0.025678 0.091647
v 0.034828 0.025067 0.09188
v 0.034828 0.025067 0.09188
v 0.037519 0.019987 0.093446
v 0.040273 0.017333 0.094016
v 0.042221 0.01615 0.094219
v 0.044737 0.015215 0.094356
v 0.048697 0.014764 0.094415
v 0.050112 0.014879 0.094402
v 0.053031 0.015678 0.094295
v 0.060373 0.034516 0.087048
v 0.058134 0.038762 0.083852
v 0.055487 0.040843 0.081975
v 0.051551 0.042243 0.080578
v 0.050112 0.042468 0.08034
v 0.044736 0.042421 0.080389
v 0.040873 0.041364 0.081466
v 0.039361 0.040603 0.082203
v 0.037014 0.038762 0.083852
v 0.034532 0.034517 0.08705
v 0.033994 0.029932 0.089739
v 0.033994 0.029932 0.089739
v 0.039361 0.018057 0.093877
v 0.055485 0.017035 0.094071
v 0.058448 0.019988 0.093444
v 0.058448 0.019988 0.093444
v 0.060502 0.025067 0.09188
v 0.054003 0.024041 0.092248
v 0.053335 0.023047 0.092579
v 0.052934 0.022591 0.092723
v 0.052499 0.022183 0.092848
v 0.052025 0.021824 0.092954
v 0.051502 0.021521 0.093042
v 0.050968 0.02129 0.093107
v 0.050388 0.021109 0.093157
v 0.049221 0.020912 0.093209
v 0.048039 0.02088 0.093217
v 0.046864 0.021005 0.093184
v 0.04572 0.021317 0.093098
v 0.045168 0.021551 0.093032
v 0.044644 0.021832 0.092952
v 0.044147 0.022162 0.092854
v 0.043677 0.02254 0.09274
v 0.043247 0.022951 0.092611
v 0.042848 0.023405 0.092464
v 0.042178 0.024392 0.092126
v 0.041669 0.025454 0.091734
v 0.041303 0.026554 0.091296
v 0.041059 0.027665 0.09082
v 0.040917 0.02877 0.090312
v 0.0545 0.025067 0.09188
v 0.050112 0.021045 0.093174
v 0.046284 0.021137 0.093148
v 0.041834 0.025067 0.09188
v 0.044736 0.021778 0.092967
v 0.055487 0.02877 0.090312
v 0.050112 0.02877 0.090312
v 0.044736 0.02877 0.090312
v 0.041071 0.033185 0.087906
v 0.041267 0.034092 0.087329
v 0.04156 0.034965 0.086746
v 0.041966 0.03579 0.086168
v 0.042504 0.036551 0.085613
v 0.043182 0.037223 0.085102
v 0.043575 0.037525 0.084865
v 0.043989 0.03779 0.084655
v 0.04444 0.038026 0.084464
v 0.044915 0.038223 0.084302
v 0.045413 0.038383 0.084171
v 0.045934 0.038505 0.084069
v 0.046457 0.038587 0.084
v 0.047003 0.038635 0.083959
v 0.047003 0.038635 0.083959
v 0.047003 0.038635 0.083959
v 0.048085 0.038635 0.083959
v 0.048085 0.038635 0.083959
v 0.049157 0.038517 0.084059
v 0.049157 0.038517 0.084059
v 0.049686 0.038405 0.084152
v 0.050185 0.038258 0.084274
v 0.050671 0.038069 0.084428
v 0.051125 0.037843 0.084612
v 0.051545 0.03758 0.084822
v 0.051933 0.037279 0.085058
v 0.052274 0.036952 0.08531
v 0.052585 0.036591 0.085582
v 0.053088 0.035815 0.086149
v 0.053455 0.034977 0.086736
v 0.053709 0.034097 0.087326
v 0.05387 0.033185 0.087906
v 0.041395 0.034516 0.087049
v 0.042825 0.0369 0.08535
v 0.053603 0.034516 0.087048
v 0.044736 0.038154 0.084359
v 0.050112 0.038282 0.084254
v 0.044736 0.033185 0.087906
v 0.050112 0.033185 0.087906
v 0.039361 0.038762 0.083852
v 0.039361 0.034518 0.087051
v 0.039361 0.029932 0.089739
v 0.039361 0.029932 0.089739
v 0.039361 0.025067 0.09188
v 0.039361 0.025067 0.09188
v 0.039361 0.019988 0.093446
v 0.044736 0.038762 0.083852
v 0.044736 0.038762 0.083852
v 0.044736 0.029932 0.089739
v 0.044736 0.019988 0.093446
v 0.050112 0.038762 0.083852
v 0.050112 0.038762 0.083852
v 0.050112 0.038762 0.083852
v 0.050112 0.038762 0.083852
v 0.050112 0.029932 0.089739
v 0.050112 0.019988 0.093446
v 0.055487 0.038762 0.083852
v 0.055487 0.034518 0.087051
v 0.055487 0.029932 0.089739
v 0.055487 0.025067 0.09188
v 0.055487 0.019988 0.093446
v 0.055487 0.019988 0.093446
v 0.03012 0.042376 0.080433
v 0.03012 0.042376 0.080433
v 0.03012 0.042376 0.080433
v 0.030009 0.04242 0.080386
v 0.028814 0.042598 0.080197
v 0.027459 0.042588 0.080208
v 0.026119 0.042445 0.080361
v 0.02483 0.042155 0.080666
v 0.023627 0.041716 0.081115
v 0.022537 0.041141 0.081685
v 0.021582 0.040444 0.082352
v 0.020769 0.039643 0.083085
v 0.020093 0.038755 0.083858
v 0.020093 0.038755 0.083858
v 0.029586 0.042523 0.080277
v 0.029586 0.042523 0.080277
v 0.02923 0.04257 0.080227
v 0.029884 0.042459 0.080345
v 0.029884 0.042459 0.080345
v 0.024771 0.042137 0.080684
v 0.020165 0.038862 0.083767
v 0.020093 0.042151 0.080668
v 0.020093 0.038862 0.083767
v 0.020093 0.038862 0.083767
v 0.014071 0.042151 0.080668
v 0.019421 0.042151 0.080668
v 0.014071 0.015538 0.09431
v 0.014071 0.020621 0.093285
v 0.014071 0.025556 0.091695
v 0.014071 0.03028 0.089559
v 0.014071 0.034734 0.086905
v 0.014071 0.038862 0.083767
v 0.02094 0.015538 0.09431
v 0.019421 0.015538 0.09431
v 0.02094 0.031654 0.088813
v 0.02094 0.03028 0.089559
v 0.02094 0.025556 0.091695
v 0.02094 0.020621 0.093285
v 0.021002 0.032761 0.088163
v 0.021209 0.033832 0.087494
v 0.021596 0.034845 0.086826
v 0.021596 0.034845 0.086826
v 0.021871 0.035324 0.086497
v 0.022193 0.035765 0.086188
v 0.022574 0.036178 0.08589
v 0.023005 0.03655 0.085615
v 0.023483 0.036888 0.08536
v 0.023994 0.037179 0.085136
v 0.02454 0.037428 0.084942
v 0.025121 0.037632 0.08478
v 0.025713 0.037788 0.084656
v 0.026337 0.037904 0.084563
v 0.027596 0.038015 0.084473
v 0.028862 0.037995 0.084489
v 0.03012 0.037877 0.084584
v 0.021541 0.034732 0.086902
v 0.021541 0.034732 0.086902
v 0.02477 0.037515 0.084873
v 0.03012 0.038862 0.083767
v 0.019421 0.038862 0.083767
v 0.019421 0.038862 0.083767
v 0.019421 0.034734 0.086905
v 0.019421 0.034734 0.086905
v 0.019421 0.03028 0.089559
v 0.019421 0.025556 0.091695
v 0.019421 0.020621 0.093285
v 0.02477 0.038862 0.083767
v 0.008604 0.03814 0.08437
v 0.002058 0.03814 0.08437
v 0.002807 0.03814 0.08437
v 0.008604 0.042151 0.080668
v 0.008604 0.039311 0.083379
v 0.002058 0.042151 0.080668
v 0.002807 0.042151 0.080668
v 0.002058 0.046598 0.075281
v 0.002058 0.043195 0.079546
v -0.004811 0.046598 0.075281
v -0.002989 0.046598 0.075281
v -0.004811 0.042151 0.080668
v -0.004811 0.043195 0.079546
v -0.008785 0.042151 0.080668
v -0.008785 0.038152 0.084361
v -0.008785 0.039311 0.083379
v -0.004811 0.038152 0.084361
v -0.004811 0.024801 0.091979
v -0.004811 0.025349 0.091774
v -0.004811 0.030325 0.089536
v -0.004811 0.035001 0.086724
v -0.004455 0.021672 0.092993
v -0.004428 0.021564 0.093023
v -0.004184 0.020748 0.093247
v -0.002546 0.017798 0.093928
v -0.001975 0.017171 0.094046
v -0.00135 0.016608 0.094144
v -0.000678 0.016118 0.094224
v 2.7E-05 0.015711 0.094285
v 0.000778 0.015376 0.094333
v 0.002327 0.014945 0.094392
v 0.003913 0.014784 0.094412
v 0.005504 0.014849 0.094404
v 0.007076 0.01514 0.094366
v 0.008604 0.015664 0.094292
v -0.004723 0.023191 0.092531
v -0.002989 0.01838 0.09381
v 0.001542 0.015125 0.094368
v 0.002807 0.01487 0.094402
v -0.003954 0.020141 0.093404
v 0.008604 0.021593 0.09302
v 0.008604 0.020143 0.093408
v 0.007812 0.02138 0.09308
v 0.007004 0.02125 0.093117
v 0.006189 0.021192 0.093132
v 0.005372 0.0212 0.09313
v 0.004563 0.02132 0.093097
v 0.00416 0.021441 0.093063
v 0.003792 0.021599 0.093018
v 0.003432 0.021814 0.092957
v 0.003114 0.022074 0.092881
v 0.002835 0.022379 0.092789
v 0.002599 0.022729 0.09268
v 0.002416 0.023094 0.092564
v 0.002271 0.023496 0.092432
v 0.002105 0.024307 0.092155
v 0.002058 0.025123 0.091859
v 0.004965 0.021243 0.093118
v 0.002807 0.022415 0.092778
v 0.002058 0.035001 0.086724
v 0.002058 0.030325 0.089536
v 0.002058 0.025349 0.091774
v -0.002989 0.043195 0.079546
v -0.002989 0.039311 0.083379
v -0.002989 0.035001 0.086724
v -0.002989 0.030325 0.089536
v -0.002989 0.025349 0.091774
v -0.002989 0.020143 0.093408
v 0.002807 0.039311 0.083379
v 0.002807 0.020143 0.093408
v -0.028084 0.034467 0.087085
v -0.028171 0.035928 0.086072
v -0.028463 0.037327 0.085021
v -0.029009 0.038635 0.083959
v -0.029396 0.039248 0.083433
v -0.029851 0.03981 0.082935
v -0.030387 0.040332 0.082457
v -0.03099 0.040804 0.082012
v -0.031658 0.041226 0.081603
v -0.03238 0.041589 0.081243
v -0.033147 0.041892 0.080936
v -0.033967 0.04214 0.080679
v -0.034797 0.042327 0.080484
v -0.035675 0.042467 0.080337
v -0.037436 0.042601 0.080194
v -0.039208 0.042584 0.080212
v -0.040966 0.042433 0.080374
v -0.04268 0.04212 0.080701
v -0.044304 0.041622 0.081209
v -0.045066 0.041298 0.081532
v -0.045782 0.040925 0.081896
v -0.047067 0.040035 0.082731
v -0.048137 0.038978 0.083668
v -0.048137 0.038978 0.083668
v -0.028086 0.034735 0.086905
v -0.028701 0.037995 0.084489
v -0.029141 0.038862 0.083767
v -0.038587 0.042604 0.08019
v -0.04384 0.041789 0.081041
v -0.046451 0.040503 0.082298
v -0.033336 0.041955 0.080871
v -0.048152 0.042151 0.080668
v -0.054344 0.042151 0.080668
v -0.049092 0.042151 0.080668
v -0.054344 0.015574 0.094305
v -0.054344 0.020621 0.093285
v -0.054344 0.025556 0.091695
v -0.054344 0.03028 0.089559
v -0.054344 0.034734 0.086905
v -0.054344 0.038862 0.083767
v -0.047475 0.015574 0.094305
v -0.049092 0.015574 0.094305
v -0.047475 0.031966 0.088634
v -0.047475 0.03028 0.089559
v -0.047475 0.025556 0.091695
v -0.047475 0.020621 0.093285
v -0.047433 0.03289 0.088086
v -0.047298 0.033791 0.087522
v -0.047051 0.034659 0.086952
v -0.047051 0.034659 0.086952
v -0.046674 0.035479 0.086389
v -0.046157 0.036233 0.085849
v -0.045497 0.036899 0.085351
v -0.045115 0.037194 0.085124
v -0.044706 0.037456 0.08492
v -0.044266 0.037687 0.084737
v -0.043799 0.037885 0.084578
v -0.042809 0.038177 0.08434
v -0.041771 0.038343 0.084203
v -0.040714 0.038401 0.084155
v -0.039654 0.038368 0.084185
v -0.03861 0.038229 0.084302
v -0.038092 0.038106 0.084403
v -0.037614 0.037949 0.08453
v -0.037146 0.037745 0.084693
v -0.036723 0.037502 0.084885
v -0.03634 0.037215 0.085108
v -0.036004 0.036888 0.085359
v -0.035726 0.036535 0.085624
v -0.03549 0.036143 0.085912
v -0.035168 0.035319 0.0865
v -0.035002 0.03445 0.087094
v -0.034953 0.033555 0.087676
v -0.047023 0.034732 0.086902
v -0.047023 0.034732 0.086902
v -0.045844 0.036578 0.085594
v -0.043312 0.038048 0.084446
v -0.038588 0.038224 0.084306
v -0.035307 0.035738 0.086204
v -0.035041 0.034733 0.086903
v -0.04384 0.037869 0.084591
v -0.034953 0.015538 0.09431
v -0.034953 0.020621 0.093285
v -0.034953 0.025556 0.091695
v -0.034953 0.03028 0.089559
v -0.028084 0.015538 0.09431
v -0.033336 0.015538 0.09431
v -0.028084 0.03028 0.089559
v -0.028084 0.025556 0.091695
v -0.028084 0.020621 0.093285
v -0.049092 0.038862 0.083767
v -0.049092 0.038862 0.083767
v -0.049092 0.034734 0.086905
v -0.049092 0.034734 0.086905
v -0.049092 0.03028 0.089559
v -0.049092 0.025556 0.091695
v -0.049092 0.020621 0.093285
v -0.04384 0.038862 0.083767
v -0.04384 0.038862 0.083767
v -0.038588 0.038862 0.083767
v -0.033336 0.038862 0.083767
v -0.033336 0.034734 0.086905
v -0.033336 0.03028 0.089559
v -0.033336 0.025556 0.091695
v -0.033336 0.020621 0.093285
v -0.077139 0.014816 0.094408
v -0.074687 0.014963 0.094392
v -0.072266 0.015439 0.094329
v -0.069925 0.016289 0.094198
v -0.067728 0.017531 0.09398
v -0.066698 0.0183 0.093828
v -0.065752 0.019147 0.093646
v -0.064876 0.020082 0.093424
v -0.064088 0.021091 0.093161
v -0.063398 0.022151 0.092858
v -0.062796 0.023266 0.092509
v -0.062621 0.023638 0.092386
v -0.062303 0.024395 0.092124
v -0.061906 0.025563 0.09169
v -0.06141 0.027886 0.09072
v -0.061259 0.030161 0.089621
v -0.071861 0.015556 0.094312
v -0.068799 0.016864 0.0941
v -0.061713 0.02628 0.091406
v -0.06656 0.018414 0.093805
v -0.064418 0.020646 0.09328
v -0.061259 0.048459 0.07242
v -0.061259 0.045085 0.077306
v -0.061259 0.04111 0.081716
v -0.061259 0.036599 0.085578
v -0.061259 0.031629 0.088827
v -0.068698 0.048459 0.07242
v -0.06656 0.048459 0.07242
v -0.068698 0.030677 0.08935
v -0.068698 0.031629 0.088827
v -0.068698 0.036599 0.085578
v -0.068698 0.04111 0.081716
v -0.068698 0.045085 0.077306
v -0.068754 0.02941 0.090001
v -0.068939 0.028123 0.090614
v -0.069284 0.026838 0.091178
v -0.06982 0.025587 0.091682
v -0.070171 0.024984 0.091911
v -0.07057 0.024423 0.092115
v -0.07103 0.023892 0.0923
v -0.071539 0.023414 0.092461
v -0.072092 0.022987 0.0926
v -0.07269 0.022613 0.092717
v -0.073308 0.022303 0.092812
v -0.073968 0.022045 0.092889
v -0.075319 0.0217 0.09299
v -0.076702 0.021545 0.093034
v -0.078093 0.021546 0.093034
v -0.079476 0.021701 0.09299
v -0.080827 0.022046 0.092889
v -0.081487 0.022304 0.092812
v -0.082105 0.022613 0.092717
v -0.082703 0.022988 0.0926
v -0.083255 0.023416 0.09246
v -0.083762 0.023897 0.092299
v -0.084222 0.024427 0.092113
v -0.084623 0.024987 0.09191
v -0.084977 0.025589 0.091682
v -0.085515 0.026838 0.091178
v -0.085861 0.028124 0.090614
v -0.086047 0.02941 0.090001
v -0.086103 0.030677 0.08935
v -0.069494 0.026281 0.091408
v -0.071861 0.023154 0.092546
v -0.077162 0.02153 0.093038
v -0.082462 0.022827 0.09265
v -0.085304 0.026281 0.091408
v -0.086103 0.048459 0.07242
v -0.086103 0.045085 0.077306
v -0.086103 0.04111 0.081716
v -0.086103 0.036599 0.085578
v -0.086103 0.031629 0.088827
v -0.093064 0.048459 0.07242
v -0.087763 0.048459 0.07242
v -0.093064 0.030161 0.089621
v -0.093064 0.031629 0.088827
v -0.093064 0.036599 0.085578
v -0.093064 0.04111 0.081716
v -0.093064 0.045085 0.077306
v -0.091511 0.023259 0.092512
v -0.090904 0.02214 0.092861
v -0.090215 0.021081 0.093163
v -0.089426 0.02007 0.093427
v -0.08855 0.019132 0.093649
v -0.087603 0.018284 0.093832
v -0.08657 0.017514 0.093983
v -0.084367 0.016275 0.0942
v -0.08202 0.015432 0.09433
v -0.079595 0.014961 0.094392
v -0.092912 0.027883 0.090722
v -0.092411 0.025557 0.091693
v -0.092009 0.02439 0.092126
v -0.09169 0.023637 0.092386
v -0.089893 0.020646 0.09328
v -0.087763 0.018417 0.093804
v -0.085496 0.016848 0.094103
v -0.082462 0.015558 0.094312
v -0.077162 0.014816 0.094408
v -0.092607 0.02628 0.091407
v -0.087763 0.045085 0.077306
v -0.087763 0.04111 0.081716
v -0.087763 0.036599 0.085578
v -0.087763 0.031628 0.088827
v -0.087763 0.026281 0.091408
v -0.087763 0.020645 0.093279
v -0.082463 0.020645 0.093279
v -0.077162 0.020645 0.093279
v -0.071861 0.020645 0.093279
v -0.06656 0.045085 0.077306
v -0.06656 0.04111 0.081716
v -0.06656 0.036599 0.085578
v -0.06656 0.031628 0.088827
v -0.06656 0.026281 0.091408
v -0.06656 0.020645 0.093279
v 0.015886 0.048215 -0.073268
v 0.015886 0.044913 -0.077968
v 0.015886 0.044913 -0.077968
v 0.015886 0.036689 -0.085956
v 0.015886 0.031896 -0.08912
v 0.021414 0.048215 -0.073268
v 0.021414 0.036689 -0.085956
v 0.021414 0.026745 -0.091662
v 0.021414 0.026745 -0.091662
v 0.021414 0.026745 -0.091662
v 0.021414 0.021318 -0.093543
v 0.026942 0.048215 -0.073268
v 0.026942 0.036689 -0.085956
v 0.026942 0.021318 -0.093543
v 0.032471 0.048215 -0.073268
v 0.032471 0.021318 -0.093543
v 0.037999 0.048215 -0.073268
v 0.037999 0.048215 -0.073268
v 0.037999 0.044913 -0.077968
v 0.037999 0.021318 -0.093543
v 0.043527 0.041051 -0.082219
v 0.043527 0.036689 -0.085956
v 0.043527 0.031896 -0.08912
v 0.043527 0.026745 -0.091662
v 0.043527 0.026745 -0.091662
v 0.043527 0.026745 -0.091662
v 0.043527 0.021318 -0.093543
v 0.015886 0.050214 -0.069655
v 0.011623 0.048214 -0.073268
v 0.010357 0.045564 -0.077135
v 0.012819 0.044913 -0.077968
v 0.015886 0.044077 -0.078981
v 0.015886 0.038626 -0.084412
v 0.011713 0.038626 -0.084412
v 0.012281 0.036689 -0.085956
v 0.013172 0.033457 -0.088182
v 0.013638 0.031895 -0.08912
v 0.015886 0.026882 -0.091604
v 0.015886 0.026882 -0.091604
v 0.021414 0.05087 -0.068274
v 0.018006 0.04491 -0.077965
v 0.018006 0.04491 -0.077965
v 0.021415 0.047292 -0.074718
v 0.017654 0.043584 -0.079554
v 0.021414 0.038626 -0.084412
v 0.020904 0.031895 -0.08912
v 0.020509 0.033098 -0.088405
v 0.021414 0.033098 -0.088405
v 0.021414 0.03062 -0.089825
v 0.015965 0.026745 -0.091662
v 0.015965 0.026745 -0.091662
v 0.020166 0.021318 -0.093542
v 0.021414 0.020195 -0.093839
v 0.026942 0.050787 -0.068456
v 0.026942 0.047563 -0.074301
v 0.026942 0.038626 -0.084412
v 0.026942 0.033098 -0.088405
v 0.023841 0.026745 -0.091662
v 0.026942 0.024322 -0.092596
v 0.026942 0.016894 -0.09454
v 0.03247 0.050037 -0.070007
v 0.032471 0.046126 -0.076382
v 0.027578 0.036689 -0.085956
v 0.02701 0.038626 -0.084412
v 0.028565 0.033098 -0.088405
v 0.032471 0.023185 -0.092981
v 0.032471 0.015728 -0.094728
v 0.037999 0.048331 -0.073079
v 0.034628 0.044912 -0.077967
v 0.037999 0.041539 -0.081736
v 0.037999 0.025444 -0.092183
v 0.037999 0.016299 -0.09464
v 0.038262 0.048216 -0.073268
v 0.038262 0.048216 -0.073268
v 0.04337 0.044913 -0.077967
v 0.038318 0.04105 -0.082218
v 0.043527 0.044767 -0.078149
v 0.040119 0.036689 -0.085955
v 0.040619 0.031895 -0.089118
v 0.039046 0.026744 -0.09166
v 0.039046 0.026744 -0.09166
v 0.043527 0.019431 -0.094024
v 0.046418 0.041051 -0.082219
v 0.048127 0.036689 -0.085955
v 0.048737 0.031894 -0.089117
v 0.047989 0.026745 -0.091662
v 0.047989 0.026745 -0.091662
v 0.045259 0.021318 -0.093541
v 0.011806 0.048382 -0.072992
v 0.012288 0.048756 -0.072362
v 0.012838 0.049098 -0.071765
v 0.013435 0.0494 -0.071218
v 0.014082 0.049671 -0.070714
v 0.015552 0.050132 -0.069819
v 0.010584 0.046618 -0.075697
v 0.011047 0.047535 -0.074342
v 0.011392 0.047976 -0.073653
v 0.015549 0.027483 -0.091345
v 0.014147 0.030489 -0.089894
v 0.017079 0.050454 -0.069163
v 0.018777 0.050686 -0.068672
v 0.020419 0.050821 -0.068381
v 0.020868 0.047144 -0.074937
v 0.020451 0.047002 -0.075144
v 0.020056 0.04684 -0.075379
v 0.019681 0.046654 -0.075646
v 0.019338 0.046446 -0.075938
v 0.019025 0.046218 -0.076254
v 0.018744 0.045967 -0.076594
v 0.018307 0.045445 -0.077283
v 0.017976 0.044843 -0.078049
v 0.017976 0.044843 -0.078049
v 0.017774 0.044248 -0.078776
v 0.020774 0.032267 -0.088904
v 0.021088 0.031405 -0.089397
v 0.019693 0.021791 -0.093408
v 0.017396 0.024538 -0.092519
v 0.015978 0.026723 -0.091671
v 0.015978 0.026723 -0.091671
v 0.021002 0.020547 -0.09375
v 0.022193 0.050893 -0.068223
v 0.025642 0.050859 -0.068297
v 0.026702 0.047584 -0.074268
v 0.025714 0.047638 -0.074184
v 0.024722 0.047645 -0.074174
v 0.023732 0.04761 -0.074231
v 0.022719 0.04752 -0.074372
v 0.021797 0.047375 -0.074594
v 0.021846 0.029712 -0.090296
v 0.02282 0.02806 -0.091087
v 0.024044 0.026522 -0.091755
v 0.024762 0.025819 -0.092038
v 0.025531 0.025193 -0.092278
v 0.026365 0.02464 -0.092482
v 0.025464 0.017541 -0.094423
v 0.023894 0.01841 -0.09425
v 0.022411 0.019412 -0.094029
v 0.029038 0.050591 -0.068874
v 0.032301 0.050072 -0.069937
v 0.031315 0.046598 -0.075726
v 0.029558 0.047128 -0.074956
v 0.028631 0.047328 -0.074658
v 0.027676 0.04748 -0.074427
v 0.027251 0.024172 -0.092649
v 0.028167 0.0238 -0.092777
v 0.029132 0.023514 -0.092873
v 0.030106 0.023321 -0.092937
v 0.031095 0.023212 -0.092973
v 0.032174 0.015747 -0.094725
v 0.030451 0.015945 -0.094695
v 0.028756 0.016307 -0.094639
v 0.027075 0.016843 -0.094549
v 0.035361 0.049295 -0.071411
v 0.034378 0.04508 -0.077756
v 0.032926 0.04591 -0.076675
v 0.037775 0.041857 -0.081415
v 0.036796 0.043043 -0.080159
v 0.035666 0.04412 -0.07893
v 0.033078 0.023224 -0.092968
v 0.034084 0.02337 -0.092921
v 0.035024 0.023616 -0.092839
v 0.035963 0.023992 -0.092711
v 0.036824 0.02448 -0.09254
v 0.037621 0.025089 -0.092317
v 0.037366 0.016131 -0.094667
v 0.035622 0.01582 -0.094715
v 0.034049 0.015706 -0.094731
v 0.038171 0.048256 -0.073202
v 0.038171 0.048256 -0.073202
v 0.040683 0.046942 -0.075231
v 0.042874 0.045352 -0.07741
v 0.039826 0.037715 -0.085159
v 0.039282 0.039187 -0.083931
v 0.038601 0.04057 -0.082678
v 0.040636 0.032262 -0.088905
v 0.040643 0.032812 -0.088576
v 0.04053 0.034525 -0.087487
v 0.040245 0.036161 -0.086347
v 0.039448 0.027433 -0.091365
v 0.039843 0.028295 -0.090977
v 0.040161 0.02922 -0.090539
v 0.040537 0.031034 -0.089601
v 0.038331 0.025799 -0.092045
v 0.038934 0.026576 -0.09173
v 0.038934 0.026576 -0.09173
v 0.042146 0.018309 -0.094271
v 0.040636 0.017371 -0.094455
v 0.039004 0.016632 -0.094585
v 0.044733 0.043491 -0.079659
v 0.046241 0.041359 -0.081916
v 0.047397 0.038967 -0.084122
v 0.048216 0.036329 -0.086224
v 0.048674 0.033452 -0.088182
v 0.04867 0.030355 -0.089963
v 0.048453 0.028717 -0.090782
v 0.048089 0.027098 -0.091513
v 0.047982 0.026724 -0.091671
v 0.047982 0.026724 -0.091671
v 0.047539 0.025413 -0.092193
v 0.046834 0.023818 -0.092768
v 0.045917 0.022238 -0.093274
v 0.044826 0.020782 -0.093687
v 0.043568 0.019469 -0.094015
v -0.018074 0.041223 -0.082051
v -0.018074 0.036843 -0.085839
v -0.018074 0.036843 -0.085839
v -0.018074 0.032022 -0.089047
v -0.018074 0.026837 -0.091624
v -0.012746 0.041223 -0.082051
v -0.012746 0.041223 -0.082051
v -0.012746 0.041223 -0.082051
v -0.012746 0.026837 -0.091624
v -0.012746 0.026837 -0.091624
v -0.012746 0.021368 -0.093529
v -0.007418 0.041223 -0.082051
v -0.007418 0.041223 -0.082051
v -0.007418 0.041223 -0.082051
v -0.007418 0.021368 -0.093529
v -0.00209 0.041223 -0.082051
v -0.00209 0.021368 -0.093529
v 0.003238 0.036843 -0.085839
v 0.003238 0.036843 -0.085839
v 0.003238 0.032022 -0.089047
v 0.003238 0.026837 -0.091624
v 0.003238 0.026837 -0.091624
v 0.003238 0.021368 -0.093529
v 0.003238 0.021368 -0.093529
v -0.018074 0.043949 -0.079133
v -0.018074 0.043949 -0.079133
v -0.018074 0.043949 -0.079133
v -0.021735 0.041223 -0.082051
v -0.021735 0.041223 -0.082051
v -0.023107 0.036841 -0.085836
v -0.023107 0.036841 -0.085836
v -0.023107 0.036841 -0.085836
v -0.022342 0.032022 -0.089047
v -0.022342 0.032022 -0.089047
v -0.020104 0.026837 -0.091624
v -0.020104 0.026837 -0.091624
v -0.018074 0.023826 -0.092768
v -0.018074 0.023826 -0.092768
v -0.012746 0.045049 -0.077799
v -0.012746 0.045049 -0.077799
v -0.015513 0.036843 -0.085839
v -0.012746 0.040661 -0.082593
v -0.014891 0.032022 -0.089047
v -0.012747 0.027421 -0.09137
v -0.015912 0.021368 -0.093528
v -0.015912 0.021368 -0.093528
v -0.012746 0.018729 -0.094182
v -0.012746 0.018729 -0.094182
v -0.007418 0.044839 -0.078064
v -0.007418 0.044839 -0.078064
v -0.011189 0.045092 -0.077743
v -0.011189 0.045092 -0.077743
v -0.011189 0.045092 -0.077743
v -0.009833 0.041163 -0.082109
v -0.009833 0.041163 -0.082109
v -0.009833 0.041163 -0.082109
v -0.007418 0.040892 -0.082373
v -0.012334 0.026836 -0.091622
v -0.012334 0.026836 -0.091622
v -0.007418 0.022891 -0.093076
v -0.007418 0.016207 -0.094655
v -0.007418 0.016207 -0.094655
v -0.00209 0.043468 -0.079685
v -0.00209 0.043468 -0.079685
v -0.002089 0.03758 -0.085264
v -0.00209 0.023195 -0.092978
v -0.00209 0.015787 -0.094719
v -0.00209 0.015787 -0.094719
v -0.00209 0.015787 -0.094719
v 0.002062 0.041223 -0.082051
v 0.002062 0.041223 -0.082051
v -0.001521 0.036842 -0.085836
v -0.001521 0.036842 -0.085836
v 0.003238 0.04027 -0.08296
v 0.003238 0.04027 -0.08296
v 0.000477 0.032022 -0.089047
v 0.000455 0.026836 -0.091623
v 0.003238 0.017796 -0.094374
v 0.003238 0.017796 -0.094374
v 0.00607 0.036843 -0.085839
v 0.00607 0.036843 -0.085839
v 0.007924 0.032022 -0.089047
v 0.007924 0.032022 -0.089047
v 0.008234 0.026836 -0.091622
v 0.008234 0.026836 -0.091622
v 0.008234 0.026836 -0.091622
v 0.006475 0.021368 -0.093527
v 0.006475 0.021368 -0.093527
v 0.006475 0.021368 -0.093527
v -0.021172 0.041905 -0.081368
v -0.021172 0.041905 -0.081368
v -0.020294 0.042697 -0.080536
v -0.020294 0.042697 -0.080536
v -0.01926 0.043377 -0.079788
v -0.01926 0.043377 -0.079788
v -0.018101 0.043938 -0.079146
v -0.018101 0.043938 -0.079146
v -0.018101 0.043938 -0.079146
v -0.023028 0.037885 -0.08502
v -0.023028 0.037885 -0.08502
v -0.022798 0.039005 -0.084089
v -0.022798 0.039005 -0.084089
v -0.022422 0.040034 -0.083177
v -0.022422 0.040034 -0.083177
v -0.02187 0.041029 -0.08224
v -0.02187 0.041029 -0.08224
v -0.02264 0.033122 -0.088391
v -0.02264 0.033122 -0.088391
v -0.02264 0.033122 -0.088391
v -0.02306 0.035557 -0.086778
v -0.02306 0.035557 -0.086778
v -0.023108 0.036763 -0.085895
v -0.023108 0.036763 -0.085895
v -0.023108 0.036763 -0.085895
v -0.020776 0.028082 -0.091078
v -0.020776 0.028082 -0.091078
v -0.021875 0.030615 -0.089828
v -0.021875 0.030615 -0.089828
v -0.019335 0.025587 -0.092128
v -0.019335 0.025587 -0.092128
v -0.01996 0.026589 -0.091727
v -0.01996 0.026589 -0.091727
v -0.016822 0.044387 -0.078616
v -0.016822 0.044387 -0.078616
v -0.015495 0.044712 -0.078224
v -0.015495 0.044712 -0.078224
v -0.014067 0.044935 -0.077946
v -0.014067 0.044935 -0.077946
v -0.012769 0.040652 -0.082602
v -0.013128 0.040483 -0.082761
v -0.013462 0.04029 -0.082941
v -0.013773 0.040073 -0.083141
v -0.014066 0.039826 -0.083366
v -0.014329 0.03956 -0.083604
v -0.014753 0.039004 -0.08409
v -0.015096 0.038375 -0.084622
v -0.01533 0.037737 -0.085141
v -0.015484 0.037042 -0.085686
v -0.015562 0.035629 -0.086731
v -0.015406 0.03417 -0.087725
v -0.015079 0.032685 -0.088657
v -0.014758 0.031602 -0.089286
v -0.014614 0.031177 -0.089521
v -0.014002 0.029667 -0.090314
v -0.013224 0.028179 -0.09103
v -0.017571 0.023196 -0.092977
v -0.017571 0.023196 -0.092977
v -0.013185 0.019038 -0.094114
v -0.013185 0.019038 -0.094114
v -0.015515 0.02098 -0.093634
v -0.015515 0.02098 -0.093634
v -0.01267 0.045053 -0.077794
v -0.01267 0.045053 -0.077794
v -0.008308 0.044946 -0.077929
v -0.008308 0.044946 -0.077929
v -0.008308 0.044946 -0.077929
v -0.008106 0.041028 -0.082242
v -0.008959 0.04113 -0.082142
v -0.008959 0.04113 -0.082142
v -0.010732 0.041126 -0.082146
v -0.010732 0.041126 -0.082146
v -0.011557 0.041013 -0.082257
v -0.011979 0.040918 -0.082348
v -0.012388 0.040796 -0.082464
v -0.012269 0.026749 -0.091659
v -0.012269 0.026749 -0.091659
v -0.011134 0.025417 -0.092193
v -0.009824 0.024231 -0.092628
v -0.00909 0.023713 -0.092806
v -0.008335 0.023283 -0.092949
v -0.007525 0.022929 -0.093063
v -0.007888 0.016342 -0.094633
v -0.007888 0.016342 -0.094633
v -0.009282 0.01684 -0.09455
v -0.009282 0.01684 -0.09455
v -0.010625 0.01746 -0.094438
v -0.010625 0.01746 -0.094438
v -0.005506 0.044497 -0.078483
v -0.005506 0.044497 -0.078483
v -0.002854 0.043749 -0.079364
v -0.002854 0.043749 -0.079364
v -0.002537 0.038077 -0.084865
v -0.00367 0.039094 -0.084013
v -0.004977 0.039954 -0.083249
v -0.00571 0.040318 -0.082915
v -0.006464 0.040616 -0.082636
v -0.007274 0.040857 -0.082406
v -0.006692 0.022676 -0.093143
v -0.005839 0.022524 -0.09319
v -0.004964 0.022473 -0.093205
v -0.004065 0.02253 -0.093188
v -0.00324 0.022701 -0.093136
v -0.002816 0.022843 -0.093091
v -0.002408 0.023022 -0.093034
v -0.002144 0.015781 -0.09472
v -0.002144 0.015781 -0.09472
v -0.002144 0.015781 -0.09472
v -0.003589 0.015704 -0.094731
v -0.003589 0.015704 -0.094731
v -0.005035 0.015773 -0.094721
v -0.005035 0.015773 -0.094721
v -0.006236 0.01594 -0.094696
v -0.006236 0.01594 -0.094696
v -0.000404 0.042723 -0.080509
v -0.000404 0.042723 -0.080509
v 0.001793 0.041417 -0.08186
v 0.001793 0.041417 -0.08186
v -0.001581 0.036927 -0.085771
v -0.001581 0.036927 -0.085771
v 0.000281 0.03284 -0.088563
v -0.000186 0.034294 -0.087642
v -0.000801 0.03566 -0.086705
v 0.000544 0.027185 -0.091475
v 0.000696 0.028045 -0.091094
v 0.00077 0.029707 -0.090298
v 0.000611 0.031311 -0.089449
v 0.00056 0.031604 -0.089286
v -0.002027 0.023233 -0.092965
v -0.001668 0.023479 -0.092884
v -0.001332 0.023757 -0.092791
v -0.001019 0.024067 -0.092685
v -0.000461 0.024783 -0.09243
v -3.3E-05 0.025539 -0.092146
v 0.000311 0.02637 -0.091817
v 0.002061 0.017059 -0.094511
v 0.002061 0.017059 -0.094511
v 0.000694 0.016439 -0.094617
v 0.000694 0.016439 -0.094617
v -0.00068 0.016026 -0.094683
v -0.00068 0.016026 -0.094683
v 0.003701 0.039839 -0.083354
v 0.003701 0.039839 -0.083354
v 0.003701 0.039839 -0.083354
v 0.005303 0.038005 -0.084925
v 0.005303 0.038005 -0.084925
v 0.00657 0.035924 -0.08652
v 0.00657 0.035924 -0.08652
v 0.007499 0.033614 -0.088083
v 0.007499 0.033614 -0.088083
v 0.008102 0.031098 -0.089566
v 0.008102 0.031098 -0.089566
v 0.008322 0.02839 -0.090934
v 0.008322 0.02839 -0.090934
v 0.008246 0.026948 -0.091575
v 0.008246 0.026948 -0.091575
v 0.008246 0.026948 -0.091575
v 0.008205 0.026588 -0.091726
v 0.008205 0.026588 -0.091726
v 0.008033 0.025536 -0.092147
v 0.008033 0.025536 -0.092147
v 0.007652 0.024058 -0.092688
v 0.007652 0.024058 -0.092688
v 0.007129 0.022659 -0.093147
v 0.007129 0.022659 -0.093147
v 0.006416 0.021267 -0.093555
v 0.006416 0.021267 -0.093555
v 0.006416 0.021267 -0.093555
v 0.005542 0.019995 -0.093888
v 0.005542 0.019995 -0.093888
v 0.004511 0.018857 -0.094154
v 0.004511 0.018857 -0.094154
v 0.003325 0.017859 -0.094362
v 0.003325 0.017859 -0.094362
v 0.007652 0.024843 -0.093473
v 0.008032 0.025852 -0.092464
v 0.007129 0.023914 -0.094403
v -0.01757 0.024268 -0.094049
v -0.019335 0.025888 -0.092429
v -0.054285 0.048271 -0.073177
v -0.054285 0.048271 -0.073177
v -0.054285 0.045049 -0.077797
v -0.054285 0.045049 -0.077797
v -0.054285 0.041286 -0.081988
v -0.048316 0.048271 -0.073177
v -0.048316 0.03704 -0.085689
v -0.048316 0.022062 -0.093329
v -0.042347 0.048271 -0.073177
v -0.042347 0.032373 -0.088842
v -0.042347 0.022062 -0.093329
v -0.036377 0.048271 -0.073177
v -0.036377 0.045049 -0.077797
v -0.036377 0.045049 -0.077797
v -0.036377 0.027355 -0.091402
v -0.036377 0.022062 -0.093329
v -0.030408 0.022062 -0.093329
v -0.054285 0.050432 -0.069211
v -0.059064 0.048271 -0.073177
v -0.059064 0.048271 -0.073177
v -0.060008 0.045048 -0.077796
v -0.060008 0.045048 -0.077796
v -0.058299 0.041286 -0.081989
v -0.054285 0.037444 -0.085374
v -0.054285 0.023612 -0.09284
v -0.054436 0.023612 -0.09284
v -0.054285 0.022914 -0.093068
v -0.048316 0.050903 -0.068199
v -0.052307 0.045047 -0.077795
v -0.048316 0.04775 -0.074011
v -0.050481 0.041286 -0.081989
v -0.053752 0.037039 -0.085689
v -0.048316 0.039456 -0.083692
v -0.048316 0.033113 -0.088396
v -0.054104 0.022063 -0.093329
v -0.048316 0.023612 -0.09284
v -0.053002 0.016574 -0.094595
v -0.048316 0.016574 -0.094595
v -0.042347 0.050488 -0.069091
v -0.042348 0.047223 -0.074817
v -0.04475 0.03704 -0.085689
v -0.045049 0.037235 -0.085537
v -0.048044 0.032919 -0.088515
v -0.0473 0.032373 -0.088842
v -0.042347 0.035436 -0.086868
v -0.042347 0.028568 -0.090853
v -0.042347 0.023612 -0.09284
v -0.042347 0.016574 -0.094595
v -0.036377 0.048805 -0.072279
v -0.038368 0.045048 -0.077796
v -0.038368 0.045048 -0.077796
v -0.037461 0.044117 -0.078934
v -0.036377 0.044599 -0.078356
v -0.037998 0.032373 -0.088842
v -0.036378 0.031178 -0.089523
v -0.040847 0.027355 -0.091402
v -0.036433 0.023612 -0.09284
v -0.036377 0.016574 -0.094595
v -0.035347 0.048271 -0.073177
v -0.035346 0.045049 -0.077797
v -0.032667 0.04618 -0.076309
v -0.031455 0.027356 -0.091402
v -0.030409 0.026504 -0.091762
v -0.030408 0.016574 -0.094595
v -0.025543 0.022063 -0.093329
v -0.025618 0.022417 -0.093222
v -0.024439 0.016574 -0.094595
v -0.058413 0.048845 -0.072211
v -0.057539 0.04938 -0.071259
v -0.056488 0.049832 -0.070407
v -0.055349 0.050186 -0.06971
v -0.060016 0.045103 -0.077726
v -0.060016 0.045103 -0.077726
v -0.060061 0.045928 -0.076649
v -0.059935 0.046756 -0.075498
v -0.059624 0.047511 -0.074379
v -0.059107 0.048224 -0.073253
v -0.059107 0.048224 -0.073253
v -0.0585 0.041561 -0.081716
v -0.05906 0.042439 -0.080811
v -0.059473 0.043262 -0.079916
v -0.059819 0.044211 -0.078823
v -0.05431 0.037463 -0.085359
v -0.056191 0.039037 -0.084062
v -0.057821 0.040695 -0.08256
v -0.054083 0.050471 -0.06913
v -0.052801 0.05067 -0.068714
v -0.051421 0.050807 -0.068418
v -0.050049 0.05088 -0.068253
v -0.048666 0.050904 -0.068198
v -0.048454 0.047736 -0.074033
v -0.049292 0.047611 -0.074227
v -0.04967 0.047528 -0.074355
v -0.050034 0.047427 -0.074509
v -0.050397 0.047302 -0.074698
v -0.050732 0.047158 -0.074913
v -0.051037 0.046996 -0.075152
v -0.051314 0.046815 -0.075415
v -0.05156 0.046616 -0.075699
v -0.051772 0.046404 -0.075997
v -0.051948 0.046178 -0.076309
v -0.052089 0.045938 -0.076634
v -0.052259 0.045452 -0.077275
v -0.052307 0.044915 -0.07796
v -0.05225 0.044404 -0.07859
v -0.0521 0.043848 -0.07925
v -0.051612 0.042776 -0.080451
v -0.050879 0.041732 -0.081544
v -0.049923 0.040745 -0.082513
v -0.048805 0.039823 -0.083365
v -0.050179 0.034441 -0.087545
v -0.052276 0.03595 -0.0865
v -0.045904 0.050836 -0.068348
v -0.043188 0.050602 -0.068851
v -0.042706 0.047324 -0.074666
v -0.043481 0.047505 -0.074393
v -0.044279 0.047643 -0.074181
v -0.045107 0.04774 -0.074029
v -0.046781 0.047816 -0.073908
v -0.047652 0.047797 -0.073937
v -0.0476 0.03894 -0.08414
v -0.046342 0.038082 -0.08486
v -0.040585 0.050172 -0.069739
v -0.039349 0.049873 -0.070327
v -0.038174 0.049518 -0.071
v -0.039384 0.04584 -0.076767
v -0.04059 0.046538 -0.07581
v -0.041255 0.046838 -0.075382
v -0.041961 0.047101 -0.074998
v -0.038345 0.045027 -0.077822
v -0.038345 0.045027 -0.077822
v -0.036023 0.048633 -0.072572
v -0.034183 0.047515 -0.074373
v -0.297633 0.021627 0.038698
v -0.298234 0.02177 0.038348
v -0.297013 0.021566 0.039037
v -0.29575 0.021643 0.039677
v -0.294641 0.021891 0.040192
v -0.294491 0.021939 0.040259
v -0.293875 0.022174 0.04052
v -0.293276 0.022472 0.040758
v -0.2927 0.022834 0.040968
v -0.29216 0.023254 0.041145
v -0.291657 0.02373 0.04129
v -0.291192 0.024257 0.041402
v -0.290393 0.025422 0.04153
v -0.289757 0.02669 0.041543
v -0.289267 0.028018 0.041458
v -0.289212 0.028193 0.041441
v -0.292517 0.027507 0.039954
v -0.288898 0.029379 0.041292
v -0.288632 0.030753 0.041058
v -0.288448 0.03213 0.040767
v -0.288334 0.033504 0.040428
v -0.288334 0.033508 0.040427
v -0.291593 0.032813 0.038983
v -0.288289 0.034868 0.040041
v -0.288331 0.036216 0.0396
v -0.288483 0.037534 0.039097
v -0.288676 0.038439 0.038696
v -0.288779 0.038797 0.038522
v -0.288994 0.039395 0.038206
v -0.28926 0.039961 0.037872
v -0.289582 0.040486 0.03752
v -0.277411 0.032575 0.046006
v -0.276604 0.033537 0.046125
v -0.27823 0.031626 0.045873
v -0.279045 0.030673 0.045738
v -0.279859 0.029721 0.045596
v -0.279859 0.029721 0.045596
v -0.280022 0.02953 0.045567
v -0.280022 0.02953 0.045567
v -0.280673 0.028769 0.045449
v -0.281386 0.027936 0.045315
v -0.28095 0.029368 0.045174
v -0.28095 0.029368 0.045174
v -0.281487 0.027818 0.045296
v -0.2823 0.026867 0.045137
v -0.281672 0.026961 0.045408
v -0.28249 0.023958 0.045686
v -0.278452 0.027443 0.046788
v -0.277774 0.027544 0.047081
v -0.274614 0.028017 0.048466
v -0.274856 0.025101 0.048982
v -0.27867 0.02453 0.047319
v -0.278919 0.024493 0.047212
v -0.282994 0.023883 0.045468
v -0.286284 0.02339 0.04401
v -0.285243 0.027516 0.043572
v -0.287043 0.023277 0.043666
v -0.286846 0.025667 0.043226
v -0.285925 0.026729 0.043427
v -0.285003 0.027792 0.043621
v -0.284137 0.028791 0.043795
v -0.284081 0.028856 0.043806
v -0.283158 0.02992 0.043983
v -0.282234 0.030986 0.044151
v -0.281309 0.032052 0.04431
v -0.279457 0.034187 0.0446
v -0.279226 0.034457 0.044632
v -0.280384 0.033119 0.04446
v -0.278963 0.034771 0.044667
v -0.278963 0.034771 0.044667
v -0.275188 0.035416 0.046262
v -0.275188 0.035416 0.046262
v -0.278558 0.03528 0.04471
v -0.278558 0.03528 0.04471
v -0.277757 0.03645 0.044741
v -0.27744 0.037083 0.044698
v -0.277211 0.037748 0.0446
v -0.277077 0.038429 0.044448
v -0.277035 0.039107 0.044247
v -0.277054 0.039441 0.044128
v -0.277054 0.039441 0.044128
v -0.277105 0.039767 0.043995
v -0.277105 0.039767 0.043995
v -0.277193 0.040079 0.043848
v -0.277193 0.040079 0.043848
v -0.277318 0.040368 0.04369
v -0.277318 0.040368 0.04369
v -0.277481 0.04063 0.043521
v -0.277682 0.040864 0.043342
v -0.277916 0.04106 0.04316
v -0.278179 0.041214 0.042978
v -0.278464 0.041322 0.0428
v -0.278767 0.041388 0.042628
v -0.279082 0.041414 0.042464
v -0.279402 0.041405 0.042309
v -0.280046 0.041304 0.042027
v -0.28068 0.0411 0.041785
v -0.28099 0.040954 0.041684
v -0.281287 0.040781 0.041598
v -0.281569 0.04058 0.041528
v -0.281836 0.040352 0.041475
v -0.282086 0.040101 0.041439
v -0.282317 0.039832 0.041417
v -0.28272 0.03925 0.041417
v -0.28272 0.03925 0.041417
v -0.282904 0.038923 0.041436
v -0.282904 0.038923 0.041436
v -0.284508 0.038608 0.040739
v -0.284508 0.038608 0.040739
v -0.284508 0.038608 0.040739
v -0.283051 0.038624 0.041464
v -0.283051 0.038624 0.041464
v -0.283317 0.037972 0.041548
v -0.285561 0.03917 0.040019
v -0.285054 0.040314 0.039874
v -0.284741 0.040859 0.039837
v -0.284385 0.04138 0.039827
v -0.283989 0.041868 0.039847
v -0.283552 0.042321 0.039898
v -0.28308 0.042733 0.03998
v -0.28258 0.043097 0.040092
v -0.282055 0.043414 0.040234
v -0.28151 0.043683 0.040404
v -0.280386 0.04408 0.040812
v -0.279342 0.044301 0.041248
v -0.280697 0.041093 0.04178
v -0.279244 0.044315 0.041291
v -0.278107 0.044384 0.041829
v -0.277549 0.044342 0.042121
v -0.277008 0.044243 0.042426
v -0.276487 0.044084 0.042742
v -0.275993 0.043864 0.043066
v -0.275533 0.043584 0.043395
v -0.275115 0.043245 0.043722
v -0.275425 0.043505 0.043476
v -0.274747 0.042848 0.044045
v -0.274435 0.042399 0.044356
v -0.274181 0.041905 0.044654
v -0.273989 0.041373 0.044932
v -0.27386 0.04081 0.045188
v -0.27386 0.04081 0.045188
v -0.273822 0.040546 0.045297
v -0.273822 0.040546 0.045297
v -0.273792 0.04023 0.045418
v -0.273792 0.04023 0.045418
v -0.273792 0.04023 0.045418
v -0.277013 0.040007 0.043958
v -0.277013 0.040007 0.043958
v -0.277013 0.040007 0.043958
v -0.277013 0.040007 0.043958
v -0.277013 0.040007 0.043958
v -0.277013 0.040007 0.043958
v -0.277013 0.040007 0.043958
v -0.277013 0.040007 0.043958
v -0.277109 0.039784 0.043988
v -0.277109 0.039784 0.043988
v -0.277161 0.039981 0.043896
v -0.277161 0.039981 0.043896
v -0.27378 0.039635 0.045622
v -0.273818 0.039031 0.045802
v -0.273907 0.038424 0.045955
v -0.274047 0.037824 0.046078
v -0.274243 0.037234 0.046168
v -0.274491 0.036656 0.046226
v -0.2751 0.035554 0.046264
v -0.275823 0.034522 0.046218
v -0.264567 0.03486 0.056428
v -0.262908 0.0381 0.056298
v -0.264106 0.03422 0.057151
v -0.26301 0.032699 0.058926
v -0.262155 0.034438 0.058906
v -0.261426 0.035868 0.058876
v -0.262999 0.032685 0.058943
v -0.260584 0.0346 0.06042
v -0.260014 0.03374 0.061502
v -0.2615 0.030605 0.061507
v -0.263967 0.024336 0.061516
v -0.264549 0.025033 0.060643
v -0.264965 0.021202 0.061521
v -0.26671 0.023157 0.059121
v -0.266718 0.023166 0.05911
v -0.267455 0.021873 0.058804
v -0.265907 0.020208 0.060838
v -0.269035 0.023571 0.056823
v -0.270122 0.019781 0.056939
v -0.266722 0.030013 0.056608
v -0.265328 0.033243 0.05649
v -0.266255 0.029434 0.057265
v -0.264338 0.02965 0.059003
v -0.265044 0.02793 0.059021
v -0.265034 0.027918 0.059035
v -0.263411 0.025903 0.061514
v -0.262178 0.029038 0.06151
v -0.267358 0.028401 0.056664
v -0.26564 0.026341 0.059052
v -0.268513 0.02518 0.056771
v -0.268051 0.024661 0.057361
v -0.266146 0.024871 0.05909
v -0.265631 0.02633 0.059065
v -0.26276 0.029815 0.060534
v -0.26372 0.031095 0.058974
v -0.26373 0.031109 0.058958
v -0.255511 0.045474 -0.059059
v -0.254392 0.043147 -0.06193
v -0.256476 0.040011 -0.061936
v -0.257697 0.042249 -0.059172
v -0.257708 0.04227 -0.059148
v -0.256486 0.044056 -0.059125
v -0.258572 0.043855 -0.057301
v -0.254896 0.044194 -0.060613
v -0.2555 0.045451 -0.059087
v -0.258984 0.04461 -0.056447
v -0.256671 0.047885 -0.056276
v -0.260047 0.042979 -0.056526
v -0.270122 0.019781 -0.057385
v -0.257436 0.038443 -0.061939
v -0.257982 0.039391 -0.060745
v -0.259203 0.035308 -0.061945
v -0.26057 0.037461 -0.059287
v -0.260581 0.037479 -0.059266
v -0.261563 0.039025 -0.057463
v -0.259558 0.039239 -0.059246
v -0.262007 0.039724 -0.056674
v -0.258708 0.040652 -0.059212
v -0.258719 0.040671 -0.059189
v -0.261437 0.035884 -0.059303
v -0.261426 0.035868 -0.059322
v -0.262908 0.0381 -0.056744
v -0.264567 0.03486 -0.056874
v -0.264106 0.03422 -0.057597
v -0.266718 0.023166 -0.059556
v -0.26671 0.023157 -0.059567
v -0.268051 0.024661 -0.057807
v -0.266146 0.024871 -0.059536
v -0.268513 0.02518 -0.057217
v -0.267358 0.028401 -0.05711
v -0.26564 0.026341 -0.059497
v -0.265044 0.02793 -0.059467
v -0.266255 0.029434 -0.05771
v -0.265034 0.027918 -0.059481
v -0.264338 0.02965 -0.059448
v -0.263411 0.025903 -0.06196
v -0.262178 0.029038 -0.061955
v -0.26276 0.029815 -0.06098
v -0.26372 0.031095 -0.05942
v -0.26373 0.031109 -0.059404
v -0.265328 0.033243 -0.056936
v -0.266722 0.030013 -0.057053
v -0.26301 0.032699 -0.059372
v -0.2615 0.030605 -0.061953
v -0.260014 0.03374 -0.061948
v -0.260584 0.0346 -0.060866
v -0.262155 0.034438 -0.059352
v -0.262999 0.032685 -0.059389
v -0.264965 0.021202 -0.061967
v -0.263967 0.024336 -0.061962
v -0.264549 0.025033 -0.061089
v -0.265631 0.02633 -0.05951
v -0.267455 0.021873 -0.05925
v -0.269035 0.023571 -0.057269
v -0.265907 0.020208 -0.061284
v -0.247436 0.051663 0.061463
v -0.249476 0.04942 0.061469
v -0.250117 0.051427 0.059016
v -0.250117 0.051427 0.059016
v -0.250034 0.051519 0.059013
v -0.250034 0.051519 0.059013
v -0.250123 0.051446 0.058992
v -0.250123 0.051446 0.058992
v -0.250788 0.053528 0.056567
v -0.247992 0.0537 0.058948
v -0.245307 0.053822 0.061456
v -0.251722 0.0503 0.058462
v -0.251711 0.050271 0.058497
v -0.252668 0.052832 0.055531
v -0.255413 0.049528 0.055736
v -0.255051 0.048718 0.056655
v -0.254319 0.047079 0.058566
v -0.252854 0.048899 0.05854
v -0.251242 0.049014 0.060017
v -0.254308 0.047054 0.058595
v -0.253262 0.044715 0.061481
v -0.250808 0.047851 0.061473
v -0.260047 0.042979 0.05608
v -0.262007 0.039724 0.056228
v -0.258719 0.040671 0.058743
v -0.258708 0.040652 0.058766
v -0.259558 0.039239 0.0588
v -0.257982 0.039391 0.060299
v -0.257436 0.038443 0.061494
v -0.259203 0.035308 0.061499
v -0.260581 0.037479 0.05882
v -0.261563 0.039025 0.057017
v -0.26057 0.037461 0.058841
v -0.261437 0.035884 0.058857
v -0.257708 0.04227 0.058702
v -0.258572 0.043855 0.056855
v -0.257697 0.042249 0.058726
v -0.256486 0.044056 0.058679
v -0.256476 0.040011 0.061491
v -0.254392 0.043147 0.061484
v -0.254896 0.044194 0.060167
v -0.2555 0.045451 0.058642
v -0.255511 0.045474 0.058614
v -0.256671 0.047885 0.05583
v -0.258984 0.04461 0.056001
v -0.301509 0.029657 0.034637
v -0.301519 0.028284 0.034997
v -0.301429 0.026924 0.035395
v -0.301207 0.025598 0.035846
v -0.301195 0.025546 0.035865
v -0.297996 0.026297 0.037414
v -0.300812 0.024339 0.036366
v -0.300534 0.023754 0.036655
v -0.300196 0.023213 0.036966
v -0.299793 0.022731 0.037295
v -0.299326 0.022323 0.03764
v -0.298801 0.022 0.037994
v -0.2987 0.021951 0.038059
v -0.297989 0.026275 0.037423
v -0.297943 0.026126 0.037484
v -0.297827 0.025815 0.037622
v -0.298112 0.026783 0.037231
v -0.298272 0.02815 0.036795
v -0.298293 0.029544 0.036414
v -0.298227 0.030945 0.036064
v -0.2982 0.031303 0.035977
v -0.298102 0.032346 0.035731
v -0.297912 0.033744 0.035418
v -0.29763 0.035134 0.03514
v -0.297207 0.036498 0.034928
v -0.297198 0.036519 0.034925
v -0.30056 0.035696 0.033384
v -0.296912 0.037155 0.034868
v -0.296538 0.037773 0.034859
v -0.296316 0.038057 0.034879
v -0.296071 0.038318 0.03492
v -0.295801 0.038551 0.034982
v -0.295512 0.03875 0.035065
v -0.295208 0.038913 0.035168
v -0.294891 0.03904 0.03529
v -0.294569 0.039131 0.035426
v -0.294245 0.039189 0.035576
v -0.293922 0.039215 0.035735
v -0.293602 0.039203 0.035905
v -0.293294 0.039148 0.036085
v -0.293003 0.039045 0.036271
v -0.292733 0.038892 0.036465
v -0.292497 0.038696 0.036654
v -0.292296 0.038464 0.036838
v -0.292296 0.038464 0.036838
v -0.292126 0.0382 0.037015
v -0.292126 0.0382 0.037015
v -0.291987 0.037915 0.037183
v -0.291987 0.037915 0.037183
v -0.291874 0.03761 0.037343
v -0.291874 0.03761 0.037343
v -0.291917 0.037735 0.03728
v -0.291917 0.037735 0.03728
v -0.291711 0.036971 0.037639
v -0.291557 0.035731 0.038116
v -0.291551 0.03563 0.038151
v -0.290944 0.03795 0.037707
v -0.290944 0.03795 0.037707
v -0.290944 0.03795 0.037707
v -0.290944 0.03795 0.037707
v -0.290944 0.03795 0.037707
v -0.290035 0.04103 0.03709
v -0.290409 0.041362 0.036776
v -0.289965 0.040957 0.037153
v -0.29091 0.04169 0.036396
v -0.29146 0.041932 0.036021
v -0.292049 0.042091 0.035656
v -0.292663 0.042169 0.035308
v -0.293291 0.042175 0.034978
v -0.294564 0.042009 0.034375
v -0.2946 0.042002 0.034359
v -0.295198 0.041845 0.034104
v -0.295825 0.041619 0.033859
v -0.296436 0.04133 0.033644
v -0.297024 0.040976 0.033464
v -0.297581 0.040558 0.033322
v -0.300291 0.036482 0.033277
v -0.299724 0.037777 0.033153
v -0.298999 0.038995 0.033124
v -0.298571 0.03956 0.033154
v -0.298097 0.040084 0.033219
v -0.300722 0.035144 0.033471
v -0.301041 0.033783 0.033715
v -0.301269 0.032411 0.033997
v -0.301422 0.031034 0.034306
v -0.301463 0.030504 0.034431
v -0.295394 0.038819 0.035103
v -0.291528 0.034253 0.038589
v -0.29159 0.032861 0.038971
v -0.291712 0.031461 0.039309
v -0.2919 0.030058 0.039601
v -0.292179 0.028659 0.03983
v -0.292599 0.027284 0.039968
v -0.29289 0.026622 0.039985
v -0.293258 0.026003 0.03995
v -0.293475 0.025718 0.039908
v -0.293716 0.025455 0.039849
v -0.293979 0.025221 0.039771
v -0.294017 0.025191 0.039758
v -0.294263 0.025018 0.039674
v -0.294562 0.02485 0.03956
v -0.294873 0.024719 0.039431
v -0.295191 0.024622 0.03929
v -0.295513 0.024559 0.039139
v -0.295836 0.024526 0.038979
v -0.296155 0.02453 0.038812
v -0.296467 0.024576 0.038638
v -0.296767 0.024671 0.038458
v -0.297048 0.024819 0.038276
v -0.297293 0.025013 0.0381
v -0.297503 0.025248 0.037932
v -0.297682 0.02552 0.037772
v -0.247992 0.0537 -0.059394
v -0.250034 0.051519 -0.059459
v -0.250034 0.051519 -0.059459
v -0.250788 0.053528 -0.057013
v -0.245307 0.053822 -0.061902
v -0.247436 0.051663 -0.061909
v -0.253262 0.044715 -0.061927
v -0.250808 0.047851 -0.061919
v -0.254308 0.047054 -0.059041
v -0.252854 0.048899 -0.058986
v -0.254319 0.047079 -0.059012
v -0.255051 0.048718 -0.057101
v -0.255413 0.049528 -0.056182
v -0.252668 0.052832 -0.055977
v -0.251722 0.0503 -0.058908
v -0.251711 0.050271 -0.058942
v -0.251242 0.049014 -0.060463
v -0.250123 0.051446 -0.059438
v -0.250123 0.051446 -0.059438
v -0.250117 0.051427 -0.059462
v -0.250117 0.051427 -0.059462
v -0.249476 0.04942 -0.061915
v -0.326964 0.02325 0.003729
v -0.326964 0.02325 0.003729
v -0.326964 0.023297 0.003545
v -0.326964 0.023297 0.003545
v -0.326964 0.023297 0.003545
v -0.326964 0.02323 0.003919
v -0.326964 0.02323 0.003919
v -0.326964 0.02323 0.003919
v -0.326964 0.023234 0.004109
v -0.326964 0.023268 0.004297
v -0.326964 0.023268 0.004297
v -0.326964 0.023332 0.004476
v -0.326964 0.023332 0.004476
v -0.326964 0.023375 0.004561
v -0.326964 0.023375 0.004561
v -0.326964 0.023426 0.004642
v -0.326964 0.023426 0.004642
v -0.326964 0.023426 0.004642
v -0.326964 0.023484 0.004718
v -0.326964 0.023484 0.004718
v -0.326964 0.023549 0.004787
v -0.326964 0.023549 0.004787
v -0.326964 0.02362 0.00485
v -0.326964 0.023698 0.004905
v -0.326964 0.023698 0.004905
v -0.326964 0.023781 0.004951
v -0.326964 0.023781 0.004951
v -0.326964 0.023869 0.004988
v -0.326964 0.023869 0.004988
v -0.326964 0.023959 0.005015
v -0.326964 0.024054 0.005034
v -0.326964 0.024054 0.004516
v -0.326964 0.023962 0.004472
v -0.326964 0.023962 0.004472
v -0.326964 0.023962 0.004472
v -0.326964 0.023878 0.004414
v -0.326964 0.023878 0.004414
v -0.326964 0.02384 0.00438
v -0.326964 0.02384 0.00438
v -0.326964 0.023806 0.004342
v -0.326964 0.023806 0.004342
v -0.326964 0.023806 0.004342
v -0.326964 0.023777 0.004301
v -0.326964 0.023777 0.004301
v -0.326964 0.023777 0.004301
v -0.326964 0.023752 0.004256
v -0.326964 0.023752 0.004256
v -0.326964 0.023752 0.004256
v -0.326964 0.023733 0.00421
v -0.326964 0.023733 0.00421
v -0.326964 0.023733 0.00421
v -0.326964 0.023718 0.00416
v -0.326964 0.023718 0.00416
v -0.326964 0.023702 0.004059
v -0.326964 0.023702 0.004059
v -0.326964 0.0237 0.003957
v -0.326964 0.0237 0.003957
v -0.326964 0.02371 0.003856
v -0.326964 0.02371 0.003856
v -0.326964 0.023735 0.003757
v -0.326964 0.023735 0.003757
v -0.326964 0.023735 0.003757
v -0.326964 0.023754 0.003709
v -0.326964 0.023754 0.003709
v -0.326964 0.023754 0.003709
v -0.326964 0.023777 0.003664
v -0.326964 0.023777 0.003664
v -0.326964 0.023804 0.003621
v -0.326964 0.023804 0.003621
v -0.326964 0.023836 0.003581
v -0.326964 0.023836 0.003581
v -0.326964 0.023836 0.003581
v -0.326964 0.02387 0.003544
v -0.326964 0.02387 0.003544
v -0.326964 0.023908 0.003509
v -0.326964 0.023908 0.003509
v -0.326964 0.023908 0.003509
v -0.326964 0.023992 0.003451
v -0.326964 0.023992 0.003451
v -0.326964 0.024084 0.003407
v -0.326964 0.024084 0.003407
v -0.326964 0.024181 0.003376
v -0.326964 0.024281 0.003355
v -0.326964 0.024281 0.003355
v -0.326964 0.024382 0.003342
v -0.326964 0.024382 0.003342
v -0.326964 0.024382 0.005057
v -0.326964 0.024382 0.005057
v -0.326964 0.024542 0.005063
v -0.326964 0.024542 0.005063
v -0.326964 0.024732 0.005054
v -0.326964 0.024732 0.005054
v -0.326964 0.024921 0.005027
v -0.326964 0.025098 0.004979
v -0.326964 0.025098 0.004979
v -0.326964 0.025105 0.004977
v -0.326964 0.02528 0.004901
v -0.326964 0.025441 0.0048
v -0.326964 0.025515 0.004739
v -0.326964 0.025515 0.004739
v -0.326964 0.025583 0.004673
v -0.326964 0.025644 0.0046
v -0.326964 0.025644 0.0046
v -0.326964 0.025698 0.004521
v -0.326964 0.025698 0.004521
v -0.326964 0.025745 0.004438
v -0.326964 0.025745 0.004438
v -0.326964 0.025783 0.004351
v -0.326964 0.025783 0.004351
v -0.326964 0.025783 0.004351
v -0.326964 0.025783 0.004351
v -0.326964 0.025836 0.004168
v -0.326964 0.025836 0.004168
v -0.326964 0.025836 0.004168
v -0.326964 0.025836 0.004168
v -0.326964 0.025858 0.003979
v -0.326964 0.025858 0.003979
v -0.326964 0.025858 0.003979
v -0.326964 0.025853 0.003788
v -0.326964 0.025853 0.003788
v -0.326964 0.025853 0.003788
v -0.326964 0.025853 0.003788
v -0.326964 0.025818 0.003601
v -0.326964 0.025818 0.003601
v -0.326964 0.025818 0.003601
v -0.326964 0.025818 0.003601
v -0.326964 0.025789 0.00351
v -0.326964 0.025789 0.00351
v -0.326964 0.025751 0.003423
v -0.326964 0.025751 0.003423
v -0.326964 0.025751 0.003423
v -0.326964 0.025654 0.003259
v -0.326964 0.025654 0.003259
v -0.326964 0.025654 0.003259
v -0.326964 0.02553 0.003114
v -0.326964 0.025383 0.002992
v -0.326964 0.025383 0.002992
v -0.326964 0.02522 0.002894
v -0.326964 0.025098 0.00284
v -0.326964 0.025098 0.00284
v -0.326964 0.025098 0.00284
v -0.326964 0.025098 0.003444
v -0.326964 0.025098 0.003444
v -0.326964 0.025044 0.002821
v -0.326964 0.025044 0.002821
v -0.326964 0.02486 0.002773
v -0.326964 0.024671 0.002749
v -0.326964 0.024671 0.002749
v -0.326964 0.02448 0.002745
v -0.326964 0.02429 0.002762
v -0.326964 0.02429 0.002762
v -0.326964 0.024104 0.002801
v -0.326964 0.024104 0.002801
v -0.326964 0.023924 0.002865
v -0.326964 0.023756 0.002954
v -0.326964 0.023756 0.002954
v -0.326964 0.023605 0.00307
v -0.326964 0.023605 0.00307
v -0.326964 0.023537 0.003137
v -0.326964 0.023537 0.003137
v -0.326964 0.023475 0.003209
v -0.326964 0.023475 0.003209
v -0.326964 0.023475 0.003209
v -0.326964 0.023372 0.003369
v -0.326964 0.023372 0.003369
v -0.326964 0.023372 0.003369
v -0.326964 0.023372 0.003369
v -0.326964 0.023372 0.003369
v -0.326964 0.025077 0.003433
v -0.326964 0.025158 0.003479
v -0.326964 0.025158 0.003479
v -0.326964 0.025231 0.003538
v -0.326964 0.025264 0.003572
v -0.326964 0.025264 0.003572
v -0.326964 0.025293 0.003608
v -0.326964 0.025293 0.003608
v -0.326964 0.025293 0.003608
v -0.326964 0.025319 0.003647
v -0.326964 0.025319 0.003647
v -0.326964 0.025319 0.003647
v -0.326964 0.025341 0.003688
v -0.326964 0.025341 0.003688
v -0.326964 0.025341 0.003688
v -0.326964 0.025359 0.003731
v -0.326964 0.025359 0.003731
v -0.326964 0.025373 0.003776
v -0.326964 0.025373 0.003776
v -0.326964 0.025373 0.003776
v -0.326964 0.025382 0.003821
v -0.326964 0.025382 0.003821
v -0.326964 0.025387 0.003868
v -0.326964 0.025387 0.003868
v -0.326964 0.025387 0.003961
v -0.326964 0.025387 0.003961
v -0.326964 0.025374 0.004054
v -0.326964 0.025374 0.004054
v -0.326964 0.025374 0.004054
v -0.326964 0.025361 0.004099
v -0.326964 0.025361 0.004099
v -0.326964 0.025345 0.004143
v -0.326964 0.025345 0.004143
v -0.326964 0.025324 0.004184
v -0.326964 0.025324 0.004184
v -0.326964 0.025299 0.004224
v -0.326964 0.025299 0.004224
v -0.326964 0.02527 0.00426
v -0.326964 0.02527 0.00426
v -0.326964 0.025237 0.004293
v -0.326964 0.025237 0.004293
v -0.326964 0.025237 0.004293
v -0.326964 0.025201 0.004323
v -0.326964 0.025201 0.004323
v -0.326964 0.025162 0.00435
v -0.326964 0.025079 0.004393
v -0.326964 0.025079 0.004393
v -0.326964 0.024991 0.004425
v -0.326964 0.024991 0.004425
v -0.326964 0.0249 0.004447
v -0.326964 0.024808 0.004461
v -0.326964 0.024808 0.004461
v -0.326964 0.024808 0.004461
v -0.326964 0.024808 0.003356
v -0.326964 0.024808 0.003356
v -0.326964 0.0249 0.003373
v -0.326964 0.0249 0.003373
v -0.326964 0.0249 0.003373
v -0.326964 0.02499 0.003398
v -0.326964 0.02499 0.003398
v -0.326964 0.025098 0.004384
v -0.326964 0.025853 0.006501
v -0.326964 0.025853 0.006501
v -0.326964 0.025858 0.006692
v -0.326964 0.025858 0.006692
v -0.326964 0.025858 0.006692
v -0.326964 0.025818 0.006314
v -0.326964 0.025818 0.006314
v -0.326964 0.025818 0.006314
v -0.326964 0.025818 0.006314
v -0.326964 0.025789 0.006224
v -0.326964 0.025789 0.006224
v -0.326964 0.025751 0.006136
v -0.326964 0.025751 0.006136
v -0.326964 0.025751 0.006136
v -0.326964 0.025654 0.005973
v -0.326964 0.025654 0.005973
v -0.326964 0.025654 0.005973
v -0.326964 0.02553 0.005828
v -0.326964 0.02553 0.005828
v -0.326964 0.025383 0.005706
v -0.326964 0.025383 0.005706
v -0.326964 0.025383 0.005706
v -0.326964 0.02522 0.005608
v -0.326964 0.02522 0.005608
v -0.326964 0.025044 0.005534
v -0.326964 0.025044 0.005534
v -0.326964 0.025044 0.005534
v -0.326964 0.025098 0.005554
v -0.326964 0.025098 0.005554
v -0.326964 0.025098 0.005554
v -0.326964 0.02486 0.005486
v -0.326964 0.02486 0.005486
v -0.326964 0.024671 0.005462
v -0.326964 0.024671 0.005462
v -0.326964 0.02448 0.005459
v -0.326964 0.02448 0.005459
v -0.326964 0.02429 0.005475
v -0.326964 0.024104 0.005514
v -0.326964 0.024104 0.005514
v -0.326964 0.023924 0.005578
v -0.326964 0.023924 0.005578
v -0.326964 0.023756 0.005668
v -0.326964 0.023756 0.005668
v -0.326964 0.023605 0.005783
v -0.326964 0.023605 0.005783
v -0.326964 0.023537 0.00585
v -0.326964 0.023537 0.00585
v -0.326964 0.023475 0.005923
v -0.326964 0.023475 0.005923
v -0.326964 0.023475 0.005923
v -0.326964 0.023372 0.006083
v -0.326964 0.023372 0.006083
v -0.326964 0.023372 0.006083
v -0.326964 0.023372 0.006083
v -0.326964 0.023372 0.006083
v -0.326964 0.023297 0.006258
v -0.326964 0.023297 0.006258
v -0.326964 0.023297 0.006258
v -0.326964 0.02325 0.006443
v -0.326964 0.02325 0.006443
v -0.326964 0.02323 0.006632
v -0.326964 0.02323 0.006632
v -0.326964 0.02323 0.006632
v -0.326964 0.023234 0.006823
v -0.326964 0.023268 0.00701
v -0.326964 0.023268 0.00701
v -0.326964 0.023332 0.00719
v -0.326964 0.023332 0.00719
v -0.326964 0.023375 0.007275
v -0.326964 0.023375 0.007275
v -0.326964 0.023426 0.007355
v -0.326964 0.023426 0.007355
v -0.326964 0.023426 0.007355
v -0.326964 0.023484 0.007431
v -0.326964 0.023484 0.007431
v -0.326964 0.023549 0.0075
v -0.326964 0.023549 0.0075
v -0.326964 0.02362 0.007563
v -0.326964 0.023698 0.007618
v -0.326964 0.023698 0.007618
v -0.326964 0.023781 0.007664
v -0.326964 0.023781 0.007664
v -0.326964 0.023869 0.007702
v -0.326964 0.023869 0.007702
v -0.326964 0.023959 0.007729
v -0.326964 0.024054 0.007747
v -0.326964 0.024054 0.00723
v -0.326964 0.023962 0.007185
v -0.326964 0.023962 0.007185
v -0.326964 0.023962 0.007185
v -0.326964 0.023878 0.007128
v -0.326964 0.023878 0.007128
v -0.326964 0.02384 0.007093
v -0.326964 0.02384 0.007093
v -0.326964 0.023806 0.007056
v -0.326964 0.023806 0.007056
v -0.326964 0.023806 0.007056
v -0.326964 0.023777 0.007015
v -0.326964 0.023777 0.007015
v -0.326964 0.023777 0.007015
v -0.326964 0.023752 0.00697
v -0.326964 0.023752 0.00697
v -0.326964 0.023752 0.00697
v -0.326964 0.023733 0.006924
v -0.326964 0.023733 0.006924
v -0.326964 0.023733 0.006924
v -0.326964 0.023718 0.006873
v -0.326964 0.023718 0.006873
v -0.326964 0.023702 0.006773
v -0.326964 0.023702 0.006773
v -0.326964 0.0237 0.006671
v -0.326964 0.0237 0.006671
v -0.326964 0.02371 0.006569
v -0.326964 0.02371 0.006569
v -0.326964 0.023735 0.00647
v -0.326964 0.023735 0.00647
v -0.326964 0.023735 0.00647
v -0.326964 0.023754 0.006423
v -0.326964 0.023754 0.006423
v -0.326964 0.023754 0.006423
v -0.326964 0.023777 0.006378
v -0.326964 0.023777 0.006378
v -0.326964 0.023804 0.006335
v -0.326964 0.023804 0.006335
v -0.326964 0.023836 0.006294
v -0.326964 0.023836 0.006294
v -0.326964 0.023836 0.006294
v -0.326964 0.02387 0.006257
v -0.326964 0.02387 0.006257
v -0.326964 0.023908 0.006223
v -0.326964 0.023908 0.006223
v -0.326964 0.023908 0.006223
v -0.326964 0.023992 0.006165
v -0.326964 0.023992 0.006165
v -0.326964 0.024084 0.006121
v -0.326964 0.024084 0.006121
v -0.326964 0.024181 0.006089
v -0.326964 0.024181 0.006089
v -0.326964 0.024281 0.006068
v -0.326964 0.024382 0.006056
v -0.326964 0.024382 0.006056
v -0.326964 0.024382 0.00777
v -0.326964 0.024382 0.00777
v -0.326964 0.024542 0.007776
v -0.326964 0.024542 0.007776
v -0.326964 0.024732 0.007768
v -0.326964 0.024732 0.007768
v -0.326964 0.024921 0.00774
v -0.326964 0.025098 0.007692
v -0.326964 0.025098 0.007692
v -0.326964 0.025098 0.007096
v -0.326964 0.025105 0.00769
v -0.326964 0.02528 0.007615
v -0.326964 0.025441 0.007514
v -0.326964 0.025515 0.007453
v -0.326964 0.025515 0.007453
v -0.326964 0.025583 0.007386
v -0.326964 0.025644 0.007313
v -0.326964 0.025644 0.007313
v -0.326964 0.025698 0.007235
v -0.326964 0.025698 0.007235
v -0.326964 0.025745 0.007152
v -0.326964 0.025745 0.007152
v -0.326964 0.025783 0.007064
v -0.326964 0.025783 0.007064
v -0.326964 0.025783 0.007064
v -0.326964 0.025783 0.007064
v -0.326964 0.025836 0.006881
v -0.326964 0.025836 0.006881
v -0.326964 0.025836 0.006881
v -0.326964 0.025836 0.006881
v -0.326964 0.025162 0.007062
v -0.326964 0.025079 0.007105
v -0.326964 0.025079 0.007105
v -0.326964 0.024991 0.007137
v -0.326964 0.024991 0.007137
v -0.326964 0.0249 0.007159
v -0.326964 0.024808 0.007173
v -0.326964 0.024808 0.007173
v -0.326964 0.024808 0.007173
v -0.326964 0.024808 0.006068
v -0.326964 0.024808 0.006068
v -0.326964 0.024808 0.006068
v -0.326964 0.0249 0.006085
v -0.326964 0.0249 0.006085
v -0.326964 0.0249 0.006085
v -0.326964 0.02499 0.00611
v -0.326964 0.02499 0.00611
v -0.326964 0.025076 0.006146
v -0.326964 0.025076 0.006146
v -0.326964 0.025157 0.006192
v -0.326964 0.025157 0.006192
v -0.326964 0.025231 0.00625
v -0.326964 0.025264 0.006284
v -0.326964 0.025264 0.006284
v -0.326964 0.025293 0.00632
v -0.326964 0.025293 0.00632
v -0.326964 0.025293 0.00632
v -0.326964 0.025319 0.006359
v -0.326964 0.025319 0.006359
v -0.326964 0.025319 0.006359
v -0.326964 0.025341 0.0064
v -0.326964 0.025341 0.0064
v -0.326964 0.025341 0.0064
v -0.326964 0.025359 0.006443
v -0.326964 0.025359 0.006443
v -0.326964 0.025373 0.006488
v -0.326964 0.025373 0.006488
v -0.326964 0.025373 0.006488
v -0.326964 0.025387 0.00658
v -0.326964 0.025387 0.006673
v -0.326964 0.025387 0.006673
v -0.326964 0.025374 0.006766
v -0.326964 0.025374 0.006766
v -0.326964 0.025374 0.006766
v -0.326964 0.025361 0.006812
v -0.326964 0.025361 0.006812
v -0.326964 0.025345 0.006855
v -0.326964 0.025345 0.006855
v -0.326964 0.025345 0.006855
v -0.326964 0.025324 0.006897
v -0.326964 0.025324 0.006897
v -0.326964 0.025299 0.006936
v -0.326964 0.025299 0.006936
v -0.326964 0.02527 0.006972
v -0.326964 0.02527 0.006972
v -0.326964 0.025237 0.007006
v -0.326964 0.025237 0.007006
v -0.326964 0.025237 0.007006
v -0.326964 0.025201 0.007035
v -0.326964 0.025201 0.007035
v -0.326964 0.025098 0.006157
v -0.326964 0.025098 0.006157
v -0.326964 0.025098 0.006157
v -0.326964 0.025679 0.001756
v -0.326964 0.025679 0.001756
v -0.326964 0.025679 0.001756
v -0.326964 0.025749 0.00185
v -0.326964 0.025749 0.00185
v -0.326964 0.025596 0.001674
v -0.326964 0.025596 0.001674
v -0.326964 0.025502 0.001603
v -0.326964 0.025502 0.001603
v -0.326964 0.025401 0.001545
v -0.326964 0.025401 0.001545
v -0.326964 0.025401 0.001545
v -0.326964 0.025401 0.001545
v -0.326964 0.025401 0.001545
v -0.326964 0.025401 0.001545
v -0.326964 0.025802 0.001545
v -0.326964 0.025802 0.001025
v -0.326964 0.025802 0.001025
v -0.326964 0.025802 0.001025
v -0.326964 0.023286 0.001025
v -0.326964 0.023286 0.001618
v -0.326964 0.024656 0.001618
v -0.326964 0.024656 0.001618
v -0.326964 0.024766 0.001624
v -0.326964 0.024766 0.001624
v -0.326964 0.024873 0.001641
v -0.326964 0.024873 0.001641
v -0.326964 0.024873 0.001641
v -0.326964 0.024977 0.001675
v -0.326964 0.024977 0.001675
v -0.326964 0.025027 0.001698
v -0.326964 0.025027 0.001698
v -0.326964 0.025074 0.001726
v -0.326964 0.025074 0.001726
v -0.326964 0.025118 0.001759
v -0.326964 0.025118 0.001759
v -0.326964 0.025158 0.001796
v -0.326964 0.025158 0.001796
v -0.326964 0.025194 0.001838
v -0.326964 0.025194 0.001838
v -0.326964 0.025226 0.001882
v -0.326964 0.025226 0.001882
v -0.326964 0.025253 0.001929
v -0.326964 0.025253 0.001929
v -0.326964 0.025253 0.001929
v -0.326964 0.025275 0.001979
v -0.326964 0.025275 0.001979
v -0.326964 0.025275 0.001979
v -0.326964 0.025293 0.00203
v -0.326964 0.025293 0.00203
v -0.326964 0.025293 0.00203
v -0.326964 0.025293 0.00203
v -0.326964 0.025305 0.002084
v -0.326964 0.025305 0.002084
v -0.326964 0.025305 0.002084
v -0.326964 0.025318 0.002193
v -0.326964 0.025318 0.002193
v -0.326964 0.025318 0.002193
v -0.326964 0.025318 0.002193
v -0.326964 0.025316 0.002302
v -0.326964 0.025316 0.002302
v -0.326964 0.025316 0.002302
v -0.326964 0.025302 0.002411
v -0.326964 0.02583 0.002411
v -0.326964 0.02583 0.002411
v -0.326964 0.02583 0.002411
v -0.326964 0.025836 0.002401
v -0.326964 0.025841 0.00239
v -0.326964 0.025841 0.00239
v -0.326964 0.025841 0.00239
v -0.326964 0.025841 0.00239
v -0.326964 0.025841 0.00239
v -0.326964 0.025849 0.002364
v -0.326964 0.025854 0.002334
v -0.326964 0.025854 0.002334
v -0.326964 0.025854 0.002334
v -0.326964 0.025858 0.002298
v -0.326964 0.025857 0.002181
v -0.326964 0.025839 0.002065
v -0.326964 0.025839 0.002065
v -0.326964 0.025803 0.001954
v -0.326964 0.025803 0.001954
v -0.326964 0.024055 -1.2E-05
v -0.326964 0.023985 -8E-06
v -0.326964 0.023985 -8E-06
v -0.326964 0.023916 7E-06
v -0.326964 0.023882 1.9E-05
v -0.326964 0.023852 3.5E-05
v -0.326964 0.023822 5.5E-05
v -0.326964 0.023822 5.5E-05
v -0.326964 0.023797 7.9E-05
v -0.326964 0.023797 7.9E-05
v -0.326964 0.023797 7.9E-05
v -0.326964 0.023776 0.000107
v -0.326964 0.023776 0.000107
v -0.326964 0.023758 0.000138
v -0.326964 0.023758 0.000138
v -0.326964 0.023758 0.000138
v -0.326964 0.023745 0.00017
v -0.326964 0.023745 0.00017
v -0.326964 0.023745 0.00017
v -0.326964 0.023735 0.000205
v -0.326964 0.023735 0.000205
v -0.326964 0.023735 0.000205
v -0.326964 0.023726 0.000274
v -0.326964 0.023726 0.000274
v -0.326964 0.023726 0.000274
v -0.326964 0.023725 0.000345
v -0.326964 0.02373 0.000415
v -0.326964 0.02373 0.000415
v -0.326964 0.02374 0.000485
v -0.326964 0.02374 0.000485
v -0.326964 0.023758 0.000553
v -0.326964 0.023295 0.000553
v -0.326964 0.023295 0.000553
v -0.326964 0.023295 0.000553
v -0.326964 0.023256 0.000421
v -0.326964 0.023256 0.000421
v -0.326964 0.023235 0.000286
v -0.326964 0.023235 0.000286
v -0.326964 0.02323 0.000148
v -0.326964 0.02323 0.000148
v -0.326964 0.023242 1.1E-05
v -0.326964 0.023274 -0.000122
v -0.326964 0.023274 -0.000122
v -0.326964 0.023298 -0.000187
v -0.326964 0.023298 -0.000187
v -0.326964 0.023298 -0.000187
v -0.326964 0.023329 -0.000248
v -0.326964 0.023329 -0.000248
v -0.326964 0.023366 -0.000306
v -0.326964 0.023366 -0.000306
v -0.326964 0.023408 -0.00036
v -0.326964 0.023456 -0.000409
v -0.326964 0.023456 -0.000409
v -0.326964 0.023456 -0.000409
v -0.326964 0.023509 -0.000453
v -0.326964 0.023509 -0.000453
v -0.326964 0.023566 -0.000491
v -0.326964 0.023626 -0.000524
v -0.326964 0.023626 -0.000524
v -0.326964 0.023689 -0.00055
v -0.326964 0.023689 -0.00055
v -0.326964 0.023755 -0.000571
v -0.326964 0.02389 -0.000597
v -0.326964 0.02389 -0.000597
v -0.326964 0.024027 -0.000605
v -0.326964 0.024027 -0.000605
v -0.326964 0.025333 -0.000605
v -0.326964 0.025333 -0.000948
v -0.326964 0.025802 -0.000948
v -0.326964 0.025802 -0.000605
v -0.326964 0.026395 -0.000605
v -0.326964 0.026395 -1.2E-05
v -0.326964 0.025802 -1.2E-05
v -0.326964 0.025802 0.000553
v -0.326964 0.025332 0.000553
v -0.326964 0.025332 -1.2E-05
v -0.326964 0.023286 -0.001414
v -0.326964 0.023286 -0.002007
v -0.326964 0.025802 -0.002007
v -0.326964 0.02607 -0.001737
v -0.326964 0.02607 -0.001737
v -0.326964 0.02607 -0.001737
v -0.326964 0.02607 -0.001682
v -0.326964 0.026077 -0.001791
v -0.326964 0.026077 -0.001791
v -0.326964 0.02609 -0.001844
v -0.326964 0.02609 -0.001844
v -0.326964 0.026112 -0.001894
v -0.326964 0.026126 -0.001917
v -0.326964 0.026126 -0.001917
v -0.326964 0.026126 -0.001917
v -0.326964 0.026126 -0.001917
v -0.326964 0.026126 -0.001917
v -0.326964 0.026142 -0.001939
v -0.326964 0.02618 -0.001979
v -0.326964 0.02618 -0.001979
v -0.326964 0.02618 -0.001979
v -0.326964 0.026202 -0.001996
v -0.326964 0.026224 -0.002011
v -0.326964 0.026224 -0.002011
v -0.326964 0.026273 -0.002035
v -0.326964 0.026326 -0.002051
v -0.326964 0.026326 -0.002051
v -0.326964 0.02638 -0.002059
v -0.326964 0.026434 -0.00206
v -0.326964 0.026434 -0.00206
v -0.326964 0.026434 -0.00206
v -0.326964 0.026434 -0.00206
v -0.326964 0.026489 -0.002056
v -0.326964 0.026542 -0.002044
v -0.326964 0.026542 -0.002044
v -0.326964 0.026542 -0.002044
v -0.326964 0.026593 -0.002024
v -0.326964 0.026617 -0.002011
v -0.326964 0.026617 -0.002011
v -0.326964 0.02664 -0.001996
v -0.326964 0.026681 -0.00196
v -0.326964 0.026681 -0.00196
v -0.326964 0.026699 -0.001939
v -0.326964 0.026715 -0.001917
v -0.326964 0.026715 -0.001917
v -0.326964 0.026715 -0.001917
v -0.326964 0.026729 -0.001894
v -0.326964 0.026741 -0.001869
v -0.326964 0.026741 -0.001869
v -0.326964 0.026759 -0.001818
v -0.326964 0.026768 -0.001764
v -0.326964 0.026768 -0.001764
v -0.326964 0.026772 -0.001709
v -0.326964 0.026772 -0.001709
v -0.326964 0.026768 -0.001655
v -0.326964 0.026759 -0.001601
v -0.326964 0.026759 -0.001601
v -0.326964 0.026759 -0.001601
v -0.326964 0.026741 -0.00155
v -0.326964 0.026729 -0.001525
v -0.326964 0.026729 -0.001525
v -0.326964 0.026715 -0.001502
v -0.326964 0.026699 -0.00148
v -0.326964 0.026699 -0.00148
v -0.326964 0.026699 -0.00148
v -0.326964 0.026681 -0.001459
v -0.326964 0.026681 -0.001459
v -0.326964 0.02664 -0.001423
v -0.326964 0.02664 -0.001423
v -0.326964 0.026617 -0.001408
v -0.326964 0.026593 -0.001395
v -0.326964 0.026593 -0.001395
v -0.326964 0.026593 -0.001395
v -0.326964 0.026593 -0.001395
v -0.326964 0.026593 -0.001395
v -0.326964 0.026542 -0.001375
v -0.326964 0.026489 -0.001363
v -0.326964 0.026489 -0.001363
v -0.326964 0.026489 -0.001363
v -0.326964 0.026489 -0.001363
v -0.326964 0.026434 -0.001359
v -0.326964 0.02638 -0.00136
v -0.326964 0.02638 -0.00136
v -0.326964 0.02638 -0.00136
v -0.326964 0.02638 -0.00136
v -0.326964 0.02638 -0.00136
v -0.326964 0.026326 -0.001368
v -0.326964 0.026273 -0.001384
v -0.326964 0.026273 -0.001384
v -0.326964 0.026224 -0.001408
v -0.326964 0.026202 -0.001423
v -0.326964 0.02618 -0.00144
v -0.326964 0.026142 -0.00148
v -0.326964 0.026142 -0.00148
v -0.326964 0.026126 -0.001502
v -0.326964 0.026112 -0.001525
v -0.326964 0.026112 -0.001525
v -0.326964 0.026112 -0.001525
v -0.326964 0.02609 -0.001575
v -0.326964 0.026077 -0.001628
v -0.326964 0.026077 -0.001628
v -0.326964 0.025802 -0.001414
v -0.326964 0.025354 -0.003795
v -0.326964 0.025354 -0.003795
v -0.326964 0.025336 -0.003885
v -0.326964 0.025336 -0.003885
v -0.326964 0.025303 -0.00397
v -0.326964 0.025303 -0.00397
v -0.326964 0.025303 -0.00397
v -0.326964 0.025281 -0.00401
v -0.326964 0.025281 -0.00401
v -0.326964 0.025256 -0.004048
v -0.326964 0.025256 -0.004048
v -0.326964 0.025227 -0.004084
v -0.326964 0.025195 -0.004117
v -0.326964 0.025195 -0.004117
v -0.326964 0.025124 -0.004174
v -0.326964 0.025124 -0.004174
v -0.326964 0.025044 -0.004218
v -0.326964 0.025044 -0.004218
v -0.326964 0.024958 -0.004251
v -0.326964 0.024958 -0.004251
v -0.326964 0.024869 -0.004272
v -0.326964 0.024869 -0.004272
v -0.326964 0.024778 -0.004284
v -0.326964 0.024778 -0.004284
v -0.326964 0.024687 -0.004287
v -0.326964 0.024687 -0.004287
v -0.326964 0.023288 -0.004287
v -0.326964 0.023288 -0.00488
v -0.326964 0.025802 -0.00488
v -0.326964 0.025802 -0.00488
v -0.326964 0.025802 -0.00488
v -0.326964 0.025802 -0.004346
v -0.326964 0.025426 -0.004344
v -0.326964 0.025426 -0.004344
v -0.326964 0.025426 -0.004344
v -0.326964 0.025426 -0.004344
v -0.326964 0.025426 -0.004344
v -0.326964 0.025548 -0.004252
v -0.326964 0.025548 -0.004252
v -0.326964 0.025653 -0.004141
v -0.326964 0.025653 -0.004141
v -0.326964 0.025698 -0.004079
v -0.326964 0.025737 -0.004014
v -0.326964 0.025798 -0.003873
v -0.326964 0.025798 -0.003873
v -0.326964 0.025837 -0.003725
v -0.326964 0.023754 -0.00693
v -0.326964 0.023754 -0.00693
v -0.326964 0.023754 -0.00681
v -0.326964 0.023754 -0.00681
v -0.326964 0.023766 -0.00705
v -0.326964 0.023766 -0.00705
v -0.326964 0.023766 -0.00705
v -0.326964 0.023795 -0.007166
v -0.326964 0.023795 -0.007166
v -0.326964 0.023816 -0.007223
v -0.326964 0.023816 -0.007223
v -0.326964 0.023842 -0.007277
v -0.326964 0.023842 -0.007277
v -0.326964 0.023873 -0.007328
v -0.326964 0.023873 -0.007328
v -0.326964 0.023909 -0.007376
v -0.326964 0.02395 -0.00742
v -0.326964 0.023995 -0.007459
v -0.326964 0.024044 -0.007494
v -0.326964 0.024096 -0.007524
v -0.326964 0.024096 -0.007524
v -0.326964 0.024096 -0.007524
v -0.326964 0.024207 -0.007571
v -0.326964 0.024207 -0.007571
v -0.326964 0.024207 -0.007571
v -0.326964 0.024323 -0.007601
v -0.326964 0.024442 -0.007617
v -0.326964 0.024442 -0.007617
v -0.326964 0.024562 -0.007622
v -0.326964 0.024562 -0.007622
v -0.326964 0.026677 -0.007622
v -0.326964 0.026677 -0.008222
v -0.326964 0.026677 -0.008222
v -0.326964 0.024513 -0.008222
v -0.326964 0.024513 -0.008222
v -0.326964 0.024301 -0.008209
v -0.326964 0.024093 -0.008166
v -0.326964 0.023992 -0.008131
v -0.326964 0.023992 -0.008131
v -0.326964 0.023896 -0.008088
v -0.326964 0.023896 -0.008088
v -0.326964 0.023803 -0.008036
v -0.326964 0.023803 -0.008036
v -0.326964 0.023716 -0.007977
v -0.326964 0.023634 -0.007908
v -0.326964 0.02356 -0.007833
v -0.326964 0.023494 -0.007751
v -0.326964 0.023494 -0.007751
v -0.326964 0.023434 -0.007662
v -0.326964 0.023434 -0.007662
v -0.326964 0.023341 -0.007472
v -0.326964 0.023341 -0.007472
v -0.326964 0.023278 -0.007269
v -0.326964 0.023278 -0.007269
v -0.326964 0.023278 -0.007269
v -0.326964 0.023243 -0.00706
v -0.326964 0.023243 -0.00706
v -0.326964 0.023243 -0.00706
v -0.326964 0.023232 -0.006848
v -0.326964 0.023243 -0.006636
v -0.326964 0.023243 -0.006636
v -0.326964 0.023243 -0.006636
v -0.326964 0.023278 -0.006427
v -0.326964 0.023342 -0.006225
v -0.326964 0.023436 -0.006035
v -0.326964 0.023495 -0.005947
v -0.326964 0.023561 -0.005865
v -0.326964 0.023561 -0.005865
v -0.326964 0.023635 -0.005789
v -0.326964 0.023635 -0.005789
v -0.326964 0.023635 -0.005789
v -0.326964 0.023717 -0.005721
v -0.326964 0.023804 -0.005662
v -0.326964 0.023804 -0.005662
v -0.326964 0.023897 -0.00561
v -0.326964 0.023897 -0.00561
v -0.326964 0.023993 -0.005567
v -0.326964 0.023993 -0.005567
v -0.326964 0.024094 -0.005533
v -0.326964 0.024094 -0.005533
v -0.326964 0.024301 -0.00549
v -0.326964 0.024301 -0.00549
v -0.326964 0.024513 -0.005477
v -0.326964 0.026677 -0.005477
v -0.326964 0.026677 -0.006119
v -0.326964 0.024562 -0.006119
v -0.326964 0.024442 -0.006124
v -0.326964 0.024323 -0.00614
v -0.326964 0.024323 -0.00614
v -0.326964 0.024323 -0.00614
v -0.326964 0.024207 -0.00617
v -0.326964 0.024207 -0.00617
v -0.326964 0.024207 -0.00617
v -0.326964 0.024207 -0.00617
v -0.326964 0.024096 -0.006216
v -0.326964 0.024096 -0.006216
v -0.326964 0.024096 -0.006216
v -0.326964 0.024043 -0.006246
v -0.326964 0.024043 -0.006246
v -0.326964 0.023995 -0.006281
v -0.326964 0.023995 -0.006281
v -0.326964 0.02395 -0.00632
v -0.326964 0.02395 -0.00632
v -0.326964 0.02395 -0.00632
v -0.326964 0.023909 -0.006364
v -0.326964 0.023873 -0.006412
v -0.326964 0.023842 -0.006464
v -0.326964 0.023816 -0.006517
v -0.326964 0.023795 -0.006574
v -0.326964 0.023795 -0.006574
v -0.326964 0.023766 -0.006691
v -0.326964 0.023766 -0.006691
v -0.326964 0.025856 -0.003574
v -0.326964 0.025858 -0.003421
v -0.326964 0.025842 -0.003269
v -0.326964 0.025842 -0.003269
v -0.326964 0.025824 -0.003193
v -0.326964 0.025801 -0.003121
v -0.326964 0.025801 -0.003121
v -0.326964 0.02577 -0.003051
v -0.326964 0.02577 -0.003051
v -0.326964 0.025733 -0.002984
v -0.326964 0.025689 -0.002922
v -0.326964 0.025689 -0.002922
v -0.326964 0.025639 -0.002864
v -0.326964 0.025583 -0.002812
v -0.326964 0.025522 -0.002766
v -0.326964 0.025457 -0.002727
v -0.326964 0.025457 -0.002727
v -0.326964 0.025387 -0.002693
v -0.326964 0.025387 -0.002693
v -0.326964 0.025242 -0.002646
v -0.326964 0.025242 -0.002646
v -0.326964 0.025091 -0.002621
v -0.326964 0.025091 -0.002621
v -0.326964 0.024938 -0.002613
v -0.326964 0.024938 -0.002613
v -0.326964 0.023286 -0.002613
v -0.326964 0.023286 -0.002613
v -0.326964 0.023286 -0.003206
v -0.326964 0.024845 -0.003206
v -0.326964 0.024845 -0.003206
v -0.326964 0.024937 -0.003211
v -0.326964 0.024937 -0.003211
v -0.326964 0.025027 -0.003225
v -0.326964 0.025027 -0.003225
v -0.326964 0.025114 -0.003253
v -0.326964 0.025114 -0.003253
v -0.326964 0.025114 -0.003253
v -0.326964 0.025156 -0.003273
v -0.326964 0.025194 -0.003297
v -0.326964 0.02523 -0.003326
v -0.326964 0.02523 -0.003326
v -0.326964 0.025261 -0.003359
v -0.326964 0.025261 -0.003359
v -0.326964 0.025288 -0.003396
v -0.326964 0.025288 -0.003396
v -0.326964 0.02531 -0.003436
v -0.326964 0.02531 -0.003436
v -0.326964 0.02531 -0.003436
v -0.326964 0.025328 -0.003477
v -0.326964 0.025328 -0.003477
v -0.326964 0.025328 -0.003477
v -0.326964 0.025341 -0.003522
v -0.326964 0.025341 -0.003522
v -0.326964 0.025357 -0.003612
v -0.326964 0.025361 -0.003704
v -0.326964 0.025361 -0.003704
vn 0.2464 0.1008 -0.9639
vn 0.0409 0.0814 -0.9958
vn 0.5662 0.2379 -0.7892
vn 0.5407 0.2217 -0.8115
vn 0.2663 0.1046 -0.9582
vn -0.0981 0.0809 -0.9919
vn -0.1491 -0.6992 -0.6992
vn -0.2026 0.1001 -0.9741
vn -0.018 0.0906 -0.9957
vn -0.018 0.0906 -0.9957
vn -0.2829 0.105 -0.9534
vn -0.432 0.143 -0.8904
vn -0.4553 0.1594 -0.876
vn -0.8165 -0.4084 -0.4081
vn -0.5681 0.1955 -0.7994
vn 0.6707 0.3479 -0.6551
vn 0.7003 0.4432 -0.5597
vn -0.5631 0.1956 -0.8029
vn -0.6183 0.2236 -0.7535
vn 0.7002 0.4944 -0.515
vn 0.9793 0.1426 0.1433
vn 0.6818 0.5452 -0.4878
vn -0.6638 0.2534 -0.7037
vn -0.6647 0.2565 -0.7017
vn -0.6809 0.2922 -0.6715
vn 0.6752 0.5793 -0.4566
vn 0.6665 0.5982 -0.4449
vn 0.5988 0.6795 -0.424
vn -0.7115 0.3635 -0.6014
vn -0.7118 0.4068 -0.5726
vn -0.7005 0.4984 -0.5108
vn 0.4861 0.7937 -0.3657
vn 0.5619 0.6896 -0.4568
vn 0.4452 0.815 -0.371
vn 0.3019 0.8916 -0.3374
vn 0.0239 0.9489 -0.3147
vn -0.2389 0.915 -0.3252
vn -0.5697 0.7147 -0.4058
vn -0.5167 0.7532 -0.4071
vn 0.0788 0.0834 -0.9934
vn 0.139 0.0982 -0.9854
vn 0.2029 0.1026 -0.9738
vn 0.3172 0.1143 -0.9414
vn 0.3822 0.1419 -0.9131
vn 0.5312 -0.599 -0.5991
vn 0.4516 0.1793 -0.874
vn 0.5017 0.2066 -0.84
vn -0.1436 0.0952 -0.9851
vn -0.1491 -0.6992 -0.6992
vn -0.2445 0.0853 -0.9659
vn -0.399 0.1349 -0.907
vn -0.3409 0.1167 -0.9328
vn -0.8165 -0.4084 -0.4081
vn -0.5566 0.1899 -0.8088
vn -0.4919 0.1628 -0.8553
vn 0.5934 0.2511 -0.7647
vn 0.6172 0.2941 -0.7297
vn 0.646 0.3336 -0.6865
vn 0.6783 0.3686 -0.6356
vn 0.677 0.4031 -0.6158
vn 0.6952 0.4258 -0.5791
vn -0.5834 0.2113 -0.7842
vn 0.6898 0.4627 -0.5568
vn 0.6996 0.4826 -0.527
vn 0.9793 0.1426 0.1433
vn 0.692 0.5214 -0.4993
vn -0.6122 0.2658 -0.7447
vn -0.6279 0.2365 -0.7415
vn -0.6717 0.274 -0.6883
vn 0.6804 0.5535 -0.4804
vn 0.6482 0.6152 -0.4487
vn 0.6306 0.649 -0.4256
vn -0.7033 0.3401 -0.6243
vn -0.6921 0.3114 -0.6512
vn -0.7076 0.4665 -0.5307
vn -0.6951 0.4426 -0.5665
vn -0.7101 0.3821 -0.5914
vn 0.5893 0.6915 -0.4178
vn 0.5569 0.7301 -0.396
vn 0.5182 0.7694 -0.3736
vn 0.3931 0.8457 -0.3609
vn 0.242 0.9151 -0.3225
vn 0.1734 0.9311 -0.321
vn 0.0949 0.9442 -0.3154
vn -0.0904 0.9428 -0.3209
vn -0.0916 0.7041 0.7041
vn -0.1793 0.9299 -0.3211
vn -0.5982 0.6865 -0.4134
vn -0.6373 0.62 -0.4576
vn -0.6659 0.5551 -0.4985
vn -0.6794 0.5238 -0.5138
vn -0.3177 0.8841 -0.3426
vn -0.4118 0.8346 -0.3658
vn -0.4885 0.7788 -0.3934
vn 0.5747 -0.0503 0.8168
vn -0.5747 -0.0503 0.8168
vn 0 -0.0615 0.9981
vn 0.5555 0.7846 0.2753
vn 0.7197 0.1738 0.6722
vn 0.7197 0.2467 0.6489
vn 0.7197 0.3167 0.6178
vn 0.7197 0.3828 0.5792
vn 0.7197 0.4443 0.5335
vn -0.5555 0.7846 0.2753
vn 0 0.9436 0.3311
vn -0.7197 0.4443 0.5335
vn -0.7197 0.3828 0.5792
vn -0.7197 0.3167 0.6178
vn -0.7197 0.2467 0.6489
vn -0.7197 0.1738 0.6722
vn 0 0.6399 0.7684
vn 0 0.5514 0.8342
vn 0 0.4561 0.8899
vn 0 0.3554 0.9347
vn 0 0.2503 0.9682
vn 0 0.0529 0.9986
vn 0.1043 0.0548 0.993
vn 0.2049 0.0702 0.9763
vn 0.3484 0.1094 0.931
vn 0.4105 0.1328 0.9021
vn 0.4696 0.1589 0.8684
vn 0.5223 0.1887 0.8316
vn 0.5671 0.221 0.7934
vn 0.6407 0.2857 0.7127
vn 0.6689 0.3284 0.6669
vn 0.6991 0.3701 0.6118
vn 0.7235 0.4295 0.5405
vn 0.7294 0.4978 0.4693
vn 0.0002 0.8221 0.5693
vn 0.7193 0.5498 0.4247
vn 0.7117 0.6029 0.3604
vn 0.6933 0.6538 0.3031
vn 0.6577 0.7115 0.2473
vn 0.5936 0.7857 0.1742
vn 0.554 0.8204 0.1418
vn 0.5147 0.8501 0.1115
vn 0.4308 0.9005 0.0592
vn 0.3787 0.9248 0.0365
vn 0.3264 0.9451 0.0178
vn 0.2111 0.9773 -0.0193
vn 0.1275 0.9912 -0.0356
vn 0.048 0.9982 -0.0353
vn -0.048 0.9982 -0.0353
vn -0.1262 0.9914 -0.0345
vn -0.212 0.9771 -0.0179
vn -0.3264 0.9451 0.0177
vn -0.3787 0.9248 0.0366
vn -0.4271 0.9022 0.0605
vn -0.5148 0.8501 0.1115
vn -0.554 0.8203 0.1418
vn -0.5936 0.7857 0.1742
vn -0.6573 0.712 0.247
vn -0.6937 0.6535 0.303
vn -0.7116 0.6029 0.3609
vn -0.7203 0.5502 0.4225
vn -0.0002 0.8221 0.5693
vn -0.7292 0.4976 0.4697
vn -0.7235 0.4295 0.5405
vn -0.6991 0.37 0.6118
vn -0.6691 0.3295 0.6661
vn -0.6413 0.2858 0.712
vn -0.567 0.2217 0.7933
vn -0.5224 0.1881 0.8317
vn -0.4695 0.1594 0.8684
vn -0.4106 0.1324 0.9022
vn -0.3457 0.106 0.9323
vn -0.205 0.0703 0.9762
vn -0.1044 0.0548 0.993
vn 0.2839 0.0912 0.9545
vn 0.6101 0.2544 0.7504
vn 0.0002 0.8221 0.5693
vn 0.7139 0.5762 0.398
vn 0.6219 0.7563 0.2032
vn 0.4719 0.8779 0.0809
vn 0.2737 0.9618 0.0009
vn 0 0.9995 -0.0305
vn -0.2737 0.9618 0.001
vn -0.4724 0.8773 0.0852
vn -0.6219 0.7563 0.2031
vn -0.0002 0.8221 0.5693
vn -0.7123 0.5796 0.3959
vn -0.6098 0.2535 0.7509
vn -0.2873 0.0891 0.9537
vn 0 0.8218 0.5698
vn -0.0002 0.8221 0.5693
vn 0.0002 0.8221 0.5693
vn -0.7142 0.3203 0.6224
vn -0.5479 0.8201 0.1649
vn -0.719 0.3354 0.6087
vn 0 0.3663 0.9305
vn 0.7149 0.4523 0.5332
vn 0.7129 0.4938 0.498
vn 0.6877 0.5676 0.4526
vn 0.6217 0.6459 0.443
vn 0.5948 0.686 0.4191
vn 0.5444 0.7381 0.3985
vn 0.4471 0.8135 0.372
vn 0.3138 0.8848 0.3444
vn 0.1559 0.9315 0.3287
vn 0.0632 0.9433 0.3259
vn -0.0865 0.9395 0.3314
vn -0.2494 0.908 0.3368
vn -0.395 0.8474 0.3547
vn -0.4626 0.8066 0.368
vn -0.533 0.7505 0.3906
vn -0.5763 0.707 0.41
vn -0.6182 0.656 0.433
vn 0.0006 0.2325 0.9726
vn -0.646 0.6074 0.4624
vn -0.6884 0.5516 0.471
vn -0.7156 0.4885 0.4993
vn -0.7267 0.4332 0.5332
vn -0.7296 0.3827 0.5667
vn -0.7162 0.3007 0.6298
vn -0.696 0.2767 0.6626
vn -0.6807 0.2203 0.6987
vn -0.6428 0.1662 0.7478
vn -0.5701 0.125 0.812
vn -0.5394 0.0942 0.8367
vn -0.5 0.061 0.8639
vn -0.4829 -0.0661 0.8732
vn -0.3935 0.0065 0.9193
vn -0.3374 -0.0126 0.9413
vn -0.2762 -0.0316 0.9606
vn -0.1607 -0.0537 0.9855
vn -0.0299 -0.0733 0.9969
vn 0.0682 -0.0725 0.995
vn 0.2093 -0.046 0.9768
vn 0.2705 -0.0335 0.9621
vn 0.329 -0.0155 0.9442
vn 0.4357 0.0207 0.8998
vn 0.5245 0.076 0.848
vn 0.594 0.1363 0.7928
vn 0.6426 0.1634 0.7486
vn 0.6739 0.2164 0.7065
vn 0.7024 0.2694 0.6589
vn 0.7203 0.3024 0.6243
vn 0.7199 0.346 0.6017
vn 0 0.4535 0.8913
vn 0.7314 0.3734 0.5707
vn 0.723 0.4197 0.5488
vn 0.7583 0.4354 0.4852
vn 0 0.3663 0.9305
vn 0.6509 0.6118 0.4495
vn 0.4995 0.7769 0.3834
vn 0.3862 0.8504 0.3574
vn 0.2351 0.9117 0.3369
vn -0.0226 0.9443 0.3284
vn -0.1501 0.9314 0.3315
vn -0.34 0.8743 0.3464
vn -0.6888 0.2556 0.6784
vn -0.5973 0.1432 0.7891
vn -0.2112 -0.0484 0.9762
vn -0.1118 -0.0632 0.9917
vn 0.1493 -0.0601 0.987
vn 0.3799 0.0011 0.925
vn 0.4747 0.043 0.8791
vn 0.5669 0.118 0.8153
vn 0.6876 0.2449 0.6835
vn 0.7165 0.3296 0.6149
vn 0 0.4535 0.8913
vn -0.4275 0.0275 0.9036
vn 0.5801 0.7126 0.3946
vn -0.5026 0.7754 0.3824
vn -0.6642 0.5793 0.4725
vn 0.0006 0.2325 0.9726
vn -0.7655 0.3168 0.5601
vn 0.5538 -0.0494 0.8312
vn 0.4937 -0.1088 0.8628
vn 0.4366 -0.1543 0.8863
vn 0.3805 -0.1872 0.9056
vn 0.3169 -0.2158 0.9236
vn 0.2508 -0.2466 0.9361
vn 0.196 -0.2708 0.9425
vn 0.1458 -0.2822 0.9482
vn 0.0462 -0.2896 0.956
vn -0.0221 -0.2876 0.9575
vn -0.0881 -0.2829 0.9551
vn -0.1939 -0.2665 0.9441
vn -0.2432 -0.2544 0.936
vn -0.3117 -0.2345 0.9208
vn -0.3536 -0.2159 0.9101
vn -0.3933 -0.1851 0.9006
vn -0.4415 -0.1486 0.8849
vn -0.494 -0.1036 0.8632
vn -0.547 -0.0478 0.8358
vn -0.6117 0.0611 0.7887
vn -0.6526 0.1247 0.7474
vn -0.6876 0.1872 0.7015
vn -0.3738 0.6162 0.6932
vn 0.594 0.0266 0.804
vn 0.1044 -0.2872 0.9522
vn -0.1453 -0.2785 0.9494
vn -0.589 0.0243 0.8078
vn -0.2849 -0.2436 0.9271
vn 0 0.9786 0.2057
vn 0 0.9786 0.2057
vn 0 0.9786 0.2057
vn -0.2723 0.2689 0.9239
vn -0.6953 0.5081 0.5083
vn -0.6698 0.5951 0.4441
vn -0.6435 0.6616 0.385
vn -0.59 0.7388 0.3256
vn -0.5254 0.8071 0.2695
vn -0.4714 0.8524 0.226
vn -0.4185 0.887 0.1952
vn -0.3719 0.9131 0.167
vn -0.2939 0.9456 0.1393
vn -0.2356 0.9631 0.1298
vn -0.1715 0.9785 0.1148
vn 0 0.6443 0.7648
vn 0 0.6442 0.7649
vn -0.0394 0.9936 0.1054
vn 0 0.6443 0.7648
vn -0.0002 0.6458 0.7635
vn -0.0002 0.6458 0.7635
vn 0.1413 0.9833 0.1146
vn 0.2169 0.9684 0.1234
vn 0.2985 0.9444 0.138
vn 0.3536 0.9218 0.1587
vn 0.4088 0.8921 0.1925
vn 0.4689 0.8535 0.2274
vn 0.5234 0.8106 0.2625
vn 0.5695 0.7666 0.2965
vn 0.6129 0.7125 0.3417
vn 0.654 0.6417 0.4005
vn 0.6777 0.5732 0.4606
vn 0.6991 0.4875 0.5231
vn 0.275 0.259 0.9259
vn -0.6857 0.5498 0.4769
vn -0.1093 0.9885 0.1044
vn 0.6912 0.5281 0.4933
vn -0.333 0.9312 0.1484
vn 0.2609 0.9566 0.1299
vn 0 -0.1788 0.9839
vn 0 -0.1788 0.9839
vn 0.003 0.6403 0.7681
vn -0.0031 0.5553 0.8316
vn -0.0027 0.4571 0.8894
vn 0 0.4535 0.8913
vn 0 0.3663 0.9305
vn -0.0018 0.3471 0.9378
vn 0.0036 0.2509 0.968
vn 0 0.6442 0.7649
vn 0.0012 0.6631 0.7486
vn 0 0.4668 0.8844
vn 0.0008 0.2248 0.9744
vn -0.0002 0.6458 0.7635
vn 0 0.6442 0.7649
vn -0.0012 0.6639 0.7478
vn 0 0.6443 0.7648
vn 0 0.4668 0.8844
vn -0.0012 0.2186 0.9758
vn -0.0025 0.6407 0.7678
vn 0.0036 0.5556 0.8314
vn -0.0001 0.4697 0.8828
vn 0.0021 0.3289 0.9444
vn -0.0016 0.2457 0.9693
vn 0.0006 0.2325 0.9726
vn -0.7116 0.3155 0.6278
vn -0.549 0.8193 0.1652
vn -0.7198 0.3291 0.6112
vn 0.7149 0.4523 0.5332
vn 0 0.3662 0.9305
vn 0.7129 0.4938 0.498
vn 0.6877 0.5676 0.4526
vn 0.6217 0.6459 0.443
vn 0.595 0.6857 0.4192
vn 0.5321 0.7455 0.4014
vn 0.4471 0.8134 0.372
vn 0.3145 0.8842 0.3454
vn 0.1559 0.9315 0.3287
vn 0.0632 0.9433 0.326
vn -0.0871 0.9395 0.3313
vn -0.2493 0.9079 0.3369
vn -0.3988 0.844 0.3586
vn -0.4627 0.8065 0.368
vn -0.5328 0.7507 0.3906
vn -0.5765 0.707 0.4096
vn -0.6184 0.6559 0.433
vn -0.6445 0.6087 0.4627
vn 0.0006 0.2325 0.9726
vn -0.6885 0.5514 0.471
vn -0.7156 0.4883 0.4995
vn -0.7267 0.4335 0.5329
vn -0.7303 0.3821 0.5662
vn -0.7161 0.3008 0.6299
vn -0.6962 0.2767 0.6623
vn -0.6807 0.2203 0.6987
vn -0.6428 0.1662 0.7478
vn -0.5701 0.1249 0.812
vn -0.5393 0.093 0.837
vn -0.5009 0.0626 0.8632
vn -0.4433 0.0439 0.8953
vn -0.3936 0.0065 0.9192
vn -0.3374 -0.0126 0.9413
vn -0.2762 -0.0317 0.9606
vn -0.1602 -0.0533 0.9856
vn -0.034 -0.0713 0.9969
vn 0.0697 -0.0699 0.9951
vn 0.2085 -0.047 0.9769
vn 0.2706 -0.0334 0.9621
vn 0.329 -0.0155 0.9442
vn 0.4345 0.0191 0.9005
vn 0.524 0.0739 0.8485
vn 0.5976 0.1362 0.7901
vn 0.6424 0.1602 0.7495
vn 0.674 0.2164 0.7063
vn 0.7024 0.2694 0.6589
vn 0.7202 0.3023 0.6244
vn 0.7205 0.3438 0.6022
vn 0 0.4536 0.8912
vn 0.7314 0.3736 0.5705
vn 0.7229 0.4198 0.5488
vn 0.7586 0.4353 0.4849
vn 0 0.3662 0.9305
vn 0.6509 0.6118 0.4495
vn 0.4979 0.778 0.3831
vn 0.3862 0.8503 0.3575
vn 0.2344 0.9119 0.337
vn -0.0226 0.9447 0.327
vn -0.1508 0.9313 0.3315
vn -0.3344 0.8752 0.3494
vn -0.6888 0.2556 0.6784
vn -0.5973 0.1432 0.7891
vn -0.5151 0.0068 0.8571
vn -0.2112 -0.0483 0.9763
vn -0.1108 -0.0646 0.9917
vn 0.1509 -0.0586 0.9868
vn 0.3809 0.0019 0.9246
vn 0.4782 0.0417 0.8772
vn 0.5669 0.118 0.8153
vn 0.6876 0.2452 0.6835
vn 0 0.4536 0.8912
vn 0.7153 0.3276 0.6173
vn 0.5575 0.7317 0.3922
vn -0.5024 0.7754 0.3826
vn 0.0006 0.2325 0.9726
vn -0.6632 0.5821 0.4704
vn -0.765 0.3175 0.5603
vn 0.5537 -0.0494 0.8312
vn 0.4937 -0.1088 0.8628
vn 0.4366 -0.1543 0.8863
vn 0.3805 -0.1871 0.9056
vn 0.3166 -0.216 0.9236
vn 0.2509 -0.2468 0.936
vn 0.1961 -0.2706 0.9425
vn 0.1445 -0.2822 0.9484
vn 0.0453 -0.2882 0.9565
vn -0.0198 -0.2874 0.9576
vn -0.0892 -0.284 0.9547
vn -0.1941 -0.2665 0.9441
vn -0.2436 -0.2544 0.9359
vn -0.3094 -0.2352 0.9214
vn -0.3537 -0.216 0.9101
vn -0.3931 -0.185 0.9007
vn -0.4419 -0.1485 0.8847
vn -0.494 -0.1036 0.8632
vn -0.547 -0.0478 0.8358
vn -0.6117 0.0611 0.7887
vn -0.6526 0.1247 0.7474
vn -0.6876 0.1872 0.7015
vn -0.3738 0.6162 0.6932
vn 0.594 0.0264 0.804
vn 0.1035 -0.2878 0.9521
vn -0.1453 -0.2783 0.9494
vn -0.589 0.0243 0.8078
vn -0.2813 -0.2445 0.928
vn 0 0.9786 0.2057
vn 0 0.9786 0.2057
vn 0 0.9786 0.2057
vn -0.2723 0.2688 0.9239
vn -0.6952 0.5073 0.5093
vn -0.6706 0.5938 0.4447
vn -0.6435 0.6612 0.3857
vn -0.6011 0.7288 0.3279
vn -0.5171 0.8173 0.2541
vn -0.4718 0.8519 0.2275
vn -0.4193 0.8866 0.1952
vn -0.3718 0.9132 0.1668
vn -0.2934 0.9456 0.1405
vn -0.2363 0.9632 0.1284
vn -0.1718 0.9784 0.1153
vn -0.1097 0.9886 0.1036
vn 0 0.6444 0.7647
vn 0 0.6441 0.7649
vn -0.0398 0.9936 0.1056
vn -0.0002 0.6458 0.7635
vn 0 0.6444 0.7647
vn -0.0002 0.6458 0.7635
vn 0.1412 0.9833 0.1145
vn 0.2167 0.9684 0.1236
vn 0.2986 0.9443 0.1381
vn 0.3502 0.9226 0.1615
vn 0.409 0.892 0.1924
vn 0.4693 0.8532 0.2276
vn 0.5229 0.8108 0.2631
vn 0.5702 0.7659 0.2969
vn 0.6132 0.7123 0.3414
vn 0.6539 0.6419 0.4004
vn 0.6777 0.5736 0.46
vn 0.6995 0.4871 0.523
vn 0.2751 0.2593 0.9258
vn -0.6863 0.5481 0.4782
vn -0.5572 0.7793 0.2866
vn 0.6908 0.5281 0.4938
vn -0.3313 0.9318 0.1483
vn 0.2624 0.9565 0.1277
vn 0 -0.1788 0.9839
vn 0 -0.1788 0.9839
vn 0.0029 0.6404 0.7681
vn -0.0031 0.5553 0.8316
vn -0.0027 0.4571 0.8894
vn 0 0.4536 0.8912
vn 0 0.3662 0.9305
vn -0.0018 0.3471 0.9378
vn 0.0036 0.2509 0.968
vn 0 0.6441 0.7649
vn 0.0013 0.6631 0.7485
vn 0 0.4668 0.8844
vn 0.0008 0.2248 0.9744
vn 0 0.6444 0.7647
vn 0 0.6441 0.7649
vn -0.0013 0.664 0.7478
vn -0.0002 0.6458 0.7635
vn 0 0.4668 0.8844
vn -0.0012 0.2186 0.9758
vn -0.0025 0.6407 0.7678
vn 0.0036 0.5556 0.8314
vn -0.0001 0.4697 0.8828
vn 0.0021 0.3289 0.9444
vn -0.0016 0.2457 0.9693
vn 0.0006 0.2325 0.9726
vn -0.0006 0.7269 0.6868
vn 0.0163 0.7491 0.6623
vn -0.6937 0.1087 0.712
vn 0.0163 0.7491 0.6623
vn -0.035 -0.0689 0.997
vn 0.065 -0.0724 0.9953
vn 0.18 -0.0657 0.9815
vn 0.2696 -0.0374 0.9622
vn 0.4054 0.0047 0.9141
vn 0.4912 0.0523 0.8695
vn 0.5591 0.1057 0.8223
vn 0.6049 0.1548 0.7811
vn 0 0.6477 0.7619
vn -0.0324 0.5261 0.8498
vn -0.0006 0.7269 0.6868
vn -0.1845 -0.0291 0.9824
vn -0.1125 -0.0628 0.9917
vn 0.0163 0.7491 0.6623
vn -0.0006 0.7269 0.6868
vn 0.3239 -0.0147 0.946
vn 0.6295 0.1897 0.7535
vn -0.5744 -0.0479 0.8172
vn 0 0.6477 0.7619
vn -0.7129 0.4677 0.5225
vn 0.5744 -0.0479 0.8172
vn 0 -0.0585 0.9983
vn 0.5555 0.7848 0.2748
vn 0.72 0.1753 0.6715
vn 0.72 0.2498 0.6474
vn 0.72 0.3211 0.6152
vn 0.72 0.3882 0.5752
vn 0.7192 0.4491 0.5302
vn -0.5555 0.7848 0.2748
vn 0 0.9438 0.3305
vn -0.7164 0.362 0.5964
vn -0.7154 0.3108 0.6258
vn -0.72 0.2498 0.6474
vn -0.72 0.1753 0.6715
vn -0.7136 0.417 0.563
vn -0.6898 0.5146 0.5093
vn -0.6555 0.6299 0.4166
vn 0.0017 0.5575 0.8302
vn -0.6292 0.6754 0.3847
vn -0.5976 0.7319 0.3274
vn -0.5563 0.7801 0.2863
vn -0.5026 0.8282 0.2479
vn -0.4474 0.8677 0.2167
vn -0.3848 0.9048 0.1827
vn -0.3371 0.9286 0.1552
vn -0.2538 0.9579 0.1342
vn -0.196 0.9728 0.1235
vn -0.1214 0.9857 0.1166
vn -0.0331 0.9934 0.1101
vn 0.0501 0.9931 0.1057
vn -0.5437 0.838 0.0457
vn 0.0017 0.5575 0.8302
vn -0.6702 0.5866 0.4547
vn -0.2965 0.9447 0.1404
vn -0.7149 0.4651 0.5221
vn 0 0.6477 0.7619
vn -0.0025 0.6477 0.7619
vn -0.0083 0.5614 0.8275
vn 0.0017 0.5575 0.8302
vn -0.0051 0.458 0.8889
vn 0 0.3599 0.933
vn 0 0.2526 0.9676
vn 0.0027 0.6592 0.752
vn -0.5776 0.8134 0.0695
vn -0.3145 0.8017 0.5083
vn 0 0.9964 0.0851
vn -0.5741 -0.0452 0.8176
vn -0.7139 0.4681 0.5208
vn -0.3325 0.4121 0.8483
vn 0 -0.0552 0.9985
vn -0.5676 0.0101 0.8233
vn -0.7158 0.529 0.456
vn 0.5676 0.0101 0.8233
vn 0 0.0123 0.9999
vn 0.3416 0.4091 0.8461
vn 0.7158 0.529 0.456
vn 0.5741 -0.0452 0.8176
vn 0.5776 0.8134 0.0691
vn 0.7138 0.4683 0.5207
vn 0.324 0.7983 0.5076
vn 0.7215 0.2535 0.6444
vn 0.7145 0.2662 0.6471
vn 0.7207 0.3214 0.6142
vn 0.7188 0.3882 0.5768
vn 0.745 0.342 0.5727
vn 0.7365 0.3611 0.5721
vn 0.7269 0.4075 0.5528
vn 0.6331 0.6342 0.4438
vn 0.5921 0.6866 0.4219
vn 0.5368 0.744 0.3979
vn 0.4707 0.7981 0.3761
vn 0.3964 0.8448 0.3594
vn 0.3169 0.883 0.3462
vn 0.168 0.9276 0.3337
vn 0.015 0.9458 0.3244
vn -0.0995 0.9409 0.3238
vn -0.2164 0.9189 0.3299
vn -0.6576 0.6776 0.3292
vn 0.7467 0.287 0.6
vn 0.6675 0.5848 0.461
vn 0.2365 0.9113 0.3371
vn 0.1042 0.9385 0.3291
vn 0.7186 0.4312 0.5456
vn -0.5397 -0.3105 0.7825
vn -0.715 0.1559 0.6816
vn 0.1157 -0.2786 0.9534
vn 0.0625 -0.2878 0.9556
vn 0.0165 -0.2909 0.9566
vn -0.0311 -0.2884 0.957
vn -0.1303 -0.2765 0.9521
vn -0.1893 -0.2623 0.9462
vn -0.254 -0.2412 0.9367
vn -0.3276 -0.2117 0.9208
vn -0.4076 -0.1737 0.8965
vn -0.4764 -0.1431 0.8675
vn -0.5408 -0.0663 0.8385
vn -0.592 -0.0028 0.8059
vn -0.6323 0.0655 0.772
vn -0.6687 0.1555 0.7271
vn -0.6977 0.2263 0.6797
vn -0.0804 -0.2855 0.955
vn -0.5194 -0.115 0.8467
vn -0.7188 0.3882 0.5768
vn -0.7207 0.3214 0.6142
vn -0.7142 0.2669 0.647
vn 0.0023 0.7478 0.6639
vn 0.003 0.6604 0.7509
vn 0.0006 0.5613 0.8276
vn 0 0.4636 0.8861
vn 0.0026 0.3623 0.9321
vn 0.0037 0.2536 0.9673
vn 0 0.6685 0.7437
vn 0.0002 0.2279 0.9737
vn -0.7145 0.3713 0.5929
vn -0.7171 0.3474 0.6043
vn -0.7024 0.2979 0.6464
vn -0.6622 0.2412 0.7095
vn -0.6308 0.1948 0.7511
vn -0.6008 0.1537 0.7845
vn -0.5616 0.1152 0.8194
vn -0.5165 0.0783 0.8527
vn -0.4643 0.0422 0.8847
vn -0.404 0.0096 0.9147
vn -0.3502 -0.0081 0.9366
vn -0.2679 -0.0365 0.9627
vn -0.2044 -0.0514 0.9775
vn -0.1308 -0.062 0.9895
vn -0.0414 -0.0667 0.9969
vn 0.0645 -0.0623 0.996
vn 0.1476 -0.0598 0.9872
vn 0.2415 -0.0458 0.9693
vn 0.3648 -0.002 0.9311
vn 0.4145 0.0172 0.9099
vn 0.4632 0.0442 0.8852
vn 0.5514 0.1032 0.8278
vn 0 0.6492 0.7606
vn -0.0634 0.5267 0.8477
vn -0.715 0.3751 0.59
vn -0.6828 0.2653 0.6808
vn -0.6464 0.2218 0.73
vn 0.0167 -0.0635 0.9978
vn 0.3172 -0.0258 0.948
vn 0.5064 0.0729 0.8592
vn -0.3127 -0.0187 0.9497
vn -0.5736 -0.0476 0.8177
vn 0.5744 -0.0479 0.8172
vn -0.0004 -0.0581 0.9983
vn 0.5556 0.7848 0.2747
vn 0.72 0.1754 0.6715
vn 0.72 0.2498 0.6474
vn 0.72 0.3211 0.6152
vn 0.72 0.3882 0.5752
vn 0.7192 0.4491 0.5302
vn -0.5556 0.7848 0.2747
vn 0 0.9439 0.3304
vn -0.719 0.3612 0.5938
vn -0.7159 0.312 0.6246
vn -0.72 0.2498 0.6474
vn -0.72 0.1754 0.6715
vn -0.7156 0.4052 0.569
vn -0.6978 0.4845 0.5276
vn -0.6852 0.5486 0.4792
vn 0.0018 0.5646 0.8254
vn -0.6444 0.6547 0.3952
vn -0.6082 0.7198 0.3347
vn -0.5208 0.8134 0.2592
vn -0.4735 0.8503 0.2298
vn -0.4208 0.8857 0.1963
vn -0.3716 0.9134 0.1664
vn -0.2998 0.9434 0.1415
vn -0.1814 0.9757 0.1227
vn -0.0955 0.989 0.1134
vn -0.0116 0.9946 0.1035
vn 0.0744 0.9915 0.1067
vn 0.1599 0.9806 0.1138
vn 0.2434 0.9616 0.1268
vn 0.3165 0.9381 0.1407
vn 0.3784 0.9077 0.1814
vn 0.4527 0.8635 0.2221
vn 0.5202 0.812 0.2647
vn 0.5788 0.7545 0.3094
vn 0.6277 0.6934 0.3539
vn 0.6594 0.6383 0.3972
vn 0.6882 0.5304 0.495
vn 0.7025 0.4369 0.5618
vn 0.7169 0.3746 0.5879
vn 0.0018 0.5646 0.8254
vn -0.6706 0.5913 0.4479
vn -0.5636 0.774 0.2887
vn -0.251 0.9589 0.1323
vn 0.2057 0.9727 0.1075
vn 0.6772 0.5844 0.4471
vn 0.696 0.4853 0.5292
vn -0.3324 0.9317 0.1466
vn 0.5555 0.7848 0.2748
vn 0.72 0.1753 0.6715
vn 0.72 0.2498 0.6474
vn 0.7182 0.3171 0.6194
vn -0.5555 0.7848 0.2748
vn 0 0.9438 0.3305
vn -0.7196 0.3202 0.6162
vn -0.72 0.2498 0.6474
vn -0.72 0.1753 0.6715
vn -0.0052 0.6476 0.762
vn 0 0.6492 0.7606
vn -0.0081 0.5615 0.8274
vn 0.0018 0.5646 0.8254
vn -0.0047 0.4583 0.8888
vn 0 0.3599 0.933
vn 0 0.2528 0.9675
vn 0.0021 0.6589 0.7522
vn 0 0.6492 0.7606
vn 0.0017 0.667 0.7451
vn -0.0029 0.6488 0.761
vn 0.006 0.5588 0.8293
vn 0.0019 0.4597 0.8881
vn 0 0.3599 0.933
vn 0 0.2526 0.9676
vn -0.0237 0.9438 0.3296
vn -0.1082 0.9401 0.3233
vn -0.2132 0.9192 0.3312
vn -0.3509 0.8721 0.341
vn -0.4795 0.7939 0.374
vn -0.5288 0.7564 0.3849
vn -0.586 0.6996 0.4089
vn -0.6181 0.6567 0.4322
vn -0.6594 0.596 0.4582
vn -0.6866 0.5623 0.4609
vn -0.7031 0.5171 0.4882
vn -0.71 0.4886 0.5071
vn -0.7168 0.4666 0.5182
vn -0.7196 0.4334 0.5425
vn -0.7332 0.3663 0.5729
vn -0.7231 0.3338 0.6047
vn -0.283 0.8994 0.3332
vn -0.425 0.8296 0.362
vn -0.7237 0.4037 0.5596
vn -0.5575 0.7296 0.396
vn -0.6411 0.6216 0.4502
vn -0.5645 0.0387 0.8245
vn -0.7219 0.5428 0.4291
vn -0.7219 0.483 0.4955
vn -0.7219 0.4152 0.5536
vn -0.7166 0.357 0.5992
vn 0.5645 0.0387 0.8245
vn 0 0.0469 0.9989
vn 0.7078 0.3149 0.6323
vn 0.7159 0.3594 0.5986
vn 0.7219 0.4152 0.5536
vn 0.7219 0.483 0.4955
vn 0.7219 0.5428 0.4291
vn 0.7015 0.255 0.6655
vn 0.6733 0.186 0.7156
vn 0.6379 0.1123 0.7619
vn 0.5752 0.0065 0.818
vn 0.542 -0.0522 0.8388
vn 0.5006 -0.0935 0.8606
vn 0.4449 -0.1398 0.8846
vn 0.4104 -0.1794 0.8941
vn 0.3377 -0.2135 0.9167
vn 0.2865 -0.2286 0.9304
vn 0.2334 -0.2467 0.9406
vn 0.1705 -0.2589 0.9507
vn 0.0982 -0.2725 0.9571
vn 0.0389 -0.2877 0.9569
vn -0.0355 -0.2849 0.9579
vn -0.0973 -0.2718 0.9574
vn -0.171 -0.26 0.9504
vn -0.2336 -0.2476 0.9403
vn -0.2838 -0.2335 0.93
vn -0.3565 -0.2075 0.9109
vn -0.3928 -0.1741 0.903
vn -0.4488 -0.1337 0.8836
vn -0.5009 -0.0947 0.8603
vn -0.5412 -0.0552 0.8391
vn -0.574 0.0044 0.8188
vn -0.6376 0.1118 0.7622
vn -0.6755 0.1853 0.7137
vn -0.7054 0.2529 0.6622
vn -0.7091 0.3136 0.6316
vn 0.6085 0.0554 0.7916
vn 0.3752 -0.1972 0.9057
vn 0.0043 -0.2908 0.9568
vn -0.3211 -0.2228 0.9205
vn -0.6077 0.0551 0.7922
vn -0.5645 0.0387 0.8245
vn -0.7219 0.5428 0.4291
vn -0.7219 0.483 0.4955
vn -0.7219 0.4152 0.5536
vn -0.7159 0.3594 0.5986
vn 0.5645 0.0387 0.8245
vn 0 0.0469 0.9989
vn 0.7231 0.334 0.6046
vn 0.7166 0.357 0.5992
vn 0.7219 0.4152 0.5536
vn 0.7219 0.483 0.4955
vn 0.7219 0.5428 0.4291
vn 0.703 0.5186 0.4868
vn 0.6862 0.5626 0.461
vn 0.6593 0.5953 0.4592
vn 0.6187 0.6558 0.4326
vn 0.5866 0.699 0.4092
vn 0.53 0.7563 0.3834
vn 0.4717 0.8027 0.365
vn 0.3482 0.8732 0.341
vn 0.2105 0.9199 0.3309
vn 0.1044 0.941 0.322
vn 0.7333 0.367 0.5723
vn 0.7196 0.4351 0.5412
vn 0.7163 0.4685 0.5171
vn 0.7088 0.4909 0.5066
vn 0.6413 0.6216 0.4498
vn 0.5565 0.7286 0.3993
vn 0.4365 0.8269 0.3545
vn 0.2814 0.9003 0.3321
vn 0.0269 0.9445 0.3275
vn 0.7237 0.4047 0.559
vn 0 0.7845 0.6202
vn 0 0.698 0.7161
vn 0 0.6 0.8
vn -0.0034 0.4995 0.8663
vn -0.0031 0.3741 0.9274
vn 0.0043 0.2659 0.964
vn 0.001 0.2392 0.971
vn 0.0001 0.2274 0.9738
vn -0.0004 0.2411 0.9705
vn 0 0.7845 0.6202
vn 0 0.698 0.7161
vn 0 0.6 0.8
vn 0.0028 0.4986 0.8668
vn 0.0022 0.3745 0.9272
vn -0.0048 0.2664 0.9639
vn 0.002 0.8494 -0.5277
vn -0.0042 0.7932 -0.609
vn 0.002 0.7815 -0.6239
vn 0.0009 0.5916 -0.8062
vn 0.0044 0.4995 -0.8663
vn -0.0004 0.8631 -0.5051
vn 0 0.5938 -0.8046
vn 0 0.3784 -0.9256
vn 0 0.3897 -0.9209
vn -0.0036 0.3788 -0.9255
vn 0.0028 0.2864 -0.9581
vn -0.0003 0.8639 -0.5037
vn 0 0.5938 -0.8046
vn 0.0007 0.2621 -0.965
vn -0.0008 0.8534 -0.5213
vn 0.0009 0.2493 -0.9684
vn -0.0033 0.8533 -0.5214
vn -0.0065 0.8399 -0.5427
vn 0.0013 0.7837 -0.6211
vn -0.0004 0.262 -0.9651
vn -0.0029 0.6959 -0.7181
vn 0.0018 0.6021 -0.7984
vn 0.0026 0.4978 -0.8673
vn -0.0005 0.3852 -0.9228
vn -0.0007 0.3845 -0.9231
vn 0 0.3939 -0.9192
vn -0.0049 0.282 -0.9594
vn 0.3681 0.18 -0.9122
vn 0.6612 0.3748 -0.6499
vn 0.7055 0.7043 -0.079
vn 0.266 0.963 0.0434
vn 0.2666 0.9638 0.0092
vn 0 -0.0562 -0.9984
vn 0.6537 -0.002 -0.7568
vn 0.7077 0.5418 -0.4534
vn 0.7178 0.5125 -0.4713
vn 0.7155 0.515 -0.4721
vn 0.6852 0.5922 -0.424
vn 0 0.3897 -0.9209
vn 0.0792 0.1424 -0.9866
vn 0.002 0.7815 -0.6239
vn -0.6554 0.6982 -0.2881
vn -0.2563 0.9646 0.0614
vn -0.4197 0.8963 0.143
vn 0 -0.0562 -0.9984
vn -0.6303 0.2063 -0.7485
vn -0.3392 0.6725 -0.6578
vn 0 0.9956 -0.0935
vn -0.6088 0.1342 -0.7819
vn 0 0.3897 -0.9209
vn 0 0.3784 -0.9256
vn 0.5904 0.7172 -0.3703
vn 0.5542 0.7565 -0.3473
vn -0.1423 0.143 -0.9795
vn 0.1141 0.9886 0.0978
vn 0 -0.0562 -0.9984
vn 0 0.9956 -0.0935
vn -0.4769 -0.0318 -0.8784
vn -0.2718 -0.1891 -0.9436
vn 0.3413 0.891 -0.2993
vn -0.3687 0.1777 -0.9124
vn 0.4053 0.9142 0.0004
vn -0.6855 0.2929 -0.6666
vn -0.5055 -0.0798 -0.8591
vn -0.6309 0.7688 -0.1044
vn 0.0139 -0.2328 -0.9724
vn 0.0357 0.9597 -0.2786
vn -0.4877 0.2165 -0.8457
vn 0.5068 0.8548 -0.1112
vn 0.6378 0.7225 -0.267
vn 0.4349 -0.1004 -0.8949
vn -0.2623 0.9217 -0.2856
vn -0.5123 0.2262 -0.8285
vn -0.0033 0.8533 -0.5214
vn -0.6039 0.2737 -0.7486
vn 0.6434 0.7013 -0.3068
vn -0.6139 0.2563 -0.7466
vn 0.7 0.5391 -0.4684
vn 0.6599 0.3464 -0.6668
vn 0.54 0.0138 -0.8415
vn -0.0005 0.3852 -0.9228
vn -0.5733 0.7399 -0.3519
vn -0.6676 0.2954 -0.6834
vn -0.6894 0.314 -0.6528
vn -0.7229 0.3493 -0.5962
vn -0.7208 0.4473 -0.5295
vn 0 0.3939 -0.9192
vn -0.6599 0.6245 -0.4178
vn 0.6459 0.3511 -0.6779
vn 0.6206 0.3192 -0.7163
vn 0.5851 0.2893 -0.7576
vn 0.5457 0.2623 -0.7959
vn 0.4922 0.2232 -0.8414
vn 0.4251 0.1971 -0.8834
vn 0.7346 0.4538 -0.5044
vn 0.7066 0.4033 -0.5814
vn 0.6782 0.3872 -0.6246
vn 0.7277 0.5581 -0.3988
vn 0.7174 0.5309 -0.4512
vn 0.2936 0.1595 -0.9425
vn 0.2085 0.1499 -0.9665
vn 0.1267 0.1451 -0.9813
vn -0.3091 0.9499 0.0453
vn -0.3525 0.9356 0.02
vn -0.4033 0.915 -0.0116
vn -0.4525 0.8908 -0.042
vn -0.5002 0.8626 -0.075
vn -0.5446 0.8313 -0.1108
vn -0.5833 0.7965 -0.1593
vn -0.6204 0.748 -0.236
vn 0.002 0.7815 -0.6239
vn -0.6717 0.6673 -0.3218
vn -0.6842 0.6262 -0.3738
vn -0.6487 0.2079 -0.7321
vn -0.6331 0.1655 -0.7562
vn 0.6148 0.7047 -0.3542
vn 0.6622 0.6441 -0.3829
vn 0.6766 0.5971 -0.4309
vn 0 0.3784 -0.9256
vn 0.5639 0.7442 -0.358
vn 0.0267 0.1398 -0.9898
vn -0.0711 0.1387 -0.9878
vn 0.0811 0.9919 0.0979
vn 0.035 0.9947 0.0967
vn -0.0166 0.9952 0.0966
vn -0.07 0.993 0.0948
vn -0.1352 0.9874 0.0827
vn -0.202 0.9766 0.0735
vn -0.6104 0.0715 -0.7888
vn -0.5267 0.0204 -0.8498
vn -0.4438 -0.069 -0.8935
vn -0.4034 -0.1113 -0.9082
vn -0.3507 -0.1454 -0.9251
vn -0.3082 -0.1755 -0.935
vn 0.3923 0.8685 -0.303
vn 0.4565 0.8298 -0.321
vn 0.507 0.7931 -0.3375
vn -0.2262 0.1481 -0.9628
vn -0.3162 0.1663 -0.934
vn 0.3428 0.9392 0.0215
vn 0.2605 0.9642 0.0497
vn 0.1995 0.9774 0.0702
vn 0.1509 0.9847 0.0875
vn -0.2345 -0.1994 -0.9514
vn -0.184 -0.2063 -0.961
vn -0.1312 -0.2173 -0.9673
vn -0.0819 -0.227 -0.9704
vn -0.0368 -0.2328 -0.9718
vn 0.0792 0.9564 -0.281
vn 0.1468 0.9488 -0.2796
vn 0.2274 0.932 -0.2822
vn 0.2981 0.9089 -0.2917
vn -0.4193 0.1892 -0.8879
vn 0.4757 0.877 -0.0678
vn 0.4373 0.8988 -0.0309
vn 0.6541 0.7217 -0.2264
vn 0.6013 0.7735 -0.2002
vn 0.5457 0.8237 -0.1539
vn 0.0566 -0.2311 -0.9713
vn 0.1059 -0.2202 -0.9697
vn 0.1706 -0.204 -0.964
vn 0.2416 -0.1845 -0.9527
vn 0.3194 -0.1578 -0.9344
vn 0.3941 -0.1325 -0.9095
vn -0.1958 0.9397 -0.2803
vn -0.1083 0.9555 -0.2744
vn -0.0284 0.9609 -0.2754
vn -0.4969 0.238 -0.8345
vn -0.0033 0.8533 -0.5214
vn -0.5692 0.2286 -0.7898
vn -0.5943 0.2534 -0.7633
vn 0.6969 0.5771 -0.4257
vn 0.6829 0.6218 -0.3835
vn 0.6595 0.672 -0.3369
vn 0.6958 0.3392 -0.6331
vn 0.7073 0.3825 -0.5944
vn 0.7127 0.4428 -0.5441
vn 0.706 0.5022 -0.4994
vn 0.5685 0.0544 -0.8209
vn 0.612 0.1094 -0.7833
vn 0.6513 0.1763 -0.7381
vn 0.6795 0.2562 -0.6875
vn 0.464 -0.066 -0.8834
vn -0.0005 0.3852 -0.9228
vn 0.5079 -0.0192 -0.8612
vn -0.4999 0.8014 -0.3284
vn -0.4151 0.8561 -0.3078
vn -0.3217 0.9015 -0.2895
vn -0.6565 0.2597 -0.7082
vn -0.6564 0.2935 -0.695
vn -0.6863 0.2972 -0.6638
vn -0.701 0.3146 -0.6401
vn -0.7164 0.3277 -0.6159
vn -0.7283 0.3707 -0.5763
vn -0.7339 0.4027 -0.547
vn -0.7278 0.4285 -0.5355
vn -0.7173 0.4607 -0.5227
vn 0 0.3939 -0.9192
vn -0.7247 0.4805 -0.4939
vn -0.717 0.531 -0.4516
vn -0.6844 0.5995 -0.415
vn -0.6277 0.6705 -0.3955
vn -0.5961 0.7124 -0.3705
vn 0.0031 0.697 -0.717
vn -0.0035 0.6053 -0.796
vn -0.0007 0.6032 -0.7976
vn -0.002 0.5003 -0.8658
vn 0.0034 0.397 -0.9178
vn 0.0003 0.7031 -0.7111
vn 0 0.6949 -0.7191
vn 0.0004 0.718 -0.696
vn 0.0054 0.3948 -0.9188
vn -0.0028 0.3725 -0.928
vn -0.0013 0.2793 -0.9602
vn -0.0019 0.7183 -0.6957
vn 0 0.6949 -0.7191
vn -0.0004 0.7022 -0.7119
vn 0.0008 0.2512 -0.9679
vn 0.0017 0.6968 -0.7173
vn 0.0002 0.2507 -0.9681
vn -0.0006 0.6074 -0.7944
vn -0.0017 0.6008 -0.7994
vn 0.0033 0.5009 -0.8655
vn 0.0027 0.3866 -0.9222
vn 0.0004 0.3871 -0.922
vn -0.0036 0.2755 -0.9613
vn 0.0006 0.267 -0.9637
vn 0.5312 -0.599 -0.5991
vn 0.3812 0.0758 -0.9214
vn 0.3812 0.0758 -0.9214
vn 0.629 0.248 -0.7368
vn 0.629 0.248 -0.7368
vn 0.7125 0.4083 -0.5706
vn -0.0007 0.6032 -0.7976
vn 0.7125 0.4083 -0.5706
vn 0.7178 0.5004 -0.4842
vn 0.7178 0.5004 -0.4842
vn 0.686 0.5804 -0.4388
vn 0.686 0.5804 -0.4388
vn 0.6616 0.6401 -0.3905
vn 0.6616 0.6401 -0.3905
vn 0.0864 0.0217 -0.996
vn 0.0864 0.0217 -0.996
vn -0.7011 0.467 -0.5389
vn -0.3316 0.9405 -0.0745
vn -0.6569 0.2165 -0.7222
vn -0.5379 0.0122 -0.8429
vn 0.6004 0.7128 -0.3626
vn 0.6004 0.7128 -0.3626
vn 0.4816 0.8157 -0.3205
vn 0.4816 0.8157 -0.3205
vn -0.1758 0.0237 -0.9841
vn -0.1758 0.0237 -0.9841
vn -0.0156 0.0094 -0.9998
vn -0.0156 0.0094 -0.9998
vn -0.0156 0.0094 -0.9998
vn 0.0003 0.7031 -0.7111
vn 0 0.6949 -0.7191
vn -0.0004 0.7022 -0.7119
vn 0.208 0.9774 -0.037
vn -0.5142 -0.0088 -0.8576
vn 0.0054 0.3948 -0.9188
vn -0.1739 -0.2224 -0.9593
vn 0.2256 0.9315 -0.2852
vn 0.2256 0.9315 -0.2852
vn -0.3895 0.0705 -0.9183
vn -0.3895 0.0705 -0.9183
vn 0.6048 0.7472 -0.2756
vn 0.2891 -0.1909 -0.9381
vn -0.1262 0.9514 -0.2809
vn -0.1262 0.9514 -0.2809
vn -0.0916 0.7041 0.7041
vn -0.5217 0.1258 -0.8438
vn -0.5217 0.1258 -0.8438
vn 0.6425 0.6829 -0.3476
vn -0.0006 0.6074 -0.7944
vn -0.5466 0.125 -0.828
vn -0.5466 0.125 -0.828
vn 0.7093 0.4622 -0.5323
vn 0.6406 0.1355 -0.7558
vn -0.5049 0.8013 -0.3208
vn -0.5049 0.8013 -0.3208
vn -0.6294 0.1933 -0.7526
vn -0.6294 0.1933 -0.7526
vn -0.6871 0.245 -0.684
vn -0.6871 0.245 -0.684
vn -0.7213 0.3351 -0.6061
vn -0.7213 0.3351 -0.6061
vn 0.0004 0.3871 -0.922
vn 0.0006 0.267 -0.9637
vn -0.7042 0.5288 -0.4738
vn -0.7042 0.5288 -0.4738
vn 0.6027 0.211 -0.7696
vn 0.6027 0.211 -0.7696
vn 0.5497 0.1609 -0.8197
vn 0.5497 0.1609 -0.8197
vn 0.4842 0.1144 -0.8674
vn 0.4842 0.1144 -0.8674
vn 0.5312 -0.599 -0.5991
vn 0.4246 0.0918 -0.9007
vn 0.4246 0.0918 -0.9007
vn 0.7147 0.3791 -0.5878
vn 0.7147 0.3791 -0.5878
vn 0.7064 0.3399 -0.6208
vn 0.7064 0.3399 -0.6208
vn 0.6832 0.291 -0.6698
vn 0.6832 0.291 -0.6698
vn 0.6514 0.2706 -0.7088
vn 0.6514 0.2706 -0.7088
vn 0.7257 0.4812 -0.4918
vn 0.7257 0.4812 -0.4918
vn 0.9793 0.1426 0.1433
vn 0.7296 0.4438 -0.5203
vn 0.7296 0.4438 -0.5203
vn 0.7134 0.4255 -0.5568
vn -0.0007 0.6032 -0.7976
vn 0.7134 0.4255 -0.5568
vn 0.7063 0.5598 -0.4333
vn 0.7063 0.5598 -0.4333
vn 0.7159 0.5221 -0.4637
vn 0.7159 0.5221 -0.4637
vn 0.675 0.6142 -0.4089
vn 0.675 0.6142 -0.4089
vn 0.6804 0.5903 -0.4343
vn 0.6804 0.5903 -0.4343
vn 0.3153 0.0517 -0.9476
vn 0.3153 0.0517 -0.9476
vn 0.2278 0.0333 -0.9731
vn 0.2278 0.0333 -0.9731
vn 0.1479 0.0202 -0.9888
vn 0.1479 0.0202 -0.9888
vn -0.3644 0.927 -0.0884
vn -0.4169 0.9017 -0.1147
vn -0.4633 0.8736 -0.149
vn -0.512 0.8384 -0.1868
vn -0.5557 0.8014 -0.2213
vn -0.5971 0.7557 -0.2689
vn -0.6423 0.6934 -0.3265
vn -0.6755 0.6288 -0.3852
vn -0.6907 0.5639 -0.4526
vn -0.701 0.5124 -0.496
vn -0.7001 0.3884 -0.5992
vn -0.6912 0.3114 -0.6521
vn -0.6707 0.2521 -0.6976
vn -0.6512 0.196 -0.7332
vn -0.6347 0.1642 -0.7551
vn -0.6046 0.1078 -0.7892
vn -0.5638 0.0495 -0.8245
vn 0.6386 0.6701 -0.3783
vn 0.6386 0.6701 -0.3783
vn 0.5271 0.7799 -0.3376
vn 0.5271 0.7799 -0.3376
vn 0.5681 0.7405 -0.3591
vn 0.5681 0.7405 -0.3591
vn 0.0505 0.0225 -0.9985
vn 0.0505 0.0225 -0.9985
vn -0.1052 0.0137 -0.9944
vn -0.1052 0.0137 -0.9944
vn -0.1491 -0.6992 -0.6992
vn 0.1507 0.988 -0.0333
vn -0.0004 0.7022 -0.7119
vn 0.0759 0.9968 -0.0249
vn -0.0869 0.9958 -0.0271
vn 0.0003 0.7031 -0.7111
vn -0.1702 0.9847 -0.038
vn -0.2399 0.9694 -0.052
vn -0.2984 0.9518 -0.0704
vn -0.4891 -0.0373 -0.8714
vn 0.0054 0.3948 -0.9188
vn -0.4421 -0.0983 -0.8916
vn -0.3632 -0.1398 -0.9212
vn -0.3017 -0.1734 -0.9375
vn -0.2527 -0.199 -0.9468
vn -0.2065 -0.2124 -0.9551
vn 0.2743 0.9164 -0.2915
vn 0.2743 0.9164 -0.2915
vn 0.3485 0.8907 -0.2918
vn 0.3485 0.8907 -0.2918
vn 0.4016 0.8653 -0.3
vn 0.4016 0.8653 -0.3
vn -0.2522 0.0391 -0.9669
vn -0.2522 0.0391 -0.9669
vn -0.3335 0.0607 -0.9408
vn -0.3335 0.0607 -0.9408
vn 0.5912 0.7727 -0.2313
vn 0.52 0.8319 -0.1936
vn 0.4344 0.8898 -0.1396
vn 0.368 0.9242 -0.1026
vn 0.3016 0.9505 -0.0746
vn 0.2485 0.9674 -0.0496
vn -0.1212 -0.2219 -0.9675
vn -0.0603 -0.2282 -0.9717
vn 0.0004 -0.2312 -0.9729
vn 0.069 -0.2251 -0.9719
vn 0.1373 -0.2182 -0.9662
vn 0.1957 -0.2105 -0.9578
vn 0.2439 -0.1993 -0.9491
vn -0.0744 0.9578 -0.2778
vn -0.0744 0.9578 -0.2778
vn -0.0916 0.7041 0.7041
vn -0.0042 0.962 -0.2729
vn -0.0042 0.962 -0.2729
vn 0.0842 0.9574 -0.2762
vn 0.0842 0.9574 -0.2762
vn 0.161 0.947 -0.2779
vn 0.161 0.947 -0.2779
vn -0.4365 0.0921 -0.895
vn -0.4365 0.0921 -0.895
vn -0.491 0.1252 -0.8621
vn -0.491 0.1252 -0.8621
vn 0.6267 0.7103 -0.3204
vn -0.0006 0.6074 -0.7944
vn 0.7062 0.5037 -0.4975
vn 0.695 0.5603 -0.4506
vn 0.6665 0.63 -0.3986
vn 0.6543 0.1689 -0.7371
vn 0.681 0.2367 -0.693
vn 0.7073 0.3233 -0.6287
vn 0.711 0.4039 -0.5756
vn 0.7123 0.4402 -0.5467
vn 0.312 -0.1799 -0.9329
vn 0.3502 -0.1642 -0.9222
vn 0.3889 -0.1359 -0.9112
vn 0.442 -0.0925 -0.8923
vn 0.511 -0.0385 -0.8587
vn 0.5713 0.0189 -0.8205
vn 0.6126 0.0877 -0.7855
vn -0.412 0.8584 -0.3057
vn -0.412 0.8584 -0.3057
vn -0.3147 0.9032 -0.292
vn -0.3147 0.9032 -0.292
vn -0.2026 0.9386 -0.2793
vn -0.2026 0.9386 -0.2793
vn -0.8165 -0.4084 -0.4081
vn -0.5838 0.1411 -0.7995
vn -0.5838 0.1411 -0.7995
vn -0.6128 0.1745 -0.7707
vn -0.6128 0.1745 -0.7707
vn -0.6578 0.2013 -0.7257
vn -0.6578 0.2013 -0.7257
vn -0.6795 0.2257 -0.6981
vn -0.6795 0.2257 -0.6981
vn -0.7029 0.2552 -0.664
vn -0.7029 0.2552 -0.664
vn -0.7267 0.3009 -0.6175
vn -0.7267 0.3009 -0.6175
vn 0.0004 0.3871 -0.922
vn -0.7253 0.3273 -0.6057
vn -0.7253 0.3273 -0.6057
vn -0.7271 0.3482 -0.5917
vn -0.7271 0.3482 -0.5917
vn -0.7372 0.3783 -0.5599
vn -0.7372 0.3783 -0.5599
vn -0.7412 0.4245 -0.52
vn -0.7412 0.4245 -0.52
vn -0.726 0.4926 -0.4798
vn -0.726 0.4926 -0.4798
vn -0.6869 0.5702 -0.4506
vn -0.6869 0.5702 -0.4506
vn 0.0006 0.267 -0.9637
vn -0.654 0.6392 -0.4047
vn -0.654 0.6392 -0.4047
vn -0.5941 0.7172 -0.3641
vn -0.5941 0.7172 -0.3641
vn -0.5337 0.7775 -0.3328
vn -0.5337 0.7775 -0.3328
vn -0.949 0.2243 0.2218
vn -0.9777 0.1486 0.1482
vn -0.9078 0.2987 0.2943
vn 0.7571 0.4617 0.4622
vn 0.8218 0.4012 0.4047
vn 0.0024 0.8531 -0.5218
vn 0 0.8503 -0.5263
vn -0.0002 0.7864 -0.6177
vn -0.0043 0.7841 -0.6206
vn 0.0004 0.7028 -0.7114
vn -0.0005 0.8661 -0.4999
vn 0.0003 0.6046 -0.7965
vn 0 0.263 -0.9648
vn -0.0014 0.8608 -0.509
vn 0 0.505 -0.8631
vn 0 0.263 -0.9648
vn -0.0041 0.8452 -0.5344
vn -0.0007 0.7769 -0.6296
vn 0.0012 0.7966 -0.6045
vn 0.0028 0.3962 -0.9182
vn 0.0062 0.2733 -0.9619
vn -0.0009 0.2786 -0.9604
vn 0.3591 0.1802 -0.9157
vn 0.6664 0.3723 -0.646
vn 0 0.8503 -0.5263
vn 0.705 0.5999 -0.3783
vn -0.0002 0.7864 -0.6177
vn 0.6272 0.7357 -0.2558
vn 0.5175 0.8366 -0.1796
vn 0 -0.2327 -0.9726
vn 0.6822 -0.1253 -0.7204
vn 0.7298 0.344 -0.5908
vn -0.0303 0.1404 -0.9896
vn -0.6973 0.5791 -0.4224
vn -0.0983 0.9902 0.0993
vn -0.5744 0.2202 -0.7884
vn 0.5103 0.84 -0.1846
vn -0.4949 0.0904 -0.8642
vn 0.4996 0.84 -0.2116
vn 0.7386 0.3164 -0.5953
vn 0.0001 -0.2376 -0.9714
vn 0.4999 0.8369 -0.2231
vn 0 0.9613 -0.2756
vn -0.2781 0.1611 -0.947
vn 0.3058 0.9508 0.0506
vn -0.427 0.0179 -0.9041
vn -0.4312 0.0488 -0.9009
vn 0.5069 0.8333 -0.2207
vn 0.5042 0.8326 -0.2292
vn -0.4257 -0.0012 -0.9049
vn 0.5278 0.8044 -0.2727
vn 0 -0.2376 -0.9714
vn 0 0.9613 -0.2756
vn -0.5231 0.2374 -0.8185
vn 0.5438 0.8277 -0.1383
vn -0.0007 0.7769 -0.6296
vn 0.172 0.962 0.2122
vn -0.3877 0.9213 -0.0312
vn -0.4137 -0.0466 -0.9092
vn -0.4124 -0.0646 -0.9087
vn 0.5334 0.7946 -0.2898
vn 0.5717 0.1826 -0.7999
vn 0 0.9613 -0.2756
vn -0.5754 0.2677 -0.7728
vn -0.3831 0.9237 -0.0046
vn -0.8078 0.5325 -0.2527
vn -0.4024 -0.1108 -0.9087
vn -0.3989 -0.1276 -0.9081
vn 0 0.9613 -0.2756
vn -0.6605 0.0599 -0.7484
vn -0.6349 -0.0598 -0.7703
vn -0.6035 0.7608 -0.2385
vn 0.6351 0.3225 -0.7019
vn 0.5744 0.2697 -0.7729
vn 0.4987 0.2267 -0.8366
vn 0.418 0.1927 -0.8878
vn -0.0002 0.7864 -0.6177
vn 0.7108 0.5807 -0.397
vn 0.7263 0.5378 -0.428
vn 0.7298 0.4837 -0.4831
vn 0.7148 0.4245 -0.5557
vn 0.6847 0.4018 -0.6081
vn 0 0.8503 -0.5263
vn 0.6425 0.7175 -0.269
vn 0.6704 0.6858 -0.2833
vn 0.692 0.6494 -0.3153
vn 0.7024 0.621 -0.3479
vn 0.545 0.8209 -0.1708
vn 0.5764 0.7945 -0.1911
vn 0.6095 0.7594 -0.2276
vn 0.3075 0.1671 -0.9368
vn 0.2378 0.1492 -0.9598
vn 0.1457 0.1421 -0.9791
vn 0.0737 0.1396 -0.9875
vn 0.0172 0.1425 -0.9896
vn -0.1403 0.986 0.0902
vn -0.2001 0.9769 0.0756
vn -0.2576 0.9644 0.0601
vn -0.3094 0.9502 0.0369
vn -0.3629 0.9318 0.0117
vn -0.4178 0.9084 -0.0179
vn -0.4707 0.8808 -0.0512
vn -0.5201 0.8495 -0.0887
vn -0.5649 0.8152 -0.1278
vn -0.6053 0.7775 -0.1707
vn -0.6369 0.7403 -0.2154
vn -0.6573 0.6978 -0.2847
vn -0.6789 0.6383 -0.3628
vn -0.7003 0.5411 -0.4656
vn -0.6989 0.4928 -0.5184
vn -0.693 0.4206 -0.5855
vn -0.6595 0.3508 -0.6649
vn -0.6112 0.2682 -0.7447
vn -0.5387 0.1639 -0.8264
vn -0.5073 0.1187 -0.8535
vn 0.5038 0.8392 -0.2049
vn 0.502 0.8411 -0.2012
vn -0.1037 0.1362 -0.9852
vn -0.2133 0.1494 -0.9655
vn 0.2689 0.9614 0.0583
vn 0.2171 0.9737 0.0694
vn 0.1595 0.9837 0.0832
vn 0.0902 0.992 0.0887
vn 0.0137 0.9954 0.0946
vn -0.0526 0.9938 0.0975
vn -0.4701 0.0809 -0.8789
vn -0.4446 0.0641 -0.8934
vn -0.3479 0.1769 -0.9207
vn -0.411 0.1944 -0.8907
vn -0.4648 0.2128 -0.8595
vn 0.496 0.8645 -0.0819
vn 0.4308 0.9019 -0.0318
vn 0.3772 0.9261 0.0059
vn 0.3402 0.9397 0.0359
vn 0.5696 0.8042 -0.1697
vn -0.0007 0.7769 -0.6296
vn -0.5462 0.2657 -0.7944
vn -0.6153 0.2733 -0.7394
vn -0.162 0.8355 0.5251
vn -0.0934 0.8093 0.5799
vn -0.2391 0.8429 0.4821
vn -0.3305 0.8372 0.4358
vn -0.3818 0.8461 0.3719
vn -0.4519 0.8023 0.3901
vn -0.4889 0.7883 0.3735
vn -0.5616 0.7524 0.3442
vn -0.6103 0.7234 0.3227
vn -0.6793 0.6679 0.304
vn -0.7246 0.6253 0.2896
vn -0.7794 0.5648 0.271
vn -0.8395 0.4802 0.2542
vn -0.8854 0.3908 0.2517
vn -0.9049 0.3312 0.2672
vn -0.9152 0.3008 0.2681
vn 0.216 0.0245 0.9761
vn -0.93 0.2516 0.268
vn -0.9377 0.207 0.279
vn -0.9431 0.1711 0.2852
vn -0.8662 0.1315 0.4822
vn -0.9451 0.1087 0.3081
vn 0.3187 0.2016 0.9262
vn -0.9491 0.093 0.3009
vn -0.9464 0.0471 0.3194
vn -0.9376 -0.0248 0.3468
vn -0.954 -0.0965 0.2838
vn -0.9173 -0.1012 0.3851
vn -0.901 -0.1425 0.4097
vn -0.8771 -0.193 0.4398
vn -0.8436 -0.2565 0.4719
vn -0.7453 0.6006 0.2896
vn -0.759 0.5876 0.2804
vn -0.7449 0.597 0.2978
vn -0.7461 0.5968 0.2952
vn -0.7458 0.592 0.3054
vn -0.4125 0.2176 0.8846
vn -0.4125 0.2176 0.8846
vn -0.7463 0.5912 0.3057
vn -0.7463 0.5894 0.3092
vn -0.7473 0.589 0.3077
vn -0.4159 0.2209 0.8822
vn -0.4125 0.2176 0.8846
vn -0.7474 0.5894 0.3065
vn -0.5782 0.1021 0.8095
vn -0.2606 -0.5449 0.797
vn -0.3239 0.8235 0.4657
vn -0.2606 -0.5477 0.795
vn -0.2633 -0.5491 0.7932
vn -0.7771 -0.4969 0.3863
vn -0.7549 0.6325 0.1733
vn -0.3257 0.8195 0.4715
vn -0.3245 0.8201 0.4713
vn -0.3283 0.8219 0.4654
vn -0.3272 0.8279 0.4556
vn 0.1447 -0.2992 0.9431
vn 0.2928 0.7184 0.631
vn 0.3549 -0.1288 0.926
vn 0.1463 -0.3019 0.942
vn 0.1465 -0.2935 0.9447
vn 0.1453 -0.2882 0.9465
vn 0.1485 -0.2884 0.9459
vn 0.1495 -0.2836 0.9472
vn 0.1535 -0.2778 0.9483
vn 0.1562 -0.2717 0.9496
vn 0.1682 -0.2619 0.9503
vn 0.1524 -0.2429 0.958
vn 0.1622 -0.2678 0.9497
vn -0.413 0.2548 0.8744
vn 0.1651 -0.2327 0.9584
vn -0.413 0.2548 0.8744
vn -0.8023 0.5356 0.2636
vn -0.413 0.2548 0.8744
vn 0.1874 -0.192 0.9633
vn 0.2236 -0.1104 0.9684
vn 0.2732 -0.011 0.9619
vn 0.3014 0.0946 0.9488
vn 0.3247 0.1983 0.9248
vn 0.3315 0.2917 0.8972
vn -0.4117 0.2895 0.8641
vn 0.3383 0.3598 0.8695
vn 0.3325 0.4229 0.843
vn -0.3702 0.2793 0.886
vn -0.4126 0.2881 0.8641
vn -0.4095 0.2949 0.8633
vn -0.4095 0.2949 0.8633
vn 0.2688 0.5921 0.7597
vn 0.2225 0.6635 0.7143
vn 0.1665 0.7271 0.6661
vn 0.1022 0.7841 0.6121
vn 0.0266 0.8278 0.5604
vn -0.0413 0.8604 0.508
vn -0.1246 0.882 0.4546
vn -0.1889 0.8863 0.4227
vn -0.2621 0.8823 0.3911
vn -0.3536 0.8649 0.3562
vn -0.4167 0.8413 0.3445
vn -0.5155 0.8062 0.2904
vn -0.5685 0.7746 0.2771
vn -0.6351 0.7262 0.2632
vn -0.6792 0.6875 0.257
vn -0.7246 0.6435 0.2467
vn -0.7698 0.5852 0.2549
vn -0.4288 0.2909 0.8553
vn -0.8166 0.5197 0.2511
vn -0.4288 0.291 0.8553
vn -0.4288 0.2909 0.8553
vn -0.4288 0.291 0.8553
vn -0.4288 0.2909 0.8553
vn 0.0464 0.8193 0.5715
vn -0.8678 0.429 0.251
vn -0.4288 0.291 0.8553
vn -0.4577 0.8773 0.1445
vn 0.4586 0.4841 0.7452
vn 0.2658 -0.0407 0.9632
vn 0.2288 -0.1016 0.9682
vn 0.1908 -0.1519 0.9698
vn 0.1509 -0.2056 0.9669
vn 0.0978 -0.2441 0.9648
vn 0.0361 -0.2919 0.9558
vn -0.0137 -0.3331 0.9428
vn -0.07 -0.3665 0.9278
vn -0.1357 -0.4024 0.9053
vn -0.2131 -0.4219 0.8812
vn -0.2851 -0.4486 0.847
vn -0.467 0.8317 0.3002
vn -0.3335 -0.4457 0.8307
vn -0.399 -0.4564 0.7953
vn -0.4642 -0.4444 0.7662
vn -0.5349 -0.4347 0.7245
vn -0.5836 -0.4225 0.6934
vn -0.6563 -0.3937 0.6436
vn -0.6964 -0.3668 0.6169
vn -0.7703 -0.3103 0.5572
vn -0.7264 -0.3538 0.5892
vn -0.815 -0.2701 0.5126
vn -0.8564 -0.2089 0.4723
vn -0.8907 -0.1456 0.4305
vn -0.9144 -0.0777 0.3973
vn -0.4117 0.2966 0.8617
vn -0.9273 -0.0015 0.3743
vn -0.4116 0.2915 0.8635
vn -0.4117 0.2966 0.8617
vn -0.4117 0.2895 0.8641
vn -0.9364 0.0627 0.3452
vn -0.4116 0.2915 0.8635
vn -0.3702 0.2793 0.886
vn -0.4095 0.2949 0.8633
vn -0.4126 0.2881 0.8641
vn -0.4117 0.2895 0.8641
vn -0.4116 0.2915 0.8635
vn -0.4102 0.295 0.863
vn -0.4117 0.2966 0.8617
vn -0.4128 0.2937 0.8622
vn -0.4128 0.2937 0.8622
vn -0.3702 0.2793 0.886
vn -0.4128 0.2937 0.8622
vn -0.4126 0.2881 0.8641
vn -0.9393 0.1262 0.319
vn -0.9378 0.18 0.2967
vn -0.9276 0.2414 0.285
vn -0.9139 0.3061 0.2667
vn -0.8905 0.3716 0.2625
vn -0.8622 0.4396 0.2518
vn -0.8298 0.4945 0.2587
vn -0.7778 0.5651 0.275
vn 0.2391 0.4141 0.8782
vn -0.3798 -0.5393 0.7517
vn 0.0069 0.7559 0.6547
vn -0.0195 0.7599 0.6497
vn -0.6599 0.3412 0.6694
vn -0.9181 -0.2643 0.2953
vn -0.0455 0.7622 0.6457
vn -0.9229 -0.2449 0.297
vn -0.9923 -0.0173 -0.1229
vn -0.3858 0.9226 0.0048
vn -0.9863 -0.1387 -0.0897
vn -0.8825 -0.3561 0.3074
vn -0.4931 0.8693 0.0346
vn -0.1057 0.7337 0.6712
vn -0.0973 0.7281 0.6786
vn -0.8538 -0.4148 0.3146
vn -0.9212 0.3175 -0.2248
vn -0.246 -0.6274 0.7389
vn 0.157 0.6544 0.7396
vn 0.222 0.4197 0.8801
vn -0.3382 -0.5775 0.743
vn -0.0415 0.7393 0.6721
vn -0.671 0.2915 0.6817
vn -0.053 0.7399 0.6706
vn -0.0746 0.7437 0.6644
vn -0.4376 0.899 0.0185
vn -0.9903 -0.0825 -0.1121
vn -0.293 -0.6034 0.7416
vn -0.8757 -0.3714 0.3087
vn 0.2032 0.4195 0.8847
vn -0.0642 0.7284 0.6822
vn -0.6777 0.2434 0.6939
vn -0.8799 -0.3686 0.2997
vn -0.9019 -0.3224 0.2875
vn -0.9023 -0.3104 0.299
vn -0.8991 -0.3191 0.2996
vn -0.9499 -0.1269 -0.2855
vn -0.982 0.1145 0.1506
vn -0.2582 0.9657 0.0263
vn 0.0498 0.7783 -0.6259
vn 0.0578 0.7675 -0.6385
vn -0.6226 0.446 -0.643
vn 0.0755 0.7695 -0.6341
vn -0.9542 -0.1306 -0.2693
vn -0.9541 -0.1278 -0.2707
vn 0.2785 0.4055 -0.8706
vn -0.4699 -0.4602 -0.7533
vn -0.4257 -0.5066 -0.7498
vn 0.1569 0.6544 -0.7397
vn -0.9904 0.0449 0.1307
vn -0.9399 -0.1854 -0.2867
vn -0.3265 0.9451 0.0148
vn 0.0031 0.7724 -0.6351
vn 0.0084 0.7624 -0.647
vn 0.0401 0.7632 -0.645
vn -0.6439 0.3925 -0.6567
vn 0.2579 0.4119 -0.874
vn -0.938 -0.1957 -0.2861
vn -0.9342 -0.1953 -0.2986
vn -0.9142 -0.2654 -0.3062
vn -0.9181 -0.2643 -0.2954
vn -0.3798 -0.5392 -0.7517
vn 0.2391 0.4142 -0.8782
vn 0.0064 0.7556 -0.655
vn -0.0986 0.7286 -0.6778
vn -0.1062 0.7341 -0.6707
vn -0.0592 0.7361 -0.6743
vn -0.6776 0.2436 -0.6939
vn 0.218 0.4193 -0.8813
vn -0.2965 -0.6044 -0.7394
vn -0.8766 -0.3694 -0.3084
vn -0.0529 0.7401 -0.6704
vn -0.0382 0.7405 -0.671
vn -0.0745 0.744 -0.664
vn -0.6711 0.2915 -0.6816
vn -0.4376 0.899 -0.019
vn -0.9908 -0.0822 0.1073
vn -0.9017 -0.3236 -0.2867
vn -0.9025 -0.3108 -0.2981
vn -0.8991 -0.319 -0.2998
vn -0.338 -0.5777 -0.743
vn 0.2263 0.4179 -0.8799
vn -0.0201 0.7604 -0.6492
vn -0.3868 0.9222 -0.0004
vn -0.9923 -0.0173 0.123
vn -0.9229 -0.2449 -0.297
vn -0.6599 0.3412 -0.6694
vn -0.0457 0.7627 -0.6451
vn -0.493 0.8693 -0.0349
vn -0.9858 -0.1404 0.0919
vn -0.8824 -0.3568 -0.3067
vn -0.8802 -0.3671 -0.301
vn -0.8538 -0.4147 -0.3146
vn -0.246 -0.6274 -0.7388
vn -0.9212 0.3176 0.2246
vn -0.7169 0.6774 -0.1648
vn -0.102 0.9929 -0.0611
vn -0.5923 0.5534 0.5856
vn 0.142 0.7865 0.6011
vn -0.5923 0.5534 0.5856
vn -0.5807 0.5447 0.6051
vn 0.1379 0.7827 0.607
vn -0.5923 0.5534 0.5856
vn 0.1447 0.0254 0.9891
vn -0.6503 -0.1884 0.736
vn -0.9997 -0.0244 -0.0078
vn -0.9604 -0.0443 0.2752
vn -0.9642 -0.0448 0.2615
vn -0.5157 -0.4113 0.7516
vn 0.2919 0.3975 0.8699
vn 0.1301 0.7729 0.621
vn 0.112 0.775 0.6219
vn -0.5952 0.5018 0.6277
vn -0.9642 -0.0426 0.2617
vn 0.1018 0.7841 0.6122
vn -0.1858 0.9817 -0.042
vn -0.9672 0.191 -0.1676
vn -0.4254 -0.5066 0.7499
vn 0.2617 0.4096 0.8739
vn -0.934 -0.1958 0.2987
vn -0.9378 -0.1957 0.2866
vn -0.6439 0.3925 0.6567
vn -0.94 -0.1852 0.2866
vn -0.9897 0.0445 -0.136
vn -0.3268 0.945 -0.0151
vn 0.0081 0.763 0.6464
vn 0.0408 0.7633 0.6448
vn 0.003 0.7729 0.6346
vn -0.9143 -0.2653 0.306
vn 0.0581 0.7672 0.6388
vn 0.0754 0.7694 0.6343
vn 0.0499 0.7783 0.626
vn -0.6226 0.4458 0.6431
vn -0.2593 0.9653 -0.0314
vn -0.982 0.1147 -0.1501
vn -0.9541 -0.1292 0.2703
vn -0.954 -0.1256 0.2721
vn -0.9497 -0.125 0.2871
vn -0.4699 -0.4603 0.7532
vn 0.2785 0.4055 0.8706
vn 0.301 0.2245 0.9268
vn 0.3019 0.2702 0.9143
vn 0.3042 0.3185 0.8978
vn 0.2827 0.3758 0.8825
vn 0.2934 0.423 0.8573
vn -0.9163 -0.0937 0.3894
vn 0.2661 0.4826 0.8344
vn 0.229 0.5522 0.8016
vn 0.1895 0.6155 0.765
vn 0.137 0.6795 0.7208
vn 0.0716 0.7382 0.6707
vn 0.0069 0.7738 0.6334
vn -0.0286 0.8007 0.5984
vn -0.923 -0.1464 0.3559
vn -0.9162 -0.1539 0.3699
vn -0.8963 -0.1968 0.3973
vn -0.9375 -0.0465 0.3448
vn -0.948 0.0239 0.3175
vn -0.9504 0.0981 0.2952
vn -0.9516 0.1272 0.2797
vn -0.9424 0.1536 0.2971
vn -0.9458 0.1712 0.2758
vn -0.9384 0.2201 0.2663
vn -0.9222 0.2832 0.2635
vn -0.8971 0.3706 0.2406
vn -0.8793 0.4102 0.2421
vn 0.3425 0.0266 0.9391
vn -0.8532 0.4616 0.243
vn -0.8017 0.5474 0.2402
vn -0.7495 0.6165 0.241
vn -0.6955 0.6728 0.2523
vn -0.6319 0.7288 0.2635
vn -0.5738 0.7732 0.27
vn -0.4832 0.8225 0.3002
vn -0.4206 0.847 0.3252
vn -0.3565 0.8631 0.3577
vn -0.2959 0.8754 0.3823
vn -0.2328 0.8783 0.4176
vn -0.163 0.873 0.4597
vn -0.0861 0.8606 0.5019
vn 0.0101 0.8294 0.5586
vn 0.0759 0.7849 0.615
vn 0.1405 0.7284 0.6706
vn 0.1948 0.6695 0.7169
vn -0.4374 0.2892 0.8515
vn -0.4374 0.2892 0.8515
vn -0.4375 0.2887 0.8516
vn -0.4375 0.2887 0.8516
vn -0.4375 0.2886 0.8516
vn -0.437 0.2804 0.8546
vn 0.2888 0.4851 0.8254
vn -0.437 0.2804 0.8546
vn -0.4375 0.2886 0.8516
vn 0.2979 0.4172 0.8586
vn 0.29 0.3615 0.8861
vn 0.3236 0.3174 0.8914
vn -0.4374 0.2892 0.8515
vn -0.437 0.2804 0.8546
vn -0.4375 0.2886 0.8516
vn -0.4356 0.2879 0.8529
vn -0.4375 0.2887 0.8516
vn -0.7789 -0.3308 0.5329
vn -0.7275 -0.3619 0.5828
vn -0.807 -0.2912 0.5138
vn -0.6737 -0.4028 0.6196
vn -0.5839 -0.4336 0.6863
vn -0.5184 -0.4543 0.7245
vn -0.4488 -0.4626 0.7646
vn -0.3874 -0.4597 0.7991
vn -0.303 -0.4423 0.8441
vn -0.2655 -0.4473 0.8541
vn -0.2221 -0.4332 0.8735
vn -0.1611 -0.4133 0.8962
vn -0.1078 -0.3831 0.9174
vn -0.0256 -0.34 0.9401
vn 0.0327 -0.3015 0.9529
vn 0.2626 0.0235 0.9646
vn 0.2349 -0.0666 0.9697
vn 0.1899 -0.1337 0.9727
vn 0.1299 -0.203 0.9705
vn 0.0885 -0.25 0.9642
vn 0.2813 0.0807 0.9562
vn 0.2935 0.1295 0.9472
vn 0.2993 0.1611 0.9405
vn 0.3051 0.1861 0.9339
vn 0.3199 0.1981 0.9265
vn -0.5288 0.7943 0.2992
vn 0.3229 0.2598 0.9101
vn 0.3267 0.2234 0.9184
vn 0.3156 0.1754 0.9325
vn 0.3067 0.117 0.9446
vn 0.2885 0.0586 0.9557
vn 0.2562 -0.0609 0.9647
vn 0.2155 -0.1252 0.9684
vn 0.1701 -0.2109 0.9626
vn 0.1234 -0.2794 0.9522
vn 0.0707 -0.3314 0.9408
vn 0.0267 -0.3835 0.9231
vn -0.0121 -0.4065 0.9136
vn -0.0476 -0.438 0.8977
vn -0.1198 -0.4689 0.8751
vn -0.1815 -0.5011 0.8462
vn -0.245 -0.5168 0.8203
vn -0.3005 -0.5343 0.7901
vn -0.3652 -0.5343 0.7623
vn -0.427 -0.5353 0.7287
vn -0.5198 -0.518 0.6794
vn -0.5994 -0.4867 0.6355
vn -0.6835 -0.4407 0.5819
vn -0.759 -0.3829 0.5266
vn -0.8189 -0.3215 0.4754
vn -0.8655 -0.2574 0.4298
vn -0.6503 -0.1882 -0.736
vn -0.5807 0.5447 -0.6051
vn -0.592 0.5531 -0.5862
vn 0.1447 0.0257 -0.9891
vn -0.9997 -0.0243 0.0079
vn -0.7173 0.6771 0.1647
vn -0.1867 0.9813 0.0468
vn -0.9665 0.1904 0.1723
vn 0.1003 0.7839 -0.6127
vn -0.5951 0.5019 -0.6277
vn 0.1106 0.7745 -0.6229
vn 0.129 0.7728 -0.6215
vn 0.2942 0.3991 -0.8684
vn -0.5198 -0.4089 -0.7501
vn -0.9609 -0.0501 -0.2722
vn -0.9629 -0.0464 -0.2659
vn -0.9643 -0.0429 -0.2614
vn -0.592 0.5531 -0.5862
vn 0.1416 0.7823 -0.6065
vn -0.592 0.5531 -0.5862
vn 0.1455 0.7861 -0.6008
vn -0.102 0.9929 0.0612
vn -1 0 -0.0003
vn -1 0 0
vn -1 0 0.0007
vn -1 0 -0.0003
vn -1 0 0
vn -1 0 -0.0001
vn -1 0 0
vn -1 0 0.0004
vn -1 0 0
vn -1 0 0
vn -1 0 -0.0004
vn -1 0 0
vn -1 0 0.0003
vn -1 0 -0.0001
vn -1 0 0
vn -1 0 0
vn -1 0 -0.0003
vn -1 0 0.0003
vn -1 0 0.0003
vn -1 0 0
vn -1 0 0
vn -1 0 -0.0003
vn -1 0 0
vn -1 0 0.0002
vn -1 0 0
vn -1 0 -0.0001
vn -1 0 0.0002
vn -1 0 -0.0001
vn -1 0 0
vn -1 0 0
vn -1 0 0
vn -1 0 0
vn -1 0 0
vn -1 0 -0.0001
vn -1 0 0.0002
vn -1 0 -0.0003
vn -1 0 0
vn -1 0 -0.0003
vn -1 0 0
vn -1 0 0
vn -1 0 -0.0003
vn -1 0 0.0003
vn -1 0 -0.0003
vn -1 0 0
vn -1 0 -0.0001
vn -1 0 0
vn -1 0 -0.0001
vn -1 0 0.0003
vn -1 0 0
vn -1 0 -0.0004
vn -1 0 0.0003
vn -1 0 0
vn -1 0 -0.0004
vn -1 0 -0.0001
vn -1 0 0
vn -1 0 0.0004
vn -1 0 -0.0001
vn -1 0 0
vn -1 0 0.0004
vn -1 0 0
vn -1 0 -0.0003
vn -1 0 0.0007
vn -1 0 0
vn -1 0 0.0007
vn -1 0 0.0001
vn -1 0 0.0001
vn -1 0 -0.0009
vn -1 0 0.0011
vn -1 0 -0.0009
vn -1 0 0
vn -1 0 -0.0003
vn -1 0 0.0011
vn -1 0 0.0011
vn -1 0 0
vn -1 0 0
vn -1 0 0.0003
vn -1 0 0.0011
vn -1 0 -0.0001
vn -1 0 0
vn -1 0 -0.0001
vn -1 0 0
vn -1 0 0
vn -1 0 -0.0001
vn -1 0 0
vn -1 0 0
vn -1 0 -0.0001
vn -1 0 0
vn -1 0 0.0001
vn -1 0 -0.0001
vn -1 0 0.0001
vn -1 0 0
vn -1 0 -0.0001
vn -1 0 0
vn -1 0 0
vn -1 0 -0.0001
vn -1 0 0
vn -1 0 0
vn -1 0 0
vn -1 0 0
vn -1 0 -0.0006
vn -1 0 0
vn -1 0 0
vn -1 0 -0.0006
vn -1 0 0.0013
vn -1 0 -0.0006
vn -1 0 0.0013
vn -1 0 -0.0006
vn -1 0 -0.0006
vn -1 0 0.0013
vn -1 0 -0.0013
vn -1 0 0.0003
vn -1 0 -0.0003
vn -1 0 0.0013
vn -1 0 -0.0013
vn -1 0 0.0003
vn -1 0 -0.0003
vn -1 0 0.0007
vn -1 0 0
vn -1 0 -0.0003
vn -1 0 0.0001
vn -1 0 0
vn -1 0 -0.0002
vn -1 0 -0.0003
vn -1 0 0.0011
vn -1 0 0.0006
vn -1 0 -0.0013
vn -1 0 -0.0007
vn -1 0 0.0006
vn -1 0 0.0006
vn -1 0 -0.0006
vn -1 0 0.0002
vn -1 0 0
vn -1 0 -0.0003
vn -1 0 0.0002
vn -1 0 0
vn -1 0 -0.0004
vn -1 0 0
vn -1 0 0
vn -1 0 -0.0002
vn -1 0 0.0001
vn -1 0 0
vn -1 0 -0.0004
vn -1 0 0
vn -1 0 0
vn -1 0 -0.0002
vn -1 0 0
vn -1 0 0
vn -1 0 -0.0001
vn -1 0 0
vn -1 0 0
vn -1 0 -0.0001
vn -1 0 0
vn -1 0 -0.0001
vn -1 0 0
vn -1 0 0
vn -1 0 -0.0001
vn -1 0 0
vn -1 0 0.0003
vn -1 0 0
vn -1 0 0.0003
vn -1 0 -0.0003
vn -1 0 0.0011
vn -1 0 0
vn -1 0 0.0011
vn -1 0 -0.0003
vn -1 0 0
vn -1 0 -0.0009
vn -1 0 0.0001
vn -1 0 0
vn -1 0 0
vn -1 0 -0.0004
vn -1 0 0
vn -1 0 -0.0003
vn -1 0 0
vn -1 0 -0.0006
vn -1 0 -0.0003
vn -1 0 0.0002
vn -1 0 -0.0007
vn -1 0 -0.0006
vn -1 0 0.0006
vn -1 0 -0.0013
vn -1 0 0.0006
vn -1 0 -0.0007
vn -1 0 -0.0013
vn -1 0 0.0011
vn -1 0 0.0001
vn -1 0 -0.0003
vn -1 0 0.0011
vn -1 0 -0.0002
vn -1 0 0.0001
vn -1 0 -0.0002
vn -1 0 0
vn -1 0 0.0007
vn -1 0 0
vn -1 0 0.0007
vn -1 0 0.0013
vn -1 0 -0.0003
vn -1 0 0.0013
vn -1 0 -0.0013
vn -1 0 0.0003
vn -1 0 -0.0013
vn -1 0 0.0013
vn -1 0 -0.0013
vn -1 0 -0.0006
vn -1 0 0.0013
vn -1 0 0.0013
vn -1 0 -0.0006
vn -1 0 0.0013
vn -1 0 -0.0006
vn -1 0 0
vn -1 0 0
vn -1 0 -0.0006
vn -1 0 0
vn -1 0 -0.0001
vn -1 0 0
vn -1 0 0
vn -1 0 -0.0001
vn -1 0 0
vn -1 0 0
vn -1 0 0.0001
vn -1 0 -0.0001
vn -1 0 0
vn -1 0 -0.0001
vn -1 0 -0.0002
vn -1 0 0.0001
vn -1 0 0
vn -1 0 0.0001
vn -1 0 0
vn -1 0 0
vn -1 0 0
vn -1 0 -0.0003
vn -1 0 0
vn -1 0 0.0007
vn -1 0 -0.0003
vn -1 0 -0.0013
vn -1 0 -0.0003
vn -1 0 0.0006
vn -1 0 0.0011
vn -1 0 0.0006
vn -1 0 -0.0007
vn -1 0 0.0002
vn -1 0 -0.0006
vn -1 0 0.0006
vn -1 0 -0.0003
vn -1 0 0
vn -1 0 0.0002
vn -1 0 0.0001
vn -1 0 0
vn -1 0 -0.0001
vn -1 0 0
vn -1 0 0.0001
vn -1 0 -0.0001
vn -1 0 0.0001
vn -1 0 0
vn -1 0 -0.0003
vn -1 0 0.0001
vn -1 0 -0.0001
vn -1 0 0
vn -1 0 0.0001
vn -1 0 0
vn -1 0 0.0001
vn -1 0 0
vn -1 0 -0.0001
vn -1 0 -0.0001
vn -1 0 0
vn -1 0 0
vn -1 0 0
vn -1 0 -0.0001
vn -1 0 0
vn -1 0 -0.0001
vn -1 0 0.0001
vn -1 0 0
vn -1 0 0.0003
vn -1 0 0
vn -1 0 0
vn -1 0 0.0003
vn -1 0 0.0011
vn -1 0 0
vn -1 0 -0.0003
vn -1 0 0.0011
vn -1 0 0.0001
vn -1 0 -0.0009
vn -1 0 -0.0003
vn -1 0 0
vn -1 0 0
vn -1 0 0.0007
vn -1 0 -0.0003
vn -1 0 0
vn -1 0 -0.0003
vn -1 0 0
vn -1 0 0.0004
vn -1 0 -0.0001
vn -1 0 0
vn -1 0 -0.0004
vn -1 0 0
vn -1 0 0
vn -1 0 0.0003
vn -1 0 -0.0001
vn -1 0 0
vn -1 0 0
vn -1 0 -0.0003
vn -1 0 0.0003
vn -1 0 0
vn -1 0 0.0003
vn -1 0 0
vn -1 0 -0.0003
vn -1 0 0
vn -1 0 0.0002
vn -1 0 0
vn -1 0 0.0002
vn -1 0 -0.0001
vn -1 0 -0.0001
vn -1 0 0
vn -1 0 0
vn -1 0 0
vn -1 0 0
vn -1 0 0
vn -1 0 -0.0001
vn -1 0 0.0002
vn -1 0 -0.0003
vn -1 0 0
vn -1 0 0
vn -1 0 -0.0003
vn -1 0 -0.0003
vn -1 0 0.0003
vn -1 0 0
vn -1 0 -0.0003
vn -1 0 0
vn -1 0 -0.0001
vn -1 0 -0.0001
vn -1 0 0
vn -1 0 0.0003
vn -1 0 0
vn -1 0 -0.0004
vn -1 0 0.0003
vn -1 0 0
vn -1 0 -0.0004
vn -1 0 -0.0001
vn -1 0 0
vn -1 0 -0.0001
vn -1 0 0.0004
vn -1 0 0
vn -1 0 0.0004
vn -1 0 0
vn -1 0 -0.0003
vn -1 0 0.0007
vn -1 0 0
vn -1 0 0.0001
vn -1 0 0.0007
vn -1 0 0.0001
vn -1 0 -0.0009
vn -1 0 0.0011
vn -1 0 -0.0009
vn -1 0 -0.0003
vn -1 0 0
vn -1 0 0.0011
vn -1 0 0
vn -1 0 0.0011
vn -1 0 0
vn -1 0 0.0003
vn -1 0 0.0011
vn -1 0 0
vn -1 0 0.0001
vn -1 0 0
vn -1 0 0.0001
vn -1 0 0
vn -1 0 -0.0001
vn -1 0 0
vn -1 0 0
vn -1 0 -0.0001
vn -1 0 0.0001
vn -1 0 0
vn -1 0 0.0001
vn -1 0 -0.0001
vn -1 0 -0.0001
vn -1 0 0
vn -1 0 0
vn -1 0 0
vn -1 0 -0.0001
vn -1 0 0
vn -1 0 0
vn -1 0 0
vn -1 0 0
vn -1 0 0
vn -1 0 -0.0006
vn -1 0 0
vn -1 0 -0.0006
vn -1 0 0
vn -1 0 -0.0006
vn -1 0 0.0013
vn -1 0 -0.0006
vn -1 0 0.0013
vn -1 0 -0.0006
vn -1 0 -0.0013
vn -1 0 0.0013
vn -1 0 0.0003
vn -1 0 -0.0003
vn -1 0 0.0013
vn -1 0 -0.0014
vn -1 0 0.0003
vn -1 0 0
vn -1 0 -0.0001
vn -1 0 0
vn -1 0 -0.0001
vn -1 0 0
vn -1 0 0
vn -1 0 -0.0001
vn -1 0 0.0001
vn -1 0 0
vn -1 0 0
vn -1 0 -0.0003
vn -1 0 0.0001
vn -1 0 -0.0003
vn -1 0 0
vn -1 0 -0.0001
vn -1 0 0
vn -1 0 -0.0001
vn -1 0 -0.0001
vn -1 0 0
vn -1 0 0
vn -1 0 0.0001
vn -1 0 0
vn -1 0 -0.0003
vn -1 0 0
vn -1 0 -0.0006
vn -1 0 -0.0003
vn -1 0 0.0002
vn -1 0 -0.0007
vn -1 0 -0.0006
vn -1 0 0.0006
vn -1 0 -0.0007
vn -1 0 -0.0013
vn -1 0 0.0006
vn -1 0 0.0011
vn -1 0 -0.0013
vn -1 0 -0.0003
vn -1 0 0
vn -1 0 0.0011
vn -1 0 0
vn -1 0 0
vn -1 0 0.0007
vn -1 0 0.0013
vn -1 0 0.0007
vn -1 0 -0.0003
vn -1 0 0.0013
vn -1 0 -0.0014
vn -1 0 0.0003
vn -1 0 -0.0013
vn -1 0 -0.0014
vn -1 0 -0.0013
vn -1 0 0.0013
vn -1 0 -0.0006
vn -1 0 0.0013
vn -1 0 -0.0006
vn -1 0 0.0013
vn -1 0 0.0013
vn -1 0 0
vn -1 0 -0.0006
vn -1 0 -0.0006
vn -1 0 0
vn -1 0 0.0001
vn -1 0 0
vn -1 0 -0.0001
vn -1 0 -0.0005
vn -1 0 0.0002
vn -1 0 0.0003
vn -1 0 -0.0005
vn -1 0 0
vn -1 0 0.0003
vn -1 0 -0.0006
vn -1 0 0.0003
vn -1 0 0
vn -1 0 0.0003
vn -1 0 -0.0008
vn -1 0 0
vn -1 0 -0.0004
vn -1 0 -0.0002
vn -1 0 0.0004
vn -1 0 0
vn -1 0 -0.0002
vn -1 0 -0.0001
vn -1 0 0
vn -1 0 0
vn -1 0 0
vn -1 0 -0.0001
vn -1 0 0
vn -1 0 -0.0001
vn -1 0 0
vn -1 0 -0.0002
vn -1 0 0
vn -1 0 0.0003
vn -1 0 0
vn -1 0 0.0003
vn -1 0 0
vn -1 0 -0.0004
vn -1 0 -0.0004
vn -1 0 0.0003
vn -1 0 0.0003
vn -1 0 0
vn -1 0 -0.0008
vn -1 0 0
vn -1 0 -0.0008
vn -1 0 0.0004
vn -1 0 0
vn -1 0 0.0004
vn -1 0 0.0003
vn -1 0 0
vn -1 0 -0.0006
vn -1 0 0.0002
vn -1 0 0.0003
vn -1 0 -0.0006
vn -1 0 -0.0005
vn -1 0 0.0002
vn -1 0 0
vn -1 0 0.001
vn -1 0 -0.0003
vn -1 0 0
vn -1 0 0.001
vn -1 0 -0.0009
vn -1 0 0.0005
vn -1 0 -0.0003
vn -1 0 0
vn -1 0 -0.0016
vn -1 0 0.0005
vn -1 0 0
vn -1 0 0
vn -0.6111 -0.3883 -0.6898
vn -1 0 -0.0016
vn -1 0 0
vn -0.6941 -0.6369 -0.3357
vn -1 0 -0.0009
vn -1 0 0.0005
vn -0.6929 -0.674 -0.2561
vn -1 0 -0.0021
vn -1 0 -0.0016
vn -1 0 -0.0021
vn -1 0 -0.0009
vn -1 0 0
vn -1 0 -0.0021
vn -1 0 0
vn -1 0 0
vn -1 0 -0.0003
vn -1 0 0
vn -1 0 0.001
vn -1 0 0
vn -1 0 0
vn -1 0 -0.0001
vn -1 0 0
vn -1 0 0
vn -1 0 0
vn -1 0 0
vn -1 0 -0.0001
vn -1 0 0
vn -1 0 0
vn -1 0 -0.0001
vn -1 0 0.0004
vn -1 0 0
vn -1 0 -0.0001
vn -1 0 0
vn -1 0 0.0006
vn -1 0 -0.0007
vn -1 0 0
vn -1 0 -0.0008
vn -1 0 0.0006
vn -1 0 0.0004
vn -1 0 0
vn -1 0 -0.0009
vn -1 0 0
vn -1 0 -0.0009
vn -1 0 0.0004
vn -1 0 0
vn -1 0 0
vn -1 0 0.0006
vn -1 0 -0.0001
vn -1 0 0.0006
vn -1 0 -0.0001
vn -1 0 0
vn -1 0 -0.0001
vn -1 0 0.0006
vn -1 0 0
vn -1 0 0.0004
vn -1 0 -0.0009
vn -1 0 0.0004
vn -1 0 0
vn -1 0 0.0004
vn -1 0 0
vn -1 0 -0.0008
vn -1 0 0
vn -1 0 0.0006
vn -1 0 -0.0008
vn -1 0 0
vn -1 0 -0.0007
vn -1 0 0
vn -1 0 -0.0007
vn -1 0 0
vn -1 0 0
vn -1 0 0.0004
vn -1 0 0
vn -1 0 -0.0001
vn -1 0 0.0004
vn -1 0 0
vn -1 0 0
vn -1 0 -0.0001
vn -1 0 0
vn -1 0 -0.0001
vn -1 0 0
vn -1 0 0
vn -1 0 -0.0001
vn -1 0 0
vn -1 0 -0.0001
vn -1 0 0
vn -1 0 0
vn -1 0 0
vn -1 0 0
vn -1 0 0
vn -1 0 0
vn -1 0 0
vn -1 0 0
vn -1 0 0
vn -1 0 0
vn -1 0 0
vn -1 0 0
vn -1 0 0
vn -1 0 0
vn -1 0 0.0001
vn -1 0 0
vn -1 0 -0.0021
vn -1 0 0
vn -1 0 0
vn -1 0 -0.0021
vn -1 0 0
vn -1 0 0.0047
vn -1 0 0.0047
vn -1 0 0
vn -1 0 -0.0036
vn -1 0 0.0047
vn -1 0 -0.0021
vn -0.6981 0.5956 0.3975
vn -0.6906 0.5527 0.4664
vn -1 0 0
vn -1 0 -0.0036
vn -0.6911 0.4856 0.5353
vn -1 0 0
vn -1 0 -0.0036
vn -1 0 0
vn -1 0 0
vn -1 0 0
vn -0.6909 0.1579 0.7055
vn -0.6896 0.0594 0.7217
vn -1 0 0.0001
vn -0.6968 -0.0197 0.717
vn -1 0 -0.0013
vn -1 0 0
vn -0.6908 -0.1066 0.7152
vn -0.6909 -0.2123 0.691
vn -1 0 0
vn -1 0 -0.0013
vn -0.6934 -0.3039 0.6534
vn -0.6983 -0.3663 0.615
vn -1 0 0
vn -0.6901 -0.4357 0.5778
vn -1 0 0
vn -0.6914 -0.5142 0.5076
vn -1 0 0
vn -1 0 0
vn -0.9999 0 -0.012
vn -1 0 -0.0013
vn -0.9999 0 -0.012
vn -0.9999 0 -0.012
vn -1 0 0
vn -1 0 0
vn -1 0 0.0004
vn -1 0 0
vn -1 0 0.0004
vn -1 0 -0.0034
vn -1 0 -0.0034
vn -1 0 0
vn -1 0 -0.0034
vn -1 0 0.0004
vn -1 0 0
vn -0.6961 -0.6311 -0.3423
vn -1 0 0
vn -0.6978 -0.5958 -0.3975
vn -1 0 0
vn -0.6987 -0.5616 -0.4433
vn -1 0 -0.0013
vn -1 0 0.0067
vn -1 0 0
vn -1 0 0.0067
vn -0.693 -0.4376 -0.5729
vn -0.6936 -0.3635 -0.622
vn -1 0 -0.0013
vn -0.6934 -0.3033 -0.6536
vn -1 0 0
vn -1 0 0.0081
vn -1 0 0.0067
vn -1 0 0.0081
vn -1 0 -0.0013
vn -1 0 0
vn -1 0 0.0081
vn -0.9999 0 0.0134
vn -0.9999 0 0.0134
vn -1 0 0.0001
vn -1 0 0
vn -0.693 0.0597 -0.7185
vn -0.9999 0 0.0134
vn -1 0 -0.0007
vn -0.6883 0.1569 -0.7083
vn -0.6891 0.2648 -0.6745
vn -1 0 0
vn -1 0 0
vn -1 0 0
vn -1 0 0
vn -1 0 0
vn -0.6929 0.554 -0.4616
vn -0.6978 0.5958 -0.3975
vn -1 0 0
vn -1 0 -0.0007
vn -0.6924 0.6396 -0.3338
vn -1 0 0
vn -1 0 0
vn -1 0 -0.0007
vn -1 0 0
vn -1 0 -0.0003
vn -1 0 0
vn -1 0 0
vn -1 0 -0.0003
vn -1 0 0
vn -1 0 0.0009
vn -1 0 -0.0003
vn -1 0 0.0009
vn -1 0 0
vn -1 0 0
vn -1 0 0.0001
vn -1 0 0.0001
vn -1 0 -0.0002
vn -1 0 0.0001
vn -1 0 0.0004
vn -1 0 -0.0002
vn -1 0 0.0004
vn -1 0 -0.0008
vn -1 0 -0.0008
vn -1 0 0
vn -1 0 0
vn -1 0 -0.0001
vn -1 0 0.0001
vn -1 0 -0.0001
vn -1 0 0
vn -1 0 0.0001
vn -1 0 0
vn -1 0 0
vn -1 0 -0.0001
vn -1 0 0.0001
vn -1 0 0
vn -1 0 0
vn -1 0 -0.0008
vn -1 0 0
vn -1 0 0.0004
vn -1 0 -0.0002
vn -1 0 0.0001
vn -1 0 0
vn -1 0 0.0009
vn -1 0 -0.0003
vn -1 0 0
vn -1 0 0
vn -1 0 0
vn -1 0 0
vn -1 0 -0.0003
vn -1 0 0
vn -1 0 0
vn -1 0 0.0005
vn -1 0 -0.0005
vn -1 0 0
vn -1 0 0.0003
vn -1 0 0.0005
vn -1 0 -0.0003
vn -1 0 0
vn -1 0 0.0003
vn -1 0 0
vn -1 0 0.0005
vn -1 0 0
vn -1 0 0.0005
vn -1 0 0
vn -1 0 -0.0005
vn -1 0 0
vn -1 0 0
vn -1 0 0
vn -1 0 0
vn -1 0 0.0002
vn -1 0 0
vn -1 0 -0.0002
vn -1 0 0.0002
vn -1 0 -0.0002
vn -1 0 0
vn -1 0 0
vn -1 0 0
vn -1 0 -0.0001
vn -1 0 0
vn -1 0 -0.0001
vn -1 0 0
vn -1 0 0
vn -1 0 -0.0001
vn -1 0 -0.0001
vn -1 0 0
vn -1 0 0
vn -1 0 0
vn -1 0 -0.0002
vn -1 0 0
vn -1 0 -0.0002
vn -1 0 0.0002
vn -1 0 0
vn -1 0 -0.0002
vn -1 0 0
vn -1 0 0
vn -1 0 0
vn -1 0 0
vn -1 0 -0.0005
vn -1 0 -0.0005
vn -1 0 0
vn -1 0 0.0005
vn -1 0 0
vn -1 0 0
vn -1 0 0.0003
vn -1 0 -0.0003
vn -1 0 -0.0003
vn -1 0 0
vn -1 0 0.0005
vn -1 0 0
vn -1 0 0.0002
vn -1 0 0
vn -1 0 -0.0005
vn -1 0 0
vn -1 0 0
vn -1 0 0
vn -1 0 0
vn -1 0 0
vn -1 0 0.0002
vn -1 0 0.0002
vn -1 0 0
vn -1 0 -0.0002
vn -1 0 0
vn -1 0 0
vn -1 0 -0.0002
vn -1 0 0.0002
vn -1 0 0
vn -1 0 0
vn -1 0 -0.0001
vn -1 0 0.0001
vn -1 0 -0.0001
vn -1 0 -0.0001
vn -1 0 0
vn -1 0 0
vn -1 0 0
vn -1 0 0
vn -1 0 0
vn -1 0 0
vn -1 0 0.0001
vn -1 0 0
vn -1 0 -0.0001
vn -1 0 0.0001
vn -1 0 -0.0001
vn -1 0 0
vn -1 0 0.0002
vn -1 0 -0.0002
vn -1 0 0
vn -1 0 0.0002
vn -1 0 -0.0002
vn -1 0 0
vn -1 0 0
vn -1 0 -0.0002
vn -1 0 0.0002
vn -1 0 0
vn -1 0 -0.0002
vn -1 0 0
vn -1 0 0
vn -1 0 0
vn -1 0 0
vn -1 0 0.0002
vn -1 0 0
vn -1 0 0.0002
vn -1 0 -0.0005
vn -1 0 0
vn -1 0 0
vn -1 0 0
vn -1 0 -0.0005
vn -1 0 0
vn -1 0 0
vn -1 0 0.0001
vn -1 0 0
vn -1 0 0.0011
vn -1 0 0
vn -1 0 0.0011
vn -1 0 0
vn -1 0 0
vn -1 0 0
vn -1 0 0
vn -1 0 -0.0003
vn -1 0 0
vn -1 0 -0.0003
vn -1 0 0
vn -1 0 -0.0001
vn -1 0 0
vn -1 0 0
vn -1 0 -0.0001
vn -1 0 0
vn -1 0 -0.0001
vn -1 0 0
vn -1 0 -0.0001
vn -1 0 0
vn -1 0 -0.0001
vn -1 0 0
vn -1 0 -0.0001
vn -1 0 0
vn -1 0 -0.0001
vn -1 0 0
vn -1 0 -0.0001
vn -1 0 -0.0003
vn -1 0 0
vn -1 0 0
vn -1 0 0
vn -1 0 0
vn -1 0 0.0011
vn -1 0 0
vn -1 0 0.0011
vn -1 0 0.0011
vn -1 0 0
vn -1 0 0.0001
vn -1 0 0
vn -1 0 0.0011
vn -1 0 -0.0005
vn -1 0 0.0001
vn -1 0 0
vn -1 0 -0.0005
vn -1 0 0
vn -1 0 0
vn -1 0 0
vn -1 0 -0.0003
vt 0.94968500 0.97451300
vt 0.98879000 0.96768800
vt 0.87427900 0.99380200
vt 0.88727300 0.99184100
vt 0.94471100 0.97581400
vt 0.02798000 0.96976100
vt 0.02798000 0.96976100
vt 0.05030500 0.97454000
vt 1.00000000 0.96726500
vt 0.00000000 0.96726500
vt 0.06863200 0.97960100
vt 0.11232000 0.99175100
vt 0.12571800 0.99379100
vt 0.16480600 0.98903400
vt 0.16480600 0.98903400
vt 0.82680800 0.98521400
vt 0.78774800 0.94952800
vt 0.17319000 0.98520800
vt 0.21224900 0.94946000
vt 0.75314000 0.88563300
vt 0.75314000 0.88563300
vt 0.72011600 0.79577000
vt 0.24686000 0.88563100
vt 0.24874200 0.88111300
vt 0.27988600 0.79580500
vt 0.69546300 0.71734400
vt 0.68393600 0.67815400
vt 0.64422000 0.53701800
vt 0.31606500 0.67817400
vt 0.33612600 0.60715400
vt 0.35580100 0.53701800
vt 0.59264400 0.36808200
vt 0.63553000 0.50660600
vt 0.58833200 0.35567400
vt 0.54648900 0.26006600
vt 0.50670800 0.22190100
vt 0.46601100 0.24208500
vt 0.40735700 0.36808800
vt 0.41679700 0.34138100
vt 0.98535800 0.96797800
vt 0.97071700 0.96995600
vt 0.95473400 0.97326800
vt 0.93875100 0.97745600
vt 0.92205300 0.98238700
vt 0.92205300 0.98238700
vt 0.90535400 0.98738900
vt 0.88826300 0.99164200
vt 0.02811600 0.96978400
vt 0.02811600 0.96978400
vt 0.05633700 0.97612200
vt 0.11113100 0.99150800
vt 0.08390900 0.98420600
vt 0.16471400 0.98906900
vt 0.16471400 0.98906900
vt 0.13825300 0.99426800
vt 0.87117300 0.99406300
vt 0.85473500 0.99379800
vt 0.83829800 0.99016400
vt 0.82305500 0.98312700
vt 0.80781300 0.97194000
vt 0.79367000 0.95714100
vt 0.19062200 0.97325300
vt 0.77952700 0.93745000
vt 0.75372900 0.88702000
vt 0.75372900 0.88702000
vt 0.72911700 0.82219300
vt 0.24132600 0.89824900
vt 0.21629800 0.94374100
vt 0.26611600 0.83565900
vt 0.70374500 0.74458000
vt 0.67794700 0.65728000
vt 0.65195400 0.56444500
vt 0.30786100 0.70622100
vt 0.29313200 0.75467900
vt 0.35427400 0.54240800
vt 0.33843200 0.59888000
vt 0.32259000 0.65540500
vt 0.63362100 0.50000000
vt 0.62510100 0.47089900
vt 0.59772500 0.38313800
vt 0.57025100 0.30820600
vt 0.54209300 0.25313700
vt 0.52793500 0.23532500
vt 0.51374300 0.22455100
vt 0.48546100 0.22495900
vt 0.48546100 0.22495900
vt 0.47012600 0.23734600
vt 0.40510900 0.37469400
vt 0.38818900 0.42707600
vt 0.37123100 0.48341700
vt 0.36640200 0.50000000
vt 0.45479100 0.25798500
vt 0.43841000 0.28865900
vt 0.42202900 0.32743100
vt 0.00000000 0.00000000
vt 0.00000000 1.00000000
vt 0.00000000 0.50000000
vt 1.00000000 0.00000000
vt 0.82415000 0.00000000
vt 0.65351700 0.00000000
vt 0.48687500 0.00000000
vt 0.32310100 0.00000000
vt 0.16114400 0.00000000
vt 1.00000000 1.00000000
vt 1.00000000 0.50000000
vt 0.16114400 1.00000000
vt 0.32310100 1.00000000
vt 0.48687500 1.00000000
vt 0.65351700 1.00000000
vt 0.82415000 1.00000000
vt 0.16114400 0.50000000
vt 0.32310100 0.50000000
vt 0.48687500 0.50000000
vt 0.65351700 0.50000000
vt 0.82415000 0.50000000
vt 0.00000000 0.50000000
vt 0.00445000 0.42228700
vt 0.01897000 0.34575000
vt 0.04513200 0.27217900
vt 0.06292500 0.23710100
vt 0.08363000 0.20392600
vt 0.10723600 0.17266400
vt 0.13374600 0.14331400
vt 0.19357100 0.09199100
vt 0.22652300 0.07042100
vt 0.26133400 0.05172800
vt 0.33472100 0.02348400
vt 0.41123300 0.00679600
vt 0.48891300 0.00025200
vt 0.48891300 0.00025200
vt 0.56638800 0.00235000
vt 0.64271500 0.01375900
vt 0.71625600 0.03612000
vt 0.78487200 0.07040800
vt 0.81654900 0.09196000
vt 0.84631000 0.11639200
vt 0.89908900 0.17235500
vt 0.92160900 0.20373700
vt 0.94117400 0.23711700
vt 0.97138000 0.30846400
vt 0.99024300 0.38379200
vt 0.99897800 0.46108500
vt 0.99897800 0.53891500
vt 0.99024300 0.61620800
vt 0.97138000 0.69153600
vt 0.94117400 0.76288300
vt 0.92160900 0.79626300
vt 0.89908900 0.82764500
vt 0.84631000 0.88360800
vt 0.81654900 0.90804000
vt 0.78487200 0.92959200
vt 0.71625600 0.96388000
vt 0.64271500 0.98624100
vt 0.56638800 0.99765000
vt 0.48891300 0.99974800
vt 0.48891300 0.99974800
vt 0.41123300 0.99320400
vt 0.33472100 0.97651600
vt 0.26133400 0.94827200
vt 0.22652300 0.92957900
vt 0.19357100 0.90800900
vt 0.13374600 0.85668600
vt 0.10723600 0.82733600
vt 0.08363000 0.79607400
vt 0.06292500 0.76289900
vt 0.04513200 0.72782100
vt 0.01897000 0.65425000
vt 0.00445000 0.57771300
vt 0.03054500 0.30839200
vt 0.16260900 0.11633900
vt 0.50206100 0.00002600
vt 0.50206100 0.00002600
vt 0.75127800 0.05173000
vt 0.87377600 0.14325100
vt 0.95774200 0.27212200
vt 1.00000000 0.50000000
vt 0.95774200 0.72787800
vt 0.87377600 0.85674900
vt 0.75127800 0.94827000
vt 0.50206100 0.99997400
vt 0.50206100 0.99997400
vt 0.16260900 0.88366100
vt 0.03054500 0.69160800
vt 0.50206100 0.50000000
vt 0.50206100 0.50000000
vt 0.50206100 0.50000000
vt 0.46746300 0.99973100
vt 0.52642900 0.99686500
vt 0.48618100 0.99979300
vt 0.65162700 0.03093500
vt 0.65162700 0.03093500
vt 0.70238600 0.05196200
vt 0.77024500 0.09055000
vt 0.83334100 0.14027100
vt 0.86217200 0.16913300
vt 0.88885400 0.20056500
vt 0.93441200 0.26959600
vt 0.96835900 0.34507500
vt 0.98979200 0.42472400
vt 0.99924700 0.50641400
vt 0.99739100 0.58855600
vt 0.98186200 0.66940700
vt 0.95272200 0.74679500
vt 0.93322500 0.78360700
vt 0.91080000 0.81826200
vt 0.88524200 0.85088000
vt 0.85725200 0.88086200
vt 0.82680400 0.90790000
vt 0.82680400 0.90790000
vt 0.79419600 0.93157800
vt 0.76014900 0.95138800
vt 0.72441200 0.96748500
vt 0.68855700 0.97926900
vt 0.39821400 0.99604900
vt 0.33060900 0.98410500
vt 0.26537000 0.96252900
vt 0.20367600 0.93013800
vt 0.14700400 0.88648900
vt 0.12107700 0.86023500
vt 0.09741700 0.83145500
vt 0.07599000 0.80007300
vt 0.05687700 0.76615600
vt 0.04050700 0.73042900
vt 0.02691500 0.69272100
vt 0.00841000 0.61378200
vt 0.00052100 0.53220700
vt 0.00219600 0.45007100
vt 0.01449300 0.36933300
vt 0.02488600 0.33022100
vt 0.03809900 0.29247200
vt 0.07247000 0.22199000
vt 0.11597700 0.15963300
vt 0.16731600 0.10703100
vt 0.22473800 0.06476100
vt 0.28680900 0.03308200
vt 0.35242500 0.01237500
vt 0.42048400 0.00190400
vt 0.49015100 0.00042800
vt 0.49015100 0.00042800
vt 0.56091500 0.00755100
vt 0.63205400 0.02441800
vt 0.65275300 0.03133600
vt 0.65275300 0.03133600
vt 0.82357400 0.13148500
vt 0.91288500 0.23399900
vt 0.95285600 0.30650100
vt 0.98454400 0.40000000
vt 0.99991200 0.54753600
vt 0.99605800 0.60000000
vt 0.96888100 0.70884400
vt 0.32262400 0.98204800
vt 0.16093000 0.89876100
vt 0.01626000 0.65375100
vt 0.00635300 0.60000000
vt 0.00845400 0.40000000
vt 0.05406400 0.25632400
vt 0.08614800 0.20000000
vt 0.16093000 0.11267900
vt 0.32262400 0.02034100
vt 0.48618100 0.00029400
vt 0.48618100 0.00029400
vt 0.07594600 0.80000000
vt 0.88841000 0.20000000
vt 0.92316500 0.80000000
vt 0.82357400 0.91047200
vt 0.82357400 0.91047200
vt 0.65275300 0.98690800
vt 0.68739300 0.74500800
vt 0.72083800 0.72013300
vt 0.73614900 0.70522900
vt 0.74987100 0.68902200
vt 0.76195500 0.67142100
vt 0.77217200 0.65197700
vt 0.77991200 0.63207600
vt 0.78594200 0.61046700
vt 0.79252800 0.56703100
vt 0.79361600 0.52305400
vt 0.78941500 0.47928700
vt 0.77894500 0.43671100
vt 0.77110900 0.41617700
vt 0.76165900 0.39669400
vt 0.75057000 0.37817200
vt 0.73790400 0.36070800
vt 0.72405800 0.34469600
vt 0.70880500 0.32982300
vt 0.67556200 0.30489400
vt 0.63965200 0.28594000
vt 0.60231700 0.27233200
vt 0.56441000 0.26326400
vt 0.52642900 0.25795800
vt 0.65275300 0.76351000
vt 0.78813600 0.60000000
vt 0.78500600 0.45773100
vt 0.65275300 0.29208500
vt 0.76341400 0.40000000
vt 0.52642900 0.80000000
vt 0.52642900 0.60000000
vt 0.52642900 0.40000000
vt 0.37106500 0.26311700
vt 0.33816700 0.27046700
vt 0.30613600 0.28144700
vt 0.27545300 0.29665800
vt 0.24679200 0.31664800
vt 0.22103700 0.34174000
vt 0.20940300 0.35635000
vt 0.19913600 0.37176700
vt 0.18994200 0.38858300
vt 0.18220700 0.40626000
vt 0.17594200 0.42477300
vt 0.17113200 0.44416000
vt 0.16597100 0.48393500
vt 0.16597100 0.48393500
vt 0.16597100 0.48393500
vt 0.16597000 0.52423200
vt 0.16597000 0.52423200
vt 0.17065200 0.56410900
vt 0.17065200 0.56410900
vt 0.17508700 0.58378900
vt 0.18087100 0.60237200
vt 0.18827200 0.62044000
vt 0.19711400 0.63734700
vt 0.20731400 0.65297000
vt 0.21894300 0.66742500
vt 0.23146000 0.68010800
vt 0.24521600 0.69167600
vt 0.27445400 0.71035800
vt 0.30561100 0.72405400
vt 0.33797300 0.73351800
vt 0.37106500 0.73948000
vt 0.32262400 0.27526000
vt 0.16784500 0.46390500
vt 0.32262400 0.72954200
vt 0.18473800 0.40000000
vt 0.18003700 0.60000000
vt 0.37106500 0.40000000
vt 0.37106500 0.60000000
vt 0.16093000 0.20000000
vt 0.32262400 0.20000000
vt 0.48618100 0.20000000
vt 0.48618100 0.20000000
vt 0.65275300 0.20000000
vt 0.65275300 0.20000000
vt 0.82357400 0.20000000
vt 0.16093000 0.40000000
vt 0.16093000 0.40000000
vt 0.48618100 0.40000000
vt 0.82357400 0.40000000
vt 0.16093000 0.60000000
vt 0.16093000 0.60000000
vt 0.16093000 0.60000000
vt 0.16093000 0.60000000
vt 0.48618100 0.60000000
vt 0.82357400 0.60000000
vt 0.16093000 0.80000000
vt 0.32262400 0.80000000
vt 0.48618100 0.80000000
vt 0.65275300 0.80000000
vt 0.82357400 0.80000000
vt 0.82357400 0.80000000
vt 0.46746300 0.99941600
vt 0.52642900 0.99712400
vt 0.48618100 0.99985800
vt 0.65162700 0.03092500
vt 0.65162700 0.03092500
vt 0.70238600 0.05194600
vt 0.77024500 0.09052100
vt 0.83334100 0.14022600
vt 0.86217200 0.16908000
vt 0.88885400 0.20050200
vt 0.93441200 0.26951100
vt 0.96835900 0.34496600
vt 0.98979200 0.42459000
vt 0.99924700 0.50625400
vt 0.99739100 0.58837100
vt 0.98186200 0.66919600
vt 0.95272200 0.74655900
vt 0.93322500 0.78336000
vt 0.91080000 0.81800400
vt 0.88524200 0.85061100
vt 0.85725200 0.88058400
vt 0.82680400 0.90761400
vt 0.82680400 0.90761400
vt 0.79419600 0.93128400
vt 0.76014900 0.95108800
vt 0.72441200 0.96718000
vt 0.68855700 0.97896000
vt 0.39821400 0.99573500
vt 0.33060900 0.98379500
vt 0.26537000 0.96222500
vt 0.20367600 0.92984400
vt 0.14700400 0.88620900
vt 0.12107700 0.85996400
vt 0.09741700 0.83119300
vt 0.07599000 0.79982100
vt 0.05687700 0.76591500
vt 0.04050700 0.73019800
vt 0.02691500 0.69250300
vt 0.00841000 0.61358800
vt 0.00052100 0.53203900
vt 0.00219600 0.44992900
vt 0.01449300 0.36921600
vt 0.02488600 0.33011700
vt 0.03809900 0.29238000
vt 0.07247000 0.22192000
vt 0.11597700 0.15958300
vt 0.16731600 0.10699700
vt 0.22473800 0.06474000
vt 0.28680900 0.03307100
vt 0.35242500 0.01237200
vt 0.42048400 0.00190300
vt 0.49015100 0.00042800
vt 0.49015100 0.00042800
vt 0.56091500 0.00754900
vt 0.63205400 0.02441000
vt 0.65275300 0.03132600
vt 0.65275300 0.03132600
vt 0.82357400 0.13144300
vt 0.91288500 0.23392500
vt 0.95285600 0.30640500
vt 0.98457400 0.40000000
vt 0.99991200 0.54736300
vt 0.99603300 0.60000000
vt 0.96888100 0.70862100
vt 0.32262400 0.98173800
vt 0.16093000 0.89847700
vt 0.07610200 0.80000000
vt 0.01626000 0.65354500
vt 0.00637900 0.60000000
vt 0.00843200 0.40000000
vt 0.05406400 0.25624300
vt 0.08610600 0.20000000
vt 0.16093000 0.11264400
vt 0.32262400 0.02033400
vt 0.48618100 0.00029400
vt 0.48618100 0.00029400
vt 0.88845900 0.20000000
vt 0.92300300 0.80000000
vt 0.82357400 0.91018500
vt 0.82357400 0.91018500
vt 0.65275300 0.98659700
vt 0.68739300 0.74477300
vt 0.72083800 0.71990600
vt 0.73614900 0.70500700
vt 0.74987100 0.68880400
vt 0.76195500 0.67120900
vt 0.77217200 0.65177200
vt 0.77991200 0.63187700
vt 0.78594200 0.61027400
vt 0.79252800 0.56685300
vt 0.79361600 0.52288900
vt 0.78941500 0.47913600
vt 0.77894500 0.43657300
vt 0.77110900 0.41604600
vt 0.76165900 0.39656900
vt 0.75057000 0.37805300
vt 0.73790400 0.36059400
vt 0.72405800 0.34458800
vt 0.70880500 0.32971900
vt 0.67556200 0.30479800
vt 0.63965200 0.28585000
vt 0.60231700 0.27224600
vt 0.56441000 0.26318100
vt 0.52642900 0.25787700
vt 0.65275300 0.76326900
vt 0.78810000 0.60000000
vt 0.78500600 0.45758600
vt 0.65275300 0.29199300
vt 0.76347900 0.40000000
vt 0.52642900 0.80000000
vt 0.52642900 0.60000000
vt 0.52642900 0.40000000
vt 0.37106500 0.26360700
vt 0.33815600 0.27090800
vt 0.30610000 0.28180000
vt 0.27539300 0.29694300
vt 0.24673600 0.31693900
vt 0.22105800 0.34214400
vt 0.20942800 0.35677600
vt 0.19916400 0.37217700
vt 0.18996500 0.38898700
vt 0.18222500 0.40665800
vt 0.17595600 0.42516400
vt 0.17114200 0.44454600
vt 0.16788600 0.46401700
vt 0.16597400 0.48431100
vt 0.16597400 0.48431100
vt 0.16597400 0.48431100
vt 0.16596700 0.52460000
vt 0.16596700 0.52460000
vt 0.17064600 0.56447000
vt 0.17064600 0.56447000
vt 0.17507800 0.58414700
vt 0.18086100 0.60272700
vt 0.18826100 0.62079300
vt 0.19710100 0.63769700
vt 0.20730100 0.65331900
vt 0.21893000 0.66777300
vt 0.23144700 0.68045500
vt 0.24520300 0.69202200
vt 0.27444400 0.71070200
vt 0.30560400 0.72439600
vt 0.33796900 0.73385900
vt 0.37106500 0.73982000
vt 0.32262400 0.27565200
vt 0.23346300 0.32888300
vt 0.32262400 0.72988500
vt 0.18492700 0.40000000
vt 0.17990400 0.60000000
vt 0.37106500 0.40000000
vt 0.37106500 0.60000000
vt 0.16093000 0.20000000
vt 0.32262400 0.20000000
vt 0.48618100 0.20000000
vt 0.48618100 0.20000000
vt 0.65275300 0.20000000
vt 0.65275300 0.20000000
vt 0.82357400 0.20000000
vt 0.16093000 0.40000000
vt 0.16093000 0.40000000
vt 0.48618100 0.40000000
vt 0.82357400 0.40000000
vt 0.16093000 0.60000000
vt 0.16093000 0.60000000
vt 0.16093000 0.60000000
vt 0.16093000 0.60000000
vt 0.48618100 0.60000000
vt 0.82357400 0.60000000
vt 0.16093000 0.80000000
vt 0.32262400 0.80000000
vt 0.48618100 0.80000000
vt 0.65275300 0.80000000
vt 0.82357400 0.80000000
vt 0.82357400 0.80000000
vt 0.01060200 1.00000000
vt 0.01060200 1.00000000
vt 0.01060200 1.00000000
vt 0.00861500 0.99311700
vt 0.00052500 0.91865300
vt 0.00099000 0.83420200
vt 0.00751100 0.75072000
vt 0.02053700 0.67033300
vt 0.04008000 0.59539700
vt 0.06524400 0.52750900
vt 0.09520300 0.46796800
vt 0.12898400 0.41730100
vt 0.16557500 0.37524000
vt 0.16557500 0.37524000
vt 0.00392000 0.96676200
vt 0.00392000 0.96676200
vt 0.00182200 0.94454200
vt 0.00684000 0.98527600
vt 0.00684000 0.98527600
vt 0.02131300 0.66666700
vt 0.16123100 0.37969400
vt 0.02071400 0.37524000
vt 0.16123100 0.37524000
vt 0.16123100 0.37524000
vt 0.02071400 0.00000000
vt 0.02071400 0.33333300
vt 1.00000000 0.00000000
vt 0.82408600 0.00000000
vt 0.65347800 0.00000000
vt 0.48689900 0.00000000
vt 0.32318100 0.00000000
vt 0.16123100 0.00000000
vt 1.00000000 0.42802300
vt 1.00000000 0.33333300
vt 0.43730500 0.42802300
vt 0.48689900 0.42802300
vt 0.65347800 0.42802300
vt 0.82408600 0.42802300
vt 0.39675100 0.43183500
vt 0.35701400 0.44475600
vt 0.31894000 0.46893000
vt 0.31894000 0.46893000
vt 0.30072400 0.48603700
vt 0.28386800 0.50610400
vt 0.26795300 0.52981700
vt 0.25346400 0.55664200
vt 0.24027600 0.58641600
vt 0.22879800 0.61825600
vt 0.21897400 0.65231900
vt 0.21085200 0.68848500
vt 0.20463100 0.72539400
vt 0.19999300 0.76430100
vt 0.19555600 0.84269900
vt 0.19634300 0.92162800
vt 0.20106500 1.00000000
vt 0.32318100 0.46552800
vt 0.32318100 0.46552800
vt 0.21549000 0.66666700
vt 0.16123100 1.00000000
vt 0.16123100 0.33333300
vt 0.16123100 0.33333300
vt 0.32318100 0.33333300
vt 0.32318100 0.33333300
vt 0.48689900 0.33333300
vt 0.65347800 0.33333300
vt 0.82408600 0.33333300
vt 0.16123100 0.66666700
vt 0.31679000 1.00000000
vt 0.31679000 0.62356100
vt 0.31679000 0.66666700
vt 0.17802300 1.00000000
vt 0.27775700 1.00000000
vt 0.17802300 0.62356100
vt 0.17802300 0.66666700
vt 0.00000000 0.62356100
vt 0.13909600 0.62356100
vt 0.00000000 0.22852100
vt 0.00000000 0.33333300
vt 0.17802300 0.22852100
vt 0.13909600 0.22852100
vt 0.17802300 0.00000000
vt 0.31639800 0.00000000
vt 0.27775700 0.00000000
vt 0.31639800 0.22852100
vt 0.71659300 0.22852100
vt 0.70103600 0.22852100
vt 0.55771000 0.22852100
vt 0.41696300 0.22852100
vt 0.80490800 0.24909200
vt 0.80795600 0.25065000
vt 0.83096800 0.26465700
vt 0.91421300 0.35881900
vt 0.93197300 0.39165000
vt 0.94792500 0.42754700
vt 0.96183800 0.46623400
vt 0.97342700 0.50676700
vt 0.98296900 0.54997700
vt 0.99526900 0.63901200
vt 0.99987000 0.73022200
vt 0.99802200 0.82173400
vt 0.98970600 0.91218200
vt 0.97477900 1.00000000
vt 0.76210700 0.23363000
vt 0.89775900 0.33333300
vt 0.99015100 0.59389700
vt 0.99741400 0.66666700
vt 0.84805800 0.27786800
vt 0.80719000 1.00000000
vt 0.84805800 1.00000000
vt 0.81320300 0.95448300
vt 0.81685100 0.90802100
vt 0.81848600 0.86113900
vt 0.81826200 0.81414300
vt 0.81487600 0.76764500
vt 0.81147800 0.74444200
vt 0.80700800 0.72327300
vt 0.80095000 0.70257900
vt 0.79365100 0.68428800
vt 0.78502100 0.66825100
vt 0.77515400 0.65466400
vt 0.76484000 0.64419200
vt 0.75348300 0.63586100
vt 0.73056800 0.62628500
vt 0.70745200 0.62356100
vt 0.81704700 0.79073800
vt 0.78401600 0.66666700
vt 0.41696300 0.62356100
vt 0.55771000 0.62356100
vt 0.70103600 0.62356100
vt 0.13909600 0.33333300
vt 0.27775700 0.33333300
vt 0.41696300 0.33333300
vt 0.55771000 0.33333300
vt 0.70103600 0.33333300
vt 0.84805800 0.33333300
vt 0.27775700 0.66666700
vt 0.84805800 0.66666700
vt 0.33329400 1.00000000
vt 0.27760800 0.99668400
vt 0.22295400 0.98556100
vt 0.17046200 0.96474700
vt 0.14533500 0.95001500
vt 0.12200200 0.93269500
vt 0.09998200 0.91230200
vt 0.07984000 0.88932100
vt 0.06159100 0.86388200
vt 0.04569600 0.83637600
vt 0.03229600 0.80717000
vt 0.02119900 0.77595000
vt 0.01278800 0.74435600
vt 0.00648700 0.71093900
vt 0.00039600 0.64387400
vt 0.00118000 0.57638400
vt 0.00806000 0.50941800
vt 0.02209900 0.44414900
vt 0.04421800 0.38233300
vt 0.05844100 0.35331900
vt 0.07462300 0.32604600
vt 0.11253200 0.27708100
vt 0.15646900 0.23636400
vt 0.15646900 0.23636400
vt 0.32318100 0.99989900
vt 0.19634100 0.97648100
vt 0.16123100 0.95975300
vt 0.00024900 0.60000000
vt 0.03685800 0.40000000
vt 0.09271800 0.30056900
vt 0.02947500 0.80000000
vt 0.02071400 0.23577700
vt 0.02071400 0.00000000
vt 0.02071400 0.20000000
vt 0.99874900 0.00000000
vt 0.82408600 0.00000000
vt 0.65347800 0.00000000
vt 0.48689900 0.00000000
vt 0.32318100 0.00000000
vt 0.16123100 0.00000000
vt 0.99874900 0.26158400
vt 0.99874900 0.20000000
vt 0.42591900 0.26158400
vt 0.48689900 0.26158400
vt 0.65347800 0.26158400
vt 0.82408600 0.26158400
vt 0.39201800 0.26315100
vt 0.35857100 0.26831300
vt 0.32597500 0.27774400
vt 0.32597500 0.27774400
vt 0.29479200 0.29208400
vt 0.26578900 0.31178100
vt 0.23983500 0.33687300
vt 0.22820800 0.35142600
vt 0.21784800 0.36700700
vt 0.20867300 0.38375400
vt 0.20076800 0.40154200
vt 0.18900900 0.43924200
vt 0.18231100 0.47876700
vt 0.17998100 0.51904400
vt 0.18137600 0.55938500
vt 0.18704100 0.59914400
vt 0.19197500 0.61886900
vt 0.19820400 0.63710200
vt 0.20633000 0.65496100
vt 0.21599100 0.67106900
vt 0.22737900 0.68560100
vt 0.24026500 0.69839900
vt 0.25403600 0.70897600
vt 0.26922800 0.71793600
vt 0.30089900 0.73019800
vt 0.33388300 0.73657100
vt 0.36742300 0.73841600
vt 0.32318100 0.27879600
vt 0.32318100 0.27879600
vt 0.25238100 0.32366900
vt 0.19422400 0.42008400
vt 0.18722200 0.60000000
vt 0.28483800 0.72489700
vt 0.32318100 0.73507500
vt 0.20138600 0.40000000
vt 1.00000000 0.73841600
vt 0.82408600 0.73841600
vt 0.65347800 0.73841600
vt 0.48689900 0.73841600
vt 1.00000000 1.00000000
vt 1.00000000 0.80000000
vt 0.48689900 1.00000000
vt 0.65347800 1.00000000
vt 0.82408600 1.00000000
vt 0.16123100 0.20000000
vt 0.16123100 0.20000000
vt 0.32318100 0.20000000
vt 0.32318100 0.20000000
vt 0.48689900 0.20000000
vt 0.65347800 0.20000000
vt 0.82408600 0.20000000
vt 0.16123100 0.40000000
vt 0.16123100 0.40000000
vt 0.16123100 0.60000000
vt 0.16123100 0.80000000
vt 0.32318100 0.80000000
vt 0.48689900 0.80000000
vt 0.65347800 0.80000000
vt 0.82408600 0.80000000
vt 1.00000000 0.50072600
vt 0.99612300 0.57781800
vt 0.98366400 0.65393700
vt 0.96142400 0.72757000
vt 0.92897700 0.79663000
vt 0.90895700 0.82901300
vt 0.88697200 0.85876400
vt 0.86269200 0.88628800
vt 0.83653400 0.91107200
vt 0.80903500 0.93276600
vt 0.78008500 0.95168100
vt 0.77042100 0.95716800
vt 0.75069000 0.96716200
vt 0.72018400 0.97966100
vt 0.65906600 0.99523200
vt 0.59833500 1.00000000
vt 0.98060700 0.66666700
vt 0.94635000 0.76293100
vt 0.70139800 0.98571800
vt 0.90599800 0.83333300
vt 0.84808200 0.90068100
vt 0.00000000 1.00000000
vt 0.14003800 1.00000000
vt 0.27902500 1.00000000
vt 0.41812600 1.00000000
vt 0.55851300 1.00000000
vt 0.00000000 0.76610200
vt 0.00000000 0.83333300
vt 0.58439600 0.76610200
vt 0.55851300 0.76610200
vt 0.41812600 0.76610200
vt 0.27902500 0.76610200
vt 0.14003800 0.76610200
vt 0.61851400 0.76434800
vt 0.65278700 0.75853200
vt 0.68675200 0.74770000
vt 0.71957800 0.73084600
vt 0.73533200 0.71978900
vt 0.74998000 0.70724700
vt 0.76381400 0.69280800
vt 0.77626100 0.67680700
vt 0.78734500 0.65941300
vt 0.79705500 0.64061100
vt 0.80508600 0.62117300
vt 0.81179600 0.60042100
vt 0.82074700 0.55795300
vt 0.82475200 0.51446000
vt 0.82472700 0.47072000
vt 0.82071000 0.42723000
vt 0.81177600 0.38475500
vt 0.80507500 0.36400300
vt 0.79704100 0.34456200
vt 0.78731600 0.32578100
vt 0.77618800 0.30841400
vt 0.76368300 0.29248300
vt 0.74987100 0.27800900
vt 0.73525500 0.26539600
vt 0.71953700 0.25428700
vt 0.68674100 0.23734800
vt 0.65278500 0.22647200
vt 0.61851400 0.22064200
vt 0.58439600 0.21888600
vt 0.70139800 0.74108200
vt 0.78299500 0.66666700
vt 0.82515200 0.50000000
vt 0.79148500 0.33333300
vt 0.70139800 0.24400800
vt 0.00000000 0.21888600
vt 0.14003800 0.21888600
vt 0.27902500 0.21888600
vt 0.41812600 0.21888600
vt 0.55851300 0.21888600
vt 0.00000000 0.00000000
vt 0.00000000 0.16666700
vt 0.59833500 0.00000000
vt 0.55851300 0.00000000
vt 0.41812600 0.00000000
vt 0.27902500 0.00000000
vt 0.14003800 0.00000000
vt 0.78027300 0.04883700
vt 0.80931100 0.06791200
vt 0.83679000 0.08957500
vt 0.86302000 0.11438000
vt 0.88735500 0.14192800
vt 0.90937400 0.17171300
vt 0.92941400 0.20417500
vt 0.96178500 0.27342200
vt 0.98386000 0.34723500
vt 0.99617900 0.42350700
vt 0.65916100 0.00480200
vt 0.72035100 0.02055400
vt 0.75083000 0.03318000
vt 0.77042800 0.04320000
vt 0.84808200 0.09970600
vt 0.90591100 0.16666700
vt 0.94676500 0.23795300
vt 0.98054500 0.33333300
vt 1.00000000 0.50000000
vt 0.70139800 0.01437900
vt 0.14003800 0.16666700
vt 0.27902500 0.16666700
vt 0.41812600 0.16666700
vt 0.55851300 0.16666700
vt 0.70139800 0.16666700
vt 0.84808200 0.16666700
vt 0.84808200 0.33333300
vt 0.84808200 0.50000000
vt 0.84808200 0.66666700
vt 0.14003800 0.83333300
vt 0.27902500 0.83333300
vt 0.41812600 0.83333300
vt 0.55851300 0.83333300
vt 0.70139800 0.83333300
vt 0.84808200 0.83333300
vt 0.12453800 0.14285700
vt 0.24724700 0.14285700
vt 0.24724700 0.14285700
vt 0.49108700 0.14285700
vt 0.61413300 0.14285700
vt 0.12453800 0.28571400
vt 0.49108700 0.28571400
vt 0.73924300 0.28571400
vt 0.73924300 0.28571400
vt 0.73924300 0.28571400
vt 0.86747600 0.28571400
vt 0.12453800 0.42857100
vt 0.49108700 0.42857100
vt 0.86747600 0.42857100
vt 0.12453800 0.57142900
vt 0.86747600 0.57142900
vt 0.12453800 0.71428600
vt 0.12453800 0.71428600
vt 0.24724700 0.71428600
vt 0.86747600 0.71428600
vt 0.36911100 0.85714300
vt 0.49108700 0.85714300
vt 0.61413300 0.85714300
vt 0.73924300 0.85714300
vt 0.73924300 0.85714300
vt 0.73924300 0.85714300
vt 0.86747600 0.85714300
vt 0.03526400 0.14285700
vt 0.12453800 0.03270200
vt 0.22476800 0.00000000
vt 0.24724700 0.06360300
vt 0.27513900 0.14285700
vt 0.43843400 0.14285700
vt 0.43843400 0.03502400
vt 0.49108700 0.04970800
vt 0.57496000 0.07273500
vt 0.61413300 0.08477300
vt 0.73598000 0.14285700
vt 0.73598000 0.14285700
vt 0.00192900 0.28571400
vt 0.24724700 0.19764300
vt 0.24724700 0.19764300
vt 0.16136100 0.28571400
vt 0.29117500 0.18855200
vt 0.43843400 0.28571400
vt 0.61413300 0.27253400
vt 0.58403800 0.26232000
vt 0.58403800 0.28571400
vt 0.64561700 0.28571400
vt 0.73924300 0.14490200
vt 0.73924300 0.14490200
vt 0.86747600 0.25346500
vt 0.89388300 0.28571400
vt 0.00629400 0.42857100
vt 0.15072500 0.42857100
vt 0.43843400 0.42857100
vt 0.58403800 0.42857100
vt 0.73924300 0.34843800
vt 0.79673300 0.42857100
vt 0.97168700 0.42857100
vt 0.04383700 0.57142900
vt 0.20475300 0.57142900
vt 0.49108700 0.44500400
vt 0.43843400 0.43031200
vt 0.58403800 0.47050100
vt 0.82355100 0.57142900
vt 0.99931000 0.57142900
vt 0.11977800 0.71428600
vt 0.24724700 0.62716500
vt 0.35456300 0.71428600
vt 0.77018300 0.71428600
vt 0.98576900 0.71428600
vt 0.12453800 0.72108300
vt 0.12453800 0.72108300
vt 0.24724700 0.85309000
vt 0.36911100 0.72250900
vt 0.25221000 0.85714300
vt 0.49108700 0.76905400
vt 0.61413300 0.78195200
vt 0.73924300 0.74133600
vt 0.73924300 0.74133600
vt 0.91183900 0.85714300
vt 0.36911100 0.93183200
vt 0.49108700 0.97600100
vt 0.61413300 0.99173100
vt 0.73924300 0.97242000
vt 0.73924300 0.97242000
vt 0.86747600 0.90189500
vt 0.11760400 0.03743500
vt 0.10184400 0.04988300
vt 0.08699300 0.06409100
vt 0.07349600 0.07951900
vt 0.06111300 0.09624300
vt 0.03924800 0.13423200
vt 0.18677800 0.00586600
vt 0.15180200 0.01781400
vt 0.13425900 0.02674600
vt 0.72158900 0.13416800
vt 0.64882200 0.09794600
vt 0.02335300 0.17369200
vt 0.01150800 0.21757900
vt 0.00448300 0.25998900
vt 0.16700800 0.27159200
vt 0.17237800 0.26079800
vt 0.17849600 0.25060700
vt 0.18545000 0.24093700
vt 0.19308900 0.23206300
vt 0.20141300 0.22399700
vt 0.21041600 0.21673500
vt 0.22881900 0.20543500
vt 0.24951300 0.19687900
vt 0.24951300 0.19687900
vt 0.26947700 0.19165900
vt 0.60488300 0.26916700
vt 0.62627800 0.27728600
vt 0.85636200 0.24123500
vt 0.79164100 0.18188100
vt 0.73976900 0.14523300
vt 0.73976900 0.14523300
vt 0.88561000 0.27507200
vt 0.00070500 0.30585400
vt 0.00246600 0.39497100
vt 0.14990500 0.42236600
vt 0.14775500 0.39684200
vt 0.14748900 0.37119700
vt 0.14893800 0.34561800
vt 0.15252100 0.31943400
vt 0.15816600 0.29561100
vt 0.66781500 0.29687300
vt 0.70774800 0.32204800
vt 0.74456100 0.35368800
vt 0.76128500 0.37223400
vt 0.77612900 0.39211100
vt 0.78922400 0.41365200
vt 0.95639900 0.39036700
vt 0.93589400 0.34979700
vt 0.91229900 0.31147400
vt 0.01636500 0.48273700
vt 0.04214100 0.56703700
vt 0.18753100 0.54157800
vt 0.16756200 0.49617100
vt 0.15989100 0.47220800
vt 0.15396500 0.44753800
vt 0.80028200 0.43655500
vt 0.80905700 0.46020900
vt 0.81580600 0.48515500
vt 0.82035000 0.51032800
vt 0.82293500 0.53586800
vt 0.99887600 0.56376000
vt 0.99415600 0.51924000
vt 0.98558600 0.47543100
vt 0.97288200 0.43200700
vt 0.07825100 0.64611100
vt 0.24152800 0.62071700
vt 0.21251600 0.58319800
vt 0.34498700 0.70848700
vt 0.30839500 0.68319600
vt 0.27373700 0.65400200
vt 0.82264400 0.58711200
vt 0.81920100 0.61312700
vt 0.81340300 0.63741200
vt 0.80453800 0.66167500
vt 0.79301500 0.68393100
vt 0.77860800 0.70451100
vt 0.98974900 0.69793700
vt 0.99714500 0.65287500
vt 0.99984600 0.61220800
vt 0.12287400 0.71873000
vt 0.12287400 0.71873000
vt 0.17466400 0.78364700
vt 0.23215600 0.84026100
vt 0.46345300 0.76149800
vt 0.42277100 0.74743400
vt 0.38320700 0.72984400
vt 0.60498200 0.78239100
vt 0.59119000 0.78256400
vt 0.54767400 0.77964100
vt 0.50508900 0.77231400
vt 0.72278400 0.75170500
vt 0.70207200 0.76192900
vt 0.67975600 0.77014700
vt 0.63543600 0.77987200
vt 0.76176300 0.72286400
vt 0.74325400 0.73844900
vt 0.74325400 0.73844900
vt 0.93826300 0.82145700
vt 0.96041200 0.78241900
vt 0.97787100 0.74024800
vt 0.29415600 0.88830900
vt 0.35995500 0.92726700
vt 0.42893700 0.95712800
vt 0.50065900 0.97829300
vt 0.57505400 0.99011300
vt 0.65209900 0.99000100
vt 0.69193300 0.98442900
vt 0.73081000 0.97502000
vt 0.73975000 0.97226200
vt 0.73975000 0.97226200
vt 0.77089600 0.96079500
vt 0.80860300 0.94256400
vt 0.84581800 0.91889300
vt 0.88006600 0.89070200
vt 0.91096400 0.85818800
vt 0.16195300 0.16666700
vt 0.32400100 0.16666700
vt 0.32400100 0.16666700
vt 0.48744000 0.16666700
vt 0.65361000 0.16666700
vt 0.16195300 0.33333300
vt 0.16195300 0.33333300
vt 0.16195300 0.33333300
vt 0.65361000 0.33333300
vt 0.65361000 0.33333300
vt 0.82394000 0.33333300
vt 0.16195300 0.50000000
vt 0.16195300 0.50000000
vt 0.16195300 0.50000000
vt 0.82394000 0.50000000
vt 0.16195300 0.66666700
vt 0.82394000 0.66666700
vt 0.32400100 0.83333300
vt 0.32400100 0.83333300
vt 0.48744000 0.83333300
vt 0.65361000 0.83333300
vt 0.65361000 0.83333300
vt 0.82394000 0.83333300
vt 0.82394000 0.83333300
vt 0.92242100 0.80230700
vt 0.05036200 0.16666700
vt 0.92242100 0.80230700
vt 0.85819600 0.81465600
vt 0.16195300 0.05214900
vt 0.79461800 0.77726800
vt 0.32400100 0.00928100
vt 0.32400100 0.00928100
vt 0.48744000 0.03316400
vt 0.74296200 0.67464900
vt 0.69098500 0.50915200
vt 0.65361000 0.10316500
vt 0.74769200 0.16666700
vt 0.65901900 0.39070900
vt 0.98458400 0.78746100
vt 0.00200300 0.33333300
vt 0.32400100 0.24679900
vt 0.18373300 0.33333300
vt 0.48744000 0.26625700
vt 0.63515400 0.33333300
vt 0.63007100 0.28314900
vt 0.82394000 0.23430000
vt 0.90574300 0.33333300
vt 0.59286600 0.15708100
vt 0.01147200 0.50000000
vt 0.03697800 0.79100900
vt 1.00000000 0.78663800
vt 0.00000000 0.38204900
vt 0.00000000 0.78663800
vt 0.16427300 0.42444700
vt 0.16427300 0.42444700
vt 0.16427300 0.42444700
vt 0.17483600 0.50000000
vt 0.65361000 0.34625200
vt 0.65361000 0.34625200
vt 0.77677600 0.50000000
vt 0.53736000 0.02702100
vt 0.98427500 0.50000000
vt 0.07082800 0.66666700
vt 0.09211000 0.80688200
vt 0.29780300 0.66666700
vt 0.76730700 0.66666700
vt 0.48491300 0.00447000
vt 0.99742100 0.66666700
vt 0.48491300 0.00447000
vt 0.14180100 0.81464800
vt 0.16195300 0.79656200
vt 0.32400100 0.68444000
vt 0.32400100 0.68444000
vt 0.15798600 0.81174700
vt 0.19873100 0.83333300
vt 0.48744000 0.74698000
vt 0.65361000 0.74628800
vt 0.93475200 0.83333300
vt 0.42320300 0.11001400
vt 0.32400100 0.92193100
vt 0.20537900 0.77719500
vt 0.48744000 0.97992400
vt 0.25703900 0.67465100
vt 0.30901600 0.50918400
vt 0.65361000 0.98960500
vt 0.65361000 0.98960500
vt 0.82394000 0.93458400
vt 0.82394000 0.93458400
vt 0.36995200 0.28314400
vt 0.13501000 0.06974700
vt 0.87117300 0.81461000
vt 0.10293300 0.09722600
vt 0.88826300 0.81208300
vt 0.90535400 0.80764500
vt 0.07469200 0.12958100
vt 0.92205300 0.80242300
vt 0.92205300 0.80242300
vt 0.05084100 0.16582300
vt 0.28686200 0.01173400
vt 0.80781300 0.79152600
vt 0.82305500 0.80319800
vt 0.24612400 0.01890100
vt 0.20767100 0.03067500
vt 0.83829800 0.81054000
vt 0.16951900 0.04793300
vt 0.85473500 0.81433300
vt 0.75372900 0.70278500
vt 0.45114200 0.02386100
vt 0.75372900 0.70278500
vt 0.36872700 0.01075000
vt 0.77952700 0.75550900
vt 0.32674200 0.00923900
vt 0.32674200 0.00923900
vt 0.79367000 0.77607800
vt 0.61429100 0.08214100
vt 0.70374500 0.55356000
vt 0.53326600 0.04776600
vt 0.72911700 0.63493200
vt 0.67794700 0.46184700
vt 0.69279700 0.12723400
vt 0.68842400 0.50000000
vt 0.66138900 0.10768500
vt 0.93875100 0.79727700
vt 0.03138100 0.20579800
vt 0.95473400 0.79290600
vt 0.01715800 0.24733100
vt 0.00720100 0.29201400
vt 0.97071700 0.78944800
vt 0.18410800 0.33260700
vt 0.19058600 0.32140100
vt 0.19794900 0.31094900
vt 0.20622000 0.30120100
vt 0.21552300 0.29204900
vt 0.22549700 0.28382600
vt 0.24614200 0.27054300
vt 0.26919700 0.25983300
vt 0.29222900 0.25252000
vt 0.31696000 0.24768600
vt 0.36631100 0.24526200
vt 0.41602500 0.25012700
vt 0.46562300 0.26036700
vt 0.50117700 0.27039900
vt 0.51499600 0.27492700
vt 0.56372600 0.29408900
vt 0.61115200 0.31840200
vt 0.65195400 0.36407800
vt 0.76725000 0.18241600
vt 0.59772500 0.17236200
vt 0.89617300 0.31961700
vt 0.62510100 0.26528800
vt 0.83596300 0.24673200
vt 0.00180700 0.33571200
vt 0.98535800 0.78738200
vt 0.02811600 0.78926700
vt 0.00664500 0.47216700
vt 0.02811600 0.78926700
vt 0.16956900 0.47849300
vt 0.16560100 0.45181500
vt 0.16560100 0.45181500
vt 0.16574800 0.39633000
vt 0.16574800 0.39633000
vt 0.17016200 0.37052400
vt 0.17384400 0.35732000
vt 0.17854400 0.34452600
vt 0.65633700 0.34827700
vt 0.65633700 0.34827700
vt 0.69810900 0.38376800
vt 0.73509300 0.42473300
vt 0.75120600 0.44770700
vt 0.76458400 0.47131900
vt 0.77558100 0.49665700
vt 0.98006800 0.48531400
vt 0.54209300 0.03418900
vt 0.96452400 0.44168700
vt 0.55631700 0.06051300
vt 0.57025100 0.09280200
vt 0.94519300 0.39968500
vt 0.05633700 0.79588400
vt 0.02656200 0.55985900
vt 0.05891000 0.64276900
vt 0.08390900 0.80432200
vt 0.27996000 0.65266600
vt 0.24285000 0.61724700
vt 0.21069500 0.57636500
vt 0.19687600 0.55342600
vt 0.18549400 0.52985200
vt 0.17619200 0.50452200
vt 0.78342200 0.52272100
vt 0.78812900 0.54940100
vt 0.78970500 0.57678000
vt 0.78792200 0.60489400
vt 0.78264900 0.63071100
vt 0.77825700 0.64396900
vt 0.77270000 0.65672700
vt 0.99760500 0.66497700
vt 0.48546100 0.00415200
vt 0.48546100 0.00415200
vt 0.49974000 0.00000100
vt 0.99999900 0.61977900
vt 0.51374300 0.00371700
vt 0.99785900 0.57455500
vt 0.52555900 0.01275000
vt 0.99261900 0.53698700
vt 0.10186700 0.71941300
vt 0.11113100 0.81194300
vt 0.15436200 0.78813600
vt 0.13825300 0.81482300
vt 0.32099300 0.68255100
vt 0.32099300 0.68255100
vt 0.46048900 0.74084500
vt 0.41185500 0.72622800
vt 0.36518600 0.70696300
vt 0.64262500 0.74905100
vt 0.61546200 0.75383200
vt 0.56249900 0.75612300
vt 0.51069400 0.75114400
vt 0.50114000 0.74956700
vt 0.76610400 0.66865800
vt 0.75848000 0.67988500
vt 0.74984100 0.69037800
vt 0.74018800 0.70016800
vt 0.71789400 0.71763100
vt 0.69428700 0.73102600
vt 0.66826500 0.74176400
vt 0.43841000 0.07201100
vt 0.95767900 0.79651900
vt 0.97703400 0.75374700
vt 0.45479100 0.03935200
vt 0.47012600 0.01736000
vt 0.98992400 0.71078800
vt 0.16471400 0.80939800
vt 0.16471400 0.80939800
vt 0.21506000 0.84781100
vt 0.28258100 0.89793100
vt 0.19062200 0.79289600
vt 0.21629800 0.76208000
vt 0.35611000 0.93756900
vt 0.24132600 0.71452900
vt 0.43472900 0.96662800
vt 0.26611600 0.64903400
vt 0.51761700 0.98547800
vt 0.60451300 0.99233200
vt 0.29313200 0.56415400
vt 0.65009100 0.98997200
vt 0.30786100 0.51328600
vt 0.65009100 0.98997200
vt 0.66141100 0.98869400
vt 0.31158500 0.50000000
vt 0.69438600 0.98331100
vt 0.32259000 0.45987500
vt 0.74046800 0.97141200
vt 0.33843200 0.40037400
vt 0.78393300 0.95505100
vt 0.35427400 0.34083000
vt 0.37123100 0.27852300
vt 0.82706700 0.93272700
vt 0.82706700 0.93272700
vt 0.38818900 0.21891800
vt 0.86647500 0.90541000
vt 0.40510900 0.16340700
vt 0.90179500 0.87317200
vt 0.42202900 0.11323400
vt 0.93278900 0.83606000
vt 0.33843200 0.50000000
vt 0.32259000 0.50000000
vt 0.35427400 0.50000000
vt 0.65195400 0.50000000
vt 0.67794700 0.50000000
vt 0.12474600 0.16666700
vt 0.12474600 0.16666700
vt 0.24767900 0.16666700
vt 0.24767900 0.16666700
vt 0.36974600 0.16666700
vt 0.12474600 0.33333300
vt 0.49186800 0.33333300
vt 0.86797500 0.33333300
vt 0.12474600 0.50000000
vt 0.61496800 0.50000000
vt 0.86797500 0.50000000
vt 0.12474600 0.66666700
vt 0.24767900 0.66666700
vt 0.24767900 0.66666700
vt 0.74000000 0.66666700
vt 0.86797500 0.66666700
vt 0.86797500 0.83333300
vt 0.02490200 0.16666700
vt 0.12474600 0.03323100
vt 0.12474600 0.03323100
vt 0.24767900 0.00687800
vt 0.24767900 0.00687800
vt 0.36974600 0.05460000
vt 0.48073600 0.16666700
vt 0.83071900 0.16666700
vt 0.83071900 0.16244900
vt 0.84752000 0.16666700
vt 0.00003500 0.33333300
vt 0.24767900 0.22190900
vt 0.14629100 0.33333300
vt 0.36974600 0.27288800
vt 0.49186800 0.18155200
vt 0.42384600 0.33333300
vt 0.59598400 0.33333300
vt 0.86797500 0.17173200
vt 0.83071900 0.33333300
vt 1.00000000 0.20250000
vt 1.00000000 0.33333300
vt 0.02197100 0.50000000
vt 0.16730800 0.50000000
vt 0.49186800 0.43291000
vt 0.48648900 0.42453600
vt 0.60097600 0.34092400
vt 0.61496800 0.36170500
vt 0.53519100 0.50000000
vt 0.71024800 0.50000000
vt 0.83071900 0.50000000
vt 1.00000000 0.50000000
vt 0.10178600 0.66666700
vt 0.24767900 0.61108600
vt 0.24767900 0.61108600
vt 0.27955600 0.63641400
vt 0.26324600 0.66666700
vt 0.61496800 0.62144500
vt 0.64526200 0.66666700
vt 0.74000000 0.54188100
vt 0.83071900 0.66510300
vt 1.00000000 0.66666700
vt 0.12474600 0.69542500
vt 0.24767900 0.69547100
vt 0.20704800 0.77026100
vt 0.74000000 0.80411400
vt 0.76076300 0.83333300
vt 1.00000000 0.83333300
vt 0.86797500 0.96917100
vt 0.85946600 0.96706800
vt 1.00000000 1.00000000
vt 0.10004100 0.05141500
vt 0.07596400 0.07581300
vt 0.05463600 0.10515600
vt 0.03729300 0.13694900
vt 0.24573900 0.00664900
vt 0.24573900 0.00664900
vt 0.21625800 0.00540100
vt 0.18536500 0.00893500
vt 0.15590100 0.01759600
vt 0.12671000 0.03202700
vt 0.12671000 0.03202700
vt 0.36137700 0.04897700
vt 0.33408400 0.03333500
vt 0.30776400 0.02182200
vt 0.27642300 0.01216300
vt 0.48020200 0.16596800
vt 0.43598200 0.11344500
vt 0.38753800 0.06795000
vt 0.02291700 0.17230200
vt 0.01263200 0.20810600
vt 0.00538000 0.24661900
vt 0.00135800 0.28494200
vt 0.00000400 0.32356000
vt 0.14686500 0.32947700
vt 0.15191500 0.30607100
vt 0.15525900 0.29551400
vt 0.15927900 0.28534800
vt 0.16424100 0.27521800
vt 0.16987500 0.26588200
vt 0.17618300 0.25734300
vt 0.18316300 0.24960800
vt 0.19071100 0.24273900
vt 0.19868200 0.23684300
vt 0.20706900 0.23192300
vt 0.21587000 0.22798000
vt 0.23335400 0.22324300
vt 0.25226000 0.22189700
vt 0.26986400 0.22349300
vt 0.28855200 0.22766900
vt 0.32341000 0.24128500
vt 0.35612500 0.26177300
vt 0.38604100 0.28846100
vt 0.41321000 0.31969600
vt 0.56144100 0.28133300
vt 0.52138300 0.22278100
vt 0.00369400 0.40068700
vt 0.01606800 0.47651800
vt 0.16334200 0.48998900
vt 0.15620600 0.46832700
vt 0.15071100 0.44603800
vt 0.14677300 0.42293200
vt 0.14361800 0.37619000
vt 0.14437100 0.35186500
vt 0.43863800 0.35334700
vt 0.46295800 0.38846200
vt 0.03802200 0.54919900
vt 0.05264200 0.58369600
vt 0.06948300 0.61651300
vt 0.21946800 0.58270100
vt 0.19366900 0.54903100
vt 0.18228400 0.53046800
vt 0.17209800 0.51079000
vt 0.24839800 0.61172800
vt 0.24839800 0.61172800
vt 0.10927000 0.67656400
vt 0.15575200 0.72794200
vt 0.98131300 0.42248600
vt 0.96840400 0.37152900
vt 0.99047800 0.47406800
vt 0.99933600 0.57663000
vt 0.99838600 0.66415400
vt 0.99759500 0.67581500
vt 0.99245200 0.72294100
vt 0.98419400 0.76757700
vt 0.97268700 0.80919300
vt 0.95813700 0.84670400
vt 0.94064200 0.88001100
vt 0.92032800 0.90905200
vt 0.87322100 0.95344400
vt 0.81951500 0.98133400
vt 0.76125900 0.99500900
vt 0.75345800 0.99587200
vt 0.75345800 0.74521200
vt 0.69989200 0.99697800
vt 0.63638000 0.98950200
vt 0.57132600 0.97447200
vt 0.50518500 0.95339300
vt 0.50495200 0.95330300
vt 0.50495200 0.71873500
vt 0.43817000 0.92664800
vt 0.37037000 0.89337600
vt 0.30215300 0.85244200
vt 0.25394700 0.81797300
vt 0.23448200 0.80249300
vt 0.20137900 0.77368600
vt 0.16920900 0.74212300
vt 0.13842900 0.70775400
vt 0.62722300 0.65236200
vt 0.58658800 0.68187000
vt 0.66683400 0.62074700
vt 0.70637100 0.58846100
vt 0.74562800 0.55521500
vt 0.74562800 0.55521500
vt 0.75345300 0.54843900
vt 0.75345300 0.54843900
vt 0.78463200 0.52103000
vt 0.81858600 0.49034600
vt 0.75345300 0.49034600
vt 0.75345300 0.49034600
vt 0.82339600 0.48593500
vt 0.86194200 0.44995000
vt 0.86268000 0.49034600
vt 0.99741300 0.49034600
vt 0.86549100 0.69851400
vt 0.86587300 0.74261000
vt 0.86669800 0.95074600
vt 0.99975400 1.00000000
vt 0.99967700 0.74261000
vt 0.99959800 0.72610300
vt 0.99695600 0.45721900
vt 0.99303600 0.24319400
vt 0.80522000 0.24319400
vt 0.99189800 0.19386000
vt 0.87977300 0.16916600
vt 0.83702500 0.21208900
vt 0.79404900 0.25397000
vt 0.75345300 0.29233300
vt 0.75082000 0.29478000
vt 0.70729700 0.33450200
vt 0.66345000 0.37310400
vt 0.61926800 0.41054200
vt 0.52978300 0.48183900
vt 0.51834900 0.49034600
vt 0.57472300 0.44678700
vt 0.50493200 0.49968000
vt 0.50493200 0.49968000
vt 0.50493200 0.72601000
vt 0.50493200 0.72601000
vt 0.48293300 0.51331900
vt 0.48293300 0.51331900
vt 0.43089000 0.53536600
vt 0.40149300 0.53941200
vt 0.36949300 0.53676000
vt 0.33562600 0.52758200
vt 0.30082500 0.51253800
vt 0.28322000 0.50265300
vt 0.28322000 0.50265300
vt 0.26572000 0.49102300
vt 0.26572000 0.49102300
vt 0.24853300 0.47754700
vt 0.24853300 0.47754700
vt 0.23217000 0.46244600
vt 0.23217000 0.46244600
vt 0.21678400 0.44576800
vt 0.20253900 0.42763500
vt 0.18994100 0.40862400
vt 0.17925700 0.38898800
vt 0.17074600 0.36927100
vt 0.16434300 0.34969100
vt 0.15991200 0.33045100
vt 0.15726200 0.31178200
vt 0.15634900 0.27636100
vt 0.16098400 0.24400900
vt 0.16566700 0.22926700
vt 0.17194100 0.21589100
vt 0.17978400 0.20394700
vt 0.18920100 0.19342500
vt 0.19999600 0.18439800
vt 0.21195200 0.17683500
vt 0.23859600 0.16593200
vt 0.23859600 0.16593200
vt 0.25395900 0.16219700
vt 0.25395900 0.16219700
vt 0.25395900 0.07360000
vt 0.25395900 0.07360000
vt 0.25395900 0.07360000
vt 0.26817800 0.15994400
vt 0.26817800 0.15994400
vt 0.29958800 0.15811000
vt 0.21309700 0.00000000
vt 0.15770700 0.00626200
vt 0.13191000 0.01311100
vt 0.10776600 0.02266500
vt 0.08568200 0.03496700
vt 0.06581300 0.05009300
vt 0.04846900 0.06787300
vt 0.03388000 0.08811000
vt 0.02209600 0.11065300
vt 0.01305200 0.13529600
vt 0.00273300 0.18942300
vt 0.00113200 0.24319400
vt 0.16119300 0.24319400
vt 0.00131400 0.24840600
vt 0.00867700 0.31138400
vt 0.01637500 0.34439900
vt 0.02697700 0.37814800
vt 0.04059400 0.41251800
vt 0.05719500 0.44719200
vt 0.07663800 0.48183800
vt 0.09877200 0.51586200
vt 0.08187700 0.49034600
vt 0.12352900 0.54893200
vt 0.15037600 0.58032100
vt 0.17900000 0.60973800
vt 0.20889500 0.63664200
vt 0.23972700 0.66076500
vt 0.23972700 0.66076500
vt 0.25395900 0.67075300
vt 0.25395900 0.67075300
vt 0.27076300 0.68166600
vt 0.27076300 0.68166600
vt 0.27076300 0.68166600
vt 0.25395900 0.49034600
vt 0.25395900 0.49034600
vt 0.25395900 0.49034600
vt 0.25395900 0.49034600
vt 0.25395900 0.49034600
vt 0.25395900 0.49034600
vt 0.25395900 0.49034600
vt 0.25395900 0.49034600
vt 0.26478700 0.49034600
vt 0.26478700 0.49034600
vt 0.25395900 0.48204300
vt 0.25395900 0.48204300
vt 0.30183900 0.69945900
vt 0.33281400 0.71429100
vt 0.36329100 0.72591300
vt 0.39280900 0.73381900
vt 0.42121600 0.73776300
vt 0.44841600 0.73770800
vt 0.49879100 0.72806900
vt 0.54427800 0.70802500
vt 0.40894600 0.00000000
vt 0.00000000 0.00000000
vt 0.50034000 0.14476600
vt 0.71409900 0.49668100
vt 0.50034000 0.50006300
vt 0.32228200 0.50006300
vt 0.71607800 0.50006300
vt 0.50034000 0.79513600
vt 0.61892900 1.00000000
vt 1.00000000 1.00000000
vt 0.60048700 1.00000000
vt 0.50020200 0.82309900
vt 1.00000000 1.00000000
vt 0.72084100 0.50004400
vt 0.71951600 0.49771500
vt 0.51177200 0.49814400
vt 1.00000000 1.00000000
vt 0.00000000 0.00000000
vt 1.00000000 0.00000000
vt 0.41552600 0.00000000
vt 0.00000000 0.00000000
vt 0.50026400 0.13636900
vt 0.50026400 0.50007000
vt 0.71663100 0.49720600
vt 0.71829500 0.50007000
vt 1.00000000 1.00000000
vt 0.60983200 1.00000000
vt 0.00000000 0.00000000
vt 0.30910000 0.49735600
vt 0.42285200 0.00000000
vt 0.50020200 0.12666300
vt 0.50020200 0.50004400
vt 0.31070400 0.50004400
vt 0.50026400 0.80875500
vt 0.31658100 0.50007000
vt 0.31463600 0.49687400
vt 0.32988800 0.49501500
vt 0.63679700 1.00000000
vt 1.00000000 1.00000000
vt 0.71282900 0.49997700
vt 0.71011600 0.49545300
vt 0.50014900 0.49997700
vt 0.50014900 0.15716200
vt 0.50014900 0.76912800
vt 0.33303600 0.49997700
vt 0.39812900 0.00000000
vt 0.00000000 0.00000000
vt 0.00000000 0.00000000
vt 1.00000000 0.00000000
vt 0.62790600 1.00000000
vt 0.50043300 0.78206600
vt 1.00000000 1.00000000
vt 0.71428500 0.50003000
vt 0.71194400 0.49609200
vt 0.50043300 0.15174700
vt 0.50043300 0.50003000
vt 0.40328200 0.00000000
vt 0.32793800 0.50003000
vt 0.32525500 0.49575400
vt 0.31995900 0.49628900
vt 0.32228200 0.50006300
vt 0.00000000 0.00000000
vt 0.40894600 0.00000000
vt 0.50034000 0.14476600
vt 0.71951600 0.49771500
vt 0.72084100 0.50004400
vt 0.50020200 0.12666300
vt 0.50020200 0.50004400
vt 0.42285200 0.00000000
vt 0.00000000 0.00000000
vt 0.30910000 0.49735600
vt 0.71663100 0.49720600
vt 0.50026400 0.13636900
vt 0.71829500 0.50007000
vt 0.50026400 0.50007000
vt 1.00000000 1.00000000
vt 0.60983200 1.00000000
vt 0.50026400 0.80875500
vt 0.31658100 0.50007000
vt 0.31463600 0.49687400
vt 0.00000000 0.00000000
vt 0.41552600 0.00000000
vt 0.71409900 0.49668100
vt 1.00000000 1.00000000
vt 0.61892900 1.00000000
vt 0.50034000 0.79513600
vt 0.50034000 0.50006300
vt 0.71607800 0.50006300
vt 1.00000000 1.00000000
vt 0.60048700 1.00000000
vt 0.50020200 0.82309900
vt 0.31070400 0.50004400
vt 0.51177200 0.49814400
vt 0.00000000 0.00000000
vt 1.00000000 1.00000000
vt 0.50000000 1.00000000
vt 1.00000000 1.00000000
vt 0.52074600 0.49991800
vt 0.52074600 0.49991800
vt 0.50000000 0.49991800
vt 0.50000000 0.49991800
vt 0.51596200 0.49511700
vt 0.51596200 0.49511700
vt 0.00000000 0.00000000
vt 0.00000000 0.49991800
vt 0.00000000 1.00000000
vt 0.33638300 0.49406800
vt 0.34016000 0.49991200
vt 0.00000000 0.00000000
vt 0.39599700 0.00000000
vt 0.50124800 0.16077100
vt 0.70934500 0.49486800
vt 0.50124800 0.49991200
vt 0.50124800 0.75585800
vt 0.71238200 0.49991200
vt 1.00000000 1.00000000
vt 0.64688000 1.00000000
vt 0.00000000 0.00000000
vt 0.40328200 0.00000000
vt 0.32525500 0.49575400
vt 0.32793800 0.50003000
vt 0.50043300 0.50003000
vt 0.50043300 0.78206600
vt 0.62790600 1.00000000
vt 1.00000000 1.00000000
vt 0.71194400 0.49609200
vt 0.50043300 0.15174700
vt 0.71428500 0.50003000
vt 0.31995900 0.49628900
vt 0.71011600 0.49545300
vt 0.50014900 0.15716200
vt 0.71282900 0.49997700
vt 0.50014900 0.49997700
vt 1.00000000 1.00000000
vt 0.63679700 1.00000000
vt 0.50014900 0.76912800
vt 0.33303600 0.49997700
vt 0.32988800 0.49501500
vt 0.00000000 0.00000000
vt 0.39812900 0.00000000
vt 0.54666800 0.01508400
vt 0.61478100 0.03026400
vt 0.68303100 0.05294900
vt 0.75080700 0.08567100
vt 0.75345800 0.08721600
vt 0.75345800 0.33035800
vt 0.81678900 0.13169200
vt 0.84832100 0.16077400
vt 0.87827500 0.19441100
vt 0.90591000 0.23273300
vt 0.93052900 0.27557000
vt 0.95153700 0.32233700
vt 0.95492500 0.33116500
vt 0.75459600 0.33116500
vt 0.76235600 0.33688000
vt 0.77867700 0.35036700
vt 0.72853600 0.31450600
vt 0.65989100 0.28298800
vt 0.59105400 0.26193300
vt 0.52243900 0.24710500
vt 0.50495200 0.24404000
vt 0.45413800 0.23648200
vt 0.38625500 0.23025100
vt 0.31933100 0.23025200
vt 0.25491000 0.24011100
vt 0.25394700 0.24037700
vt 0.25394700 0.01188500
vt 0.22484000 0.25091600
vt 0.19766100 0.26771800
vt 0.18571100 0.27885500
vt 0.17525100 0.29193500
vt 0.16646900 0.30708000
vt 0.15966300 0.32403000
vt 0.15489300 0.34262100
vt 0.15213100 0.36264000
vt 0.15127700 0.38360500
vt 0.15213100 0.40532900
vt 0.15462000 0.42757700
vt 0.15897700 0.45021200
vt 0.16543700 0.47295900
vt 0.17410500 0.49538400
vt 0.18517300 0.51746400
vt 0.19799200 0.53793900
vt 0.21225500 0.55676600
vt 0.21225500 0.55676600
vt 0.22772200 0.57402500
vt 0.22772200 0.57402500
vt 0.24395800 0.58961900
vt 0.24395800 0.58961900
vt 0.26081900 0.60376200
vt 0.26081900 0.60376200
vt 0.25394700 0.59821300
vt 0.25394700 0.59821300
vt 0.29529800 0.62826800
vt 0.35984000 0.66415400
vt 0.36498200 0.66661500
vt 0.25394700 0.66415400
vt 0.25394700 0.66415400
vt 0.25394700 0.66415400
vt 0.25394700 0.66415400
vt 0.25394700 0.66415400
vt 0.10504300 0.66415400
vt 0.08344500 0.63095100
vt 0.10961700 0.67061600
vt 0.06059900 0.58934400
vt 0.04156400 0.54653700
vt 0.02640300 0.50296400
vt 0.01513600 0.45955300
vt 0.00742900 0.41674200
vt 0.00098700 0.33346100
vt 0.00096700 0.33116500
vt 0.00200600 0.29341500
vt 0.00623300 0.25479700
vt 0.01393300 0.21815800
vt 0.02527300 0.18389600
vt 0.04022900 0.15247700
vt 0.21709100 0.02106600
vt 0.15768900 0.04405300
vt 0.10386600 0.07790100
vt 0.07992200 0.09942300
vt 0.05854600 0.12429900
vt 0.28008100 0.00719200
vt 0.34529900 0.00081100
vt 0.41178400 0.00060200
vt 0.47898200 0.00556000
vt 0.50495200 0.00865800
vt 0.15754200 0.33116500
vt 0.43423200 0.69555400
vt 0.50263500 0.71806300
vt 0.57019700 0.73559600
vt 0.63671600 0.74753300
vt 0.70155000 0.75138700
vt 0.76331000 0.74259000
vt 0.79199500 0.73083500
vt 0.81782400 0.71186300
vt 0.82918600 0.69916300
vt 0.83926300 0.68409200
vt 0.84776900 0.66672900
vt 0.84881200 0.66415400
vt 0.85456000 0.64713100
vt 0.85949400 0.62567800
vt 0.86259400 0.60262400
vt 0.86392900 0.57848700
vt 0.86365800 0.55351600
vt 0.86187100 0.52798900
vt 0.85837800 0.50221600
vt 0.85291300 0.47647100
vt 0.84520900 0.45103000
vt 0.83512500 0.42644700
vt 0.82318200 0.40410200
vt 0.80959700 0.38398700
vt 0.79454800 0.36598400
vt 0.00000000 0.49991800
vt 0.50000000 0.49991800
vt 0.50000000 0.49991800
vt 0.00000000 0.00000000
vt 0.00000000 1.00000000
vt 0.50000000 1.00000000
vt 1.00000000 1.00000000
vt 0.64688000 1.00000000
vt 0.71238200 0.49991200
vt 0.50124800 0.49991200
vt 0.70934500 0.49486800
vt 0.50124800 0.16077100
vt 0.39599700 0.00000000
vt 0.00000000 0.00000000
vt 0.33638300 0.49406800
vt 0.34016000 0.49991200
vt 0.50124800 0.75585800
vt 0.51596200 0.49511700
vt 0.51596200 0.49511700
vt 0.52074600 0.49991800
vt 0.52074600 0.49991800
vt 1.00000000 1.00000000
vt 0.57540400 0.99164200
vt 0.57540400 0.99164200
vt 0.65502700 0.97392500
vt 0.65502700 0.97392500
vt 0.65502700 0.97392500
vt 0.49373600 0.99938600
vt 0.49373600 0.99938600
vt 0.49373600 0.99938600
vt 0.41162500 0.99786000
vt 0.33080000 0.98511000
vt 0.33080000 0.98511000
vt 0.25345500 0.96083400
vt 0.25345500 0.96083400
vt 0.21668900 0.94431400
vt 0.21668900 0.94431400
vt 0.18206000 0.92511500
vt 0.18206000 0.92511500
vt 0.18206000 0.92511500
vt 0.14938700 0.90300300
vt 0.14938700 0.90300300
vt 0.11945000 0.87833000
vt 0.11945000 0.87833000
vt 0.09243200 0.85109100
vt 0.06872000 0.82146900
vt 0.06872000 0.82146900
vt 0.04884800 0.79003100
vt 0.04884800 0.79003100
vt 0.03272000 0.75646800
vt 0.03272000 0.75646800
vt 0.02097500 0.72223600
vt 0.01318100 0.68620500
vt 0.23610300 0.68620500
vt 0.25523400 0.72111300
vt 0.25523400 0.72111300
vt 0.25523400 0.72111300
vt 0.28008700 0.75307100
vt 0.28008700 0.75307100
vt 0.29498300 0.76754300
vt 0.29498300 0.76754300
vt 0.31118800 0.78042400
vt 0.31118800 0.78042400
vt 0.31118800 0.78042400
vt 0.32880100 0.79168600
vt 0.32880100 0.79168600
vt 0.32880100 0.79168600
vt 0.34825500 0.80114900
vt 0.34825500 0.80114900
vt 0.34825500 0.80114900
vt 0.36813600 0.80832300
vt 0.36813600 0.80832300
vt 0.36813600 0.80832300
vt 0.38972500 0.81390700
vt 0.38972500 0.81390700
vt 0.43314100 0.81996600
vt 0.43314100 0.81996600
vt 0.47710500 0.82095400
vt 0.47710500 0.82095400
vt 0.52085200 0.81709900
vt 0.52085200 0.81709900
vt 0.56341900 0.80745400
vt 0.56341900 0.80745400
vt 0.56341900 0.80745400
vt 0.58394900 0.80020700
vt 0.58394900 0.80020700
vt 0.58394900 0.80020700
vt 0.60342400 0.79143100
vt 0.60342400 0.79143100
vt 0.62193900 0.78107600
vt 0.62193900 0.78107600
vt 0.63939600 0.76918600
vt 0.63939600 0.76918600
vt 0.63939600 0.76918600
vt 0.65540700 0.75611500
vt 0.65540700 0.75611500
vt 0.67027600 0.74161900
vt 0.67027600 0.74161900
vt 0.67027600 0.74161900
vt 0.69519500 0.70970000
vt 0.69519500 0.70970000
vt 0.71414600 0.67472200
vt 0.71414600 0.67472200
vt 0.72774800 0.63785000
vt 0.73681500 0.59990000
vt 0.73681500 0.59990000
vt 0.74212000 0.56139500
vt 0.74212000 0.56139500
vt 0.00286500 0.56139500
vt 0.00286500 0.56139500
vt 0.00057300 0.50075800
vt 0.00057300 0.50075800
vt 0.00425600 0.42837700
vt 0.00425600 0.42837700
vt 0.01619300 0.35670400
vt 0.03680900 0.28928800
vt 0.03680900 0.28928800
vt 0.03776300 0.28682000
vt 0.07015300 0.22027900
vt 0.11378700 0.15895300
vt 0.14002800 0.13086400
vt 0.14002800 0.13086400
vt 0.16879900 0.10523500
vt 0.20017000 0.08204300
vt 0.20017000 0.08204300
vt 0.23408200 0.06136800
vt 0.23408200 0.06136800
vt 0.26981500 0.04370500
vt 0.26981500 0.04370500
vt 0.30750700 0.02903300
vt 0.30750700 0.02903300
vt 0.30750700 0.02903300
vt 0.30750700 0.02903300
vt 0.38640700 0.00904600
vt 0.38640700 0.00904600
vt 0.38640700 0.00904600
vt 0.38640700 0.00904600
vt 0.46796300 0.00055700
vt 0.46796300 0.00055700
vt 0.46796300 0.00055700
vt 0.55006300 0.00234800
vt 0.55006300 0.00234800
vt 0.55006300 0.00234800
vt 0.55006300 0.00234800
vt 0.63077100 0.01561000
vt 0.63077100 0.01561000
vt 0.63077100 0.01561000
vt 0.63077100 0.01561000
vt 0.66986000 0.02685400
vt 0.66986000 0.02685400
vt 0.70758500 0.04113000
vt 0.70758500 0.04113000
vt 0.70758500 0.04113000
vt 0.77807600 0.07823300
vt 0.77807600 0.07823300
vt 0.77807600 0.07823300
vt 0.84041500 0.12533800
vt 0.89298900 0.18094800
vt 0.89298900 0.18094800
vt 0.93525800 0.24303500
vt 0.95855000 0.28928800
vt 0.95855000 0.28928800
vt 0.95855000 0.28928800
vt 0.69832600 0.28928800
vt 0.69832600 0.28928800
vt 0.96693200 0.30984600
vt 0.96693200 0.30984600
vt 0.98762800 0.37993100
vt 0.99809300 0.45177700
vt 0.99809300 0.45177700
vt 0.99957200 0.52421400
vt 0.99245000 0.59638200
vt 0.99245000 0.59638200
vt 0.97558500 0.66726600
vt 0.97558500 0.66726600
vt 0.94805100 0.73549300
vt 0.90947300 0.79941200
vt 0.90947300 0.79941200
vt 0.85978500 0.85700100
vt 0.85978500 0.85700100
vt 0.83091100 0.88272700
vt 0.83091100 0.88272700
vt 0.79948900 0.90616400
vt 0.79948900 0.90616400
vt 0.79948900 0.90616400
vt 0.73048200 0.94537600
vt 0.73048200 0.94537600
vt 0.73048200 0.94537600
vt 0.73048200 0.94537600
vt 0.73048200 0.94537600
vt 0.70306300 0.29759200
vt 0.68306800 0.26675400
vt 0.68306800 0.26675400
vt 0.65785200 0.23906300
vt 0.64321600 0.22650400
vt 0.64321600 0.22650400
vt 0.62781700 0.21540900
vt 0.62781700 0.21540900
vt 0.62781700 0.21540900
vt 0.61100900 0.20545800
vt 0.61100900 0.20545800
vt 0.61100900 0.20545800
vt 0.59333800 0.19708600
vt 0.59333800 0.19708600
vt 0.59333800 0.19708600
vt 0.57482800 0.19030200
vt 0.57482800 0.19030200
vt 0.55544900 0.18509200
vt 0.55544900 0.18509200
vt 0.55544900 0.18509200
vt 0.53597400 0.18156500
vt 0.53597400 0.18156500
vt 0.51568200 0.17949600
vt 0.51568200 0.17949600
vt 0.47539300 0.17948900
vt 0.47539300 0.17948900
vt 0.43552400 0.18455400
vt 0.43552400 0.18455400
vt 0.43552400 0.18455400
vt 0.41584600 0.18935300
vt 0.41584600 0.18935300
vt 0.39726600 0.19560900
vt 0.39726600 0.19560900
vt 0.37920300 0.20361200
vt 0.37920300 0.20361200
vt 0.36229700 0.21317900
vt 0.36229700 0.21317900
vt 0.34667800 0.22420600
vt 0.34667800 0.22420600
vt 0.33222100 0.23676500
vt 0.33222100 0.23676500
vt 0.33222100 0.23676500
vt 0.31953500 0.25027300
vt 0.31953500 0.25027300
vt 0.30796100 0.26510500
vt 0.28928100 0.29657500
vt 0.28928100 0.29657500
vt 0.27560200 0.32999700
vt 0.27560200 0.32999700
vt 0.26614700 0.36454300
vt 0.26017200 0.39969700
vt 0.26017200 0.39969700
vt 0.26017200 0.39969700
vt 0.73639000 0.39969700
vt 0.73639000 0.39969700
vt 0.72907300 0.36474300
vt 0.72907300 0.36474300
vt 0.72907300 0.36474300
vt 0.71818800 0.33052500
vt 0.71818800 0.33052500
vt 0.29302200 0.28928800
vt 0.54993400 0.00234800
vt 0.54993400 0.00234800
vt 0.46781000 0.00055700
vt 0.46781000 0.00055700
vt 0.46781000 0.00055700
vt 0.63066500 0.01561000
vt 0.63066500 0.01561000
vt 0.63066500 0.01561000
vt 0.63066500 0.01561000
vt 0.66976500 0.02685400
vt 0.66976500 0.02685400
vt 0.70750200 0.04113000
vt 0.70750200 0.04113000
vt 0.70750200 0.04113000
vt 0.77801200 0.07823300
vt 0.77801200 0.07823300
vt 0.77801200 0.07823300
vt 0.84037000 0.12533800
vt 0.84037000 0.12533800
vt 0.89295800 0.18094800
vt 0.89295800 0.18094800
vt 0.89295800 0.18094800
vt 0.93523900 0.24303500
vt 0.93523900 0.24303500
vt 0.96692200 0.30984600
vt 0.96692200 0.30984600
vt 0.96692200 0.30984600
vt 0.95853800 0.28928800
vt 0.95853800 0.28928800
vt 0.95853800 0.28928800
vt 0.98762500 0.37993100
vt 0.98762500 0.37993100
vt 0.99809200 0.45177700
vt 0.99809200 0.45177700
vt 0.99957200 0.52421400
vt 0.99957200 0.52421400
vt 0.99244800 0.59638200
vt 0.97557800 0.66726600
vt 0.97557800 0.66726600
vt 0.94803600 0.73549300
vt 0.94803600 0.73549300
vt 0.90944700 0.79941200
vt 0.90944700 0.79941200
vt 0.85974400 0.85700100
vt 0.85974400 0.85700100
vt 0.83086200 0.88272700
vt 0.83086200 0.88272700
vt 0.79943200 0.90616400
vt 0.79943200 0.90616400
vt 0.79943200 0.90616400
vt 0.73040500 0.94537600
vt 0.73040500 0.94537600
vt 0.73040500 0.94537600
vt 0.73040500 0.94537600
vt 0.73040500 0.94537600
vt 0.65492800 0.97392500
vt 0.65492800 0.97392500
vt 0.65492800 0.97392500
vt 0.57528200 0.99164200
vt 0.57528200 0.99164200
vt 0.49359100 0.99938600
vt 0.49359100 0.99938600
vt 0.49359100 0.99938600
vt 0.41145600 0.99786000
vt 0.33060900 0.98511000
vt 0.33060900 0.98511000
vt 0.25324100 0.96083400
vt 0.25324100 0.96083400
vt 0.21646500 0.94431400
vt 0.21646500 0.94431400
vt 0.18182600 0.92511500
vt 0.18182600 0.92511500
vt 0.18182600 0.92511500
vt 0.14914300 0.90300300
vt 0.14914300 0.90300300
vt 0.11919800 0.87833000
vt 0.11919800 0.87833000
vt 0.09217200 0.85109100
vt 0.06845300 0.82146900
vt 0.06845300 0.82146900
vt 0.04857500 0.79003100
vt 0.04857500 0.79003100
vt 0.03244200 0.75646800
vt 0.03244200 0.75646800
vt 0.02069500 0.72223600
vt 0.01289800 0.68620500
vt 0.23588400 0.68620500
vt 0.25502000 0.72111300
vt 0.25502000 0.72111300
vt 0.25502000 0.72111300
vt 0.27988100 0.75307100
vt 0.27988100 0.75307100
vt 0.29478100 0.76754300
vt 0.29478100 0.76754300
vt 0.31099100 0.78042400
vt 0.31099100 0.78042400
vt 0.31099100 0.78042400
vt 0.32860800 0.79168600
vt 0.32860800 0.79168600
vt 0.32860800 0.79168600
vt 0.34806800 0.80114900
vt 0.34806800 0.80114900
vt 0.34806800 0.80114900
vt 0.36795500 0.80832300
vt 0.36795500 0.80832300
vt 0.36795500 0.80832300
vt 0.38955000 0.81390700
vt 0.38955000 0.81390700
vt 0.43297800 0.81996600
vt 0.43297800 0.81996600
vt 0.47695500 0.82095400
vt 0.47695500 0.82095400
vt 0.52071500 0.81709900
vt 0.52071500 0.81709900
vt 0.56329400 0.80745400
vt 0.56329400 0.80745400
vt 0.56329400 0.80745400
vt 0.58383000 0.80020700
vt 0.58383000 0.80020700
vt 0.58383000 0.80020700
vt 0.60331100 0.79143100
vt 0.60331100 0.79143100
vt 0.62183000 0.78107600
vt 0.62183000 0.78107600
vt 0.63929300 0.76918600
vt 0.63929300 0.76918600
vt 0.63929300 0.76918600
vt 0.65530800 0.75611500
vt 0.65530800 0.75611500
vt 0.67018200 0.74161900
vt 0.67018200 0.74161900
vt 0.67018200 0.74161900
vt 0.69510800 0.70970000
vt 0.69510800 0.70970000
vt 0.71406400 0.67472200
vt 0.71406400 0.67472200
vt 0.72767000 0.63785000
vt 0.72767000 0.63785000
vt 0.73673900 0.59990000
vt 0.74204600 0.56139500
vt 0.74204600 0.56139500
vt 0.00315300 0.56139500
vt 0.00315300 0.56139500
vt 0.00028700 0.50075800
vt 0.00028700 0.50075800
vt 0.00397000 0.42837700
vt 0.00397000 0.42837700
vt 0.01591100 0.35670400
vt 0.03653300 0.28928800
vt 0.03653300 0.28928800
vt 0.29339300 0.28928800
vt 0.03748700 0.28682000
vt 0.06988700 0.22027900
vt 0.11353300 0.15895300
vt 0.13978100 0.13086400
vt 0.13978100 0.13086400
vt 0.16856000 0.10523500
vt 0.19994100 0.08204300
vt 0.19994100 0.08204300
vt 0.23386300 0.06136800
vt 0.23386300 0.06136800
vt 0.26960600 0.04370500
vt 0.26960600 0.04370500
vt 0.30730900 0.02903300
vt 0.30730900 0.02903300
vt 0.30730900 0.02903300
vt 0.30730900 0.02903300
vt 0.38623100 0.00904600
vt 0.38623100 0.00904600
vt 0.38623100 0.00904600
vt 0.38623100 0.00904600
vt 0.30832700 0.26511800
vt 0.28964500 0.29658600
vt 0.28964500 0.29658600
vt 0.27596500 0.33000400
vt 0.27596500 0.33000400
vt 0.26650900 0.36454700
vt 0.26053300 0.39969700
vt 0.26053300 0.39969700
vt 0.26053300 0.39969700
vt 0.73688700 0.39969700
vt 0.73688700 0.39969700
vt 0.73688700 0.39969700
vt 0.72952900 0.36475400
vt 0.72952900 0.36475400
vt 0.72952900 0.36475400
vt 0.71855400 0.33056100
vt 0.71855400 0.33056100
vt 0.70335200 0.29765800
vt 0.70335200 0.29765800
vt 0.68336100 0.26681800
vt 0.68336100 0.26681800
vt 0.65826600 0.23904000
vt 0.64365200 0.22647600
vt 0.64365200 0.22647600
vt 0.62823700 0.21537900
vt 0.62823700 0.21537900
vt 0.62823700 0.21537900
vt 0.61142400 0.20543300
vt 0.61142400 0.20543300
vt 0.61142400 0.20543300
vt 0.59374700 0.19706600
vt 0.59374700 0.19706600
vt 0.59374700 0.19706600
vt 0.57523300 0.19028700
vt 0.57523300 0.19028700
vt 0.55584100 0.18508000
vt 0.55584100 0.18508000
vt 0.55584100 0.18508000
vt 0.51607300 0.17949300
vt 0.47577600 0.17949100
vt 0.47577600 0.17949100
vt 0.43590100 0.18456100
vt 0.43590100 0.18456100
vt 0.43590100 0.18456100
vt 0.41622000 0.18936200
vt 0.41622000 0.18936200
vt 0.39763800 0.19562000
vt 0.39763800 0.19562000
vt 0.39763800 0.19562000
vt 0.37959900 0.20361200
vt 0.37959900 0.20361200
vt 0.36266600 0.21319300
vt 0.36266600 0.21319300
vt 0.34704600 0.22422000
vt 0.34704600 0.22422000
vt 0.33258800 0.23677900
vt 0.33258800 0.23677900
vt 0.33258800 0.23677900
vt 0.31990100 0.25028700
vt 0.31990100 0.25028700
vt 0.69856400 0.28928800
vt 0.69856400 0.28928800
vt 0.69856400 0.28928800
vt 0.47249600 0.07007100
vt 0.47249600 0.07007100
vt 0.47249600 0.07007100
vt 0.40459600 0.04301500
vt 0.40459600 0.04301500
vt 0.53202500 0.10234000
vt 0.53202500 0.10234000
vt 0.58266400 0.13875200
vt 0.58266400 0.13875200
vt 0.62476000 0.17820200
vt 0.62476000 0.17820200
vt 0.62476000 0.17820200
vt 0.62476000 0.17820200
vt 0.62476000 0.17820200
vt 0.62476000 0.17820200
vt 0.62476000 0.02221100
vt 1.00000000 0.02221100
vt 1.00000000 0.02221100
vt 1.00000000 0.02221100
vt 1.00000000 1.00000000
vt 0.57197700 1.00000000
vt 0.57197700 0.46745900
vt 0.57197700 0.46745900
vt 0.56812300 0.42502200
vt 0.56812300 0.42502200
vt 0.55522400 0.38311700
vt 0.55522400 0.38311700
vt 0.55522400 0.38311700
vt 0.53110400 0.34269200
vt 0.53110400 0.34269200
vt 0.51400300 0.32327400
vt 0.51400300 0.32327400
vt 0.49392100 0.30527000
vt 0.49392100 0.30527000
vt 0.47018700 0.28824600
vt 0.47018700 0.28824600
vt 0.44335400 0.27272300
vt 0.44335400 0.27272300
vt 0.41357600 0.25857800
vt 0.41357600 0.25857800
vt 0.38173800 0.24624600
vt 0.38173800 0.24624600
vt 0.34768300 0.23568700
vt 0.34768300 0.23568700
vt 0.34768300 0.23568700
vt 0.31151600 0.22695600
vt 0.31151600 0.22695600
vt 0.31151600 0.22695600
vt 0.27460600 0.22026400
vt 0.27460600 0.22026400
vt 0.27460600 0.22026400
vt 0.27460600 0.22026400
vt 0.23569700 0.21527200
vt 0.23569700 0.21527200
vt 0.23569700 0.21527200
vt 0.15729800 0.21049500
vt 0.15729800 0.21049500
vt 0.15729800 0.21049500
vt 0.15729800 0.21049500
vt 0.07838400 0.21134200
vt 0.07838400 0.21134200
vt 0.07838400 0.21134200
vt 0.00000000 0.21642600
vt 0.00000000 0.01136400
vt 0.00000000 0.01136400
vt 0.00000000 0.01136400
vt 0.00688300 0.00923200
vt 0.01472300 0.00733000
vt 0.01472300 0.00733000
vt 0.01472300 0.00733000
vt 0.01472300 0.00733000
vt 0.01472300 0.00733000
vt 0.03323600 0.00420000
vt 0.05545600 0.00195200
vt 0.05545600 0.00195200
vt 0.05545600 0.00195200
vt 0.08129900 0.00056400
vt 0.16579700 0.00104900
vt 0.24928600 0.00803700
vt 0.24928600 0.00803700
vt 0.32962500 0.02206500
vt 0.32962500 0.02206500
vt 0.37643900 0.73918500
vt 0.37370700 0.76142200
vt 0.37370700 0.76142200
vt 0.36413600 0.78321400
vt 0.35580600 0.79391900
vt 0.34533500 0.80358300
vt 0.33174800 0.81277800
vt 0.33174800 0.81277800
vt 0.31569400 0.82078500
vt 0.31569400 0.82078500
vt 0.31569400 0.82078500
vt 0.29741800 0.82752200
vt 0.29741800 0.82752200
vt 0.27672700 0.83309700
vt 0.27672700 0.83309700
vt 0.27672700 0.83309700
vt 0.25555800 0.83719600
vt 0.25555800 0.83719600
vt 0.25555800 0.83719600
vt 0.23235300 0.84030600
vt 0.23235300 0.84030600
vt 0.23235300 0.84030600
vt 0.18585300 0.84339900
vt 0.18585300 0.84339900
vt 0.18585300 0.84339900
vt 0.13886800 0.84360400
vt 0.09197900 0.84211200
vt 0.09197900 0.84211200
vt 0.04552100 0.83877500
vt 0.04552100 0.83877500
vt 0.00000000 0.83326300
vt 0.00000000 0.97942000
vt 0.00000000 0.97942000
vt 0.00000000 0.97942000
vt 0.08783900 0.99164400
vt 0.08783900 0.99164400
vt 0.17827100 0.99840400
vt 0.17827100 0.99840400
vt 0.26977400 0.99989500
vt 0.26977400 0.99989500
vt 0.36098200 0.99616900
vt 0.45001300 0.98614600
vt 0.45001300 0.98614600
vt 0.49323300 0.97830900
vt 0.49323300 0.97830900
vt 0.49323300 0.97830900
vt 0.53376500 0.96871600
vt 0.53376500 0.96871600
vt 0.57243700 0.95708900
vt 0.57243700 0.95708900
vt 0.60833300 0.94361900
vt 0.64117800 0.92844900
vt 0.64117800 0.92844900
vt 0.64117800 0.92844900
vt 0.67053400 0.91182900
vt 0.67053400 0.91182900
vt 0.69606100 0.89393900
vt 0.71785900 0.87472300
vt 0.71785900 0.87472300
vt 0.73531800 0.85497800
vt 0.73531800 0.85497800
vt 0.74934100 0.83399300
vt 0.76637700 0.79135200
vt 0.76637700 0.79135200
vt 0.77147900 0.74800500
vt 0.77147900 0.74800500
vt 0.77147900 0.33557300
vt 1.00000000 0.33557300
vt 1.00000000 0.18731600
vt 0.77147900 0.18731600
vt 0.77147900 0.00000000
vt 0.37643900 0.00000000
vt 0.37643900 0.18731600
vt 0.00000000 0.18731600
vt 0.00000000 0.33599300
vt 0.37643900 0.33599300
vt 0.00000000 1.00000000
vt 1.00000000 1.00000000
vt 1.00000000 0.00000000
vt 0.53891700 0.99896500
vt 0.53891700 0.99896500
vt 0.53891700 0.99896500
vt 0.46108300 0.99896500
vt 0.61622300 0.99003700
vt 0.61622300 0.99003700
vt 0.69154500 0.97057000
vt 0.69154500 0.97057000
vt 0.76276600 0.93931800
vt 0.79606700 0.91917200
vt 0.79606700 0.91917200
vt 0.79606700 0.91917200
vt 0.79606700 0.91917200
vt 0.79606700 0.91917200
vt 0.82744700 0.89614300
vt 0.88361200 0.84234300
vt 0.88361200 0.84234300
vt 0.88361200 0.84234300
vt 0.90805200 0.81195100
vt 0.92955400 0.77974100
vt 0.92955400 0.77974100
vt 0.96389200 0.70982900
vt 0.98621900 0.63531100
vt 0.98621900 0.63531100
vt 0.99763000 0.55833800
vt 0.99974500 0.48053300
vt 0.99974500 0.48053300
vt 0.99974500 0.48053300
vt 0.99974500 0.48053300
vt 0.99319400 0.40298600
vt 0.97650700 0.32699500
vt 0.97650700 0.32699500
vt 0.97650700 0.32699500
vt 0.94826800 0.25452100
vt 0.92955400 0.22025900
vt 0.92955400 0.22025900
vt 0.90800600 0.18798700
vt 0.85668100 0.12955400
vt 0.85668100 0.12955400
vt 0.82732800 0.10376100
vt 0.79606800 0.08082900
vt 0.79606800 0.08082900
vt 0.79606800 0.08082900
vt 0.76289800 0.06075400
vt 0.72782100 0.04354100
vt 0.72782100 0.04354100
vt 0.65424900 0.01828300
vt 0.57771100 0.00428400
vt 0.57771100 0.00428400
vt 0.50000000 0.00000000
vt 0.50000000 0.00000000
vt 0.42228900 0.00428400
vt 0.34575100 0.01828300
vt 0.34575100 0.01828300
vt 0.34575100 0.01828300
vt 0.27217900 0.04354100
vt 0.23710200 0.06075400
vt 0.23710200 0.06075400
vt 0.20393200 0.08082900
vt 0.17267200 0.10376100
vt 0.17267200 0.10376100
vt 0.17267200 0.10376100
vt 0.14331900 0.12955400
vt 0.14331900 0.12955400
vt 0.09199400 0.18798700
vt 0.09199400 0.18798700
vt 0.07044600 0.22025900
vt 0.05173200 0.25452100
vt 0.05173200 0.25452100
vt 0.05173200 0.25452100
vt 0.05173200 0.25452100
vt 0.05173200 0.25452100
vt 0.02349300 0.32699500
vt 0.00680600 0.40298600
vt 0.00680600 0.40298600
vt 0.00680600 0.40298600
vt 0.00680600 0.40298600
vt 0.00025400 0.48053300
vt 0.00236900 0.55833800
vt 0.00236900 0.55833800
vt 0.00236900 0.55833800
vt 0.00236900 0.55833800
vt 0.00236900 0.55833800
vt 0.01378100 0.63531100
vt 0.03610800 0.70982900
vt 0.03610800 0.70982900
vt 0.07044600 0.77974100
vt 0.09194800 0.81195100
vt 0.11638800 0.84234300
vt 0.17255300 0.89614300
vt 0.17255300 0.89614300
vt 0.20393300 0.91917200
vt 0.23723400 0.93931800
vt 0.23723400 0.93931800
vt 0.23723400 0.93931800
vt 0.30845500 0.97057000
vt 0.38377700 0.99003700
vt 0.38377700 0.99003700
vt 0.00000000 0.00000000
vt 0.52123300 0.19623300
vt 0.52123300 0.19623300
vt 0.56075600 0.20344700
vt 0.56075600 0.20344700
vt 0.59846000 0.21610400
vt 0.59846000 0.21610400
vt 0.59846000 0.21610400
vt 0.61624700 0.22460800
vt 0.61624700 0.22460800
vt 0.63298800 0.23447800
vt 0.63298800 0.23447800
vt 0.64856800 0.24561800
vt 0.66311000 0.25808800
vt 0.66311000 0.25808800
vt 0.68822600 0.28592800
vt 0.68822600 0.28592800
vt 0.70793200 0.31694700
vt 0.70793200 0.31694700
vt 0.72226100 0.35018300
vt 0.72226100 0.35018300
vt 0.73167400 0.38476200
vt 0.73167400 0.38476200
vt 0.73683500 0.42003600
vt 0.73683500 0.42003600
vt 0.73841600 0.45557900
vt 0.73841600 0.45557900
vt 0.73841600 0.99896700
vt 1.00000000 0.99896700
vt 1.00000000 0.02221100
vt 1.00000000 0.02221100
vt 1.00000000 0.02221100
vt 0.76422300 0.02221100
vt 0.76363600 0.16838800
vt 0.76363600 0.16838800
vt 0.76363600 0.16838800
vt 0.76363600 0.16838800
vt 0.76363600 0.16838800
vt 0.72290400 0.12102900
vt 0.72290400 0.12102900
vt 0.67395600 0.08016900
vt 0.67395600 0.08016900
vt 0.64668500 0.06274900
vt 0.61766700 0.04745700
vt 0.55584600 0.02370200
vt 0.55584600 0.02370200
vt 0.49058200 0.00863700
vt 0.52928000 0.84866100
vt 0.52928000 0.84866100
vt 0.48554000 0.84868400
vt 0.48554000 0.84868400
vt 0.57276600 0.84497500
vt 0.57276600 0.84497500
vt 0.57276600 0.84497500
vt 0.61524500 0.83674600
vt 0.61524500 0.83674600
vt 0.63599700 0.83054700
vt 0.63599700 0.83054700
vt 0.65543700 0.82308000
vt 0.65543700 0.82308000
vt 0.67421300 0.81399100
vt 0.67421300 0.81399100
vt 0.69157800 0.80352800
vt 0.70751500 0.79169800
vt 0.72200600 0.77852000
vt 0.73460200 0.76450300
vt 0.74571000 0.74929500
vt 0.74571000 0.74929500
vt 0.74571000 0.74929500
vt 0.76265100 0.71718300
vt 0.76265100 0.71718300
vt 0.76265100 0.71718300
vt 0.77352700 0.68343000
vt 0.77935800 0.64888400
vt 0.77935800 0.64888400
vt 0.78111400 0.61404900
vt 0.78111400 0.61404900
vt 0.78111400 0.00000000
vt 1.00000000 0.00000000
vt 1.00000000 0.00000000
vt 1.00000000 0.62832900
vt 1.00000000 0.62832900
vt 0.99519800 0.68981000
vt 0.97944000 0.75009500
vt 0.96681500 0.77945800
vt 0.96681500 0.77945800
vt 0.95116100 0.80738000
vt 0.95116100 0.80738000
vt 0.93208200 0.83447400
vt 0.93208200 0.83447400
vt 0.91041700 0.85967900
vt 0.88560900 0.88333600
vt 0.85806200 0.90491800
vt 0.82827900 0.92413400
vt 0.82827900 0.92413400
vt 0.79582000 0.94136100
vt 0.79582000 0.94136100
vt 0.72654700 0.96861800
vt 0.72654700 0.96861800
vt 0.65274600 0.98686900
vt 0.65274600 0.98686900
vt 0.65274600 0.98686900
vt 0.57648900 0.99692600
vt 0.57648900 0.99692600
vt 0.57648900 0.99692600
vt 0.49927400 1.00000000
vt 0.42218700 0.99688100
vt 0.42218700 0.99688100
vt 0.42218700 0.99688100
vt 0.34608100 0.98670700
vt 0.27246300 0.96831700
vt 0.20337200 0.94098500
vt 0.17099000 0.92376800
vt 0.14124700 0.90458100
vt 0.14124700 0.90458100
vt 0.11372000 0.88304400
vt 0.11372000 0.88304400
vt 0.11372000 0.88304400
vt 0.08893200 0.85944600
vt 0.06723800 0.83421700
vt 0.06723800 0.83421700
vt 0.04832200 0.80720200
vt 0.04832200 0.80720200
vt 0.03284400 0.77932100
vt 0.03284400 0.77932100
vt 0.02034500 0.74992800
vt 0.02034500 0.74992800
vt 0.00476500 0.68971400
vt 0.00476500 0.68971400
vt 0.00000000 0.62832900
vt 0.00000000 0.00000000
vt 0.23389800 0.00000000
vt 0.23389800 0.61404900
vt 0.23565200 0.64888400
vt 0.24146900 0.68343200
vt 0.24146900 0.68343200
vt 0.24146900 0.68343200
vt 0.25230200 0.71719400
vt 0.25230200 0.71719400
vt 0.25230200 0.71719400
vt 0.25230200 0.71719400
vt 0.26915700 0.74933500
vt 0.26915700 0.74933500
vt 0.26915700 0.74933500
vt 0.28021300 0.76457800
vt 0.28021300 0.76457800
vt 0.29275500 0.77864100
vt 0.29275500 0.77864100
vt 0.30719400 0.79182300
vt 0.30719400 0.79182300
vt 0.30719400 0.79182300
vt 0.32319900 0.80359600
vt 0.34059400 0.81401900
vt 0.35939000 0.82309300
vt 0.37882800 0.83055700
vt 0.39958900 0.83676700
vt 0.39958900 0.83676700
vt 0.44205300 0.84501000
vt 0.44205300 0.84501000
vt 0.42361700 0.00126200
vt 0.35612700 0.00042400
vt 0.28906500 0.00695100
vt 0.28906500 0.00695100
vt 0.25564500 0.01370800
vt 0.22405000 0.02273100
vt 0.22405000 0.02273100
vt 0.19283000 0.03464400
vt 0.19283000 0.03464400
vt 0.16362400 0.04904800
vt 0.13612500 0.06615000
vt 0.13612500 0.06615000
vt 0.11068700 0.08579200
vt 0.08770000 0.10749300
vt 0.06730400 0.13123000
vt 0.04999100 0.15637800
vt 0.04999100 0.15637800
vt 0.03525700 0.18346600
vt 0.03525700 0.18346600
vt 0.01443800 0.23996800
vt 0.01443800 0.23996800
vt 0.00331600 0.29858200
vt 0.00331600 0.29858200
vt 0.00000000 0.35795500
vt 0.00000000 0.35795500
vt 0.00000000 1.00000000
vt 0.00000000 1.00000000
vt 0.26158400 1.00000000
vt 0.26158400 0.39411200
vt 0.26158400 0.39411200
vt 0.26344700 0.35858400
vt 0.26344700 0.35858400
vt 0.26980600 0.32347300
vt 0.26980600 0.32347300
vt 0.28204700 0.28961300
vt 0.28204700 0.28961300
vt 0.28204700 0.28961300
vt 0.29101000 0.27333200
vt 0.30159600 0.25856000
vt 0.31441400 0.24471800
vt 0.31441400 0.24471800
vt 0.32899300 0.23254300
vt 0.32899300 0.23254300
vt 0.34509600 0.22216400
vt 0.34509600 0.22216400
vt 0.36292200 0.21339200
vt 0.36292200 0.21339200
vt 0.36292200 0.21339200
vt 0.38113400 0.20665000
vt 0.38113400 0.20665000
vt 0.38113400 0.20665000
vt 0.40085100 0.20131400
vt 0.40085100 0.20131400
vt 0.44061400 0.19521400
vt 0.48095800 0.19372400
vt 0.48095800 0.19372400
f 129/129/129 171/171/171 186/186/186
f 208/208/208 266/266/266 359/359/359
f 190/190/190 243/243/243 341/341/341
f 312/312/312 349/349/349 344/344/344
f 382/382/382 438/438/438 533/533/533
f 364/364/364 416/416/416 515/515/515
f 486/486/486 523/523/523 518/518/518
f 693/693/693 762/762/762 769/769/769
f 906/906/906 1058/1058/1058 963/963/963
f 1110/1110/1110 1165/1165/1165 1301/1301/1301
f 1601/1601/1601 1605/1605/1605 1599/1599/1599
f 1650/1650/1650 1648/1648/1648 1647/1647/1647
f 1762/1762/1762 1757/1757/1757 1759/1759/1759
f 2100/2100/2100 2000/2000/2000 2002/2002/2002
f 2125/2125/2125 2127/2127/2127 2051/2051/2051
f 2372/2372/2372 2373/2373/2373 2165/2165/2165
f 2215/2215/2215 2284/2284/2284 2286/2286/2286
f 2406/2406/2406 2430/2430/2430 2431/2431/2431
f 2486/2486/2486 2484/2484/2484 2540/2540/2540
f 2636/2636/2636 2583/2583/2583 2558/2558/2558
f 2656/2656/2656 2556/2556/2556 2555/2555/2555
f 2701/2701/2701 2657/2657/2657 2870/2870/2870
f 2761/2761/2761 2706/2706/2706 2703/2703/2703
f 185/185/185 180/180/180 156/156/156
f 340/340/340 261/261/261 239/239/239
f 315/315/315 316/316/316 348/348/348
f 311/311/311 314/314/314 351/351/351
f 514/514/514 434/434/434 412/412/412
f 488/488/488 490/490/490 525/525/525
f 485/485/485 489/489/489 522/522/522
f 596/596/596 589/589/589 575/575/575
f 556/556/556 593/593/593 546/546/546
f 535/535/535 537/537/537 551/551/551
f 552/552/552 548/548/548 534/534/534
f 744/744/744 764/764/764 720/720/720
f 915/915/915 976/976/976 1087/1087/1087
f 940/940/940 897/897/897 1008/1008/1008
f 898/898/898 939/939/939 928/928/928
f 970/970/970 913/913/913 1073/1073/1073
f 892/892/892 930/930/930 1000/1000/1000
f 1106/1106/1106 1250/1250/1250 1148/1148/1148
f 1099/1099/1099 1105/1105/1105 1147/1147/1147
f 1098/1098/1098 1146/1146/1146 1253/1253/1253
f 1178/1178/1178 1114/1114/1114 1336/1336/1336
f 1116/1116/1116 1179/1179/1179 1349/1349/1349
f 1101/1101/1101 1151/1151/1151 1258/1258/1258
f 1123/1123/1123 1095/1095/1095 1205/1205/1205
f 86/86/86 1289/1289/1289 1161/1161/1161
f 21/21/21 65/65/65 1201/1201/1201
f 1188/1188/1188 45/45/45 1117/1117/1117
f 49/49/49 1248/1248/1248 7/7/7
f 1323/1323/1323 53/53/53 14/14/14
f 1411/1411/1411 1373/1373/1373 1491/1491/1491
f 1380/1380/1380 1362/1362/1362 1438/1438/1438
f 1363/1363/1363 1382/1382/1382 1432/1432/1432
f 1536/1536/1536 1531/1531/1531 1530/1530/1530
f 1640/1640/1640 1649/1649/1649 1576/1576/1576
f 1639/1639/1639 1635/1635/1635 1644/1644/1644
f 1566/1566/1566 1562/1562/1562 1564/1564/1564
f 1637/1637/1637 1643/1643/1643 1573/1573/1573
f 1651/1651/1651 1642/1642/1642 1577/1577/1577
f 1578/1578/1578 1641/1641/1641 1579/1579/1579
f 1602/1602/1602 1600/1600/1600 1597/1597/1597
f 1646/1646/1646 1636/1636/1636 1633/1633/1633
f 1852/1852/1852 1858/1858/1858 1848/1848/1848
f 1847/1847/1847 1860/1860/1860 1846/1846/1846
f 1845/1845/1845 1856/1856/1856 1844/1844/1844
f 1857/1857/1857 1851/1851/1851 1849/1849/1849
f 1914/1914/1914 1931/1931/1931 1929/1929/1929
f 2027/2027/2027 2162/2162/2162 2148/2148/2148
f 2028/2028/2028 2147/2147/2147 2150/2150/2150
f 2024/2024/2024 2026/2026/2026 2152/2152/2152
f 2026/2026/2026 2027/2027/2027 2151/2151/2151
f 2151/2151/2151 2027/2027/2027 2149/2149/2149
f 2021/2021/2021 2023/2023/2023 2153/2153/2153
f 2022/2022/2022 2025/2025/2025 2154/2154/2154
f 2018/2018/2018 2020/2020/2020 2152/2152/2152
f 2026/2026/2026 2151/2151/2151 2152/2152/2152
f 2152/2152/2152 2155/2155/2155 2018/2018/2018
f 1964/1964/1964 1965/1965/1965 1963/1963/1963
f 1965/1965/1965 1966/1966/1966 1962/1962/1962
f 1962/1962/1962 1963/1963/1963 1965/1965/1965
f 1957/1957/1957 1960/1960/1960 1968/1968/1968
f 1959/1959/1959 1961/1961/1961 1967/1967/1967
f 1954/1954/1954 1956/1956/1956 1970/1970/1970
f 1956/1956/1956 1958/1958/1958 1966/1966/1966
f 1955/1955/1955 1969/1969/1969 1971/1971/1971
f 1951/1951/1951 1952/1952/1952 1975/1975/1975
f 1953/1953/1953 1954/1954/1954 1972/1972/1972
f 1950/1950/1950 1974/1974/1974 1976/1976/1976
f 1945/1945/1945 1948/1948/1948 1979/1979/1979
f 1948/1948/1948 1949/1949/1949 1977/1977/1977
f 1946/1946/1946 1981/1981/1981 1984/1984/1984
f 1942/1942/1942 1943/1943/1943 1985/1985/1985
f 1943/1943/1943 1945/1945/1945 1982/1982/1982
f 1935/1935/1935 1940/1940/1940 1991/1991/1991
f 1940/1940/1940 1942/1942/1942 1988/1988/1988
f 2099/2099/2099 1938/1938/1938 1996/1996/1996
f 1937/1937/1937 1934/1934/1934 1994/1994/1994
f 1993/1993/1993 1935/1935/1935 1991/1991/1991
f 2092/2092/2092 2096/2096/2096 2008/2008/2008
f 2094/2094/2094 2098/2098/2098 2004/2004/2004
f 2010/2010/2010 2095/2095/2095 2006/2006/2006
f 2088/2088/2088 2090/2090/2090 2012/2012/2012
f 2091/2091/2091 2093/2093/2093 2009/2009/2009
f 2089/2089/2089 2011/2011/2011 2013/2013/2013
f 2085/2085/2085 2087/2087/2087 2015/2015/2015
f 2087/2087/2087 2088/2088/2088 2014/2014/2014
f 2085/2085/2085 2015/2015/2015 2017/2017/2017
f 2082/2082/2082 2083/2083/2083 2018/2018/2018
f 2084/2084/2084 2086/2086/2086 2016/2016/2016
f 2018/2018/2018 2083/2083/2083 2017/2017/2017
f 2079/2079/2079 2080/2080/2080 2155/2155/2155
f 2080/2080/2080 2082/2082/2082 2018/2018/2018
f 2079/2079/2079 2155/2155/2155 2077/2077/2077
f 2072/2072/2072 2078/2078/2078 2157/2157/2157
f 2159/2159/2159 2077/2077/2077 2155/2155/2155
f 2102/2102/2102 2076/2076/2076 2074/2074/2074
f 2161/2161/2161 2102/2102/2102 2074/2074/2074
f 2073/2073/2073 2158/2158/2158 2160/2160/2160
f 1942/1942/1942 1985/1985/1985 1988/1988/1988
f 1944/1944/1944 1983/1983/1983 1986/1986/1986
f 1970/1970/1970 1956/1956/1956 1966/1966/1966
f 1947/1947/1947 1978/1978/1978 1980/1980/1980
f 2156/2156/2156 2081/2081/2081 2019/2019/2019
f 1972/1972/1972 1973/1973/1973 1953/1953/1953
f 2015/2015/2015 2087/2087/2087 2014/2014/2014
f 1939/1939/1939 1987/1987/1987 1990/1990/1990
f 2012/2012/2012 2090/2090/2090 2008/2008/2008
f 1941/1941/1941 1989/1989/1989 1992/1992/1992
f 2007/2007/2007 2096/2096/2096 2003/2003/2003
f 1936/1936/1936 1995/1995/1995 1997/1997/1997
f 2101/2101/2101 1998/1998/1998 1999/1999/1999
f 2001/2001/2001 2005/2005/2005 2097/2097/2097
f 2074/2074/2074 2076/2076/2076 2071/2071/2071
f 2075/2075/2075 2104/2104/2104 2069/2069/2069
f 2071/2071/2071 2076/2076/2076 2070/2070/2070
f 2103/2103/2103 2105/2105/2105 2068/2068/2068
f 2103/2103/2103 2068/2068/2068 2070/2070/2070
f 2065/2065/2065 2068/2068/2068 2105/2105/2105
f 2066/2066/2066 2106/2106/2106 2109/2109/2109
f 2061/2061/2061 2062/2062/2062 2113/2113/2113
f 2064/2064/2064 2067/2067/2067 2110/2110/2110
f 2052/2052/2052 2056/2056/2056 2120/2120/2120
f 2058/2058/2058 2061/2061/2061 2115/2115/2115
f 2045/2045/2045 2049/2049/2049 2130/2130/2130
f 2051/2051/2051 2054/2054/2054 2125/2125/2125
f 2138/2138/2138 2042/2042/2042 2135/2135/2135
f 2040/2040/2040 2041/2041/2041 2137/2137/2137
f 2044/2044/2044 2048/2048/2048 2133/2133/2133
f 2040/2040/2040 2140/2140/2140 2038/2038/2038
f 2036/2036/2036 2038/2038/2038 2142/2142/2142
f 2141/2141/2141 2037/2037/2037 2139/2139/2139
f 2032/2032/2032 2034/2034/2034 2143/2143/2143
f 2034/2034/2034 2035/2035/2035 2143/2143/2143
f 2030/2030/2030 2031/2031/2031 2162/2162/2162
f 2031/2031/2031 2032/2032/2032 2144/2144/2144
f 2027/2027/2027 2029/2029/2029 2030/2030/2030
f 2146/2146/2146 2162/2162/2162 2031/2031/2031
f 2162/2162/2162 2027/2027/2027 2030/2030/2030
f 2144/2144/2144 2146/2146/2146 2031/2031/2031
f 2139/2139/2139 2039/2039/2039 2138/2138/2138
f 2060/2060/2060 2111/2111/2111 2116/2116/2116
f 2063/2063/2063 2108/2108/2108 2112/2112/2112
f 2107/2107/2107 2065/2065/2065 2105/2105/2105
f 2142/2142/2142 2145/2145/2145 2033/2033/2033
f 2136/2136/2136 2043/2043/2043 2134/2134/2134
f 2059/2059/2059 2114/2114/2114 2117/2117/2117
f 2057/2057/2057 2118/2118/2118 2121/2121/2121
f 2134/2134/2134 2047/2047/2047 2132/2132/2132
f 2053/2053/2053 2119/2119/2119 2123/2123/2123
f 2131/2131/2131 2046/2046/2046 2129/2129/2129
f 2128/2128/2128 2050/2050/2050 2126/2126/2126
f 2055/2055/2055 2122/2122/2122 2124/2124/2124
f 2192/2192/2192 2394/2394/2394 2186/2186/2186
f 2395/2395/2395 2353/2353/2353 2183/2183/2183
f 2185/2185/2185 2396/2396/2396 2182/2182/2182
f 2353/2353/2353 2355/2355/2355 2181/2181/2181
f 2354/2354/2354 2180/2180/2180 2184/2184/2184
f 2178/2178/2178 2181/2181/2181 2355/2355/2355
f 2177/2177/2177 2356/2356/2356 2359/2359/2359
f 2172/2172/2172 2176/2176/2176 2363/2363/2363
f 2174/2174/2174 2179/2179/2179 2360/2360/2360
f 2164/2164/2164 2169/2169/2169 2369/2369/2369
f 2170/2170/2170 2172/2172/2172 2366/2366/2366
f 2330/2330/2330 2167/2167/2167 2377/2377/2377
f 2165/2165/2165 2163/2163/2163 2372/2372/2372
f 2386/2386/2386 2328/2328/2328 2384/2384/2384
f 2324/2324/2324 2326/2326/2326 2385/2385/2385
f 2329/2329/2329 2333/2333/2333 2380/2380/2380
f 2324/2324/2324 2387/2387/2387 2322/2322/2322
f 2320/2320/2320 2322/2322/2322 2391/2391/2391
f 2389/2389/2389 2323/2323/2323 2388/2388/2388
f 2317/2317/2317 2319/2319/2319 2390/2390/2390
f 2319/2319/2319 2321/2321/2321 2390/2390/2390
f 2315/2315/2315 2316/2316/2316 2313/2313/2313
f 2316/2316/2316 2317/2317/2317 2393/2393/2393
f 2311/2311/2311 2314/2314/2314 2315/2315/2315
f 2334/2334/2334 2313/2313/2313 2316/2316/2316
f 2313/2313/2313 2311/2311/2311 2315/2315/2315
f 2393/2393/2393 2334/2334/2334 2316/2316/2316
f 2388/2388/2388 2325/2325/2325 2386/2386/2386
f 2173/2173/2173 2361/2361/2361 2364/2364/2364
f 2175/2175/2175 2358/2358/2358 2362/2362/2362
f 2357/2357/2357 2178/2178/2178 2355/2355/2355
f 2391/2391/2391 2392/2392/2392 2318/2318/2318
f 2383/2383/2383 2327/2327/2327 2381/2381/2381
f 2168/2168/2168 2365/2365/2365 2368/2368/2368
f 2171/2171/2171 2367/2367/2367 2371/2371/2371
f 2382/2382/2382 2332/2332/2332 2379/2379/2379
f 2163/2163/2163 2370/2370/2370 2372/2372/2372
f 2378/2378/2378 2331/2331/2331 2375/2375/2375
f 2376/2376/2376 2166/2166/2166 2374/2374/2374
f 2311/2311/2311 2313/2313/2313 2336/2336/2336
f 2312/2312/2312 2335/2335/2335 2337/2337/2337
f 2309/2309/2309 2310/2310/2310 2342/2342/2342
f 2310/2310/2310 2311/2311/2311 2339/2339/2339
f 2339/2339/2339 2311/2311/2311 2338/2338/2338
f 2304/2304/2304 2306/2306/2306 2341/2341/2341
f 2307/2307/2307 2308/2308/2308 2340/2340/2340
f 2302/2302/2302 2305/2305/2305 2342/2342/2342
f 2310/2310/2310 2339/2339/2339 2342/2342/2342
f 2342/2342/2342 2343/2343/2343 2302/2302/2302
f 2248/2248/2248 2249/2249/2249 2247/2247/2247
f 2249/2249/2249 2250/2250/2250 2246/2246/2246
f 2246/2246/2246 2247/2247/2247 2249/2249/2249
f 2241/2241/2241 2243/2243/2243 2252/2252/2252
f 2244/2244/2244 2245/2245/2245 2251/2251/2251
f 2238/2238/2238 2240/2240/2240 2254/2254/2254
f 2240/2240/2240 2242/2242/2242 2250/2250/2250
f 2239/2239/2239 2253/2253/2253 2256/2256/2256
f 2235/2235/2235 2237/2237/2237 2258/2258/2258
f 2236/2236/2236 2238/2238/2238 2255/2255/2255
f 2234/2234/2234 2257/2257/2257 2260/2260/2260
f 2229/2229/2229 2232/2232/2232 2264/2264/2264
f 2232/2232/2232 2233/2233/2233 2261/2261/2261
f 2230/2230/2230 2265/2265/2265 2268/2268/2268
f 2226/2226/2226 2228/2228/2228 2269/2269/2269
f 2228/2228/2228 2229/2229/2229 2266/2266/2266
f 2221/2221/2221 2223/2223/2223 2275/2275/2275
f 2223/2223/2223 2226/2226/2226 2272/2272/2272
f 2217/2217/2217 2218/2218/2218 2280/2280/2280
f 2220/2220/2220 2222/2222/2222 2278/2278/2278
f 2277/2277/2277 2221/2221/2221 2275/2275/2275
f 2208/2208/2208 2211/2211/2211 2292/2292/2292
f 2212/2212/2212 2216/2216/2216 2287/2287/2287
f 2294/2294/2294 2210/2210/2210 2291/2291/2291
f 2205/2205/2205 2207/2207/2207 2295/2295/2295
f 2206/2206/2206 2209/2209/2209 2293/2293/2293
f 2204/2204/2204 2296/2296/2296 2298/2298/2298
f 2201/2201/2201 2203/2203/2203 2300/2300/2300
f 2202/2202/2202 2205/2205/2205 2297/2297/2297
f 2200/2200/2200 2299/2299/2299 2301/2301/2301
f 2198/2198/2198 2199/2199/2199 2302/2302/2302
f 2199/2199/2199 2200/2200/2200 2301/2301/2301
f 2302/2302/2302 2199/2199/2199 2301/2301/2301
f 2193/2193/2193 2195/2195/2195 2343/2343/2343
f 2196/2196/2196 2197/2197/2197 2303/2303/2303
f 2194/2194/2194 2345/2345/2345 2189/2189/2189
f 2191/2191/2191 2187/2187/2187 2347/2347/2347
f 2346/2346/2346 2188/2188/2188 2344/2344/2344
f 2351/2351/2351 2396/2396/2396 2190/2190/2190
f 2349/2349/2349 2352/2352/2352 2191/2191/2191
f 2190/2190/2190 2348/2348/2348 2350/2350/2350
f 2226/2226/2226 2269/2269/2269 2272/2272/2272
f 2227/2227/2227 2267/2267/2267 2270/2270/2270
f 2254/2254/2254 2240/2240/2240 2250/2250/2250
f 2231/2231/2231 2262/2262/2262 2263/2263/2263
f 2343/2343/2343 2195/2195/2195 2302/2302/2302
f 2255/2255/2255 2259/2259/2259 2236/2236/2236
f 2299/2299/2299 2202/2202/2202 2297/2297/2297
f 2225/2225/2225 2271/2271/2271 2273/2273/2273
f 2295/2295/2295 2207/2207/2207 2292/2292/2292
f 2224/2224/2224 2274/2274/2274 2276/2276/2276
f 2290/2290/2290 2211/2211/2211 2288/2288/2288
f 2219/2219/2219 2279/2279/2279 2282/2282/2282
f 2214/2214/2214 2281/2281/2281 2283/2283/2283
f 2285/2285/2285 2289/2289/2289 2213/2213/2213
f 2458/2458/2458 2459/2459/2459 2462/2462/2462
f 2467/2467/2467 2469/2469/2469 2472/2472/2472
f 2471/2471/2471 2473/2473/2473 2455/2455/2455
f 2473/2473/2473 2474/2474/2474 2455/2455/2455
f 2474/2474/2474 2476/2476/2476 2455/2455/2455
f 2476/2476/2476 2478/2478/2478 2450/2450/2450
f 2451/2451/2451 2477/2477/2477 2448/2448/2448
f 2478/2478/2478 2401/2401/2401 2447/2447/2447
f 2400/2400/2400 2397/2397/2397 2445/2445/2445
f 2399/2399/2399 2402/2402/2402 2443/2443/2443
f 2402/2402/2402 2404/2404/2404 2439/2439/2439
f 2398/2398/2398 2442/2442/2442 2446/2446/2446
f 2408/2408/2408 2412/2412/2412 2415/2415/2415
f 2405/2405/2405 2408/2408/2408 2437/2437/2437
f 2464/2464/2464 2470/2470/2470 2452/2452/2452
f 2456/2456/2456 2461/2461/2461 2468/2468/2468
f 2453/2453/2453 2457/2457/2457 2465/2465/2465
f 2410/2410/2410 2413/2413/2413 2422/2422/2422
f 2415/2415/2415 2416/2416/2416 2419/2419/2419
f 2475/2475/2475 2449/2449/2449 2454/2454/2454
f 2444/2444/2444 2403/2403/2403 2441/2441/2441
f 2414/2414/2414 2418/2418/2418 2420/2420/2420
f 2416/2416/2416 2417/2417/2417 2419/2419/2419
f 2440/2440/2440 2405/2405/2405 2437/2437/2437
f 2415/2415/2415 2421/2421/2421 2423/2423/2423
f 2406/2406/2406 2424/2424/2424 2426/2426/2426
f 2408/2408/2408 2425/2425/2425 2427/2427/2427
f 2436/2436/2436 2438/2438/2438 2411/2411/2411
f 2433/2433/2433 2435/2435/2435 2407/2407/2407
f 2409/2409/2409 2428/2428/2428 2429/2429/2429
f 2432/2432/2432 2434/2434/2434 2408/2408/2408
f 2554/2554/2554 2553/2553/2553 2552/2552/2552
f 2551/2551/2551 2550/2550/2550 2549/2549/2549
f 2554/2554/2554 2552/2552/2552 2551/2551/2551
f 2479/2479/2479 2554/2554/2554 2545/2545/2545
f 2554/2554/2554 2551/2551/2551 2548/2548/2548
f 2551/2551/2551 2549/2549/2549 2548/2548/2548
f 2548/2548/2548 2547/2547/2547 2546/2546/2546
f 2545/2545/2545 2544/2544/2544 2479/2479/2479
f 2543/2543/2543 2541/2541/2541 2480/2480/2480
f 2548/2548/2548 2546/2546/2546 2545/2545/2545
f 2554/2554/2554 2548/2548/2548 2545/2545/2545
f 2481/2481/2481 2479/2479/2479 2544/2544/2544
f 2542/2542/2542 2540/2540/2540 2483/2483/2483
f 2540/2540/2540 2539/2539/2539 2486/2486/2486
f 2485/2485/2485 2538/2538/2538 2536/2536/2536
f 2537/2537/2537 2535/2535/2535 2487/2487/2487
f 2535/2535/2535 2534/2534/2534 2487/2487/2487
f 2533/2533/2533 2530/2530/2530 2489/2489/2489
f 2531/2531/2531 2529/2529/2529 2490/2490/2490
f 2529/2529/2529 2528/2528/2528 2490/2490/2490
f 2527/2527/2527 2525/2525/2525 2494/2494/2494
f 2526/2526/2526 2524/2524/2524 2492/2492/2492
f 2523/2523/2523 2520/2520/2520 2496/2496/2496
f 2521/2521/2521 2519/2519/2519 2495/2495/2495
f 2519/2519/2519 2517/2517/2517 2495/2495/2495
f 2518/2518/2518 2516/2516/2516 2498/2498/2498
f 2495/2495/2495 2517/2517/2517 2499/2499/2499
f 2516/2516/2516 2514/2514/2514 2503/2503/2503
f 2513/2513/2513 2510/2510/2510 2504/2504/2504
f 2511/2511/2511 2509/2509/2509 2507/2507/2507
f 2512/2512/2512 2508/2508/2508 2506/2506/2506
f 2500/2500/2500 2515/2515/2515 2502/2502/2502
f 2537/2537/2537 2487/2487/2487 2486/2486/2486
f 2482/2482/2482 2481/2481/2481 2542/2542/2542
f 2532/2532/2532 2491/2491/2491 2488/2488/2488
f 2528/2528/2528 2492/2492/2492 2490/2490/2490
f 2522/2522/2522 2497/2497/2497 2493/2493/2493
f 2510/2510/2510 2505/2505/2505 2504/2504/2504
f 2504/2504/2504 2501/2501/2501 2513/2513/2513
f 2483/2483/2483 2482/2482/2482 2542/2542/2542
f 2484/2484/2484 2483/2483/2483 2540/2540/2540
f 2609/2609/2609 2608/2608/2608 2611/2611/2611
f 2607/2607/2607 2605/2605/2605 2612/2612/2612
f 2606/2606/2606 2604/2604/2604 2598/2598/2598
f 2604/2604/2604 2603/2603/2603 2598/2598/2598
f 2602/2602/2602 2601/2601/2601 2599/2599/2599
f 2598/2598/2598 2597/2597/2597 2595/2595/2595
f 2580/2580/2580 2579/2579/2579 2578/2578/2578
f 2578/2578/2578 2576/2576/2576 2573/2573/2573
f 2569/2569/2569 2566/2566/2566 2565/2565/2565
f 2564/2564/2564 2562/2562/2562 2567/2567/2567
f 2563/2563/2563 2560/2560/2560 2570/2570/2570
f 2559/2559/2559 2561/2561/2561 2654/2654/2654
f 2654/2654/2654 2653/2653/2653 2650/2650/2650
f 2647/2647/2647 2646/2646/2646 2650/2650/2650
f 2646/2646/2646 2645/2645/2645 2650/2650/2650
f 2645/2645/2645 2644/2644/2644 2643/2643/2643
f 2639/2639/2639 2635/2635/2635 2634/2634/2634
f 2633/2633/2633 2630/2630/2630 2628/2628/2628
f 2622/2622/2622 2620/2620/2620 2629/2629/2629
f 2621/2621/2621 2617/2617/2617 2627/2627/2627
f 2615/2615/2615 2613/2613/2613 2617/2617/2617
f 2613/2613/2613 2610/2610/2610 2617/2617/2617
f 2598/2598/2598 2595/2595/2595 2593/2593/2593
f 2593/2593/2593 2589/2589/2589 2598/2598/2598
f 2590/2590/2590 2585/2585/2585 2600/2600/2600
f 2586/2586/2586 2580/2580/2580 2567/2567/2567
f 2580/2580/2580 2578/2578/2578 2567/2567/2567
f 2577/2577/2577 2574/2574/2574 2568/2568/2568
f 2559/2559/2559 2654/2654/2654 2637/2637/2637
f 2655/2655/2655 2651/2651/2651 2640/2640/2640
f 2645/2645/2645 2643/2643/2643 2650/2650/2650
f 2643/2643/2643 2637/2637/2637 2650/2650/2650
f 2637/2637/2637 2632/2632/2632 2617/2617/2617
f 2631/2631/2631 2625/2625/2625 2619/2619/2619
f 2610/2610/2610 2606/2606/2606 2637/2637/2637
f 2606/2606/2606 2598/2598/2598 2586/2586/2586
f 2637/2637/2637 2606/2606/2606 2586/2586/2586
f 2567/2567/2567 2559/2559/2559 2586/2586/2586
f 2617/2617/2617 2610/2610/2610 2637/2637/2637
f 2656/2656/2656 2557/2557/2557 2556/2556/2556
f 2842/2842/2842 2840/2840/2840 2844/2844/2844
f 2841/2841/2841 2839/2839/2839 2843/2843/2843
f 2838/2838/2838 2836/2836/2836 2846/2846/2846
f 2836/2836/2836 2835/2835/2835 2848/2848/2848
f 2845/2845/2845 2837/2837/2837 2847/2847/2847
f 2835/2835/2835 2833/2833/2833 2851/2851/2851
f 2832/2832/2832 2830/2830/2830 2850/2850/2850
f 2834/2834/2834 2849/2849/2849 2847/2847/2847
f 2831/2831/2831 2829/2829/2829 2851/2851/2851
f 2829/2829/2829 2828/2828/2828 2851/2851/2851
f 2828/2828/2828 2827/2827/2827 2852/2852/2852
f 2827/2827/2827 2826/2826/2826 2852/2852/2852
f 2826/2826/2826 2824/2824/2824 2859/2859/2859
f 2824/2824/2824 2822/2822/2822 2859/2859/2859
f 2822/2822/2822 2820/2820/2820 2861/2861/2861
f 2820/2820/2820 2819/2819/2819 2865/2865/2865
f 2819/2819/2819 2817/2817/2817 2865/2865/2865
f 2817/2817/2817 2816/2816/2816 2867/2867/2867
f 2816/2816/2816 2815/2815/2815 2867/2867/2867
f 2815/2815/2815 2702/2702/2702 2868/2868/2868
f 2868/2868/2868 2702/2702/2702 2869/2869/2869
f 2702/2702/2702 2700/2700/2700 2869/2869/2869
f 2700/2700/2700 2699/2699/2699 2658/2658/2658
f 2658/2658/2658 2699/2699/2699 2659/2659/2659
f 2699/2699/2699 2698/2698/2698 2659/2659/2659
f 2698/2698/2698 2697/2697/2697 2659/2659/2659
f 2697/2697/2697 2694/2694/2694 2661/2661/2661
f 2694/2694/2694 2690/2690/2690 2666/2666/2666
f 2696/2696/2696 2663/2663/2663 2660/2660/2660
f 2690/2690/2690 2688/2688/2688 2687/2687/2687
f 2687/2687/2687 2684/2684/2684 2681/2681/2681
f 2684/2684/2684 2683/2683/2683 2681/2681/2681
f 2690/2690/2690 2687/2687/2687 2677/2677/2677
f 2686/2686/2686 2682/2682/2682 2679/2679/2679
f 2685/2685/2685 2680/2680/2680 2678/2678/2678
f 2818/2818/2818 2866/2866/2866 2863/2863/2863
f 2821/2821/2821 2864/2864/2864 2860/2860/2860
f 2851/2851/2851 2828/2828/2828 2852/2852/2852
f 2846/2846/2846 2844/2844/2844 2838/2838/2838
f 2690/2690/2690 2677/2677/2677 2676/2676/2676
f 2815/2815/2815 2868/2868/2868 2867/2867/2867
f 2689/2689/2689 2675/2675/2675 2674/2674/2674
f 2691/2691/2691 2673/2673/2673 2671/2671/2671
f 2692/2692/2692 2672/2672/2672 2669/2669/2669
f 2693/2693/2693 2670/2670/2670 2668/2668/2668
f 2853/2853/2853 2852/2852/2852 2826/2826/2826
f 2854/2854/2854 2853/2853/2853 2826/2826/2826
f 2693/2693/2693 2668/2668/2668 2667/2667/2667
f 2666/2666/2666 2665/2665/2665 2694/2694/2694
f 2857/2857/2857 2855/2855/2855 2825/2825/2825
f 2859/2859/2859 2856/2856/2856 2826/2826/2826
f 2664/2664/2664 2662/2662/2662 2695/2695/2695
f 2862/2862/2862 2858/2858/2858 2823/2823/2823
f 2735/2735/2735 2736/2736/2736 2732/2732/2732
f 2737/2737/2737 2738/2738/2738 2729/2729/2729
f 2732/2732/2732 2736/2736/2736 2730/2730/2730
f 2738/2738/2738 2739/2739/2739 2728/2728/2728
f 2739/2739/2739 2741/2741/2741 2727/2727/2727
f 2738/2738/2738 2728/2728/2728 2729/2729/2729
f 2740/2740/2740 2742/2742/2742 2726/2726/2726
f 2742/2742/2742 2745/2745/2745 2724/2724/2724
f 2725/2725/2725 2743/2743/2743 2722/2722/2722
f 2744/2744/2744 2746/2746/2746 2723/2723/2723
f 2746/2746/2746 2747/2747/2747 2721/2721/2721
f 2723/2723/2723 2746/2746/2746 2721/2721/2721
f 2747/2747/2747 2748/2748/2748 2720/2720/2720
f 2748/2748/2748 2749/2749/2749 2720/2720/2720
f 2750/2750/2750 2751/2751/2751 2717/2717/2717
f 2752/2752/2752 2754/2754/2754 2714/2714/2714
f 2712/2712/2712 2754/2754/2754 2710/2710/2710
f 2754/2754/2754 2755/2755/2755 2710/2710/2710
f 2757/2757/2757 2758/2758/2758 2709/2709/2709
f 2708/2708/2708 2760/2760/2760 2704/2704/2704
f 2759/2759/2759 2761/2761/2761 2703/2703/2703
f 2761/2761/2761 2763/2763/2763 2706/2706/2706
f 2705/2705/2705 2764/2764/2764 2814/2814/2814
f 2763/2763/2763 2765/2765/2765 2812/2812/2812
f 2765/2765/2765 2766/2766/2766 2810/2810/2810
f 2812/2812/2812 2765/2765/2765 2810/2810/2810
f 2766/2766/2766 2767/2767/2767 2808/2808/2808
f 2767/2767/2767 2768/2768/2768 2807/2807/2807
f 2768/2768/2768 2769/2769/2769 2805/2805/2805
f 2770/2770/2770 2771/2771/2771 2804/2804/2804
f 2772/2772/2772 2774/2774/2774 2802/2802/2802
f 2774/2774/2774 2775/2775/2775 2801/2801/2801
f 2773/2773/2773 2803/2803/2803 2806/2806/2806
f 2775/2775/2775 2778/2778/2778 2798/2798/2798
f 2778/2778/2778 2779/2779/2779 2795/2795/2795
f 2776/2776/2776 2797/2797/2797 2800/2800/2800
f 2780/2780/2780 2782/2782/2782 2794/2794/2794
f 2782/2782/2782 2783/2783/2783 2792/2792/2792
f 2791/2791/2791 2784/2784/2784 2789/2789/2789
f 2784/2784/2784 2785/2785/2785 2789/2789/2789
f 2785/2785/2785 2786/2786/2786 2788/2788/2788
f 2789/2789/2789 2785/2785/2785 2788/2788/2788
f 2786/2786/2786 2787/2787/2787 2788/2788/2788
f 2810/2810/2810 2766/2766/2766 2809/2809/2809
f 2807/2807/2807 2768/2768/2768 2805/2805/2805
f 2809/2809/2809 2766/2766/2766 2808/2808/2808
f 2753/2753/2753 2713/2713/2713 2715/2715/2715
f 2721/2721/2721 2747/2747/2747 2720/2720/2720
f 2733/2733/2733 2734/2734/2734 2731/2731/2731
f 2728/2728/2728 2739/2739/2739 2727/2727/2727
f 2756/2756/2756 2707/2707/2707 2711/2711/2711
f 2762/2762/2762 2811/2811/2811 2813/2813/2813
f 2781/2781/2781 2790/2790/2790 2793/2793/2793
f 2796/2796/2796 2799/2799/2799 2777/2777/2777
f 2801/2801/2801 2802/2802/2802 2774/2774/2774
f 2719/2719/2719 2720/2720/2720 2749/2749/2749
f 2807/2807/2807 2808/2808/2808 2767/2767/2767
f 2718/2718/2718 2719/2719/2719 2749/2749/2749
f 2716/2716/2716 2718/2718/2718 2749/2749/2749
f 2714/2714/2714 2716/2716/2716 2752/2752/2752
f 97/97/97 103/103/103 111/111/111
f 107/107/107 111/111/111 112/112/112
f 101/101/101 112/112/112 102/102/102
f 109/109/109 113/113/113 114/114/114
f 99/99/99 114/114/114 100/100/100
f 104/104/104 115/115/115 105/105/105
f 98/98/98 115/115/115 99/99/99
f 110/110/110 114/114/114 115/115/115
f 100/100/100 113/113/113 101/101/101
f 108/108/108 112/112/112 113/113/113
f 102/102/102 111/111/111 103/103/103
f 106/106/106 97/97/97 111/111/111
f 154/154/154 181/181/181 184/184/184
f 142/142/142 176/176/176 184/184/184
f 168/168/168 116/116/116 184/184/184
f 232/232/232 337/337/337 257/257/257
f 305/305/305 306/306/306 337/337/337
f 338/338/338 237/237/237 339/339/339
f 289/289/289 290/290/290 339/339/339
f 342/342/342 193/193/193 343/343/343
f 347/347/347 343/343/343 245/245/245
f 278/278/278 293/293/293 347/347/347
f 358/358/358 353/353/353 203/203/203
f 357/357/357 358/358/358 210/210/210
f 271/271/271 272/272/272 358/358/358
f 201/201/201 249/249/249 353/353/353
f 195/195/195 263/263/263 343/343/343
f 335/335/335 352/352/352 336/336/336
f 296/296/296 352/352/352 297/297/297
f 355/355/355 356/356/356 214/214/214
f 323/323/323 324/324/324 354/354/354
f 262/262/262 354/354/354 220/220/220
f 350/350/350 354/354/354 222/222/222
f 355/355/355 217/217/217 354/354/354
f 188/188/188 356/356/356 296/296/296
f 356/356/356 355/355/355 329/329/329
f 297/297/297 346/346/346 298/298/298
f 284/284/284 285/285/285 343/343/343
f 345/345/345 350/350/350 226/226/226
f 299/299/299 338/338/338 339/339/339
f 338/338/338 337/337/337 234/234/234
f 231/231/231 257/257/257 337/337/337
f 405/405/405 511/511/511 431/431/431
f 477/477/477 478/478/478 511/511/511
f 512/512/512 410/410/410 513/513/513
f 462/462/462 463/463/463 513/513/513
f 516/516/516 366/366/366 517/517/517
f 521/521/521 517/517/517 418/418/418
f 451/451/451 466/466/466 521/521/521
f 532/532/532 527/527/527 376/376/376
f 531/531/531 532/532/532 383/383/383
f 444/444/444 445/445/445 532/532/532
f 374/374/374 422/422/422 527/527/527
f 368/368/368 436/436/436 517/517/517
f 509/509/509 526/526/526 510/510/510
f 469/469/469 526/526/526 470/470/470
f 529/529/529 530/530/530 387/387/387
f 497/497/497 498/498/498 528/528/528
f 393/393/393 426/426/426 528/528/528
f 398/398/398 428/428/428 524/524/524
f 529/529/529 390/390/390 528/528/528
f 361/361/361 530/530/530 469/469/469
f 530/530/530 529/529/529 503/503/503
f 470/470/470 520/520/520 471/471/471
f 457/457/457 458/458/458 517/517/517
f 519/519/519 524/524/524 399/399/399
f 472/472/472 512/512/512 513/513/513
f 512/512/512 511/511/511 407/407/407
f 404/404/404 431/431/431 511/511/511
f 559/559/559 565/565/565 594/594/594
f 547/547/547 579/579/579 580/580/580
f 563/563/563 595/595/595 564/564/564
f 570/570/570 597/597/597 598/598/598
f 561/561/561 598/598/598 562/562/562
f 566/566/566 599/599/599 567/567/567
f 560/560/560 599/599/599 561/561/561
f 571/571/571 598/598/598 599/599/599
f 562/562/562 597/597/597 563/563/563
f 541/541/541 553/553/553 600/600/600
f 545/545/545 554/554/554 600/600/600
f 585/585/585 586/586/586 600/600/600
f 573/573/573 595/595/595 572/572/572
f 564/564/564 594/594/594 565/565/565
f 557/557/557 559/559/559 594/594/594
f 610/610/610 663/663/663 611/611/611
f 664/664/664 669/669/669 606/606/606
f 601/601/601 669/669/669 603/603/603
f 664/664/664 665/665/665 602/602/602
f 620/620/620 665/665/665 621/621/621
f 662/662/662 666/666/666 667/667/667
f 668/668/668 667/667/667 622/622/622
f 670/670/670 668/668/668 625/625/625
f 647/647/647 648/648/648 670/670/670
f 642/642/642 670/670/670 634/634/634
f 655/655/655 656/656/656 667/667/667
f 619/619/619 666/666/666 620/620/620
f 661/661/661 665/665/665 666/666/666
f 617/617/617 665/665/665 664/664/664
f 605/605/605 607/607/607 669/669/669
f 664/664/664 663/663/663 612/612/612
f 608/608/608 663/663/663 609/609/609
f 704/704/704 710/710/710 761/761/761
f 761/761/761 723/723/723 724/724/724
f 708/708/708 763/763/763 709/709/709
f 715/715/715 765/765/765 766/766/766
f 706/706/706 766/766/766 707/707/707
f 711/711/711 767/767/767 712/712/712
f 705/705/705 767/767/767 706/706/706
f 716/716/716 766/766/766 767/767/767
f 707/707/707 765/765/765 708/708/708
f 768/768/768 770/770/770 688/688/688
f 738/738/738 739/739/739 771/771/771
f 681/681/681 701/701/701 771/771/771
f 671/671/671 772/772/772 773/773/773
f 754/754/754 773/773/773 755/755/755
f 760/760/760 774/774/774 775/775/775
f 752/752/752 775/775/775 753/753/753
f 756/756/756 775/775/775 757/757/757
f 753/753/753 774/774/774 754/754/754
f 759/759/759 773/773/773 774/774/774
f 674/674/674 697/697/697 771/771/771
f 743/743/743 773/773/773 772/772/772
f 770/770/770 771/771/771 684/684/684
f 768/768/768 729/729/729 730/730/730
f 718/718/718 763/763/763 717/717/717
f 709/709/709 761/761/761 710/710/710
f 848/848/848 875/875/875 849/849/849
f 844/844/844 876/876/876 845/845/845
f 852/852/852 876/876/876 853/853/853
f 847/847/847 877/877/877 878/878/878
f 878/878/878 865/865/865 879/879/879
f 831/831/831 832/832/832 880/880/880
f 881/881/881 864/864/864 882/882/882
f 820/820/820 821/821/821 883/883/883
f 889/889/889 883/883/883 780/780/780
f 789/789/789 794/794/794 888/888/888
f 810/810/810 888/888/888 809/809/809
f 801/801/801 886/886/886 887/887/887
f 806/806/806 885/885/885 807/807/807
f 798/798/798 885/885/885 799/799/799
f 802/802/802 884/884/884 803/803/803
f 797/797/797 884/884/884 798/798/798
f 808/808/808 885/885/885 884/884/884
f 800/800/800 885/885/885 886/886/886
f 805/805/805 886/886/886 806/806/806
f 887/887/887 888/888/888 790/790/790
f 783/783/783 796/796/796 889/889/889
f 814/814/814 815/815/815 889/889/889
f 883/883/883 882/882/882 777/777/777
f 862/862/862 872/872/872 881/881/881
f 859/859/859 870/870/870 880/880/880
f 824/824/824 825/825/825 881/881/881
f 880/880/880 879/879/879 856/856/856
f 879/879/879 835/835/835 836/836/836
f 851/851/851 877/877/877 852/852/852
f 846/846/846 876/876/876 877/877/877
f 854/854/854 876/876/876 875/875/875
f 843/843/843 875/875/875 844/844/844
f 981/981/981 982/982/982 890/890/890
f 890/890/890 995/995/995 996/996/996
f 895/895/895 1014/1014/1014 1015/1015/1015
f 904/904/904 1030/1030/1030 1031/1031/1031
f 907/907/907 1043/1043/1043 1044/1044/1044
f 910/910/910 965/965/965 959/959/959
f 910/910/910 972/972/972 1080/1080/1080
f 1081/1081/1081 1082/1082/1082 911/911/911
f 1083/1083/1083 1084/1084/1084 912/912/912
f 1089/1089/1089 1090/1090/1090 914/914/914
f 1092/1092/1092 916/916/916 1091/1091/1091
f 1075/1075/1075 1076/1076/1076 909/909/909
f 1054/1054/1054 1055/1055/1055 909/909/909
f 1040/1040/1040 1041/1041/1041 903/903/903
f 1025/1025/1025 1026/1026/1026 903/903/903
f 900/900/900 1009/1009/1009 941/941/941
f 1005/1005/1005 1006/1006/1006 899/899/899
f 899/899/899 1018/1018/1018 1019/1019/1019
f 1004/1004/1004 938/938/938 894/894/894
f 896/896/896 937/937/937 936/936/936
f 902/902/902 937/937/937 896/896/896
f 952/952/952 946/946/946 902/902/902
f 902/902/902 953/953/953 952/952/952
f 896/896/896 945/945/945 902/902/902
f 893/893/893 934/934/934 896/896/896
f 924/924/924 922/922/922 893/893/893
f 894/894/894 926/926/926 925/925/925
f 988/988/988 894/894/894 987/987/987
f 900/900/900 1021/1021/1021 1022/1022/1022
f 903/903/903 1035/1035/1035 1036/1036/1036
f 909/909/909 1050/1050/1050 1051/1051/1051
f 916/916/916 960/960/960 1072/1072/1072
f 914/914/914 1069/1069/1069 1070/1070/1070
f 912/912/912 1065/1065/1065 1066/1066/1066
f 1061/1061/1061 1062/1062/1062 910/910/910
f 1079/1079/1079 910/910/910 1078/1078/1078
f 908/908/908 1046/1046/1046 1047/1047/1047
f 1059/1059/1059 1060/1060/1060 908/908/908
f 904/904/904 950/950/950 1042/1042/1042
f 901/901/901 943/943/943 1027/1027/1027
f 1010/1010/1010 1011/1011/1011 895/895/895
f 1002/1002/1002 933/933/933 921/921/921
f 891/891/891 921/921/921 920/920/920
f 989/989/989 990/990/990 895/895/895
f 890/890/890 920/920/920 985/985/985
f 1184/1184/1184 1187/1187/1187 1093/1093/1093
f 1093/1093/1093 1225/1225/1225 1226/1226/1226
f 1100/1100/1100 1252/1252/1252 1254/1254/1254
f 1108/1108/1108 1276/1276/1276 1277/1277/1277
f 1329/1329/1329 1331/1331/1331 1112/1112/1112
f 1333/1333/1333 1334/1334/1334 1112/1112/1112
f 1343/1343/1343 1345/1345/1345 1113/1113/1113
f 1351/1351/1351 1353/1353/1353 1115/1115/1115
f 1318/1318/1318 1319/1319/1319 1109/1109/1109
f 1293/1293/1293 1295/1295/1295 1107/1107/1107
f 1266/1266/1266 1269/1269/1269 1107/1107/1107
f 1243/1243/1243 1103/1103/1103 1241/1241/1241
f 1239/1239/1239 1129/1129/1129 1102/1102/1102
f 1102/1102/1102 1136/1136/1136 1150/1150/1150
f 1096/1096/1096 1235/1235/1235 1236/1236/1236
f 1214/1214/1214 1097/1097/1097 1212/1212/1212
f 1207/1207/1207 1209/1209/1209 1096/1096/1096
f 1103/1103/1103 1260/1260/1260 1261/1261/1261
f 1109/1109/1109 1283/1283/1283 1284/1284/1284
f 1115/1115/1115 1313/1313/1313 1314/1314/1314
f 1113/1113/1113 1306/1306/1306 1307/1307/1307
f 1112/1112/1112 1302/1302/1302 1303/1303/1303
f 1326/1326/1326 1111/1111/1111 1325/1325/1325
f 1298/1298/1298 1108/1108/1108 1296/1296/1296
f 1271/1271/1271 1272/1272/1272 1104/1104/1104
f 1244/1244/1244 1144/1144/1144 1100/1100/1100
f 1094/1094/1094 1231/1231/1231 1232/1232/1232
f 1200/1200/1200 1202/1202/1202 1094/1094/1094
f 1216/1216/1216 1218/1218/1218 1100/1100/1100
f 1195/1195/1195 1197/1197/1197 1093/1093/1093
f 1356/1356/1356 1342/1342/1342 1357/1357/1357
f 1356/1356/1356 75/75/75 1358/1358/1358
f 1358/1358/1358 31/31/31 91/91/91
f 1346/1346/1346 90/90/90 1181/1181/1181
f 89/89/89 1347/1347/1347 90/90/90
f 88/88/88 1350/1350/1350 89/89/89
f 1352/1352/1352 38/38/38 39/39/39
f 93/93/93 1171/1171/1171 1354/1354/1354
f 92/92/92 1317/1317/1317 93/93/93
f 37/37/37 1321/1321/1321 1320/1320/1320
f 85/85/85 1159/1159/1159 1321/1321/1321
f 1292/1292/1292 1290/1290/1290 36/36/36
f 1153/1153/1153 1294/1294/1294 83/83/83
f 1267/1267/1267 1265/1265/1265 35/35/35
f 1140/1140/1140 34/34/34 1240/1240/1240
f 80/80/80 1242/1242/1242 1240/1240/1240
f 1238/1238/1238 1137/1137/1137 78/78/78
f 1360/1360/1360 72/72/72 71/71/71
f 26/26/26 1208/1208/1208 1127/1127/1127
f 22/22/22 66/66/66 1210/1210/1210
f 20/20/20 1199/1199/1199 1126/1126/1126
f 64/64/64 1203/1203/1203 1199/1199/1199
f 17/17/17 61/61/61 1206/1206/1206
f 1122/1122/1122 61/61/61 1192/1192/1192
f 60/60/60 1193/1193/1193 1192/1192/1192
f 16/16/16 1196/1196/1196 1193/1193/1193
f 58/58/58 1198/1198/1198 1196/1196/1196
f 56/56/56 1183/1183/1183 1120/1120/1120
f 1185/1185/1185 1183/1183/1183 3/3/3
f 46/46/46 1185/1185/1185 47/47/47
f 44/44/44 1186/1186/1186 46/46/46
f 43/43/43 1215/1215/1215 1119/1119/1119
f 1/1/1 1217/1217/1217 1215/1215/1215
f 41/41/41 1217/1217/1217 42/42/42
f 40/40/40 1245/1245/1245 1131/1131/1131
f 2/2/2 1143/1143/1143 1245/1245/1245
f 6/6/6 1246/1246/1246 10/10/10
f 1270/1270/1270 1142/1142/1142 8/8/8
f 11/11/11 1273/1273/1273 1270/1270/1270
f 51/51/51 1297/1297/1297 1156/1156/1156
f 1297/1297/1297 13/13/13 1299/1299/1299
f 54/54/54 1324/1324/1324 1166/1166/1166
f 1324/1324/1324 18/18/18 1327/1327/1327
f 19/19/19 1328/1328/1328 1173/1173/1173
f 67/67/67 1328/1328/1328 68/68/68
f 1175/1175/1175 1330/1330/1330 24/24/24
f 25/25/25 1335/1335/1335 1332/1332/1332
f 73/73/73 1335/1335/1335 74/74/74
f 1360/1360/1360 1213/1213/1213 1211/1211/1211
f 1360/1360/1360 1211/1211/1211 1130/1130/1130
f 28/28/28 72/72/72 1359/1359/1359
f 1358/1358/1358 1344/1344/1344 1356/1356/1356
f 1176/1176/1176 1337/1337/1337 29/29/29
f 1357/1357/1357 1342/1342/1342 1340/1340/1340
f 1357/1357/1357 77/77/77 30/30/30
f 1429/1429/1429 1430/1430/1430 1361/1361/1361
f 1361/1361/1361 1456/1456/1456 1457/1457/1457
f 1369/1369/1369 1477/1477/1477 1478/1478/1478
f 1372/1372/1372 1487/1487/1487 1488/1488/1488
f 1374/1374/1374 1420/1420/1420 1413/1413/1413
f 1413/1413/1413 1412/1412/1412 1490/1490/1490
f 1493/1493/1493 1421/1421/1421 1420/1420/1420
f 1372/1372/1372 1492/1492/1492 1419/1419/1419
f 1484/1484/1484 1485/1485/1485 1369/1369/1369
f 1473/1473/1473 1474/1474/1474 1369/1369/1369
f 1364/1364/1364 1465/1465/1465 1466/1466/1466
f 1470/1470/1470 1393/1393/1393 1367/1367/1367
f 1403/1403/1403 1394/1394/1394 1401/1401/1401
f 1414/1414/1414 1415/1415/1415 1416/1416/1416
f 1376/1376/1376 1422/1422/1422 1423/1423/1423
f 1371/1371/1371 1418/1418/1418 1408/1408/1408
f 1371/1371/1371 1398/1398/1398 1368/1368/1368
f 1368/1368/1368 1397/1397/1397 1395/1395/1395
f 1396/1396/1396 1395/1395/1395 1387/1387/1387
f 1387/1387/1387 1386/1386/1386 1385/1385/1385
f 1368/1368/1368 1407/1407/1407 1371/1371/1371
f 1425/1425/1425 1424/1424/1424 1377/1377/1377
f 1377/1377/1377 1426/1426/1426 1425/1425/1425
f 1377/1377/1377 1418/1418/1418 1376/1376/1376
f 1375/1375/1375 1415/1415/1415 1422/1422/1422
f 1375/1375/1375 1376/1376/1376 1417/1417/1417
f 1370/1370/1370 1406/1406/1406 1404/1404/1404
f 1370/1370/1370 1405/1405/1405 1414/1414/1414
f 1472/1472/1472 1367/1367/1367 1471/1471/1471
f 1367/1367/1367 1482/1482/1482 1402/1402/1402
f 1444/1444/1444 1445/1445/1445 1365/1365/1365
f 1441/1441/1441 1442/1442/1442 1364/1364/1364
f 1448/1448/1448 1449/1449/1449 1366/1366/1366
f 1435/1435/1435 1436/1436/1436 1364/1364/1364
f 1494/1494/1494 1906/1906/1906 1907/1907/1907
f 1894/1894/1894 1505/1505/1505 1893/1893/1893
f 1890/1890/1890 1891/1891/1891 1511/1511/1511
f 1888/1888/1888 1515/1515/1515 1887/1887/1887
f 1863/1863/1863 1861/1861/1861 1859/1859/1859
f 1528/1528/1528 1527/1527/1527 1560/1560/1560
f 1533/1533/1533 1535/1535/1535 1534/1534/1534
f 1554/1554/1554 1553/1553/1553 1538/1538/1538
f 1541/1541/1541 1539/1539/1539 1546/1546/1546
f 1544/1544/1544 1542/1542/1542 1545/1545/1545
f 1551/1551/1551 1550/1550/1550 1548/1548/1548
f 1558/1558/1558 1557/1557/1557 1535/1535/1535
f 1570/1570/1570 1569/1569/1569 1657/1657/1657
f 1624/1624/1624 1584/1584/1584 1583/1583/1583
f 1593/1593/1593 1592/1592/1592 1614/1614/1614
f 1627/1627/1627 1628/1628/1628 1645/1645/1645
f 1662/1662/1662 1664/1664/1664 1788/1788/1788
f 1663/1663/1663 1664/1664/1664 1662/1662/1662
f 1667/1667/1667 1665/1665/1665 1664/1664/1664
f 1667/1667/1667 1666/1666/1666 1668/1668/1668
f 1671/1671/1671 1673/1673/1673 1670/1670/1670
f 1678/1678/1678 1675/1675/1675 1677/1677/1677
f 1681/1681/1681 1682/1682/1682 1695/1695/1695
f 1683/1683/1683 1682/1682/1682 1681/1681/1681
f 1693/1693/1693 1684/1684/1684 1686/1686/1686
f 1690/1690/1690 1691/1691/1691 1688/1688/1688
f 1674/1674/1674 1691/1691/1691 1690/1690/1690
f 1671/1671/1671 1692/1692/1692 1691/1691/1691
f 1693/1693/1693 1694/1694/1694 1682/1682/1682
f 1697/1697/1697 1698/1698/1698 1699/1699/1699
f 1701/1701/1701 1700/1700/1700 1702/1702/1702
f 1705/1705/1705 1706/1706/1706 1696/1696/1696
f 1701/1701/1701 1704/1704/1704 1703/1703/1703
f 1709/1709/1709 1711/1711/1711 1712/1712/1712
f 1715/1715/1715 1713/1713/1713 1714/1714/1714
f 1716/1716/1716 1707/1707/1707 1718/1718/1718
f 1715/1715/1715 1717/1717/1717 1710/1710/1710
f 1722/1722/1722 1721/1721/1721 1719/1719/1719
f 1727/1727/1727 1724/1724/1724 1726/1726/1726
f 1726/1726/1726 1729/1729/1729 1730/1730/1730
f 1734/1734/1734 1731/1731/1731 1732/1732/1732
f 1736/1736/1736 1735/1735/1735 1733/1733/1733
f 1734/1734/1734 1738/1738/1738 1737/1737/1737
f 1741/1741/1741 1740/1740/1740 1739/1739/1739
f 1744/1744/1744 1743/1743/1743 1747/1747/1747
f 1746/1746/1746 1720/1720/1720 1745/1745/1745
f 1746/1746/1746 1742/1742/1742 1723/1723/1723
f 1749/1749/1749 1748/1748/1748 1725/1725/1725
f 1727/1727/1727 1751/1751/1751 1750/1750/1750
f 1752/1752/1752 1708/1708/1708 1753/1753/1753
f 1756/1756/1756 1760/1760/1760 1758/1758/1758
f 1755/1755/1755 1764/1764/1764 1760/1760/1760
f 1770/1770/1770 1772/1772/1772 1766/1766/1766
f 1771/1771/1771 1772/1772/1772 1770/1770/1770
f 1773/1773/1773 1774/1774/1774 1776/1776/1776
f 1773/1773/1773 1767/1767/1767 1772/1772/1772
f 1786/1786/1786 1781/1781/1781 1779/1779/1779
f 1782/1782/1782 1780/1780/1780 1781/1781/1781
f 1782/1782/1782 1787/1787/1787 1783/1783/1783
f 1785/1785/1785 1781/1781/1781 1786/1786/1786
f 1789/1789/1789 1792/1792/1792 1790/1790/1790
f 1795/1795/1795 1791/1791/1791 1794/1794/1794
f 1795/1795/1795 1796/1796/1796 1792/1792/1792
f 1790/1790/1790 1792/1792/1792 1797/1797/1797
f 1818/1818/1818 1819/1819/1819 1800/1800/1800
f 1811/1811/1811 1812/1812/1812 1805/1805/1805
f 1822/1822/1822 1823/1823/1823 1881/1881/1881
f 1874/1874/1874 1831/1831/1831 1832/1832/1832
f 1865/1865/1865 1840/1840/1840 1841/1841/1841
f 1850/1850/1850 1853/1853/1853 1859/1859/1859
f 1915/1915/1915 1912/1912/1912 1913/1913/1913
f 1912/1912/1912 1917/1917/1917 1913/1913/1913
f 1919/1919/1919 1918/1918/1918 1920/1920/1920
f 1921/1921/1921 1922/1922/1922 1923/1923/1923
f 1924/1924/1924 1925/1925/1925 1926/1926/1926
f 1921/1921/1921 1927/1927/1927 1928/1928/1928
f 1913/1913/1913 1933/1933/1933 1932/1932/1932
f 97/97/97 95/95/95 103/103/103
f 107/107/107 106/106/106 111/111/111
f 101/101/101 113/113/113 112/112/112
f 109/109/109 108/108/108 113/113/113
f 99/99/99 115/115/115 114/114/114
f 104/104/104 110/110/110 115/115/115
f 98/98/98 105/105/105 115/115/115
f 110/110/110 109/109/109 114/114/114
f 100/100/100 114/114/114 113/113/113
f 108/108/108 107/107/107 112/112/112
f 102/102/102 112/112/112 111/111/111
f 106/106/106 96/96/96 97/97/97
f 184/184/184 116/116/116 117/117/117
f 117/117/117 118/118/118 184/184/184
f 118/118/118 169/169/169 184/184/184
f 169/169/169 119/119/119 184/184/184
f 119/119/119 120/120/120 184/184/184
f 120/120/120 121/121/121 184/184/184
f 121/121/121 122/122/122 184/184/184
f 122/122/122 123/123/123 184/184/184
f 123/123/123 170/170/170 184/184/184
f 170/170/170 124/124/124 184/184/184
f 124/124/124 125/125/125 184/184/184
f 125/125/125 126/126/126 184/184/184
f 126/126/126 127/127/127 184/184/184
f 127/127/127 128/128/128 184/184/184
f 128/128/128 130/130/130 184/184/184
f 184/184/184 176/176/176 143/143/143
f 143/143/143 144/144/144 184/184/184
f 144/144/144 145/145/145 184/184/184
f 145/145/145 177/177/177 184/184/184
f 177/177/177 146/146/146 184/184/184
f 146/146/146 147/147/147 184/184/184
f 147/147/147 148/148/148 184/184/184
f 148/148/148 178/178/178 184/184/184
f 178/178/178 149/149/149 184/184/184
f 149/149/149 150/150/150 184/184/184
f 150/150/150 151/151/151 184/184/184
f 151/151/151 179/179/179 184/184/184
f 179/179/179 152/152/152 184/184/184
f 152/152/152 153/153/153 184/184/184
f 153/153/153 154/154/154 184/184/184
f 184/184/184 172/172/172 131/131/131
f 131/131/131 132/132/132 184/184/184
f 132/132/132 133/133/133 184/184/184
f 133/133/133 173/173/173 184/184/184
f 173/173/173 134/134/134 184/184/184
f 134/134/134 135/135/135 184/184/184
f 135/135/135 136/136/136 184/184/184
f 136/136/136 174/174/174 184/184/184
f 174/174/174 137/137/137 184/184/184
f 137/137/137 138/138/138 184/184/184
f 138/138/138 139/139/139 184/184/184
f 139/139/139 175/175/175 184/184/184
f 175/175/175 140/140/140 184/184/184
f 140/140/140 141/141/141 184/184/184
f 141/141/141 142/142/142 184/184/184
f 155/155/155 157/157/157 184/184/184
f 157/157/157 158/158/158 184/184/184
f 158/158/158 159/159/159 184/184/184
f 159/159/159 160/160/160 184/184/184
f 160/160/160 161/161/161 184/184/184
f 161/161/161 182/182/182 184/184/184
f 182/182/182 162/162/162 184/184/184
f 162/162/162 163/163/163 184/184/184
f 163/163/163 164/164/164 184/184/184
f 164/164/164 165/165/165 184/184/184
f 165/165/165 166/166/166 184/184/184
f 166/166/166 183/183/183 184/184/184
f 183/183/183 167/167/167 184/184/184
f 167/167/167 168/168/168 184/184/184
f 232/232/232 258/258/258 337/337/337
f 338/338/338 330/330/330 301/301/301
f 338/338/338 301/301/301 302/302/302
f 345/345/345 337/337/337 306/306/306
f 337/337/337 338/338/338 302/302/302
f 305/305/305 337/337/337 304/304/304
f 307/307/307 333/333/333 345/345/345
f 306/306/306 307/307/307 345/345/345
f 302/302/302 303/303/303 337/337/337
f 303/303/303 304/304/304 337/337/337
f 338/338/338 259/259/259 236/236/236
f 236/236/236 237/237/237 338/338/338
f 237/237/237 260/260/260 339/339/339
f 342/342/342 294/294/294 287/287/287
f 342/342/342 287/287/287 288/288/288
f 298/298/298 346/346/346 290/290/290
f 346/346/346 339/339/339 290/290/290
f 339/339/339 342/342/342 289/289/289
f 342/342/342 288/288/288 289/289/289
f 342/342/342 242/242/242 192/192/192
f 192/192/192 193/193/193 342/342/342
f 193/193/193 244/244/244 343/343/343
f 343/343/343 263/263/263 196/196/196
f 196/196/196 245/245/245 343/343/343
f 245/245/245 197/197/197 347/347/347
f 197/197/197 246/246/246 347/347/347
f 246/246/246 198/198/198 347/347/347
f 198/198/198 247/247/247 347/347/347
f 353/353/353 292/292/292 276/276/276
f 353/353/353 276/276/276 277/277/277
f 280/280/280 295/295/295 347/347/347
f 279/279/279 280/280/280 347/347/347
f 347/347/347 353/353/353 277/277/277
f 347/347/347 277/277/277 278/278/278
f 293/293/293 279/279/279 347/347/347
f 353/353/353 249/249/249 202/202/202
f 202/202/202 250/250/250 353/353/353
f 250/250/250 203/203/203 353/353/353
f 203/203/203 204/204/204 358/358/358
f 204/204/204 264/264/264 358/358/358
f 358/358/358 265/265/265 210/210/210
f 210/210/210 211/211/211 357/357/357
f 211/211/211 212/212/212 357/357/357
f 212/212/212 213/213/213 357/357/357
f 213/213/213 267/267/267 357/357/357
f 358/358/358 264/264/264 205/205/205
f 205/205/205 206/206/206 358/358/358
f 206/206/206 207/207/207 358/358/358
f 207/207/207 209/209/209 358/358/358
f 357/357/357 291/291/291 268/268/268
f 357/357/357 268/268/268 358/358/358
f 268/268/268 269/269/269 358/358/358
f 292/292/292 353/353/353 275/275/275
f 353/353/353 358/358/358 273/273/273
f 275/275/275 353/353/353 274/274/274
f 274/274/274 353/353/353 273/273/273
f 358/358/358 269/269/269 270/270/270
f 358/358/358 270/270/270 271/271/271
f 272/272/272 273/273/273 358/358/358
f 347/347/347 247/247/247 199/199/199
f 199/199/199 200/200/200 347/347/347
f 200/200/200 248/248/248 353/353/353
f 347/347/347 200/200/200 353/353/353
f 248/248/248 201/201/201 353/353/353
f 343/343/343 244/244/244 194/194/194
f 194/194/194 195/195/195 343/343/343
f 335/335/335 346/346/346 352/352/352
f 296/296/296 356/356/356 352/352/352
f 356/356/356 189/189/189 187/187/187
f 187/187/187 214/214/214 356/356/356
f 214/214/214 215/215/215 355/355/355
f 215/215/215 251/251/251 355/355/355
f 350/350/350 334/334/334 319/319/319
f 350/350/350 319/319/319 320/320/320
f 355/355/355 354/354/354 326/326/326
f 354/354/354 350/350/350 321/321/321
f 322/322/322 354/354/354 321/321/321
f 327/327/327 332/332/332 355/355/355
f 326/326/326 327/327/327 355/355/355
f 350/350/350 320/320/320 321/321/321
f 325/325/325 326/326/326 354/354/354
f 324/324/324 325/325/325 354/354/354
f 354/354/354 322/322/322 323/323/323
f 354/354/354 252/252/252 218/218/218
f 218/218/218 219/219/219 354/354/354
f 219/219/219 220/220/220 354/354/354
f 220/220/220 221/221/221 262/262/262
f 354/354/354 262/262/262 222/222/222
f 222/222/222 223/223/223 350/350/350
f 223/223/223 224/224/224 350/350/350
f 224/224/224 253/253/253 350/350/350
f 253/253/253 225/225/225 350/350/350
f 225/225/225 254/254/254 350/350/350
f 355/355/355 251/251/251 216/216/216
f 216/216/216 217/217/217 355/355/355
f 217/217/217 252/252/252 354/354/354
f 188/188/188 189/189/189 356/356/356
f 355/355/355 332/332/332 328/328/328
f 329/329/329 336/336/336 352/352/352
f 355/355/355 328/328/328 329/329/329
f 352/352/352 356/356/356 329/329/329
f 297/297/297 352/352/352 346/346/346
f 347/347/347 295/295/295 281/281/281
f 347/347/347 281/281/281 282/282/282
f 342/342/342 343/343/343 286/286/286
f 343/343/343 347/347/347 283/283/283
f 283/283/283 347/347/347 282/282/282
f 286/286/286 294/294/294 342/342/342
f 285/285/285 286/286/286 343/343/343
f 343/343/343 283/283/283 284/284/284
f 238/238/238 240/240/240 339/339/339
f 240/240/240 241/241/241 342/342/342
f 339/339/339 240/240/240 342/342/342
f 241/241/241 191/191/191 342/342/342
f 350/350/350 254/254/254 226/226/226
f 226/226/226 227/227/227 345/345/345
f 227/227/227 255/255/255 345/345/345
f 345/345/345 333/333/333 308/308/308
f 345/345/345 308/308/308 309/309/309
f 318/318/318 334/334/334 350/350/350
f 317/317/317 318/318/318 350/350/350
f 345/345/345 309/309/309 310/310/310
f 345/345/345 310/310/310 331/331/331
f 345/345/345 331/331/331 313/313/313
f 346/346/346 335/335/335 299/299/299
f 300/300/300 330/330/330 338/338/338
f 339/339/339 346/346/346 299/299/299
f 299/299/299 300/300/300 338/338/338
f 337/337/337 258/258/258 233/233/233
f 233/233/233 234/234/234 337/337/337
f 234/234/234 235/235/235 338/338/338
f 235/235/235 259/259/259 338/338/338
f 345/345/345 255/255/255 228/228/228
f 228/228/228 229/229/229 345/345/345
f 229/229/229 230/230/230 345/345/345
f 230/230/230 256/256/256 345/345/345
f 256/256/256 231/231/231 337/337/337
f 345/345/345 256/256/256 337/337/337
f 405/405/405 432/432/432 511/511/511
f 512/512/512 504/504/504 474/474/474
f 512/512/512 474/474/474 475/475/475
f 519/519/519 511/511/511 479/479/479
f 511/511/511 512/512/512 475/475/475
f 477/477/477 511/511/511 505/505/505
f 480/480/480 507/507/507 519/519/519
f 479/479/479 480/480/480 519/519/519
f 475/475/475 476/476/476 511/511/511
f 476/476/476 505/505/505 511/511/511
f 478/478/478 479/479/479 511/511/511
f 512/512/512 433/433/433 409/409/409
f 409/409/409 410/410/410 512/512/512
f 410/410/410 435/435/435 513/513/513
f 516/516/516 467/467/467 460/460/460
f 516/516/516 460/460/460 461/461/461
f 471/471/471 520/520/520 463/463/463
f 520/520/520 513/513/513 463/463/463
f 513/513/513 516/516/516 462/462/462
f 516/516/516 461/461/461 462/462/462
f 516/516/516 415/415/415 365/365/365
f 365/365/365 366/366/366 516/516/516
f 366/366/366 417/417/417 517/517/517
f 517/517/517 436/436/436 369/369/369
f 369/369/369 418/418/418 517/517/517
f 418/418/418 370/370/370 521/521/521
f 370/370/370 419/419/419 521/521/521
f 419/419/419 371/371/371 521/521/521
f 371/371/371 420/420/420 521/521/521
f 527/527/527 465/465/465 449/449/449
f 527/527/527 449/449/449 450/450/450
f 453/453/453 468/468/468 521/521/521
f 452/452/452 453/453/453 521/521/521
f 521/521/521 527/527/527 450/450/450
f 521/521/521 450/450/450 451/451/451
f 466/466/466 452/452/452 521/521/521
f 527/527/527 422/422/422 375/375/375
f 375/375/375 423/423/423 527/527/527
f 423/423/423 376/376/376 527/527/527
f 376/376/376 377/377/377 532/532/532
f 377/377/377 437/437/437 532/532/532
f 532/532/532 439/439/439 383/383/383
f 383/383/383 384/384/384 531/531/531
f 384/384/384 385/385/385 531/531/531
f 385/385/385 386/386/386 531/531/531
f 386/386/386 440/440/440 531/531/531
f 532/532/532 437/437/437 378/378/378
f 378/378/378 379/379/379 532/532/532
f 379/379/379 380/380/380 532/532/532
f 380/380/380 381/381/381 532/532/532
f 531/531/531 464/464/464 441/441/441
f 531/531/531 441/441/441 532/532/532
f 441/441/441 442/442/442 532/532/532
f 465/465/465 527/527/527 448/448/448
f 527/527/527 532/532/532 446/446/446
f 448/448/448 527/527/527 447/447/447
f 447/447/447 527/527/527 446/446/446
f 532/532/532 442/442/442 443/443/443
f 532/532/532 443/443/443 444/444/444
f 445/445/445 446/446/446 532/532/532
f 521/521/521 420/420/420 372/372/372
f 372/372/372 373/373/373 521/521/521
f 373/373/373 421/421/421 527/527/527
f 521/521/521 373/373/373 527/527/527
f 421/421/421 374/374/374 527/527/527
f 517/517/517 417/417/417 367/367/367
f 367/367/367 368/368/368 517/517/517
f 509/509/509 520/520/520 526/526/526
f 469/469/469 530/530/530 526/526/526
f 530/530/530 362/362/362 360/360/360
f 360/360/360 387/387/387 530/530/530
f 387/387/387 388/388/388 529/529/529
f 388/388/388 424/424/424 529/529/529
f 524/524/524 508/508/508 493/493/493
f 524/524/524 493/493/493 494/494/494
f 529/529/529 528/528/528 500/500/500
f 528/528/528 524/524/524 495/495/495
f 496/496/496 528/528/528 495/495/495
f 501/501/501 506/506/506 529/529/529
f 500/500/500 501/501/501 529/529/529
f 524/524/524 494/494/494 495/495/495
f 499/499/499 500/500/500 528/528/528
f 498/498/498 499/499/499 528/528/528
f 528/528/528 496/496/496 497/497/497
f 528/528/528 425/425/425 391/391/391
f 391/391/391 392/392/392 528/528/528
f 392/392/392 393/393/393 528/528/528
f 528/528/528 426/426/426 394/394/394
f 394/394/394 395/395/395 528/528/528
f 395/395/395 396/396/396 524/524/524
f 528/528/528 395/395/395 524/524/524
f 396/396/396 397/397/397 524/524/524
f 397/397/397 427/427/427 524/524/524
f 427/427/427 398/398/398 524/524/524
f 529/529/529 424/424/424 389/389/389
f 389/389/389 390/390/390 529/529/529
f 390/390/390 425/425/425 528/528/528
f 361/361/361 362/362/362 530/530/530
f 529/529/529 506/506/506 502/502/502
f 503/503/503 510/510/510 526/526/526
f 529/529/529 502/502/502 503/503/503
f 526/526/526 530/530/530 503/503/503
f 470/470/470 526/526/526 520/520/520
f 521/521/521 468/468/468 454/454/454
f 521/521/521 454/454/454 455/455/455
f 516/516/516 517/517/517 459/459/459
f 517/517/517 521/521/521 456/456/456
f 456/456/456 521/521/521 455/455/455
f 459/459/459 467/467/467 516/516/516
f 458/458/458 459/459/459 517/517/517
f 517/517/517 456/456/456 457/457/457
f 411/411/411 413/413/413 513/513/513
f 413/413/413 414/414/414 516/516/516
f 513/513/513 413/413/413 516/516/516
f 414/414/414 363/363/363 516/516/516
f 524/524/524 428/428/428 399/399/399
f 399/399/399 400/400/400 519/519/519
f 400/400/400 429/429/429 519/519/519
f 519/519/519 507/507/507 481/481/481
f 519/519/519 481/481/481 482/482/482
f 492/492/492 508/508/508 524/524/524
f 491/491/491 492/492/492 524/524/524
f 519/519/519 482/482/482 483/483/483
f 519/519/519 483/483/483 484/484/484
f 519/519/519 484/484/484 487/487/487
f 520/520/520 509/509/509 472/472/472
f 473/473/473 504/504/504 512/512/512
f 513/513/513 520/520/520 472/472/472
f 472/472/472 473/473/473 512/512/512
f 511/511/511 432/432/432 406/406/406
f 406/406/406 407/407/407 511/511/511
f 407/407/407 408/408/408 512/512/512
f 408/408/408 433/433/433 512/512/512
f 519/519/519 429/429/429 401/401/401
f 401/401/401 402/402/402 519/519/519
f 402/402/402 403/403/403 519/519/519
f 403/403/403 430/430/430 519/519/519
f 430/430/430 404/404/404 511/511/511
f 519/519/519 430/430/430 511/511/511
f 559/559/559 558/558/558 565/565/565
f 595/595/595 574/574/574 576/576/576
f 594/594/594 595/595/595 547/547/547
f 600/600/600 554/554/554 581/581/581
f 554/554/554 547/547/547 580/580/580
f 595/595/595 576/576/576 577/577/577
f 595/595/595 577/577/577 547/547/547
f 577/577/577 578/578/578 547/547/547
f 554/554/554 580/580/580 581/581/581
f 582/582/582 591/591/591 600/600/600
f 581/581/581 582/582/582 600/600/600
f 547/547/547 578/578/578 579/579/579
f 563/563/563 597/597/597 595/595/595
f 570/570/570 569/569/569 597/597/597
f 561/561/561 599/599/599 598/598/598
f 566/566/566 571/571/571 599/599/599
f 560/560/560 567/567/567 599/599/599
f 571/571/571 570/570/570 598/598/598
f 562/562/562 598/598/598 597/597/597
f 600/600/600 592/592/592 539/539/539
f 592/592/592 536/536/536 550/550/550
f 550/550/550 536/536/536 549/549/549
f 550/550/550 538/538/538 592/592/592
f 538/538/538 539/539/539 592/592/592
f 539/539/539 540/540/540 600/600/600
f 540/540/540 541/541/541 600/600/600
f 600/600/600 553/553/553 542/542/542
f 542/542/542 543/543/543 600/600/600
f 543/543/543 544/544/544 600/600/600
f 544/544/544 545/545/545 600/600/600
f 600/600/600 591/591/591 583/583/583
f 600/600/600 583/583/583 584/584/584
f 588/588/588 592/592/592 587/587/587
f 592/592/592 600/600/600 586/586/586
f 587/587/587 592/592/592 586/586/586
f 600/600/600 584/584/584 585/585/585
f 597/597/597 569/569/569 568/568/568
f 597/597/597 568/568/568 572/572/572
f 590/590/590 595/595/595 573/573/573
f 595/595/595 597/597/597 572/572/572
f 564/564/564 595/595/595 594/594/594
f 557/557/557 555/555/555 559/559/559
f 610/610/610 613/613/613 663/663/663
f 669/669/669 607/607/607 606/606/606
f 606/606/606 609/609/609 663/663/663
f 663/663/663 664/664/664 606/606/606
f 601/601/601 605/605/605 669/669/669
f 665/665/665 660/660/660 602/602/602
f 602/602/602 603/603/603 669/669/669
f 669/669/669 664/664/664 602/602/602
f 620/620/620 666/666/666 665/665/665
f 662/662/662 661/661/661 666/666/666
f 667/667/667 619/619/619 618/618/618
f 618/618/618 636/636/636 667/667/667
f 636/636/636 622/622/622 667/667/667
f 622/622/622 623/623/623 668/668/668
f 623/623/623 624/624/624 668/668/668
f 624/624/624 640/640/640 668/668/668
f 668/668/668 637/637/637 625/625/625
f 625/625/625 626/626/626 670/670/670
f 626/626/626 627/627/627 670/670/670
f 627/627/627 628/628/628 670/670/670
f 628/628/628 629/629/629 670/670/670
f 629/629/629 630/630/630 670/670/670
f 630/630/630 638/638/638 670/670/670
f 638/638/638 631/631/631 670/670/670
f 631/631/631 639/639/639 670/670/670
f 642/642/642 641/641/641 643/643/643
f 642/642/642 643/643/643 644/644/644
f 652/652/652 659/659/659 670/670/670
f 651/651/651 652/652/652 670/670/670
f 670/670/670 642/642/642 646/646/646
f 642/642/642 644/644/644 645/645/645
f 642/642/642 645/645/645 646/646/646
f 650/650/650 651/651/651 670/670/670
f 649/649/649 650/650/650 670/670/670
f 670/670/670 646/646/646 658/658/658
f 648/648/648 649/649/649 670/670/670
f 670/670/670 658/658/658 647/647/647
f 670/670/670 639/639/639 632/632/632
f 632/632/632 633/633/633 670/670/670
f 633/633/633 634/634/634 670/670/670
f 634/634/634 635/635/635 642/642/642
f 670/670/670 659/659/659 653/653/653
f 670/670/670 653/653/653 668/668/668
f 653/653/653 654/654/654 668/668/668
f 667/667/667 668/668/668 655/655/655
f 657/657/657 662/662/662 667/667/667
f 656/656/656 657/657/657 667/667/667
f 668/668/668 654/654/654 655/655/655
f 619/619/619 667/667/667 666/666/666
f 661/661/661 660/660/660 665/665/665
f 664/664/664 616/616/616 617/617/617
f 616/616/616 615/615/615 617/617/617
f 617/617/617 621/621/621 665/665/665
f 605/605/605 604/604/604 607/607/607
f 663/663/663 613/613/613 612/612/612
f 612/612/612 614/614/614 616/616/616
f 616/616/616 664/664/664 612/612/612
f 608/608/608 611/611/611 663/663/663
f 704/704/704 703/703/703 710/710/710
f 763/763/763 745/745/745 721/721/721
f 763/763/763 721/721/721 761/761/761
f 721/721/721 722/722/722 761/761/761
f 768/768/768 761/761/761 725/725/725
f 726/726/726 751/751/751 768/768/768
f 725/725/725 726/726/726 768/768/768
f 761/761/761 722/722/722 746/746/746
f 761/761/761 746/746/746 723/723/723
f 724/724/724 725/725/725 761/761/761
f 708/708/708 765/765/765 763/763/763
f 715/715/715 714/714/714 765/765/765
f 706/706/706 767/767/767 766/766/766
f 711/711/711 716/716/716 767/767/767
f 705/705/705 712/712/712 767/767/767
f 716/716/716 715/715/715 766/766/766
f 707/707/707 766/766/766 765/765/765
f 770/770/770 698/698/698 686/686/686
f 686/686/686 687/687/687 770/770/770
f 687/687/687 688/688/688 770/770/770
f 688/688/688 699/699/699 768/768/768
f 770/770/770 748/748/748 733/733/733
f 770/770/770 733/733/733 734/734/734
f 750/750/750 772/772/772 741/741/741
f 772/772/772 771/771/771 740/740/740
f 741/741/741 772/772/772 749/749/749
f 749/749/749 772/772/772 740/740/740
f 771/771/771 770/770/770 735/735/735
f 770/770/770 734/734/734 735/735/735
f 771/771/771 735/735/735 736/736/736
f 771/771/771 736/736/736 737/737/737
f 739/739/739 740/740/740 771/771/771
f 771/771/771 737/737/737 738/738/738
f 771/771/771 697/697/697 675/675/675
f 675/675/675 676/676/676 771/771/771
f 676/676/676 677/677/677 771/771/771
f 677/677/677 678/678/678 771/771/771
f 678/678/678 679/679/679 771/771/771
f 679/679/679 680/680/680 771/771/771
f 680/680/680 681/681/681 771/771/771
f 773/773/773 758/758/758 671/671/671
f 671/671/671 695/695/695 772/772/772
f 754/754/754 774/774/774 773/773/773
f 760/760/760 759/759/759 774/774/774
f 752/752/752 757/757/757 775/775/775
f 756/756/756 760/760/760 775/775/775
f 753/753/753 775/775/775 774/774/774
f 759/759/759 758/758/758 773/773/773
f 772/772/772 695/695/695 672/672/672
f 672/672/672 673/673/673 772/772/772
f 673/673/673 696/696/696 771/771/771
f 772/772/772 673/673/673 771/771/771
f 696/696/696 674/674/674 771/771/771
f 772/772/772 750/750/750 742/742/742
f 743/743/743 755/755/755 773/773/773
f 772/772/772 742/742/742 743/743/743
f 771/771/771 701/701/701 682/682/682
f 682/682/682 683/683/683 771/771/771
f 683/683/683 684/684/684 771/771/771
f 684/684/684 685/685/685 770/770/770
f 685/685/685 698/698/698 770/770/770
f 768/768/768 751/751/751 727/727/727
f 768/768/768 727/727/727 747/747/747
f 732/732/732 748/748/748 770/770/770
f 731/731/731 732/732/732 770/770/770
f 768/768/768 747/747/747 728/728/728
f 768/768/768 728/728/728 729/729/729
f 731/731/731 770/770/770 730/730/730
f 770/770/770 768/768/768 730/730/730
f 765/765/765 714/714/714 713/713/713
f 765/765/765 713/713/713 717/717/717
f 763/763/763 765/765/765 717/717/717
f 719/719/719 763/763/763 718/718/718
f 709/709/709 763/763/763 761/761/761
f 768/768/768 699/699/699 689/689/689
f 689/689/689 690/690/690 768/768/768
f 690/690/690 691/691/691 768/768/768
f 691/691/691 700/700/700 768/768/768
f 700/700/700 692/692/692 768/768/768
f 694/694/694 702/702/702 704/704/704
f 692/692/692 694/694/694 768/768/768
f 694/694/694 704/704/704 761/761/761
f 848/848/848 854/854/854 875/875/875
f 844/844/844 875/875/875 876/876/876
f 852/852/852 877/877/877 876/876/876
f 847/847/847 846/846/846 877/877/877
f 878/878/878 851/851/851 850/850/850
f 850/850/850 865/865/865 878/878/878
f 865/865/865 874/874/874 879/879/879
f 881/881/881 841/841/841 828/828/828
f 881/881/881 828/828/828 829/829/829
f 879/879/879 880/880/880 832/832/832
f 880/880/880 881/881/881 829/829/829
f 833/833/833 842/842/842 879/879/879
f 832/832/832 833/833/833 879/879/879
f 880/880/880 829/829/829 830/830/830
f 880/880/880 830/830/830 831/831/831
f 881/881/881 872/872/872 863/863/863
f 863/863/863 864/864/864 881/881/881
f 864/864/864 873/873/873 882/882/882
f 883/883/883 839/839/839 817/817/817
f 883/883/883 817/817/817 818/818/818
f 840/840/840 882/882/882 822/822/822
f 882/882/882 883/883/883 821/821/821
f 822/822/822 882/882/882 821/821/821
f 883/883/883 818/818/818 819/819/819
f 883/883/883 819/819/819 820/820/820
f 883/883/883 792/792/792 779/779/779
f 779/779/779 793/793/793 883/883/883
f 793/793/793 780/780/780 883/883/883
f 780/780/780 781/781/781 889/889/889
f 781/781/781 795/795/795 889/889/889
f 889/889/889 796/796/796 784/784/784
f 784/784/784 785/785/785 889/889/889
f 785/785/785 786/786/786 888/888/888
f 889/889/889 785/785/785 888/888/888
f 786/786/786 787/787/787 888/888/888
f 787/787/787 788/788/788 888/888/888
f 788/788/788 789/789/789 888/888/888
f 887/887/887 805/805/805 804/804/804
f 887/887/887 804/804/804 809/809/809
f 838/838/838 888/888/888 811/811/811
f 888/888/888 887/887/887 809/809/809
f 811/811/811 888/888/888 810/810/810
f 801/801/801 800/800/800 886/886/886
f 806/806/806 886/886/886 885/885/885
f 798/798/798 884/884/884 885/885/885
f 802/802/802 808/808/808 884/884/884
f 797/797/797 803/803/803 884/884/884
f 808/808/808 807/807/807 885/885/885
f 800/800/800 799/799/799 885/885/885
f 805/805/805 887/887/887 886/886/886
f 888/888/888 794/794/794 790/790/790
f 790/790/790 791/791/791 887/887/887
f 791/791/791 801/801/801 887/887/887
f 889/889/889 795/795/795 782/782/782
f 782/782/782 783/783/783 889/889/889
f 888/888/888 838/838/838 812/812/812
f 888/888/888 812/812/812 813/813/813
f 883/883/883 889/889/889 815/815/815
f 889/889/889 888/888/888 813/813/813
f 816/816/816 839/839/839 883/883/883
f 815/815/815 816/816/816 883/883/883
f 889/889/889 813/813/813 814/814/814
f 882/882/882 873/873/873 776/776/776
f 776/776/776 777/777/777 882/882/882
f 777/777/777 778/778/778 883/883/883
f 778/778/778 792/792/792 883/883/883
f 880/880/880 870/870/870 860/860/860
f 860/860/860 861/861/861 880/880/880
f 861/861/861 871/871/871 881/881/881
f 880/880/880 861/861/861 881/881/881
f 871/871/871 862/862/862 881/881/881
f 880/880/880 869/869/869 858/858/858
f 858/858/858 859/859/859 880/880/880
f 882/882/882 840/840/840 823/823/823
f 882/882/882 823/823/823 824/824/824
f 827/827/827 841/841/841 881/881/881
f 826/826/826 827/827/827 881/881/881
f 881/881/881 882/882/882 824/824/824
f 825/825/825 826/826/826 881/881/881
f 879/879/879 874/874/874 866/866/866
f 866/866/866 867/867/867 879/879/879
f 867/867/867 868/868/868 879/879/879
f 868/868/868 855/855/855 879/879/879
f 855/855/855 856/856/856 879/879/879
f 856/856/856 857/857/857 880/880/880
f 857/857/857 869/869/869 880/880/880
f 879/879/879 842/842/842 834/834/834
f 879/879/879 834/834/834 835/835/835
f 847/847/847 878/878/878 837/837/837
f 878/878/878 879/879/879 836/836/836
f 837/837/837 878/878/878 836/836/836
f 851/851/851 878/878/878 877/877/877
f 846/846/846 845/845/845 876/876/876
f 854/854/854 853/853/853 876/876/876
f 843/843/843 849/849/849 875/875/875
f 917/917/917 890/890/890 983/983/983
f 890/890/890 918/918/918 978/978/978
f 983/983/983 890/890/890 982/982/982
f 978/978/978 979/979/979 890/890/890
f 979/979/979 980/980/980 890/890/890
f 980/980/980 981/981/981 890/890/890
f 931/931/931 891/891/891 999/999/999
f 891/891/891 890/890/890 998/998/998
f 999/999/999 891/891/891 998/998/998
f 890/890/890 895/895/895 993/993/993
f 895/895/895 932/932/932 992/992/992
f 895/895/895 992/992/992 993/993/993
f 890/890/890 993/993/993 994/994/994
f 997/997/997 998/998/998 890/890/890
f 996/996/996 997/997/997 890/890/890
f 890/890/890 994/994/994 995/995/995
f 895/895/895 901/901/901 1014/1014/1014
f 901/901/901 944/944/944 1012/1012/1012
f 901/901/901 1012/1012/1012 1013/1013/1013
f 1017/1017/1017 932/932/932 895/895/895
f 1016/1016/1016 1017/1017/1017 895/895/895
f 901/901/901 1013/1013/1013 1014/1014/1014
f 1015/1015/1015 1016/1016/1016 895/895/895
f 944/944/944 901/901/901 1032/1032/1032
f 901/901/901 904/904/904 1031/1031/1031
f 1032/1032/1032 901/901/901 1031/1031/1031
f 904/904/904 951/951/951 1029/1029/1029
f 904/904/904 1029/1029/1029 1030/1030/1030
f 951/951/951 904/904/904 1044/1044/1044
f 904/904/904 907/907/907 1044/1044/1044
f 907/907/907 908/908/908 1043/1043/1043
f 908/908/908 958/958/958 1043/1043/1043
f 959/959/959 908/908/908 966/966/966
f 908/908/908 964/964/964 966/966/966
f 966/966/966 910/910/910 959/959/959
f 973/973/973 911/911/911 1080/1080/1080
f 911/911/911 910/910/910 1080/1080/1080
f 974/974/974 912/912/912 1082/1082/1082
f 912/912/912 911/911/911 1082/1082/1082
f 911/911/911 973/973/973 1081/1081/1081
f 975/975/975 914/914/914 1085/1085/1085
f 914/914/914 912/912/912 1084/1084/1084
f 1085/1085/1085 914/914/914 1084/1084/1084
f 912/912/912 974/974/974 1083/1083/1083
f 977/977/977 916/916/916 1090/1090/1090
f 916/916/916 914/914/914 1090/1090/1090
f 1086/1086/1086 1088/1088/1088 914/914/914
f 1088/1088/1088 1089/1089/1089 914/914/914
f 971/971/971 916/916/916 1092/1092/1092
f 916/916/916 977/977/977 1091/1091/1091
f 961/961/961 909/909/909 1077/1077/1077
f 909/909/909 916/916/916 1075/1075/1075
f 1077/1077/1077 909/909/909 1076/1076/1076
f 916/916/916 971/971/971 1075/1075/1075
f 956/956/956 905/905/905 1056/1056/1056
f 905/905/905 909/909/909 1055/1055/1055
f 1056/1056/1056 905/905/905 1055/1055/1055
f 909/909/909 961/961/961 1054/1054/1054
f 949/949/949 903/903/903 1041/1041/1041
f 903/903/903 905/905/905 1040/1040/1040
f 905/905/905 956/956/956 1038/1038/1038
f 1038/1038/1038 1039/1039/1039 905/905/905
f 1039/1039/1039 1040/1040/1040 905/905/905
f 942/942/942 900/900/900 1026/1026/1026
f 900/900/900 903/903/903 1026/1026/1026
f 903/903/903 949/949/949 1024/1024/1024
f 1024/1024/1024 1025/1025/1025 903/903/903
f 900/900/900 942/942/942 1009/1009/1009
f 899/899/899 900/900/900 1005/1005/1005
f 1007/1007/1007 899/899/899 1006/1006/1006
f 900/900/900 941/941/941 1005/1005/1005
f 899/899/899 938/938/938 1018/1018/1018
f 1019/1019/1019 947/947/947 899/899/899
f 938/938/938 899/899/899 927/927/927
f 927/927/927 894/894/894 938/938/938
f 894/894/894 935/935/935 1004/1004/1004
f 935/935/935 894/894/894 1003/1003/1003
f 894/894/894 893/893/893 936/936/936
f 1003/1003/1003 894/894/894 936/936/936
f 893/893/893 896/896/896 936/936/936
f 902/902/902 946/946/946 937/937/937
f 952/952/952 954/954/954 946/946/946
f 902/902/902 945/945/945 953/953/953
f 896/896/896 934/934/934 945/945/945
f 893/893/893 922/922/922 934/934/934
f 924/924/924 923/923/923 922/922/922
f 924/924/924 893/893/893 925/925/925
f 893/893/893 894/894/894 925/925/925
f 926/926/926 894/894/894 988/988/988
f 894/894/894 927/927/927 987/987/987
f 948/948/948 903/903/903 1023/1023/1023
f 903/903/903 900/900/900 1022/1022/1022
f 1023/1023/1023 903/903/903 1022/1022/1022
f 900/900/900 899/899/899 1021/1021/1021
f 899/899/899 947/947/947 1020/1020/1020
f 899/899/899 1020/1020/1020 1021/1021/1021
f 955/955/955 905/905/905 1037/1037/1037
f 905/905/905 903/903/903 1036/1036/1036
f 1037/1037/1037 905/905/905 1036/1036/1036
f 903/903/903 948/948/948 1033/1033/1033
f 903/903/903 1033/1033/1033 1034/1034/1034
f 903/903/903 1034/1034/1034 1035/1035/1035
f 909/909/909 905/905/905 1049/1049/1049
f 905/905/905 955/955/955 1048/1048/1048
f 905/905/905 1048/1048/1048 1049/1049/1049
f 1053/1053/1053 960/960/960 909/909/909
f 1052/1052/1052 1053/1053/1053 909/909/909
f 909/909/909 1049/1049/1049 1050/1050/1050
f 1051/1051/1051 1052/1052/1052 909/909/909
f 914/914/914 916/916/916 1072/1072/1072
f 1074/1074/1074 914/914/914 1072/1072/1072
f 916/916/916 909/909/909 960/960/960
f 968/968/968 912/912/912 1071/1071/1071
f 912/912/912 914/914/914 1070/1070/1070
f 1071/1071/1071 912/912/912 1070/1070/1070
f 914/914/914 969/969/969 1068/1068/1068
f 914/914/914 1068/1068/1068 1069/1069/1069
f 967/967/967 911/911/911 1067/1067/1067
f 911/911/911 912/912/912 1066/1066/1066
f 1067/1067/1067 911/911/911 1066/1066/1066
f 912/912/912 968/968/968 1064/1064/1064
f 912/912/912 1064/1064/1064 1065/1065/1065
f 965/965/965 910/910/910 1063/1063/1063
f 910/910/910 911/911/911 1061/1061/1061
f 1063/1063/1063 910/910/910 1062/1062/1062
f 911/911/911 967/967/967 1061/1061/1061
f 972/972/972 910/910/910 1079/1079/1079
f 910/910/910 966/966/966 1078/1078/1078
f 908/908/908 959/959/959 1045/1045/1045
f 908/908/908 1045/1045/1045 1046/1046/1046
f 1047/1047/1047 958/958/958 908/908/908
f 964/964/964 908/908/908 1060/1060/1060
f 908/908/908 907/907/907 1059/1059/1059
f 907/907/907 962/962/962 1059/1059/1059
f 907/907/907 957/957/957 1057/1057/1057
f 957/957/957 907/907/907 1042/1042/1042
f 907/907/907 904/904/904 1042/1042/1042
f 950/950/950 904/904/904 1028/1028/1028
f 904/904/904 901/901/901 1027/1027/1027
f 1028/1028/1028 904/904/904 1027/1027/1027
f 943/943/943 901/901/901 1011/1011/1011
f 901/901/901 895/895/895 1011/1011/1011
f 895/895/895 929/929/929 1010/1010/1010
f 921/921/921 891/891/891 1002/1002/1002
f 891/891/891 1001/1001/1001 1002/1002/1002
f 929/929/929 895/895/895 991/991/991
f 895/895/895 890/890/890 989/989/989
f 991/991/991 895/895/895 990/990/990
f 890/890/890 917/917/917 989/989/989
f 918/918/918 890/890/890 986/986/986
f 890/890/890 891/891/891 920/920/920
f 920/920/920 919/919/919 984/984/984
f 890/890/890 985/985/985 986/986/986
f 984/984/984 985/985/985 920/920/920
f 1118/1118/1118 1093/1093/1093 1190/1190/1190
f 1093/1093/1093 1121/1121/1121 1182/1182/1182
f 1190/1190/1190 1093/1093/1093 1187/1187/1187
f 1182/1182/1182 1184/1184/1184 1093/1093/1093
f 1133/1133/1133 1094/1094/1094 1230/1230/1230
f 1094/1094/1094 1093/1093/1093 1228/1228/1228
f 1230/1230/1230 1094/1094/1094 1229/1229/1229
f 1093/1093/1093 1100/1100/1100 1223/1223/1223
f 1100/1100/1100 1134/1134/1134 1221/1221/1221
f 1100/1100/1100 1221/1221/1221 1222/1222/1222
f 1229/1229/1229 1094/1094/1094 1228/1228/1228
f 1100/1100/1100 1222/1222/1222 1223/1223/1223
f 1227/1227/1227 1228/1228/1228 1093/1093/1093
f 1093/1093/1093 1223/1223/1223 1224/1224/1224
f 1093/1093/1093 1224/1224/1224 1225/1225/1225
f 1226/1226/1226 1227/1227/1227 1093/1093/1093
f 1104/1104/1104 1149/1149/1149 1249/1249/1249
f 1104/1104/1104 1249/1249/1249 1251/1251/1251
f 1256/1256/1256 1134/1134/1134 1100/1100/1100
f 1255/1255/1255 1256/1256/1256 1100/1100/1100
f 1254/1254/1254 1255/1255/1255 1100/1100/1100
f 1149/1149/1149 1104/1104/1104 1279/1279/1279
f 1104/1104/1104 1108/1108/1108 1278/1278/1278
f 1279/1279/1279 1104/1104/1104 1278/1278/1278
f 1108/1108/1108 1157/1157/1157 1274/1274/1274
f 1108/1108/1108 1274/1274/1274 1275/1275/1275
f 1108/1108/1108 1275/1275/1275 1276/1276/1276
f 1277/1277/1277 1278/1278/1278 1108/1108/1108
f 1157/1157/1157 1108/1108/1108 1163/1163/1163
f 1163/1163/1163 1167/1167/1167 1157/1157/1157
f 1167/1167/1167 1111/1111/1111 1157/1157/1157
f 1157/1157/1157 1111/1111/1111 1300/1300/1300
f 1174/1174/1174 1112/1112/1112 1331/1331/1331
f 1112/1112/1112 1111/1111/1111 1329/1329/1329
f 1111/1111/1111 1172/1172/1172 1329/1329/1329
f 1113/1113/1113 1112/1112/1112 1334/1334/1334
f 1338/1338/1338 1113/1113/1113 1334/1334/1334
f 1112/1112/1112 1174/1174/1174 1333/1333/1333
f 1180/1180/1180 1115/1115/1115 1345/1345/1345
f 1115/1115/1115 1113/1113/1113 1345/1345/1345
f 1113/1113/1113 1177/1177/1177 1339/1339/1339
f 1339/1339/1339 1341/1341/1341 1113/1113/1113
f 1341/1341/1341 1343/1343/1343 1113/1113/1113
f 1170/1170/1170 1115/1115/1115 1355/1355/1355
f 1355/1355/1355 1115/1115/1115 1353/1353/1353
f 1348/1348/1348 1351/1351/1351 1115/1115/1115
f 1160/1160/1160 1109/1109/1109 1322/1322/1322
f 1109/1109/1109 1115/1115/1115 1318/1318/1318
f 1322/1322/1322 1109/1109/1109 1319/1319/1319
f 1115/1115/1115 1170/1170/1170 1318/1318/1318
f 1154/1154/1154 1107/1107/1107 1295/1295/1295
f 1107/1107/1107 1109/1109/1109 1293/1293/1293
f 1109/1109/1109 1160/1160/1160 1287/1287/1287
f 1287/1287/1287 1291/1291/1291 1109/1109/1109
f 1291/1291/1291 1293/1293/1293 1109/1109/1109
f 1139/1139/1139 1103/1103/1103 1269/1269/1269
f 1103/1103/1103 1107/1107/1107 1269/1269/1269
f 1107/1107/1107 1154/1154/1154 1264/1264/1264
f 1264/1264/1264 1266/1266/1266 1107/1107/1107
f 1138/1138/1138 1103/1103/1103 1243/1243/1243
f 1103/1103/1103 1139/1139/1139 1241/1241/1241
f 1129/1129/1129 1097/1097/1097 1102/1102/1102
f 1102/1102/1102 1103/1103/1103 1138/1138/1138
f 1138/1138/1138 1239/1239/1239 1102/1102/1102
f 1136/1136/1136 1102/1102/1102 1237/1237/1237
f 1102/1102/1102 1097/1097/1097 1237/1237/1237
f 1097/1097/1097 1096/1096/1096 1236/1236/1236
f 1096/1096/1096 1135/1135/1135 1234/1234/1234
f 1096/1096/1096 1234/1234/1234 1235/1235/1235
f 1236/1236/1236 1237/1237/1237 1097/1097/1097
f 1128/1128/1128 1097/1097/1097 1214/1214/1214
f 1097/1097/1097 1129/1129/1129 1212/1212/1212
f 1125/1125/1125 1096/1096/1096 1209/1209/1209
f 1096/1096/1096 1097/1097/1097 1207/1207/1207
f 1097/1097/1097 1128/1128/1128 1207/1207/1207
f 1152/1152/1152 1107/1107/1107 1263/1263/1263
f 1107/1107/1107 1103/1103/1103 1261/1261/1261
f 1263/1263/1263 1107/1107/1107 1262/1262/1262
f 1103/1103/1103 1102/1102/1102 1259/1259/1259
f 1102/1102/1102 1257/1257/1257 1259/1259/1259
f 1262/1262/1262 1107/1107/1107 1261/1261/1261
f 1103/1103/1103 1259/1259/1259 1260/1260/1260
f 1107/1107/1107 1152/1152/1152 1280/1280/1280
f 1107/1107/1107 1280/1280/1280 1281/1281/1281
f 1286/1286/1286 1158/1158/1158 1109/1109/1109
f 1285/1285/1285 1286/1286/1286 1109/1109/1109
f 1109/1109/1109 1107/1107/1107 1282/1282/1282
f 1107/1107/1107 1281/1281/1281 1282/1282/1282
f 1284/1284/1284 1285/1285/1285 1109/1109/1109
f 1109/1109/1109 1282/1282/1282 1283/1283/1283
f 1169/1169/1169 1113/1113/1113 1316/1316/1316
f 1113/1113/1113 1115/1115/1115 1315/1315/1315
f 1316/1316/1316 1113/1113/1113 1315/1315/1315
f 1115/1115/1115 1109/1109/1109 1312/1312/1312
f 1109/1109/1109 1158/1158/1158 1310/1310/1310
f 1109/1109/1109 1310/1310/1310 1311/1311/1311
f 1109/1109/1109 1311/1311/1311 1312/1312/1312
f 1314/1314/1314 1315/1315/1315 1115/1115/1115
f 1115/1115/1115 1312/1312/1312 1313/1313/1313
f 1168/1168/1168 1112/1112/1112 1309/1309/1309
f 1112/1112/1112 1113/1113/1113 1307/1307/1307
f 1309/1309/1309 1112/1112/1112 1308/1308/1308
f 1113/1113/1113 1169/1169/1169 1305/1305/1305
f 1113/1113/1113 1305/1305/1305 1306/1306/1306
f 1308/1308/1308 1112/1112/1112 1307/1307/1307
f 1164/1164/1164 1111/1111/1111 1304/1304/1304
f 1111/1111/1111 1112/1112/1112 1303/1303/1303
f 1304/1304/1304 1111/1111/1111 1303/1303/1303
f 1112/1112/1112 1168/1168/1168 1302/1302/1302
f 1172/1172/1172 1111/1111/1111 1326/1326/1326
f 1111/1111/1111 1167/1167/1167 1325/1325/1325
f 1163/1163/1163 1108/1108/1108 1298/1298/1298
f 1108/1108/1108 1155/1155/1155 1296/1296/1296
f 1155/1155/1155 1108/1108/1108 1272/1272/1272
f 1108/1108/1108 1104/1104/1104 1272/1272/1272
f 1104/1104/1104 1141/1141/1141 1271/1271/1271
f 1141/1141/1141 1104/1104/1104 1247/1247/1247
f 1104/1104/1104 1100/1100/1100 1144/1144/1144
f 1247/1247/1247 1104/1104/1104 1144/1144/1144
f 1100/1100/1100 1132/1132/1132 1244/1244/1244
f 1135/1135/1135 1096/1096/1096 1233/1233/1233
f 1096/1096/1096 1094/1094/1094 1232/1232/1232
f 1233/1233/1233 1096/1096/1096 1232/1232/1232
f 1094/1094/1094 1133/1133/1133 1231/1231/1231
f 1094/1094/1094 1096/1096/1096 1200/1200/1200
f 1204/1204/1204 1094/1094/1094 1202/1202/1202
f 1096/1096/1096 1125/1125/1125 1200/1200/1200
f 1132/1132/1132 1100/1100/1100 1219/1219/1219
f 1100/1100/1100 1093/1093/1093 1216/1216/1216
f 1219/1219/1219 1100/1100/1100 1218/1218/1218
f 1093/1093/1093 1118/1118/1118 1216/1216/1216
f 1121/1121/1121 1093/1093/1093 1197/1197/1197
f 1093/1093/1093 1094/1094/1094 1195/1195/1195
f 1094/1094/1094 1124/1124/1124 1191/1191/1191
f 1191/1191/1191 1194/1194/1194 1094/1094/1094
f 1194/1194/1194 1195/1195/1195 1094/1094/1094
f 1356/1356/1356 1344/1344/1344 1342/1342/1342
f 1356/1356/1356 76/76/76 75/75/75
f 1358/1358/1358 75/75/75 31/31/31
f 1346/1346/1346 1358/1358/1358 91/91/91
f 91/91/91 90/90/90 1346/1346/1346
f 90/90/90 1347/1347/1347 1181/1181/1181
f 89/89/89 1350/1350/1350 1347/1347/1347
f 88/88/88 1352/1352/1352 1350/1350/1350
f 1352/1352/1352 88/88/88 38/38/38
f 39/39/39 94/94/94 1352/1352/1352
f 94/94/94 1354/1354/1354 1352/1352/1352
f 1354/1354/1354 94/94/94 93/93/93
f 93/93/93 1317/1317/1317 1171/1171/1171
f 92/92/92 1320/1320/1320 1317/1317/1317
f 1320/1320/1320 92/92/92 37/37/37
f 37/37/37 87/87/87 1321/1321/1321
f 1321/1321/1321 87/87/87 85/85/85
f 1288/1288/1288 85/85/85 1290/1290/1290
f 85/85/85 36/36/36 1290/1290/1290
f 36/36/36 84/84/84 1292/1292/1292
f 1292/1292/1292 84/84/84 1294/1294/1294
f 84/84/84 83/83/83 1294/1294/1294
f 83/83/83 82/82/82 1153/1153/1153
f 82/82/82 1265/1265/1265 1153/1153/1153
f 1265/1265/1265 82/82/82 35/35/35
f 35/35/35 81/81/81 1268/1268/1268
f 1268/1268/1268 1267/1267/1267 35/35/35
f 1268/1268/1268 81/81/81 1140/1140/1140
f 81/81/81 34/34/34 1140/1140/1140
f 32/32/32 80/80/80 1240/1240/1240
f 34/34/34 32/32/32 1240/1240/1240
f 80/80/80 79/79/79 1242/1242/1242
f 1242/1242/1242 79/79/79 1137/1137/1137
f 79/79/79 78/78/78 1137/1137/1137
f 78/78/78 1359/1359/1359 1238/1238/1238
f 1360/1360/1360 1359/1359/1359 72/72/72
f 1213/1213/1213 1360/1360/1360 71/71/71
f 71/71/71 27/27/27 1213/1213/1213
f 27/27/27 26/26/26 1127/1127/1127
f 26/26/26 70/70/70 1208/1208/1208
f 1127/1127/1127 1213/1213/1213 27/27/27
f 1208/1208/1208 70/70/70 1210/1210/1210
f 70/70/70 22/22/22 1210/1210/1210
f 1210/1210/1210 66/66/66 1126/1126/1126
f 66/66/66 20/20/20 1126/1126/1126
f 64/64/64 63/63/63 1203/1203/1203
f 1203/1203/1203 63/63/63 1206/1206/1206
f 63/63/63 17/17/17 1206/1206/1206
f 1206/1206/1206 61/61/61 1122/1122/1122
f 61/61/61 60/60/60 1192/1192/1192
f 60/60/60 59/59/59 1193/1193/1193
f 1193/1193/1193 59/59/59 16/16/16
f 16/16/16 58/58/58 1196/1196/1196
f 58/58/58 57/57/57 1198/1198/1198
f 1198/1198/1198 57/57/57 1120/1120/1120
f 57/57/57 56/56/56 1120/1120/1120
f 1183/1183/1183 56/56/56 3/3/3
f 3/3/3 4/4/4 1185/1185/1185
f 4/4/4 47/47/47 1185/1185/1185
f 46/46/46 1186/1186/1186 1185/1185/1185
f 44/44/44 1189/1189/1189 1186/1186/1186
f 44/44/44 43/43/43 1119/1119/1119
f 1215/1215/1215 43/43/43 5/5/5
f 1/1/1 42/42/42 1217/1217/1217
f 1215/1215/1215 5/5/5 1/1/1
f 41/41/41 1220/1220/1220 1217/1217/1217
f 1220/1220/1220 41/41/41 1131/1131/1131
f 41/41/41 40/40/40 1131/1131/1131
f 1245/1245/1245 40/40/40 2/2/2
f 2/2/2 9/9/9 1143/1143/1143
f 1246/1246/1246 1145/1145/1145 10/10/10
f 1246/1246/1246 48/48/48 1142/1142/1142
f 48/48/48 8/8/8 1142/1142/1142
f 8/8/8 50/50/50 1270/1270/1270
f 1270/1270/1270 50/50/50 11/11/11
f 11/11/11 52/52/52 1273/1273/1273
f 1273/1273/1273 52/52/52 1156/1156/1156
f 52/52/52 51/51/51 1156/1156/1156
f 1297/1297/1297 51/51/51 12/12/12
f 12/12/12 13/13/13 1297/1297/1297
f 13/13/13 55/55/55 1299/1299/1299
f 1299/1299/1299 55/55/55 1162/1162/1162
f 55/55/55 54/54/54 1166/1166/1166
f 1162/1162/1162 55/55/55 1166/1166/1166
f 15/15/15 18/18/18 1324/1324/1324
f 18/18/18 62/62/62 1327/1327/1327
f 1327/1327/1327 62/62/62 1173/1173/1173
f 62/62/62 19/19/19 1173/1173/1173
f 19/19/19 68/68/68 1328/1328/1328
f 67/67/67 1330/1330/1330 1328/1328/1328
f 1330/1330/1330 67/67/67 23/23/23
f 23/23/23 24/24/24 1330/1330/1330
f 24/24/24 69/69/69 1175/1175/1175
f 69/69/69 1332/1332/1332 1175/1175/1175
f 1332/1332/1332 69/69/69 25/25/25
f 25/25/25 74/74/74 1335/1335/1335
f 73/73/73 1337/1337/1337 1335/1335/1335
f 1238/1238/1238 1359/1359/1359 1130/1130/1130
f 1359/1359/1359 1360/1360/1360 1130/1130/1130
f 1359/1359/1359 78/78/78 33/33/33
f 33/33/33 28/28/28 1359/1359/1359
f 1358/1358/1358 1346/1346/1346 1344/1344/1344
f 1337/1337/1337 73/73/73 29/29/29
f 29/29/29 77/77/77 1340/1340/1340
f 77/77/77 1357/1357/1357 1340/1340/1340
f 1340/1340/1340 1176/1176/1176 29/29/29
f 76/76/76 1356/1356/1356 30/30/30
f 1356/1356/1356 1357/1357/1357 30/30/30
f 1378/1378/1378 1361/1361/1361 1431/1431/1431
f 1361/1361/1361 1379/1379/1379 1428/1428/1428
f 1431/1431/1431 1361/1361/1361 1430/1430/1430
f 1428/1428/1428 1429/1429/1429 1361/1361/1361
f 1389/1389/1389 1364/1364/1364 1463/1463/1463
f 1364/1364/1364 1361/1361/1361 1461/1461/1461
f 1463/1463/1463 1364/1364/1364 1462/1462/1462
f 1361/1361/1361 1366/1366/1366 1453/1453/1453
f 1366/1366/1366 1390/1390/1390 1451/1451/1451
f 1366/1366/1366 1451/1451/1451 1452/1452/1452
f 1462/1462/1462 1364/1364/1364 1461/1461/1461
f 1366/1366/1366 1452/1452/1452 1453/1453/1453
f 1460/1460/1460 1461/1461/1461 1361/1361/1361
f 1361/1361/1361 1453/1453/1453 1454/1454/1454
f 1361/1361/1361 1454/1454/1454 1455/1455/1455
f 1459/1459/1459 1460/1460/1460 1361/1361/1361
f 1458/1458/1458 1459/1459/1459 1361/1361/1361
f 1361/1361/1361 1455/1455/1455 1456/1456/1456
f 1457/1457/1457 1458/1458/1458 1361/1361/1361
f 1390/1390/1390 1366/1366/1366 1480/1480/1480
f 1366/1366/1366 1369/1369/1369 1478/1478/1478
f 1480/1480/1480 1366/1366/1366 1479/1479/1479
f 1369/1369/1369 1400/1400/1400 1475/1475/1475
f 1369/1369/1369 1475/1475/1475 1476/1476/1476
f 1479/1479/1479 1366/1366/1366 1478/1478/1478
f 1369/1369/1369 1476/1476/1476 1477/1477/1477
f 1400/1400/1400 1369/1369/1369 1489/1489/1489
f 1369/1369/1369 1372/1372/1372 1488/1488/1488
f 1489/1489/1489 1369/1369/1369 1488/1488/1488
f 1372/1372/1372 1374/1374/1374 1486/1486/1486
f 1374/1374/1374 1410/1410/1410 1486/1486/1486
f 1372/1372/1372 1486/1486/1486 1487/1487/1487
f 1374/1374/1374 1413/1413/1413 1490/1490/1490
f 1420/1420/1420 1374/1374/1374 1493/1493/1493
f 1374/1374/1374 1372/1372/1372 1493/1493/1493
f 1372/1372/1372 1419/1419/1419 1493/1493/1493
f 1372/1372/1372 1409/1409/1409 1492/1492/1492
f 1409/1409/1409 1372/1372/1372 1485/1485/1485
f 1372/1372/1372 1369/1369/1369 1485/1485/1485
f 1369/1369/1369 1399/1399/1399 1483/1483/1483
f 1483/1483/1483 1484/1484/1484 1369/1369/1369
f 1399/1399/1399 1369/1369/1369 1474/1474/1474
f 1369/1369/1369 1366/1366/1366 1473/1473/1473
f 1366/1366/1366 1388/1388/1388 1473/1473/1473
f 1391/1391/1391 1365/1365/1365 1468/1468/1468
f 1365/1365/1365 1364/1364/1364 1466/1466/1466
f 1468/1468/1468 1365/1365/1365 1467/1467/1467
f 1364/1364/1364 1389/1389/1389 1464/1464/1464
f 1364/1364/1364 1464/1464/1464 1465/1465/1465
f 1467/1467/1467 1365/1365/1365 1466/1466/1466
f 1384/1384/1384 1365/1365/1365 1469/1469/1469
f 1365/1365/1365 1391/1391/1391 1469/1469/1469
f 1367/1367/1367 1392/1392/1392 1470/1470/1470
f 1392/1392/1392 1384/1384/1384 1469/1469/1469
f 1470/1470/1470 1392/1392/1392 1469/1469/1469
f 1394/1394/1394 1367/1367/1367 1401/1401/1401
f 1401/1401/1401 1405/1405/1405 1404/1404/1404
f 1405/1405/1405 1370/1370/1370 1404/1404/1404
f 1401/1401/1401 1404/1404/1404 1403/1403/1403
f 1415/1415/1415 1375/1375/1375 1416/1416/1416
f 1416/1416/1416 1406/1406/1406 1414/1414/1414
f 1406/1406/1406 1370/1370/1370 1414/1414/1414
f 1423/1423/1423 1377/1377/1377 1376/1376/1376
f 1376/1376/1376 1375/1375/1375 1422/1422/1422
f 1371/1371/1371 1376/1376/1376 1418/1418/1418
f 1371/1371/1371 1408/1408/1408 1398/1398/1398
f 1368/1368/1368 1398/1398/1398 1397/1397/1397
f 1387/1387/1387 1385/1385/1385 1396/1396/1396
f 1396/1396/1396 1368/1368/1368 1395/1395/1395
f 1368/1368/1368 1396/1396/1396 1407/1407/1407
f 1425/1425/1425 1427/1427/1427 1424/1424/1424
f 1377/1377/1377 1423/1423/1423 1426/1426/1426
f 1377/1377/1377 1424/1424/1424 1418/1418/1418
f 1376/1376/1376 1371/1371/1371 1417/1417/1417
f 1371/1371/1371 1407/1407/1407 1417/1417/1417
f 1417/1417/1417 1416/1416/1416 1375/1375/1375
f 1392/1392/1392 1367/1367/1367 1472/1472/1472
f 1367/1367/1367 1394/1394/1394 1471/1471/1471
f 1367/1367/1367 1393/1393/1393 1481/1481/1481
f 1367/1367/1367 1481/1481/1481 1482/1482/1482
f 1402/1402/1402 1401/1401/1401 1367/1367/1367
f 1383/1383/1383 1365/1365/1365 1445/1445/1445
f 1365/1365/1365 1384/1384/1384 1443/1443/1443
f 1444/1444/1444 1365/1365/1365 1443/1443/1443
f 1381/1381/1381 1364/1364/1364 1442/1442/1442
f 1364/1364/1364 1365/1365/1365 1440/1440/1440
f 1440/1440/1440 1365/1365/1365 1439/1439/1439
f 1365/1365/1365 1383/1383/1383 1439/1439/1439
f 1440/1440/1440 1441/1441/1441 1364/1364/1364
f 1388/1388/1388 1366/1366/1366 1450/1450/1450
f 1366/1366/1366 1361/1361/1361 1448/1448/1448
f 1450/1450/1450 1366/1366/1366 1449/1449/1449
f 1361/1361/1361 1378/1378/1378 1446/1446/1446
f 1446/1446/1446 1447/1447/1447 1361/1361/1361
f 1447/1447/1447 1448/1448/1448 1361/1361/1361
f 1361/1361/1361 1364/1364/1364 1436/1436/1436
f 1437/1437/1437 1361/1361/1361 1436/1436/1436
f 1433/1433/1433 1434/1434/1434 1364/1364/1364
f 1434/1434/1434 1435/1435/1435 1364/1364/1364
f 1498/1498/1498 1898/1898/1898 1899/1899/1899
f 1498/1498/1498 1899/1899/1899 1900/1900/1900
f 1496/1496/1496 1497/1497/1497 1905/1905/1905
f 1497/1497/1497 1498/1498/1498 1903/1903/1903
f 1903/1903/1903 1498/1498/1498 1902/1902/1902
f 1495/1495/1495 1494/1494/1494 1907/1907/1907
f 1494/1494/1494 1496/1496/1496 1906/1906/1906
f 1906/1906/1906 1496/1496/1496 1905/1905/1905
f 1813/1813/1813 1812/1812/1812 1814/1814/1814
f 1812/1812/1812 1495/1495/1495 1908/1908/1908
f 1814/1814/1814 1812/1812/1812 1815/1815/1815
f 1815/1815/1815 1812/1812/1812 1911/1911/1911
f 1498/1498/1498 1900/1900/1900 1901/1901/1901
f 1498/1498/1498 1901/1901/1901 1902/1902/1902
f 1911/1911/1911 1812/1812/1812 1910/1910/1910
f 1910/1910/1910 1812/1812/1812 1909/1909/1909
f 1497/1497/1497 1903/1903/1903 1904/1904/1904
f 1497/1497/1497 1904/1904/1904 1905/1905/1905
f 1909/1909/1909 1812/1812/1812 1908/1908/1908
f 1907/1907/1907 1908/1908/1908 1495/1495/1495
f 1509/1509/1509 1510/1510/1510 1508/1508/1508
f 1510/1510/1510 1892/1892/1892 1507/1507/1507
f 1508/1508/1508 1510/1510/1510 1507/1507/1507
f 1892/1892/1892 1893/1893/1893 1506/1506/1506
f 1507/1507/1507 1892/1892/1892 1506/1506/1506
f 1505/1505/1505 1506/1506/1506 1893/1893/1893
f 1505/1505/1505 1894/1894/1894 1895/1895/1895
f 1503/1503/1503 1504/1504/1504 1896/1896/1896
f 1504/1504/1504 1505/1505/1505 1895/1895/1895
f 1501/1501/1501 1502/1502/1502 1898/1898/1898
f 1502/1502/1502 1503/1503/1503 1897/1897/1897
f 1499/1499/1499 1500/1500/1500 1898/1898/1898
f 1500/1500/1500 1501/1501/1501 1898/1898/1898
f 1898/1898/1898 1498/1498/1498 1499/1499/1499
f 1897/1897/1897 1898/1898/1898 1502/1502/1502
f 1503/1503/1503 1896/1896/1896 1897/1897/1897
f 1504/1504/1504 1895/1895/1895 1896/1896/1896
f 1515/1515/1515 1516/1516/1516 1513/1513/1513
f 1516/1516/1516 1889/1889/1889 1513/1513/1513
f 1889/1889/1889 1890/1890/1890 1512/1512/1512
f 1513/1513/1513 1889/1889/1889 1512/1512/1512
f 1513/1513/1513 1514/1514/1514 1515/1515/1515
f 1511/1511/1511 1512/1512/1512 1890/1890/1890
f 1510/1510/1510 1509/1509/1509 1891/1891/1891
f 1509/1509/1509 1511/1511/1511 1891/1891/1891
f 1859/1859/1859 1854/1854/1854 1519/1519/1519
f 1854/1854/1854 1855/1855/1855 1518/1518/1518
f 1519/1519/1519 1854/1854/1854 1518/1518/1518
f 1855/1855/1855 1887/1887/1887 1517/1517/1517
f 1519/1519/1519 1520/1520/1520 1859/1859/1859
f 1517/1517/1517 1518/1518/1518 1855/1855/1855
f 1516/1516/1516 1515/1515/1515 1888/1888/1888
f 1515/1515/1515 1517/1517/1517 1887/1887/1887
f 1859/1859/1859 1520/1520/1520 1521/1521/1521
f 1521/1521/1521 1522/1522/1522 1859/1859/1859
f 1522/1522/1522 1523/1523/1523 1859/1859/1859
f 1523/1523/1523 1524/1524/1524 1859/1859/1859
f 1524/1524/1524 1863/1863/1863 1859/1859/1859
f 1565/1565/1565 1563/1563/1563 1659/1659/1659
f 1563/1563/1563 1560/1560/1560 1525/1525/1525
f 1659/1659/1659 1563/1563/1563 1526/1526/1526
f 1560/1560/1560 1535/1535/1535 1528/1528/1528
f 1528/1528/1528 1535/1535/1535 1529/1529/1529
f 1527/1527/1527 1525/1525/1525 1560/1560/1560
f 1525/1525/1525 1526/1526/1526 1563/1563/1563
f 1533/1533/1533 1532/1532/1532 1535/1535/1535
f 1549/1549/1549 1548/1548/1548 1547/1547/1547
f 1547/1547/1547 1540/1540/1540 1538/1538/1538
f 1540/1540/1540 1539/1539/1539 1538/1538/1538
f 1538/1538/1538 1537/1537/1537 1554/1554/1554
f 1537/1537/1537 1534/1534/1534 1554/1554/1554
f 1553/1553/1553 1549/1549/1549 1538/1538/1538
f 1549/1549/1549 1547/1547/1547 1538/1538/1538
f 1535/1535/1535 1554/1554/1554 1534/1534/1534
f 1539/1539/1539 1540/1540/1540 1546/1546/1546
f 1546/1546/1546 1545/1545/1545 1541/1541/1541
f 1545/1545/1545 1542/1542/1542 1541/1541/1541
f 1544/1544/1544 1543/1543/1543 1542/1542/1542
f 1548/1548/1548 1549/1549/1549 1552/1552/1552
f 1552/1552/1552 1551/1551/1551 1548/1548/1548
f 1535/1535/1535 1560/1560/1560 1559/1559/1559
f 1535/1535/1535 1559/1559/1559 1561/1561/1561
f 1555/1555/1555 1554/1554/1554 1535/1535/1535
f 1556/1556/1556 1555/1555/1555 1535/1535/1535
f 1535/1535/1535 1561/1561/1561 1558/1558/1558
f 1557/1557/1557 1556/1556/1556 1535/1535/1535
f 1645/1645/1645 1575/1575/1575 1574/1574/1574
f 1653/1653/1653 1652/1652/1652 1572/1572/1572
f 1652/1652/1652 1638/1638/1638 1572/1572/1572
f 1655/1655/1655 1654/1654/1654 1571/1571/1571
f 1654/1654/1654 1653/1653/1653 1571/1571/1571
f 1571/1571/1571 1653/1653/1653 1572/1572/1572
f 1657/1657/1657 1656/1656/1656 1570/1570/1570
f 1656/1656/1656 1655/1655/1655 1570/1570/1570
f 1570/1570/1570 1655/1655/1655 1571/1571/1571
f 1565/1565/1565 1658/1658/1658 1569/1569/1569
f 1658/1658/1658 1657/1657/1657 1569/1569/1569
f 1568/1568/1568 1567/1567/1567 1565/1565/1565
f 1638/1638/1638 1574/1574/1574 1572/1572/1572
f 1569/1569/1569 1568/1568/1568 1565/1565/1565
f 1618/1618/1618 1619/1619/1619 1590/1590/1590
f 1618/1618/1618 1590/1590/1590 1589/1589/1589
f 1621/1621/1621 1620/1620/1620 1587/1587/1587
f 1620/1620/1620 1618/1618/1618 1588/1588/1588
f 1587/1587/1587 1620/1620/1620 1588/1588/1588
f 1623/1623/1623 1622/1622/1622 1585/1585/1585
f 1622/1622/1622 1621/1621/1621 1586/1586/1586
f 1586/1586/1586 1621/1621/1621 1587/1587/1587
f 1625/1625/1625 1624/1624/1624 1583/1583/1583
f 1624/1624/1624 1623/1623/1623 1584/1584/1584
f 1628/1628/1628 1626/1626/1626 1582/1582/1582
f 1626/1626/1626 1625/1625/1625 1583/1583/1583
f 1645/1645/1645 1628/1628/1628 1580/1580/1580
f 1626/1626/1626 1583/1583/1583 1582/1582/1582
f 1623/1623/1623 1585/1585/1585 1584/1584/1584
f 1618/1618/1618 1589/1589/1589 1588/1588/1588
f 1581/1581/1581 1580/1580/1580 1628/1628/1628
f 1622/1622/1622 1586/1586/1586 1585/1585/1585
f 1582/1582/1582 1581/1581/1581 1628/1628/1628
f 1603/1603/1603 1598/1598/1598 1608/1608/1608
f 1598/1598/1598 1596/1596/1596 1609/1609/1609
f 1609/1609/1609 1596/1596/1596 1610/1610/1610
f 1608/1608/1608 1607/1607/1607 1603/1603/1603
f 1609/1609/1609 1608/1608/1608 1598/1598/1598
f 1612/1612/1612 1611/1611/1611 1595/1595/1595
f 1611/1611/1611 1610/1610/1610 1596/1596/1596
f 1612/1612/1612 1594/1594/1594 1613/1613/1613
f 1614/1614/1614 1613/1613/1613 1593/1593/1593
f 1593/1593/1593 1613/1613/1613 1594/1594/1594
f 1616/1616/1616 1615/1615/1615 1591/1591/1591
f 1615/1615/1615 1614/1614/1614 1592/1592/1592
f 1618/1618/1618 1617/1617/1617 1619/1619/1619
f 1617/1617/1617 1616/1616/1616 1619/1619/1619
f 1591/1591/1591 1619/1619/1619 1616/1616/1616
f 1592/1592/1592 1591/1591/1591 1615/1615/1615
f 1594/1594/1594 1612/1612/1612 1595/1595/1595
f 1596/1596/1596 1595/1595/1595 1611/1611/1611
f 1603/1603/1603 1606/1606/1606 1604/1604/1604
f 1634/1634/1634 1632/1632/1632 1645/1645/1645
f 1632/1632/1632 1631/1631/1631 1645/1645/1645
f 1631/1631/1631 1630/1630/1630 1645/1645/1645
f 1630/1630/1630 1629/1629/1629 1645/1645/1645
f 1629/1629/1629 1627/1627/1627 1645/1645/1645
f 1664/1664/1664 1665/1665/1665 1788/1788/1788
f 1788/1788/1788 1661/1661/1661 1660/1660/1660
f 1660/1660/1660 1662/1662/1662 1788/1788/1788
f 1663/1663/1663 1666/1666/1666 1664/1664/1664
f 1664/1664/1664 1666/1666/1666 1667/1667/1667
f 1666/1666/1666 1669/1669/1669 1668/1668/1668
f 1691/1691/1691 1673/1673/1673 1671/1671/1671
f 1673/1673/1673 1672/1672/1672 1670/1670/1670
f 1678/1678/1678 1676/1676/1676 1675/1675/1675
f 1682/1682/1682 1694/1694/1694 1695/1695/1695
f 1695/1695/1695 1680/1680/1680 1679/1679/1679
f 1679/1679/1679 1681/1681/1681 1695/1695/1695
f 1683/1683/1683 1684/1684/1684 1682/1682/1682
f 1682/1682/1682 1684/1684/1684 1693/1693/1693
f 1684/1684/1684 1685/1685/1685 1686/1686/1686
f 1691/1691/1691 1692/1692/1692 1688/1688/1688
f 1688/1688/1688 1687/1687/1687 1689/1689/1689
f 1689/1689/1689 1690/1690/1690 1688/1688/1688
f 1674/1674/1674 1673/1673/1673 1691/1691/1691
f 1699/1699/1699 1701/1701/1701 1703/1703/1703
f 1703/1703/1703 1697/1697/1697 1699/1699/1699
f 1701/1701/1701 1699/1699/1699 1700/1700/1700
f 1704/1704/1704 1701/1701/1701 1696/1696/1696
f 1701/1701/1701 1702/1702/1702 1696/1696/1696
f 1702/1702/1702 1705/1705/1705 1696/1696/1696
f 1712/1712/1712 1715/1715/1715 1710/1710/1710
f 1710/1710/1710 1709/1709/1709 1712/1712/1712
f 1715/1715/1715 1712/1712/1712 1713/1713/1713
f 1717/1717/1717 1715/1715/1715 1718/1718/1718
f 1715/1715/1715 1714/1714/1714 1718/1718/1718
f 1714/1714/1714 1716/1716/1716 1718/1718/1718
f 1720/1720/1720 1746/1746/1746 1719/1719/1719
f 1746/1746/1746 1723/1723/1723 1719/1719/1719
f 1723/1723/1723 1722/1722/1722 1719/1719/1719
f 1727/1727/1727 1725/1725/1725 1724/1724/1724
f 1751/1751/1751 1727/1727/1727 1730/1730/1730
f 1727/1727/1727 1726/1726/1726 1730/1730/1730
f 1726/1726/1726 1728/1728/1728 1729/1729/1729
f 1734/1734/1734 1733/1733/1733 1731/1731/1731
f 1733/1733/1733 1734/1734/1734 1737/1737/1737
f 1737/1737/1737 1736/1736/1736 1733/1733/1733
f 1738/1738/1738 1734/1734/1734 1739/1739/1739
f 1734/1734/1734 1732/1732/1732 1739/1739/1739
f 1732/1732/1732 1741/1741/1741 1739/1739/1739
f 1747/1747/1747 1746/1746/1746 1745/1745/1745
f 1745/1745/1745 1744/1744/1744 1747/1747/1747
f 1746/1746/1746 1747/1747/1747 1742/1742/1742
f 1725/1725/1725 1727/1727/1727 1750/1750/1750
f 1750/1750/1750 1749/1749/1749 1725/1725/1725
f 1752/1752/1752 1754/1754/1754 1708/1708/1708
f 1756/1756/1756 1755/1755/1755 1760/1760/1760
f 1760/1760/1760 1764/1764/1764 1763/1763/1763
f 1763/1763/1763 1761/1761/1761 1760/1760/1760
f 1755/1755/1755 1765/1765/1765 1764/1764/1764
f 1772/1772/1772 1767/1767/1767 1766/1766/1766
f 1766/1766/1766 1768/1768/1768 1769/1769/1769
f 1769/1769/1769 1770/1770/1770 1766/1766/1766
f 1771/1771/1771 1774/1774/1774 1772/1772/1772
f 1772/1772/1772 1774/1774/1774 1773/1773/1773
f 1774/1774/1774 1775/1775/1775 1776/1776/1776
f 1781/1781/1781 1780/1780/1780 1779/1779/1779
f 1779/1779/1779 1777/1777/1777 1778/1778/1778
f 1778/1778/1778 1786/1786/1786 1779/1779/1779
f 1781/1781/1781 1787/1787/1787 1782/1782/1782
f 1787/1787/1787 1784/1784/1784 1783/1783/1783
f 1785/1785/1785 1787/1787/1787 1781/1781/1781
f 1789/1789/1789 1791/1791/1791 1792/1792/1792
f 1792/1792/1792 1791/1791/1791 1795/1795/1795
f 1791/1791/1791 1793/1793/1793 1794/1794/1794
f 1792/1792/1792 1796/1796/1796 1797/1797/1797
f 1797/1797/1797 1798/1798/1798 1799/1799/1799
f 1799/1799/1799 1790/1790/1790 1797/1797/1797
f 1804/1804/1804 1805/1805/1805 1816/1816/1816
f 1804/1804/1804 1816/1816/1816 1803/1803/1803
f 1816/1816/1816 1817/1817/1817 1802/1802/1802
f 1802/1802/1802 1803/1803/1803 1816/1816/1816
f 1800/1800/1800 1801/1801/1801 1818/1818/1818
f 1801/1801/1801 1802/1802/1802 1817/1817/1817
f 1818/1818/1818 1801/1801/1801 1817/1817/1817
f 1820/1820/1820 1885/1885/1885 1819/1819/1819
f 1885/1885/1885 1800/1800/1800 1819/1819/1819
f 1812/1812/1812 1813/1813/1813 1805/1805/1805
f 1805/1805/1805 1804/1804/1804 1806/1806/1806
f 1806/1806/1806 1807/1807/1807 1805/1805/1805
f 1807/1807/1807 1808/1808/1808 1805/1805/1805
f 1808/1808/1808 1809/1809/1809 1805/1805/1805
f 1809/1809/1809 1810/1810/1810 1805/1805/1805
f 1810/1810/1810 1811/1811/1811 1805/1805/1805
f 1885/1885/1885 1820/1820/1820 1884/1884/1884
f 1820/1820/1820 1821/1821/1821 1883/1883/1883
f 1884/1884/1884 1820/1820/1820 1883/1883/1883
f 1821/1821/1821 1822/1822/1822 1882/1882/1882
f 1883/1883/1883 1821/1821/1821 1882/1882/1882
f 1881/1881/1881 1882/1882/1882 1822/1822/1822
f 1825/1825/1825 1826/1826/1826 1824/1824/1824
f 1826/1826/1826 1881/1881/1881 1823/1823/1823
f 1824/1824/1824 1826/1826/1826 1823/1823/1823
f 1826/1826/1826 1825/1825/1825 1876/1876/1876
f 1825/1825/1825 1827/1827/1827 1877/1877/1877
f 1876/1876/1876 1825/1825/1825 1877/1877/1877
f 1827/1827/1827 1828/1828/1828 1878/1878/1878
f 1877/1877/1877 1827/1827/1827 1878/1878/1878
f 1879/1879/1879 1878/1878/1878 1828/1828/1828
f 1879/1879/1879 1829/1829/1829 1880/1880/1880
f 1875/1875/1875 1880/1880/1880 1830/1830/1830
f 1830/1830/1830 1880/1880/1880 1829/1829/1829
f 1873/1873/1873 1874/1874/1874 1832/1832/1832
f 1874/1874/1874 1875/1875/1875 1831/1831/1831
f 1831/1831/1831 1875/1875/1875 1830/1830/1830
f 1871/1871/1871 1872/1872/1872 1886/1886/1886
f 1872/1872/1872 1873/1873/1873 1886/1886/1886
f 1886/1886/1886 1870/1870/1870 1871/1871/1871
f 1832/1832/1832 1886/1886/1886 1873/1873/1873
f 1829/1829/1829 1879/1879/1879 1828/1828/1828
f 1870/1870/1870 1886/1886/1886 1833/1833/1833
f 1870/1870/1870 1833/1833/1833 1834/1834/1834
f 1868/1868/1868 1869/1869/1869 1836/1836/1836
f 1869/1869/1869 1870/1870/1870 1836/1836/1836
f 1866/1866/1866 1867/1867/1867 1839/1839/1839
f 1867/1867/1867 1868/1868/1868 1838/1838/1838
f 1837/1837/1837 1868/1868/1868 1836/1836/1836
f 1864/1864/1864 1865/1865/1865 1841/1841/1841
f 1865/1865/1865 1866/1866/1866 1840/1840/1840
f 1861/1861/1861 1862/1862/1862 1842/1842/1842
f 1862/1862/1862 1864/1864/1864 1841/1841/1841
f 1859/1859/1859 1861/1861/1861 1843/1843/1843
f 1866/1866/1866 1839/1839/1839 1840/1840/1840
f 1839/1839/1839 1867/1867/1867 1838/1838/1838
f 1868/1868/1868 1837/1837/1837 1838/1838/1838
f 1870/1870/1870 1834/1834/1834 1835/1835/1835
f 1870/1870/1870 1835/1835/1835 1836/1836/1836
f 1842/1842/1842 1843/1843/1843 1861/1861/1861
f 1841/1841/1841 1842/1842/1842 1862/1862/1862
f 1853/1853/1853 1854/1854/1854 1859/1859/1859
f 1930/1930/1930 1915/1915/1915 1913/1913/1913
f 1912/1912/1912 1916/1916/1916 1917/1917/1917
f 1920/1920/1920 1921/1921/1921 1928/1928/1928
f 1928/1928/1928 1919/1919/1919 1920/1920/1920
f 1921/1921/1921 1920/1920/1920 1922/1922/1922
f 1927/1927/1927 1921/1921/1921 1926/1926/1926
f 1921/1921/1921 1923/1923/1923 1926/1926/1926
f 1923/1923/1923 1924/1924/1924 1926/1926/1926
f 1913/1913/1913 1917/1917/1917 1933/1933/1933
f 2460/2460/2460 2463/2463/2463 2466/2466/2466
f 2596/2596/2596 2594/2594/2594 2592/2592/2592
f 2592/2592/2592 2591/2591/2591 2588/2588/2588
f 2588/2588/2588 2587/2587/2587 2584/2584/2584
f 2584/2584/2584 2582/2582/2582 2581/2581/2581
f 2575/2575/2575 2572/2572/2572 2571/2571/2571
f 2652/2652/2652 2649/2649/2649 2648/2648/2648
f 2642/2642/2642 2641/2641/2641 2638/2638/2638
f 2626/2626/2626 2624/2624/2624 2623/2623/2623
f 2618/2618/2618 2616/2616/2616 2614/2614/2614
