mtllib 深色橡胶.005.mtl
usemtl 深色橡胶.005
v 0.005454 0.023586 0.005305
v 0.010297 0.018043 0.005338
v 0.000146 0.028716 0.005273
v 0.000146 0.028716 0.005273
v 0.000361 0.028842 0.003009
v 0.000361 0.028842 0.003009
v 0.000361 0.028842 0.003009
v 0.000361 0.028842 0.003009
v 0.005716 0.02373 0.003009
v 0.005716 0.02373 0.003009
v 0.00545 0.023584 0.005332
v 0.00545 0.023584 0.005332
v 0.010063 0.018938 0.003009
v 0.010063 0.018938 0.003009
v 0.010063 0.018938 0.003009
v 0.005828 0.023187 0.005338
v 0.005828 0.023187 0.005338
v 0.010277 0.018033 0.005438
v 0.010277 0.018033 0.005438
v 0.005565 0.022937 0.006196
v 0.01066 0.01688 0.006261
v 0.005049 0.022446 0.006796
v -8.9E-05 0.028457 0.006158
v -8.9E-05 0.028457 0.006158
v -0.000569 0.027929 0.006783
v -0.000569 0.027929 0.006783
v -9.1E-05 0.028456 0.006161
v -9.1E-05 0.028456 0.006161
v -0.00391 0.030907 0.005245
v -0.00391 0.030907 0.005245
v -0.00399 0.030579 0.006143
v -0.004161 0.029884 0.006779
v -0.008435 0.030514 0.006123
v -0.008244 0.029821 0.006774
v -0.000569 0.027929 0.006784
v -0.000569 0.027929 0.006784
v -0.001189 0.027244 0.007009
v -0.001189 0.027244 0.007009
v -0.001189 0.027244 0.007009
v -0.004383 0.028978 0.007009
v -0.004383 0.028978 0.007009
v -0.011152 0.027133 0.007009
v -0.011152 0.027133 0.007009
v -0.007993 0.028913 0.007009
v -0.007993 0.028913 0.007009
v 0.004398 0.021828 0.007009
v 0.004398 0.021828 0.007009
v -0.011187 0.013347 0.007009
v -0.011187 0.013347 0.007009
v -0.01297 0.024107 0.007009
v -0.01297 0.024107 0.007009
v -0.011816 0.027829 0.006762
v -0.012912 0.020549 0.007009
v -0.012912 0.020549 0.007009
v -0.012912 0.020549 0.007009
v -0.013567 0.020364 0.006891
v -0.013567 0.020364 0.006891
v -0.011785 0.013229 0.006914
v -0.013798 0.020299 0.006786
v -0.013798 0.020299 0.006786
v -0.011184 0.005905 0.006675
v -0.012354 0.013117 0.006618
v -0.010645 0.00596 0.006928
v -0.010756 -0.001389 0.006689
v -0.010083 0.006017 0.007009
v -0.010083 0.006017 0.007009
v 0.011796 -0.004017 0.007009
v 0.011796 -0.004017 0.007009
v -0.00967 -0.001374 0.007009
v -0.00967 -0.001374 0.007009
v 0.009409 0.015949 0.007009
v 0.009409 0.015949 0.007009
v 0.0101 0.016463 0.006814
v 0.014142 0.009792 0.00684
v 0.013418 0.00944 0.007009
v 0.013418 0.00944 0.007009
v 0.016658 0.002431 0.006859
v 0.016658 0.002431 0.006859
v 0.015916 0.002267 0.007009
v 0.015916 0.002267 0.007009
v 0.015916 0.002267 0.007009
v 0.015916 0.002267 0.007009
v 0.016935 -0.001392 0.007204
v 0.015664 -0.005163 0.007786
v 0.015664 -0.005163 0.007786
v 0.016605 -0.005233 0.007887
v 0.015434 -0.006402 0.008005
v 0.015434 -0.006402 0.008005
v 0.015833 -0.008969 0.008712
v 0.015397 -0.006581 0.008038
v 0.015397 -0.006581 0.008038
v 0.007676 -0.010302 0.007009
v 0.007676 -0.010302 0.007009
v 0.013762 -0.01245 0.009217
v 0.013762 -0.01245 0.009217
v 0.01137 -0.012724 0.008038
v 0.01093 -0.019506 0.010712
v 0.01093 -0.019506 0.010712
v 0.007249 -0.019008 0.008038
v 0.013232 -0.013944 0.009535
v 0.013232 -0.013944 0.009535
v 0.003555 -0.016586 0.007009
v 0.003555 -0.016586 0.007009
v -0.000565 -0.022871 0.007009
v -0.000565 -0.022871 0.007009
v -0.010408 -0.016096 0.007009
v -0.010408 -0.016096 0.007009
v -0.009821 -0.008753 0.007009
v -0.009821 -0.008753 0.007009
v -0.010908 -0.008696 0.006687
v -0.011484 -0.002581 0.00583
v -0.011484 -0.002581 0.00583
v -0.011645 -0.008658 0.005824
v -0.011645 -0.008658 0.005824
v -0.011629 -0.008346 0.005824
v -0.011629 -0.008346 0.005824
v -0.012048 -0.014084 0.005814
v -0.012048 -0.014084 0.005814
v -0.011497 -0.015982 0.006683
v -0.012694 -0.019805 0.0058
v -0.012694 -0.019805 0.0058
v -0.012424 -0.023232 0.006677
v -0.01133 -0.02339 0.007009
v -0.01133 -0.02339 0.007009
v -0.012231 -0.015904 0.00581
v -0.012231 -0.015904 0.00581
v -0.012848 -0.019816 0.005438
v -0.012219 -0.014103 0.005417
v -0.012795 -0.008512 0.002007
v -0.012795 -0.008512 0.002007
v -0.013357 -0.014211 9E-06
v -0.013357 -0.014211 9E-06
v -0.011809 -0.008374 0.005409
v -0.011666 -0.002617 0.005412
v -0.012553 -0.007509 0.003009
v -0.012553 -0.007509 0.003009
v -0.012553 -0.007509 0.003009
v -0.012531 -0.007424 -0.003044
v -0.012531 -0.007424 -0.003044
v -0.012531 -0.007424 -0.003044
v -0.012791 -0.008493 -0.001988
v -0.012791 -0.008493 -0.001988
v -0.012457 -0.002766 0.003009
v -0.012457 -0.002766 0.003009
v -0.01089 -0.002169 0.003009
v -0.01089 -0.002169 0.003009
v -0.007513 0.004658 0.003009
v -0.007513 0.004658 0.003009
v -0.007513 0.004658 0.003009
v -0.007513 0.004658 0.003009
v -0.01089 -0.002169 -0.003044
v -0.01089 -0.002169 -0.003044
v -0.012615 0.002958 0.003009
v -0.012615 0.002958 0.003009
v -0.011846 0.003149 0.005423
v -0.013095 0.008657 0.003009
v -0.013095 0.008657 0.003009
v -0.013095 0.008657 0.003009
v -0.012424 0.008874 0.005438
v -0.0139 0.014307 0.003011
v -0.0139 0.014307 0.003011
v -0.0139 0.014307 0.003011
v -0.0139 0.014307 0.003011
v -0.013418 0.014508 0.005459
v 0.00417 0.014359 0.003009
v 0.00417 0.014359 0.003009
v 0.00417 0.014359 0.003009
v 0.00417 0.014359 0.003009
v 0.00417 0.014359 0.003009
v 0.00417 0.014359 0.003009
v 0.00417 0.014359 0.003009
v 0.00417 0.014359 0.003009
v 0.00417 0.014359 0.003009
v 0.00417 0.014359 0.003009
v -0.014041 0.015108 0.003011
v -0.014041 0.015108 0.003011
v -0.014041 0.015108 0.003011
v -0.00194 0.009787 0.003009
v -0.00194 0.009787 0.003009
v -0.00194 0.009787 -0.003044
v -0.00194 0.009787 -0.003044
v -0.007513 0.004658 -0.003044
v -0.007513 0.004658 -0.003044
v -0.007513 0.004658 -0.003044
v -0.007513 0.004658 -0.003044
v -0.013081 0.00867 -0.003044
v -0.013081 0.00867 -0.003044
v -0.013081 0.00867 -0.003044
v -0.012598 0.002974 -0.003044
v -0.012598 0.002974 -0.003044
v -0.013891 0.014314 -0.003046
v -0.013891 0.014314 -0.003046
v -0.013891 0.014314 -0.003046
v -0.013891 0.014314 -0.003046
v -0.013417 0.014513 -0.00544
v -0.01242 0.008884 -0.005419
v -0.014033 0.015115 -0.003046
v -0.014033 0.015115 -0.003046
v 0.00417 0.014359 -0.003044
v 0.00417 0.014359 -0.003044
v 0.00417 0.014359 -0.003044
v 0.00417 0.014359 -0.003044
v 0.00417 0.014359 -0.003044
v 0.00417 0.014359 -0.003044
v 0.00417 0.014359 -0.003044
v 0.00417 0.014359 -0.003044
v 0.00417 0.014359 -0.003044
v -0.014984 0.019691 -0.003046
v -0.014984 0.019691 -0.003046
v -0.014984 0.019691 -0.003046
v 0.000357 0.02884 -0.003044
v 0.000357 0.02884 -0.003044
v 0.000357 0.02884 -0.003044
v 0.000357 0.02884 -0.003044
v -0.014846 0.019098 -0.003047
v -0.014846 0.019098 -0.003047
v -0.014846 0.019098 -0.003047
v -0.014669 0.018304 -0.003047
v -0.014669 0.018304 -0.003047
v -0.014499 0.017509 -0.003047
v -0.014499 0.017509 -0.003047
v -0.015029 0.019889 -0.003044
v -0.015029 0.019889 -0.003044
v -0.015029 0.019889 -0.003044
v -0.014337 0.016712 -0.003047
v -0.014337 0.016712 -0.003047
v -0.014337 0.016712 -0.003047
v 0.010198 0.019042 9E-06
v 0.010198 0.019042 9E-06
v 0.010198 0.019042 9E-06
v 0.010198 0.019042 9E-06
v -0.014181 0.015914 -0.003046
v -0.014181 0.015914 -0.003046
v -0.014181 0.015914 -0.003046
v 0.010059 0.018934 -0.003044
v 0.010059 0.018934 -0.003044
v 0.010059 0.018934 -0.003044
v 0.005707 0.02373 -0.003044
v 0.005707 0.02373 -0.003044
v 0.005451 0.02359 -0.005285
v 0.003196 0.025854 -0.005285
v 0.003196 0.025854 -0.005285
v 0.000146 0.028717 -0.005254
v 0.000146 0.028717 -0.005254
v 0.005447 0.023588 -0.005313
v 0.005447 0.023588 -0.005313
v 0.006132 0.022866 -0.005324
v 0.006132 0.022866 -0.005324
v 0.006132 0.022866 -0.005324
v 0.006132 0.022866 -0.005324
v 0.006132 0.022866 -0.005324
v 0.010293 0.018051 -0.005318
v 0.010803 0.018314 9E-06
v 0.010803 0.018314 9E-06
v 0.014351 0.011949 -0.005353
v 0.00932 0.017989 -0.008175
v 0.00932 0.017989 -0.008175
v 0.013112 0.011802 -0.008371
v 0.013112 0.011802 -0.008371
v 0.009546 0.017678 -0.008184
v 0.009546 0.017678 -0.008184
v 0.009093 0.017819 -0.008697
v 0.008734 0.01755 -0.009129
v 0.012456 0.011466 -0.009188
v 0.013269 0.011482 -0.008381
v 0.013269 0.011482 -0.008381
v 0.014979 0.004797 -0.009237
v 0.011514 0.010983 -0.009491
v 0.011514 0.010983 -0.009491
v 0.008381 0.012969 -0.009491
v 0.008381 0.012969 -0.009491
v 0.014039 0.004537 -0.009491
v 0.014039 0.004537 -0.009491
v 0.00926 0.011416 -0.009491
v 0.00926 0.011416 -0.009491
v 0.008286 0.017215 -0.009403
v 0.007815 0.016864 -0.009491
v 0.007815 0.016864 -0.009491
v 0.010061 0.009828 -0.009491
v 0.010061 0.009828 -0.009491
v 0.010778 0.0082 -0.009491
v 0.010778 0.0082 -0.009491
v 0.011407 0.00654 -0.009491
v 0.011407 0.00654 -0.009491
v 0.011171 0.006458 -0.009424
v 0.011711 0.004771 -0.009424
v 0.011951 0.004841 -0.009491
v 0.011951 0.004841 -0.009491
v 0.012408 0.003105 -0.009491
v 0.012408 0.003105 -0.009491
v 0.012164 0.003048 -0.009424
v 0.012771 0.001358 -0.009491
v 0.012771 0.001358 -0.009491
v 0.013048 -0.00041 -0.009491
v 0.013048 -0.00041 -0.009491
v 0.012525 0.001313 -0.009424
v 0.012345 0.00128 -0.009241
v 0.011986 0.003006 -0.009241
v 0.0128 -0.000442 -0.009424
v 0.012618 -0.000466 -0.009241
v 0.01324 -0.002181 -0.009491
v 0.01324 -0.002181 -0.009491
v 0.012991 -0.002202 -0.009424
v 0.013105 -0.003966 -0.009424
v 0.012809 -0.002218 -0.009241
v 0.013355 -0.003956 -0.009491
v 0.013355 -0.003956 -0.009491
v 0.013396 -0.005734 -0.009491
v 0.013396 -0.005734 -0.009491
v 0.015237 -0.002312 -0.009491
v 0.015237 -0.002312 -0.009491
v 0.01306 -0.012685 -0.009491
v 0.01306 -0.012685 -0.009491
v 0.015272 -0.009312 -0.009491
v 0.015272 -0.009312 -0.009491
v 0.015272 -0.009312 -0.009491
v 0.015272 -0.009312 -0.009491
v 0.015916 -0.009352 -0.009384
v 0.015916 -0.009352 -0.009384
v 0.016171 -0.002235 -0.009258
v 0.01337 -0.007503 -0.009491
v 0.01337 -0.007503 -0.009491
v 0.013287 -0.009274 -0.009491
v 0.013287 -0.009274 -0.009491
v 0.013151 -0.011048 -0.009491
v 0.013151 -0.011048 -0.009491
v 0.013121 -0.007495 -0.009424
v 0.013037 -0.009259 -0.009424
v 0.012902 -0.011026 -0.009424
v 0.012722 -0.012796 -0.009425
v 0.012722 -0.012796 -0.009425
v 0.012969 -0.012824 -0.009491
v 0.012969 -0.012824 -0.009491
v 0.012969 -0.012824 -0.009491
v 0.012969 -0.012824 -0.009491
v 0.01272 -0.012796 -0.009424
v 0.01272 -0.012796 -0.009424
v 0.01272 -0.011009 -0.009241
v 0.012855 -0.009247 -0.009241
v 0.012788 -0.009243 -0.008991
v 0.012788 -0.009243 -0.008991
v 0.012871 -0.007487 -0.008991
v 0.012871 -0.007487 -0.008991
v 0.012938 -0.007489 -0.009241
v 0.012895 -0.006146 -0.008991
v 0.012895 -0.006146 -0.008991
v 0.012963 -0.005735 -0.009241
v 0.012896 -0.005735 -0.008991
v 0.012896 -0.005735 -0.008991
v 0.012855 -0.003977 -0.008991
v 0.012855 -0.003977 -0.008991
v 0.012922 -0.003974 -0.009241
v 0.013146 -0.005734 -0.009424
v 0.012742 -0.002224 -0.008991
v 0.012742 -0.002224 -0.008991
v 0.012486 -1E-06 -0.007491
v 0.012486 -1E-06 -0.007491
v 0.012814 -0.003195 -0.007491
v 0.012814 -0.003195 -0.007491
v 0.012814 -0.003195 -0.007491
v 0.012552 -0.000475 -0.008991
v 0.012552 -0.000475 -0.008991
v 0.012333 0.000965 -0.008991
v 0.012333 0.000965 -0.008991
v 0.012333 0.000965 -0.007491
v 0.012333 0.000965 -0.007491
v 0.012279 0.001268 -0.008991
v 0.012279 0.001268 -0.008991
v 0.011921 0.002991 -0.008991
v 0.011921 0.002991 -0.008991
v 0.011887 0.003135 -0.007491
v 0.011887 0.003135 -0.007491
v 0.011471 0.004701 -0.008991
v 0.011471 0.004701 -0.008991
v 0.010935 0.006375 -0.008991
v 0.010935 0.006375 -0.008991
v 0.011535 0.00472 -0.009241
v 0.01044 0.007701 -0.007491
v 0.01044 0.007701 -0.007491
v 0.010998 0.006196 -0.007491
v 0.010998 0.006196 -0.007491
v 0.010391 0.007824 -0.007491
v 0.010391 0.007824 -0.007491
v 0.010391 0.007824 -0.008991
v 0.010391 0.007824 -0.008991
v 0.009807 0.009185 -0.007491
v 0.009807 0.009185 -0.007491
v 0.009746 0.009158 -0.007241
v 0.010378 0.007676 -0.007241
v 0.010761 0.006115 -0.007058
v 0.010934 0.006175 -0.007241
v 0.00958 0.009082 -0.007058
v 0.009352 0.008978 -0.006991
v 0.009352 0.008978 -0.006991
v 0.008284 0.012012 -0.007241
v 0.008125 0.011921 -0.007058
v 0.007908 0.011797 -0.006991
v 0.007908 0.011797 -0.006991
v 0.006444 0.014608 -0.007058
v 0.006595 0.014711 -0.007241
v 0.004761 0.017323 -0.007491
v 0.004761 0.017323 -0.007491
v 0.004708 0.017281 -0.007241
v 0.006651 0.014749 -0.007491
v 0.006651 0.014749 -0.007491
v 0.007064 0.01413 -0.007491
v 0.007064 0.01413 -0.007491
v 0.007064 0.01413 -0.008991
v 0.007064 0.01413 -0.008991
v 0.008342 0.012045 -0.007491
v 0.008342 0.012045 -0.007491
v 0.007952 0.012712 -0.008991
v 0.007952 0.012712 -0.008991
v 0.008819 0.011181 -0.008991
v 0.008819 0.011181 -0.008991
v 0.00801 0.012747 -0.009241
v 0.008879 0.011212 -0.009241
v 0.007067 0.014248 -0.009241
v 0.008167 0.01284 -0.009424
v 0.00722 0.014349 -0.009424
v 0.007428 0.014486 -0.009491
v 0.007428 0.014486 -0.009491
v 0.006217 0.015805 -0.009424
v 0.00642 0.015951 -0.009491
v 0.00642 0.015951 -0.009491
v 0.005354 0.017376 -0.009491
v 0.005354 0.017376 -0.009491
v 0.00424 0.018761 -0.009491
v 0.00424 0.018761 -0.009491
v 0.005157 0.017222 -0.009424
v 0.004048 0.018602 -0.009424
v 0.006068 0.015698 -0.009241
v 0.005012 0.01711 -0.009241
v 0.006014 0.015659 -0.008991
v 0.006014 0.015659 -0.008991
v 0.004959 0.017069 -0.008991
v 0.004959 0.017069 -0.008991
v 0.003907 0.018485 -0.009241
v 0.003856 0.018442 -0.008991
v 0.003856 0.018442 -0.008991
v 0.002758 0.019827 -0.009241
v 0.002758 0.019827 -0.009241
v 0.002896 0.019948 -0.009424
v 0.002896 0.019948 -0.009424
v 0.002504 0.02071 -0.009424
v 0.002748 0.020766 -0.009491
v 0.002748 0.020766 -0.009491
v 0.003083 0.020113 -0.009491
v 0.003083 0.020113 -0.009491
v 0.003083 0.020113 -0.009491
v 0.003085 0.022098 -0.009491
v 0.003085 0.022098 -0.009491
v 0.003085 0.022098 -0.009491
v 0.003287 0.022208 -0.009491
v 0.003287 0.022208 -0.009491
v 0.003287 0.022208 -0.009491
v 0.002762 0.0215 -0.009491
v 0.002762 0.0215 -0.009491
v 0.002521 0.021566 -0.009424
v 0.002927 0.022285 -0.009428
v 0.002927 0.022285 -0.009428
v 0.00319 0.022421 -0.009432
v 0.00319 0.022421 -0.009432
v 0.003189 0.022423 -0.009431
v 0.003189 0.022423 -0.009431
v 0.004078 0.022754 -0.009188
v 0.003892 0.02247 -0.009392
v 0.003892 0.02247 -0.009392
v 0.004561 0.02261 -0.009087
v 0.004561 0.02261 -0.009087
v 0.004169 0.022546 -0.00929
v 0.004169 0.022546 -0.00929
v 0.005188 0.022595 -0.008612
v 0.005188 0.022595 -0.008612
v 0.004924 0.022771 -0.008646
v 0.005007 0.022616 -0.008771
v 0.005007 0.022616 -0.008771
v 0.005108 0.022735 -0.008485
v 0.005108 0.022735 -0.008485
v 0.004677 0.022847 -0.008716
v 0.004677 0.022847 -0.008716
v 0.004897 0.022799 -0.008607
v 0.004897 0.022799 -0.008607
v 0.005122 0.02325 -0.006481
v 0.005122 0.02325 -0.006481
v 0.004076 0.022886 -0.008939
v 0.004076 0.022886 -0.008939
v 0.004906 0.023273 -0.006665
v 0.004906 0.023273 -0.006665
v 0.003965 0.02318 -0.007263
v 0.003965 0.02318 -0.007263
v 0.004113 0.023215 -0.00719
v 0.004113 0.023215 -0.00719
v 0.003956 0.022879 -0.00897
v 0.003956 0.022879 -0.00897
v 0.003968 0.022873 -0.008994
v 0.003113 0.022588 -0.009265
v 0.003113 0.022588 -0.009265
v 0.002803 0.022431 -0.009241
v 0.002803 0.022431 -0.009241
v 0.002808 0.022425 -0.009253
v 0.002808 0.022425 -0.009253
v 0.003538 0.022814 -0.009041
v 0.003538 0.022814 -0.009041
v 0.003115 0.022584 -0.009271
v 0.003115 0.022584 -0.009271
v 0.00308 0.02266 -0.009045
v 0.00308 0.02266 -0.009045
v 0.00308 0.02266 -0.009045
v 0.003235 0.022869 -0.00747
v 0.003235 0.022869 -0.00747
v 0.003235 0.022869 -0.00747
v 0.002761 0.022484 -0.008991
v 0.002761 0.022484 -0.008991
v 0.002761 0.022484 -0.008991
v 0.00276 0.022482 -0.009013
v 0.00276 0.022482 -0.009013
v 0.00276 0.022482 -0.009013
v 0.002324 0.021772 -0.008991
v 0.002324 0.021772 -0.008991
v 0.002921 0.022635 -0.007728
v 0.002921 0.022635 -0.007728
v 0.002921 0.022635 -0.007728
v 0.002324 0.021772 -0.007491
v 0.002324 0.021772 -0.007491
v 0.00228 0.021632 -0.008991
v 0.00228 0.021632 -0.008991
v 0.002344 0.021614 -0.009241
v 0.002245 0.020725 -0.008991
v 0.002245 0.020725 -0.008991
v 0.002326 0.020668 -0.009241
v 0.002922 0.02229 -0.009424
v 0.002922 0.02229 -0.009424
v 0.002261 0.020653 -0.008991
v 0.002261 0.020653 -0.008991
v 0.002708 0.019783 -0.008991
v 0.002708 0.019783 -0.008991
v 0.002708 0.019783 -0.008991
v 0.002708 0.019783 -0.008991
v 0.002708 0.019783 -0.007491
v 0.002708 0.019783 -0.007491
v 0.002708 0.019783 -0.007491
v 0.002245 0.020725 -0.007491
v 0.002245 0.020725 -0.007491
v 0.00218 0.020712 -0.007241
v 0.002658 0.019738 -0.007241
v 0.002658 0.019738 -0.007241
v 0.002521 0.019617 -0.007058
v 0.002521 0.019617 -0.007058
v 0.004564 0.017168 -0.007058
v 0.006237 0.014467 -0.006991
v 0.006237 0.014467 -0.006991
v 0.004367 0.017014 -0.006991
v 0.004367 0.017014 -0.006991
v -0.010076 0.006021 -0.006991
v -0.010076 0.006021 -0.006991
v 0.002333 0.019452 -0.006991
v 0.002333 0.019452 -0.006991
v 0.002333 0.019452 -0.006991
v 0.001754 0.02063 -0.006991
v 0.001754 0.02063 -0.006991
v 0.002 0.020677 -0.007058
v 0.001852 0.021939 -0.006991
v 0.001852 0.021939 -0.006991
v 0.001817 0.024437 -0.006991
v 0.001817 0.024437 -0.006991
v 0.002088 0.021855 -0.007058
v 0.00226 0.021794 -0.007241
v 0.00276 0.022826 -0.007058
v 0.00276 0.022826 -0.007058
v 0.002599 0.023017 -0.006991
v 0.002599 0.023017 -0.006991
v 0.002599 0.023017 -0.006991
v 0.002815 0.022872 -0.007058
v 0.002815 0.022872 -0.007058
v 0.002878 0.022686 -0.007241
v 0.002878 0.022686 -0.007241
v 0.002933 0.022732 -0.007241
v 0.002933 0.022732 -0.007241
v 0.002921 0.022635 -0.007491
v 0.002921 0.022635 -0.007491
v 0.002921 0.022635 -0.007491
v 0.002921 0.022635 -0.007491
v 0.002976 0.022681 -0.007491
v 0.002976 0.022681 -0.007491
v 0.002976 0.022681 -0.007491
v 0.002976 0.022681 -0.007491
v 0.003214 0.022904 -0.007292
v 0.003214 0.022904 -0.007292
v 0.004057 0.023247 -0.007061
v 0.003197 0.022932 -0.007229
v 0.003197 0.022932 -0.007229
v 0.003155 0.023 -0.00713
v 0.003155 0.023 -0.00713
v 0.003996 0.02332 -0.006944
v 0.003983 0.023564 -0.006773
v 0.003983 0.023564 -0.006773
v 0.004815 0.023359 -0.006514
v 0.00394 0.02343 -0.006855
v 0.003101 0.023087 -0.007054
v 0.003101 0.023087 -0.007054
v 0.003067 0.023141 -0.007024
v 0.003067 0.023141 -0.007024
v 0.002654 0.023063 -0.006991
v 0.002654 0.023063 -0.006991
v 0.002654 0.023063 -0.006991
v 0.002973 0.023294 -0.006991
v 0.002973 0.023294 -0.006991
v 0.002973 0.023294 -0.006991
v 0.002973 0.023294 -0.006991
v 0.003896 0.023558 -0.006805
v 0.003896 0.023558 -0.006805
v 0.002454 0.025092 -0.00677
v -0.000565 0.027934 -0.006766
v -0.000565 0.027934 -0.006766
v 0.00295 0.025602 -0.006156
v -0.000569 0.027929 -0.006769
v -0.000569 0.027929 -0.006769
v -0.003991 0.030579 -0.006124
v -0.004383 0.028978 -0.006991
v -0.004383 0.028978 -0.006991
v -0.001185 0.027253 -0.006991
v -0.001185 0.027253 -0.006991
v -0.001185 0.027253 -0.006991
v -0.004162 0.029882 -0.006761
v -0.008244 0.02982 -0.006755
v -0.011817 0.02783 -0.006744
v -0.008436 0.030514 -0.006105
v -0.007994 0.028913 -0.006991
v -0.007994 0.028913 -0.006991
v -0.011152 0.027134 -0.006991
v -0.011152 0.027134 -0.006991
v -0.012911 0.020551 -0.006991
v -0.012911 0.020551 -0.006991
v -0.012911 0.020551 -0.006991
v -0.012972 0.024109 -0.006991
v -0.012972 0.024109 -0.006991
v -0.011184 0.01335 -0.006991
v -0.011184 0.01335 -0.006991
v -0.011781 0.013232 -0.006896
v -0.010637 0.005964 -0.00691
v -0.011177 0.005909 -0.006657
v -0.010746 -0.001385 -0.006671
v -0.009661 -0.001369 -0.006991
v -0.009661 -0.001369 -0.006991
v -0.010896 -0.008691 -0.00667
v -0.00981 -0.008747 -0.006991
v -0.00981 -0.008747 -0.006991
v -0.011676 0.003205 -0.005794
v -0.011676 0.003205 -0.005794
v -0.011474 -0.002562 -0.005813
v -0.011474 -0.002562 -0.005813
v -0.011485 -0.001395 -0.005812
v -0.011485 -0.001395 -0.005812
v -0.01184 0.003163 -0.005403
v -0.011658 -0.002598 -0.005392
v -0.0118 -0.008352 -0.005389
v -0.012439 -0.002747 -0.003044
v -0.012439 -0.002747 -0.003044
v -0.011617 -0.008323 -0.005808
v -0.011617 -0.008323 -0.005808
v -0.011634 -0.008652 -0.005807
v -0.011634 -0.008652 -0.005807
v -0.012208 -0.014077 -0.005395
v -0.012034 -0.014057 -0.005798
v -0.012034 -0.014057 -0.005798
v -0.011484 -0.015975 -0.006666
v -0.012218 -0.015897 -0.005795
v -0.012218 -0.015897 -0.005795
v -0.012836 -0.019787 -0.005416
v -0.012679 -0.019776 -0.005785
v -0.012679 -0.019776 -0.005785
v -0.012411 -0.023224 -0.00666
v -0.013142 -0.023119 -0.005773
v -0.013142 -0.023119 -0.005773
v -0.013499 -0.025476 -0.005763
v -0.013499 -0.025476 -0.005763
v -0.013626 -0.02548 -0.005455
v -0.014747 -0.025525 9E-06
v -0.014747 -0.025525 9E-06
v -0.014743 -0.025498 9E-06
v -0.014743 -0.025498 9E-06
v -0.013975 -0.019876 9E-06
v -0.013975 -0.019876 9E-06
v -0.014524 -0.031154 -0.005515
v -0.014294 -0.030319 -0.005735
v -0.014294 -0.030319 -0.005735
v -0.013567 -0.030441 -0.006648
v -0.014439 -0.031156 -0.00573
v -0.014439 -0.031156 -0.00573
v -0.014863 -0.037633 -0.006632
v -0.015458 -0.036818 -0.005687
v -0.015458 -0.036818 -0.005687
v -0.015458 -0.036818 -0.005687
v -0.015585 -0.037502 -0.005682
v -0.015585 -0.037502 -0.005682
v -0.015585 -0.037502 -0.005682
v -0.015305 -0.037552 -0.006202
v -0.015493 -0.036816 -0.005593
v -0.015493 -0.036816 -0.005593
v -0.015614 -0.031157 9E-06
v -0.015614 -0.031157 9E-06
v -0.016536 -0.036745 9E-06
v -0.016536 -0.036745 9E-06
v -0.016168 -0.04059 -0.005656
v -0.016168 -0.04059 -0.005656
v -0.016686 -0.044725 -0.006163
v -0.016686 -0.044725 -0.006163
v -0.017507 -0.042348 9E-06
v -0.017507 -0.042348 9E-06
v -0.016541 -0.036777 9E-06
v -0.016541 -0.036777 9E-06
v -0.016528 -0.04246 -0.00564
v -0.016528 -0.04246 -0.00564
v -0.016958 -0.044673 -0.005622
v -0.016958 -0.044673 -0.005622
v -0.016958 -0.044673 -0.005622
v -0.017615 -0.048139 -0.00568
v -0.017615 -0.048139 -0.00568
v -0.017513 -0.042384 9E-06
v -0.017513 -0.042384 9E-06
v -0.018529 -0.047993 9E-06
v -0.018529 -0.047993 9E-06
v -0.018536 -0.048032 9E-06
v -0.018536 -0.048032 9E-06
v -0.016967 -0.044685 0.005637
v -0.016967 -0.044685 0.005637
v -0.016967 -0.044685 0.005637
v -0.016543 -0.0425 0.005655
v -0.016543 -0.0425 0.005655
v -0.017628 -0.048181 0.005697
v -0.017628 -0.048181 0.005697
v -0.016696 -0.044737 0.006179
v -0.016696 -0.044737 0.006179
v -0.015316 -0.037563 0.006218
v -0.016121 -0.040303 0.005674
v -0.016121 -0.040303 0.005674
v -0.016552 -0.044765 0.006358
v -0.016552 -0.044765 0.006358
v -0.017341 -0.048665 0.006388
v -0.016252 -0.044823 0.006631
v -0.016252 -0.044823 0.006631
v -0.014875 -0.037644 0.006649
v -0.015905 -0.04489 0.006835
v -0.015905 -0.04489 0.006835
v -0.015474 -0.036856 0.005702
v -0.015474 -0.036856 0.005702
v -0.014455 -0.031192 0.005745
v -0.014455 -0.031192 0.005745
v -0.01358 -0.03045 0.006665
v -0.014325 -0.037744 0.006922
v -0.015102 -0.045044 0.007009
v -0.015102 -0.045044 0.007009
v -0.015102 -0.045044 0.007009
v -0.015102 -0.045044 0.007009
v -0.015691 -0.044931 0.006917
v -0.015691 -0.044931 0.006917
v -0.013749 -0.03785 0.007009
v -0.013749 -0.03785 0.007009
v -0.012475 -0.030637 0.007009
v -0.012475 -0.030637 0.007009
v -0.004685 -0.029155 0.007009
v -0.004685 -0.029155 0.007009
v -0.008805 -0.03544 0.007009
v -0.008805 -0.03544 0.007009
v -0.012926 -0.041724 0.007009
v -0.012926 -0.041724 0.007009
v -0.000991 -0.031577 0.008038
v -0.005111 -0.037861 0.008038
v -0.002177 -0.039785 0.010912
v -0.006297 -0.04607 0.010912
v -0.009232 -0.044146 0.008038
v -0.010417 -0.052354 0.010912
v -0.013352 -0.05043 0.008038
v -0.017801 -0.056499 0.007854
v -0.017801 -0.056499 0.007854
v -0.014538 -0.058638 0.010912
v -0.017472 -0.056715 0.008038
v -0.016014 -0.048685 0.007085
v -0.016014 -0.048685 0.007085
v -0.016961 -0.052669 0.00736
v -0.016961 -0.052669 0.00736
v -0.017583 -0.052598 0.007087
v -0.018064 -0.052569 0.006644
v -0.018304 -0.056446 0.007565
v -0.018696 -0.056467 0.007173
v -0.018866 -0.060248 0.00839
v -0.01801 -0.057536 0.008038
v -0.01801 -0.057536 0.008038
v -0.018486 -0.060199 0.008645
v -0.018486 -0.060199 0.008645
v -0.018802 -0.063689 0.009997
v -0.018802 -0.063689 0.009997
v -0.019027 -0.063817 0.009844
v -0.018597 -0.06483 0.010912
v -0.018597 -0.06483 0.010912
v -0.018629 -0.065159 0.011097
v -0.018501 -0.064985 0.011132
v -0.018501 -0.064985 0.011132
v -0.015166 -0.0625 0.013941
v -0.015166 -0.0625 0.013941
v -0.0175 -0.064952 0.012469
v -0.0175 -0.064952 0.012469
v -0.018075 -0.06518 0.01183
v -0.018075 -0.06518 0.01183
v -0.01815 -0.065374 0.01188
v -0.017531 -0.06516 0.012607
v -0.018205 -0.065564 0.011915
v -0.017538 -0.065366 0.012722
v -0.018246 -0.065773 0.011941
v -0.018246 -0.065773 0.011941
v -0.017522 -0.065595 0.012826
v -0.017522 -0.065595 0.012826
v -0.014949 -0.062967 0.01466
v -0.015092 -0.06272 0.014336
v -0.012802 -0.05969 0.015201
v -0.013047 -0.059616 0.01461
v -0.013047 -0.059616 0.01461
v -0.012952 -0.059479 0.01463
v -0.012952 -0.059479 0.01463
v -0.008847 -0.053384 0.015036
v -0.008847 -0.053384 0.015036
v -0.008336 -0.053246 0.01583
v -0.008632 -0.053055 0.015036
v -0.008632 -0.053055 0.015036
v -0.004769 -0.047071 0.014799
v -0.004769 -0.047071 0.014799
v -0.00397 -0.046677 0.015642
v -0.004398 -0.046487 0.014756
v -0.004398 -0.046487 0.014756
v -0.00078 -0.040701 0.014195
v -0.00078 -0.040701 0.014195
v 0.000289 -0.040054 0.014987
v -0.000259 -0.039851 0.014095
v -0.000259 -0.039851 0.014095
v 0.003097 -0.034257 0.013347
v 0.003097 -0.034257 0.013347
v 0.001943 -0.033501 0.010912
v 0.006063 -0.027216 0.010912
v 0.003129 -0.025292 0.008038
v 0.00374 -0.033155 0.013183
v 0.00374 -0.033155 0.013183
v 0.004401 -0.033376 0.014027
v 0.006808 -0.027705 0.01229
v 0.006808 -0.027705 0.01229
v 0.008296 -0.02662 0.012804
v 0.007517 -0.026385 0.012055
v 0.007517 -0.026385 0.012055
v 0.010248 -0.020974 0.011013
v 0.010248 -0.020974 0.011013
v 0.010184 -0.020932 0.010912
v 0.011824 -0.019735 0.011309
v 0.010481 -0.020478 0.010912
v 0.010481 -0.020478 0.010912
v 0.012849 -0.020156 0.011343
v 0.014391 -0.016606 0.010407
v 0.014728 -0.012636 0.009593
v 0.011135 -0.023643 0.01222
v 0.012004 -0.02414 0.011751
v 0.012004 -0.02414 0.011751
v 0.010177 -0.027613 0.012634
v 0.010177 -0.027613 0.012634
v 0.011998 -0.024154 0.011755
v 0.011998 -0.024154 0.011755
v 0.00929 -0.027079 0.013021
v 0.008239 -0.031048 0.013439
v 0.008239 -0.031048 0.013439
v 0.005335 -0.033839 0.01439
v 0.007476 -0.032351 0.013726
v 0.007476 -0.032351 0.013726
v 0.001139 -0.040499 0.015461
v 0.004212 -0.037684 0.014793
v 0.004212 -0.037684 0.014793
v 0.006248 -0.034398 0.014156
v 0.006248 -0.034398 0.014156
v 0.005917 -0.037753 0.013857
v 0.008787 -0.037848 0.011455
v 0.00659 -0.044639 0.011618
v 0.003853 -0.044405 0.014033
v 0.002044 -0.041058 0.015378
v 0.002044 -0.041058 0.015378
v 0.000827 -0.042899 0.015665
v 0.000827 -0.042899 0.015665
v 6E-05 -0.044042 0.015829
v 6E-05 -0.044042 0.015829
v 0.000472 -0.044085 0.015698
v 0.001713 -0.051002 0.014203
v -0.001503 -0.050528 0.015877
v -0.002397 -0.047611 0.01627
v -0.002397 -0.047611 0.01627
v -0.003505 -0.05698 0.016029
v -0.006289 -0.052968 0.016626
v -0.006289 -0.052968 0.016626
v -0.004193 -0.050117 0.016493
v -0.004193 -0.050117 0.016493
v -0.003244 -0.047084 0.01619
v -0.007802 -0.053594 0.01639
v -0.010142 -0.056801 0.016174
v -0.008524 -0.055875 0.016585
v -0.008524 -0.055875 0.016585
v -0.007106 -0.05405 0.016636
v -0.007106 -0.05405 0.016636
v -0.007203 -0.056165 0.016702
v -0.005457 -0.063346 0.01613
v -0.009576 -0.057204 0.016484
v -0.009576 -0.057204 0.016484
v -0.008961 -0.062412 0.016809
v -0.011888 -0.060046 0.016041
v -0.011888 -0.060046 0.016041
v -0.012266 -0.061534 0.016063
v -0.012523 -0.059969 0.015651
v -0.012117 -0.060317 0.015978
v -0.012117 -0.060317 0.015978
v -0.012995 -0.061342 0.015697
v -0.012995 -0.061342 0.015697
v -0.014728 -0.063258 0.014936
v -0.014728 -0.063258 0.014936
v -0.01385 -0.067952 0.01611
v -0.018603 -0.066918 0.011781
v -0.01836 -0.065761 0.011775
v -0.01836 -0.065761 0.011775
v -0.012258 -0.074968 0.016798
v -0.015356 -0.074425 0.016077
v -0.010656 -0.068679 0.016847
v -0.00727 -0.069464 0.01616
v -0.008984 -0.075569 0.016103
v -0.004071 -0.07638 0.01198
v -0.005871 -0.082324 0.011867
v -0.010598 -0.081734 0.015955
v -0.012082 -0.087916 0.01572
v -0.013741 -0.081268 0.016657
v -0.007545 -0.088267 0.011686
v -0.005069 -0.088191 0.00608
v -0.009075 -0.094218 0.011447
v -0.006641 -0.093974 0.005982
v -0.008059 -0.099812 0.005859
v -0.005724 -0.093773 9E-06
v -0.005724 -0.093773 9E-06
v -0.007139 -0.099547 9E-06
v -0.007139 -0.099547 9E-06
v -0.005736 -0.093817 9E-06
v -0.005736 -0.093817 9E-06
v -0.006646 -0.09394 -0.005963
v -0.008067 -0.099779 -0.005839
v -0.005069 -0.088154 -0.006061
v -0.007533 -0.088223 -0.011676
v -0.009065 -0.094174 -0.01144
v -0.010442 -0.100164 -0.011154
v -0.012067 -0.087869 -0.015712
v -0.013408 -0.094068 -0.015399
v -0.015076 -0.087548 -0.016409
v -0.01629 -0.093901 -0.016095
v -0.014599 -0.100293 -0.015018
v -0.015629 -0.106539 -0.014579
v -0.01164 -0.106182 -0.01083
v -0.017357 -0.100275 -0.015709
v -0.020099 -0.100311 -0.015085
v -0.019111 -0.093787 -0.015439
v -0.018274 -0.106668 -0.01526
v -0.020947 -0.106852 -0.014672
v -0.019038 -0.113077 -0.014757
v -0.016489 -0.112802 -0.01409
v -0.012635 -0.112224 -0.010475
v -0.017169 -0.11908 -0.013556
v -0.013403 -0.118286 -0.010095
v -0.011062 -0.11751 -0.005364
v -0.013917 -0.12436 -0.009701
v -0.011524 -0.123472 -0.005184
v -0.010522 -0.123045 9E-06
v -0.010522 -0.123045 9E-06
v -0.010621 -0.128987 9E-06
v -0.010621 -0.128987 9E-06
v -0.011663 -0.129446 -0.005005
v -0.010524 -0.123088 9E-06
v -0.010524 -0.123088 9E-06
v -0.011503 -0.123501 0.005205
v -0.011043 -0.117539 0.005385
v -0.01264 -0.112267 0.010478
v -0.013406 -0.118329 0.010098
v -0.010294 -0.111599 0.005557
v -0.010095 -0.117165 9E-06
v -0.010095 -0.117165 9E-06
v -0.010091 -0.117122 9E-06
v -0.010091 -0.117122 9E-06
v -0.009365 -0.11127 9E-06
v -0.009365 -0.11127 9E-06
v -0.010309 -0.111569 -0.005536
v -0.009359 -0.111226 9E-06
v -0.009359 -0.111226 9E-06
v -0.0093 -0.105657 -0.005696
v -0.008363 -0.105367 9E-06
v -0.008363 -0.105367 9E-06
v -0.008371 -0.105411 9E-06
v -0.008371 -0.105411 9E-06
v -0.009288 -0.105689 0.005716
v -0.011647 -0.106226 0.010834
v -0.01045 -0.100208 0.01116
v -0.014611 -0.100341 0.015021
v -0.013421 -0.094115 0.015405
v -0.015094 -0.087595 0.016425
v -0.016307 -0.093948 0.016111
v -0.017372 -0.100323 0.015724
v -0.017995 -0.08733 0.015749
v -0.019121 -0.093836 0.015465
v -0.020107 -0.100359 0.015111
v -0.022424 -0.087052 0.01159
v -0.023487 -0.093796 0.011407
v -0.026205 -0.094021 0.005994
v -0.02443 -0.100551 0.011178
v -0.025077 -0.087115 0.006052
v -0.02386 -0.080258 0.006083
v -0.026107 -0.087167 9E-06
v -0.026107 -0.087167 9E-06
v -0.024843 -0.080289 9E-06
v -0.024843 -0.080289 9E-06
v -0.026117 -0.08722 9E-06
v -0.026117 -0.08722 9E-06
v -0.026213 -0.093976 -0.005982
v -0.025081 -0.087069 -0.006039
v -0.027301 -0.094144 9E-06
v -0.027301 -0.094144 9E-06
v -0.02731 -0.094197 9E-06
v -0.02731 -0.094197 9E-06
v -0.028392 -0.101125 9E-06
v -0.028392 -0.101125 9E-06
v -0.027238 -0.100888 -0.005901
v -0.027226 -0.10093 0.005911
v -0.025252 -0.107322 0.010909
v -0.028138 -0.107854 0.005807
v -0.0284 -0.101177 9E-06
v -0.0284 -0.101177 9E-06
v -0.029375 -0.108117 9E-06
v -0.029375 -0.108117 9E-06
v -0.028153 -0.107813 -0.005799
v -0.029382 -0.108169 9E-06
v -0.029382 -0.108169 9E-06
v -0.028957 -0.114757 -0.005679
v -0.025263 -0.10728 -0.010897
v -0.025971 -0.114071 -0.010596
v -0.02656 -0.120878 -0.010265
v -0.021656 -0.113409 -0.014206
v -0.022226 -0.119979 -0.013694
v -0.020086 -0.125927 -0.013611
v -0.019645 -0.119499 -0.014204
v -0.022649 -0.126553 -0.013144
v -0.027023 -0.127698 -0.009913
v -0.022912 -0.133132 -0.012575
v -0.020346 -0.132358 -0.012999
v -0.017958 -0.137954 -0.011846
v -0.017927 -0.131654 -0.012408
v -0.020399 -0.138801 -0.0124
v -0.022992 -0.139719 -0.01202
v -0.020209 -0.145251 -0.011873
v -0.017714 -0.144251 -0.01136
v -0.01366 -0.142579 -0.008657
v -0.017152 -0.150534 -0.011022
v -0.012881 -0.148591 -0.008498
v -0.009918 -0.14722 -0.004658
v -0.008545 -0.153123 -0.004699
v -0.011694 -0.154624 -0.008528
v -0.006751 -0.159017 -0.004862
v -0.016229 -0.156813 -0.010907
v -0.010083 -0.160635 -0.008791
v -0.004565 -0.164758 -0.005155
v -0.014922 -0.163053 -0.011072
v -0.008071 -0.16651 -0.009302
v -0.008334 -0.173653 -0.011475
v -0.005676 -0.172234 -0.010048
v -0.003564 -0.171131 -0.008071
v -0.01324 -0.16919 -0.011538
v -0.011207 -0.175201 -0.012291
v -0.020721 -0.165967 -0.011215
v -0.019376 -0.172383 -0.011661
v -0.014424 -0.17694 -0.012609
v -0.012307 -0.182985 -0.013567
v -0.008863 -0.18107 -0.013279
v -0.017732 -0.178703 -0.012388
v -0.020845 -0.180344 -0.011631
v -0.015828 -0.184913 -0.013348
v -0.019163 -0.18672 -0.012596
v -0.017859 -0.187987 -0.013129
v -0.017859 -0.187987 -0.013129
v -0.015232 -0.186312 -0.013614
v -0.015232 -0.186312 -0.013614
v -0.012562 -0.184633 -0.013786
v -0.012562 -0.184633 -0.013786
v -0.015339 -0.186379 -0.013601
v -0.015339 -0.186379 -0.013601
v -0.015082 -0.186543 -0.013591
v -0.017703 -0.188221 -0.013113
v -0.017548 -0.188393 -0.01295
v -0.02024 -0.189882 -0.012208
v -0.018652 -0.188499 -0.0129
v -0.018652 -0.188499 -0.0129
v -0.020402 -0.189644 -0.012212
v -0.020402 -0.189644 -0.012212
v -0.020331 -0.189762 -0.01223
v -0.02153 -0.190564 -0.01158
v -0.021436 -0.190684 -0.011562
v -0.021335 -0.190779 -0.011506
v -0.02246 -0.191554 -0.010725
v -0.022568 -0.19146 -0.010777
v -0.023501 -0.192289 -0.009799
v -0.023614 -0.192197 -0.009845
v -0.022665 -0.191338 -0.010791
v -0.021769 -0.190557 -0.011454
v -0.021769 -0.190557 -0.011454
v -0.022733 -0.191216 -0.010768
v -0.022733 -0.191216 -0.010768
v -0.023713 -0.192074 -0.009856
v -0.024274 -0.192305 -0.009299
v -0.024274 -0.192305 -0.009299
v -0.023779 -0.191949 -0.009832
v -0.023779 -0.191949 -0.009832
v -0.024557 -0.192883 -0.008774
v -0.024557 -0.192883 -0.008774
v -0.024658 -0.19276 -0.008781
v -0.024658 -0.19276 -0.008781
v -0.025206 -0.193173 -0.00803
v -0.025104 -0.193296 -0.008027
v -0.024722 -0.192632 -0.008757
v -0.024722 -0.192632 -0.008757
v -0.024722 -0.192632 -0.008757
v -0.024833 -0.189735 -0.008987
v -0.025269 -0.193045 -0.008005
v -0.025269 -0.193045 -0.008005
v -0.026779 -0.190739 -0.006239
v -0.025768 -0.19347 -0.007202
v -0.025768 -0.19347 -0.007202
v -0.025704 -0.193593 -0.007234
v -0.0256 -0.193711 -0.00724
v -0.026133 -0.193893 -0.006491
v -0.026133 -0.193893 -0.006491
v -0.027983 -0.191348 -0.003231
v -0.026024 -0.194195 -0.006435
v -0.026194 -0.193987 -0.006356
v -0.026194 -0.193987 -0.006356
v -0.026469 -0.194755 -0.005561
v -0.026469 -0.194755 -0.005561
v -0.026311 -0.194881 -0.005703
v -0.026087 -0.194954 -0.005758
v -0.026355 -0.195827 -0.005272
v -0.026179 -0.195828 -0.005374
v -0.025971 -0.195809 -0.005399
v -0.025971 -0.195809 -0.005399
v -0.025881 -0.19508 -0.005648
v -0.025881 -0.19508 -0.005648
v -0.025965 -0.195952 -0.005376
v -0.025965 -0.195952 -0.005376
v -0.026046 -0.196805 -0.005295
v -0.026046 -0.196805 -0.005295
v -0.026203 -0.196835 -0.005187
v -0.026203 -0.196835 -0.005187
v -0.026044 -0.196805 -0.005296
v -0.026044 -0.196805 -0.005296
v -0.025583 -0.198139 -0.005325
v -0.025583 -0.198139 -0.005325
v -0.025583 -0.198139 -0.005325
v -0.025583 -0.198139 -0.005325
v -0.025775 -0.198178 -0.005285
v -0.025853 -0.196768 -0.005334
v -0.025853 -0.196768 -0.005334
v -0.025853 -0.196768 -0.005334
v -0.020104 -0.193162 -0.005334
v -0.020104 -0.193162 -0.005334
v -0.020104 -0.193162 -0.005334
v -0.020104 -0.193162 -0.005334
v -0.020503 -0.192525 -0.005376
v -0.02501 -0.200875 -0.005306
v -0.02501 -0.200875 -0.005306
v -0.02501 -0.200875 -0.005306
v -0.02501 -0.200875 -0.005306
v -0.02501 -0.200875 -0.005306
v -0.02501 -0.200875 -0.005306
v -0.02501 -0.200875 -0.005306
v -0.014355 -0.189556 -0.005334
v -0.014355 -0.189556 -0.005334
v -0.014355 -0.189556 -0.005334
v -0.014754 -0.188919 -0.005376
v -0.007306 -0.197596 -0.005257
v -0.007306 -0.197596 -0.005257
v -0.007306 -0.197596 -0.005257
v -0.008605 -0.18595 -0.005334
v -0.008605 -0.18595 -0.005334
v -0.008605 -0.18595 -0.005334
v -0.008605 -0.18595 -0.005334
v -0.008605 -0.18595 -0.005334
v -0.008605 -0.18595 -0.005334
v -0.009005 -0.185313 -0.005376
v -0.002856 -0.182344 -0.005334
v -0.002856 -0.182344 -0.005334
v -0.002856 -0.182344 -0.005334
v -0.002856 -0.182344 -0.005334
v -0.001527 -0.193972 -0.005257
v -0.001527 -0.193972 -0.005257
v -0.001527 -0.193972 -0.005257
v -0.001527 -0.193972 -0.005257
v 0.00598 -0.183045 -0.005296
v 0.00598 -0.183045 -0.005296
v 0.00598 -0.183045 -0.005296
v 0.00598 -0.183045 -0.005296
v 0.00598 -0.183045 -0.005296
v 0.00519 -0.181982 -0.005305
v 0.00519 -0.181982 -0.005305
v 0.00519 -0.181982 -0.005305
v 0.004411 -0.180909 -0.005315
v 0.004411 -0.180909 -0.005315
v 0.004411 -0.180909 -0.005315
v 0.004411 -0.180909 -0.005315
v 0.004578 -0.180789 -0.005271
v 0.003646 -0.179828 -0.005325
v 0.003646 -0.179828 -0.005325
v 0.003646 -0.179828 -0.005325
v 0.003812 -0.179711 -0.005281
v 0.00395 -0.179614 -0.005159
v 0.00306 -0.178624 -0.005292
v 0.00306 -0.178624 -0.005292
v 0.002619 -0.177997 -0.005334
v 0.002462 -0.178124 -0.005376
v 0.002462 -0.178124 -0.005376
v 0.002893 -0.178738 -0.005334
v 0.002893 -0.178738 -0.005334
v 0.002893 -0.178738 -0.005334
v 0.002893 -0.178738 -0.005334
v 0.003061 -0.178623 -0.005292
v 0.003061 -0.178623 -0.005292
v 0.003197 -0.17853 -0.005173
v 0.003197 -0.17853 -0.005173
v 0.003197 -0.178529 -0.005173
v 0.003197 -0.178529 -0.005173
v 0.002813 -0.177797 -0.005042
v 0.002813 -0.177797 -0.005042
v 0.003284 -0.178469 -0.004996
v 0.003284 -0.178469 -0.004996
v 0.003284 -0.178469 -0.004996
v 0.005152 -0.180438 -0.003416
v 0.004034 -0.179554 -0.004979
v 0.004034 -0.179554 -0.004979
v 0.00187 -0.175257 -0.003122
v 0.000935 -0.175734 -0.006091
v 0.002187 -0.175097 9E-06
v 0.002187 -0.175097 9E-06
v -0.00072 -0.16975 9E-06
v -0.00072 -0.16975 9E-06
v -0.001998 -0.170337 -0.005572
v -0.000739 -0.169712 9E-06
v -0.000739 -0.169712 9E-06
v -0.001063 -0.169872 -0.002864
v 0.001577 -0.176811 -0.006207
v 0.001577 -0.176811 -0.006207
v 0.001694 -0.176839 -0.006033
v 0.001694 -0.176839 -0.006033
v 0.002248 -0.17717 -0.005376
v 0.002248 -0.17717 -0.005376
v 0.002742 -0.177883 -0.005218
v 0.002229 -0.177327 -0.005515
v 0.002144 -0.1775 -0.005596
v 0.001729 -0.177054 -0.006103
v 0.001677 -0.177277 -0.006115
v 0.001299 -0.177045 -0.006786
v 0.000819 -0.176922 -0.007468
v 0.000819 -0.176922 -0.007468
v 0.001235 -0.17681 -0.006766
v 0.001235 -0.17681 -0.006766
v 0.001261 -0.177285 -0.006743
v 0.000898 -0.177162 -0.007462
v 0.000867 -0.177405 -0.007387
v 0.000485 -0.177337 -0.00811
v 3.5E-05 -0.177789 -0.008628
v 3.5E-05 -0.177789 -0.008628
v 0.000396 -0.177095 -0.008126
v 0.000396 -0.177095 -0.008126
v 5.1E-05 -0.17755 -0.00873
v 5.1E-05 -0.17755 -0.00873
v 0.000461 -0.17758 -0.00802
v 3.4E-05 -0.17779 -0.008627
v 3.4E-05 -0.17779 -0.008627
v 5E-05 -0.177548 -0.00873
v 5E-05 -0.177548 -0.00873
v -0.000212 -0.177391 -0.00897
v -0.000212 -0.177391 -0.00897
v -4.2E-05 -0.177307 -0.008751
v -4.2E-05 -0.177307 -0.008751
v -4.2E-05 -0.177307 -0.008751
v -0.000681 -0.17658 -0.008842
v -0.002141 -0.178405 -0.010883
v -0.002141 -0.178405 -0.010883
v -0.002925 -0.177791 -0.010989
v -0.005781 -0.179362 -0.012477
v -0.004588 -0.179791 -0.012334
v -0.004588 -0.179791 -0.012334
v -0.00249 -0.178597 -0.011142
v -0.00249 -0.178597 -0.011142
v -0.002031 -0.178645 -0.010854
v -0.004464 -0.180027 -0.012302
v -0.007078 -0.181578 -0.013188
v -0.002011 -0.17887 -0.010718
v -0.005354 -0.180239 -0.01265
v -0.005354 -0.180239 -0.01265
v -0.00441 -0.180238 -0.012147
v -0.002086 -0.179021 -0.010513
v -0.002086 -0.179021 -0.010513
v -0.002086 -0.179021 -0.010513
v -0.004441 -0.180364 -0.011913
v -0.004441 -0.180364 -0.011913
v -0.004441 -0.180364 -0.011913
v -0.006998 -0.181776 -0.013024
v -0.009639 -0.183389 -0.013469
v -0.009739 -0.1832 -0.013636
v -0.006994 -0.181883 -0.012776
v -0.006994 -0.181883 -0.012776
v -0.006994 -0.181883 -0.012776
v -0.004047 -0.180444 -0.008473
v -0.004047 -0.180444 -0.008473
v -0.004047 -0.180444 -0.008473
v -0.004047 -0.180444 -0.008473
v -0.004047 -0.180444 -0.008473
v -0.009608 -0.183481 -0.013216
v -0.009608 -0.183481 -0.013216
v -0.009608 -0.183481 -0.013216
v -0.009608 -0.183481 -0.013216
v -0.015546 -0.187657 -0.008473
v -0.015546 -0.187657 -0.008473
v -0.015546 -0.187657 -0.008473
v -0.015546 -0.187657 -0.008473
v -0.015546 -0.187657 -0.008473
v -0.015546 -0.187657 -0.008473
v -0.009797 -0.184051 -0.008473
v -0.009797 -0.184051 -0.008473
v -0.009797 -0.184051 -0.008473
v -0.012301 -0.185046 -0.013591
v -0.012248 -0.185126 -0.013334
v -0.012248 -0.185126 -0.013334
v -0.012248 -0.185126 -0.013334
v -0.014874 -0.186789 -0.013166
v -0.014874 -0.186789 -0.013166
v -0.014874 -0.186789 -0.013166
v -0.017446 -0.188447 -0.012693
v -0.017446 -0.188447 -0.012693
v -0.017446 -0.188447 -0.012693
v -0.017446 -0.188447 -0.012693
v -0.014949 -0.18672 -0.013424
v -0.012417 -0.184864 -0.013758
v -0.01185 -0.184189 -0.013783
v -0.01185 -0.184189 -0.013783
v -0.009878 -0.182969 -0.013667
v -0.009878 -0.182969 -0.013667
v -0.008425 -0.182079 -0.01347
v -0.008425 -0.182079 -0.01347
v -0.007211 -0.181345 -0.01322
v -0.007211 -0.181345 -0.01322
v -0.019916 -0.190081 -0.011804
v -0.019916 -0.190081 -0.011804
v -0.019916 -0.190081 -0.011804
v -0.020056 -0.190047 -0.012054
v -0.019974 -0.190082 -0.011931
v -0.021295 -0.191263 -0.008473
v -0.021295 -0.191263 -0.008473
v -0.021295 -0.191263 -0.008473
v -0.021295 -0.191263 -0.008473
v -0.021295 -0.191263 -0.008473
v -0.021295 -0.191263 -0.008473
v -0.021295 -0.191263 -0.008473
v -0.024079 -0.193009 -0.008473
v -0.024079 -0.193009 -0.008473
v -0.024079 -0.193009 -0.008473
v -0.024079 -0.193009 -0.008473
v -0.021073 -0.190866 -0.011176
v -0.021073 -0.190866 -0.011176
v -0.021073 -0.190866 -0.011176
v -0.022163 -0.191623 -0.010413
v -0.022163 -0.191623 -0.010413
v -0.022163 -0.191623 -0.010413
v -0.02317 -0.19234 -0.009511
v -0.02317 -0.19234 -0.009511
v -0.02317 -0.19234 -0.009511
v -0.021261 -0.191317 -0.007722
v -0.021261 -0.191317 -0.007722
v -0.015512 -0.187711 -0.007722
v -0.024607 -0.193412 -0.007755
v -0.024607 -0.193412 -0.007755
v -0.024607 -0.193412 -0.007755
v -0.024629 -0.19343 -0.007722
v -0.024629 -0.19343 -0.007722
v -0.024629 -0.19343 -0.007722
v -0.02121 -0.191398 -0.006975
v -0.021105 -0.191566 -0.00625
v -0.025114 -0.193846 -0.006975
v -0.025114 -0.193846 -0.006975
v -0.015461 -0.187792 -0.006975
v -0.02509 -0.193824 -0.007013
v -0.02509 -0.193824 -0.007013
v -0.025203 -0.193854 -0.007095
v -0.024715 -0.193445 -0.007845
v -0.02485 -0.193437 -0.007931
v -0.025342 -0.193846 -0.007169
v -0.024982 -0.193385 -0.007993
v -0.02577 -0.194315 -0.006414
v -0.025476 -0.193797 -0.007218
v -0.025542 -0.194349 -0.00625
v -0.025542 -0.194349 -0.00625
v -0.025514 -0.194309 -0.006299
v -0.025514 -0.194309 -0.006299
v -0.020872 -0.191938 -0.005649
v -0.025844 -0.19496 -0.005716
v -0.025844 -0.19496 -0.005716
v -0.015123 -0.188332 -0.005649
v -0.015356 -0.18796 -0.00625
v -0.009712 -0.184186 -0.006975
v -0.009606 -0.184354 -0.00625
v -0.009373 -0.184725 -0.005649
v -0.003857 -0.180748 -0.00625
v -0.003962 -0.18058 -0.006975
v 0.000916 -0.17752 -0.006975
v 0.000916 -0.17752 -0.006975
v -0.004013 -0.180499 -0.007722
v 0.000439 -0.177706 -0.007722
v 0.000439 -0.177706 -0.007722
v 0.000332 -0.177756 -0.007884
v 0.000332 -0.177756 -0.007884
v 0.000733 -0.177582 -0.007263
v 0.000733 -0.177582 -0.007263
v -8.7E-05 -0.17796 -0.008473
v -8.7E-05 -0.17796 -0.008473
v -8.7E-05 -0.17796 -0.008473
v -8.7E-05 -0.17796 -0.008473
v -0.009762 -0.184105 -0.007722
v 0.001128 -0.177468 -0.006648
v 0.001128 -0.177468 -0.006648
v 0.001406 -0.177446 -0.00625
v 0.001406 -0.177446 -0.00625
v -0.003624 -0.181119 -0.005649
v 0.001951 -0.177623 -0.005649
v 0.001951 -0.177623 -0.005649
v 0.001548 -0.177461 -0.006066
v 0.001548 -0.177461 -0.006066
v -0.003255 -0.181707 -0.005376
v 0.00246 -0.178122 -0.005377
v 0.00246 -0.178122 -0.005377
v 0.002007 -0.177661 -0.005605
v 0.002007 -0.177661 -0.005605
v -0.024438 -0.192974 -0.008734
v -0.024438 -0.192974 -0.008734
v -0.02431 -0.193028 -0.008665
v -0.02431 -0.193028 -0.008665
v -0.023381 -0.192347 -0.009722
v -0.024181 -0.193039 -0.008571
v -0.024181 -0.193039 -0.008571
v -0.023263 -0.192364 -0.009618
v -0.022244 -0.191639 -0.010529
v -0.02235 -0.191615 -0.010641
v -0.021235 -0.190845 -0.011416
v -0.021142 -0.190875 -0.011298
v -0.020146 -0.189978 -0.012147
v -0.003286 -0.164186 9E-06
v -0.003286 -0.164186 9E-06
v -0.003302 -0.164147 9E-06
v -0.003302 -0.164147 9E-06
v -0.004576 -0.164813 0.005166
v -0.001062 -0.16992 0.002881
v -0.003591 -0.171196 0.008086
v -0.010081 -0.16068 0.008828
v -0.006752 -0.159066 0.004876
v -0.002022 -0.1704 0.005579
v -0.008069 -0.166556 0.00935
v -0.008321 -0.173693 0.01156
v -0.014918 -0.163097 0.011106
v -0.013234 -0.169234 0.011584
v -0.005675 -0.172281 0.010108
v -0.000722 -0.176654 0.008854
v -0.002926 -0.177839 0.011063
v -0.005765 -0.179401 0.012585
v -0.002512 -0.178607 0.011211
v -0.002512 -0.178607 0.011211
v -0.002183 -0.178427 0.010954
v -0.002183 -0.178427 0.010954
v -0.004629 -0.179805 0.012451
v -0.004629 -0.179805 0.012451
v -0.004505 -0.180041 0.012419
v -0.005361 -0.180233 0.012752
v -0.005361 -0.180233 0.012752
v -0.00714 -0.181607 0.013287
v -0.007274 -0.181373 0.013318
v -0.007274 -0.181373 0.013318
v -0.008435 -0.182078 0.013537
v -0.008435 -0.182078 0.013537
v -0.008853 -0.181113 0.013351
v -0.011199 -0.175243 0.012349
v -0.012301 -0.18303 0.013591
v -0.014419 -0.176985 0.012632
v -0.00995 -0.183009 0.013714
v -0.00995 -0.183009 0.013714
v -0.009809 -0.18324 0.013684
v -0.011859 -0.184194 0.013801
v -0.011859 -0.184194 0.013801
v -0.012498 -0.184914 0.013767
v -0.012643 -0.184684 0.013795
v -0.012643 -0.184684 0.013795
v -0.015321 -0.186371 0.013585
v -0.015321 -0.186371 0.013585
v -0.015169 -0.186602 0.013562
v -0.015823 -0.184959 0.013336
v -0.019168 -0.186773 0.012577
v -0.015347 -0.186388 0.013581
v -0.015347 -0.186388 0.013581
v -0.017727 -0.178748 0.012385
v -0.020848 -0.180394 0.011623
v -0.017953 -0.188053 0.013072
v -0.017953 -0.188053 0.013072
v -0.017797 -0.188287 0.013057
v -0.018668 -0.188515 0.012871
v -0.018668 -0.188515 0.012871
v -0.02044 -0.189837 0.012199
v -0.02035 -0.189957 0.012176
v -0.020511 -0.189719 0.012182
v -0.020511 -0.189719 0.012182
v -0.021722 -0.190524 0.011555
v -0.021722 -0.190524 0.011555
v -0.021652 -0.190644 0.011575
v -0.021821 -0.19059 0.011496
v -0.021821 -0.19059 0.011496
v -0.022804 -0.191427 0.010806
v -0.022707 -0.191548 0.010791
v -0.021558 -0.190764 0.011556
v -0.022601 -0.191643 0.010739
v -0.021459 -0.19086 0.011499
v -0.020258 -0.190054 0.012115
v -0.022492 -0.191705 0.010654
v -0.021361 -0.190926 0.011408
v -0.020169 -0.190123 0.012021
v -0.022388 -0.19173 0.01054
v -0.021269 -0.190957 0.011288
v -0.020089 -0.190159 0.011897
v -0.022309 -0.191715 0.010423
v -0.022309 -0.191715 0.010423
v -0.022309 -0.191715 0.010423
v -0.021202 -0.19095 0.011165
v -0.021202 -0.19095 0.011165
v -0.021202 -0.19095 0.011165
v -0.021343 -0.191293 0.008492
v -0.021343 -0.191293 0.008492
v -0.021343 -0.191293 0.008492
v -0.021343 -0.191293 0.008492
v -0.021343 -0.191293 0.008492
v -0.021343 -0.191293 0.008492
v -0.021343 -0.191293 0.008492
v -0.020032 -0.190159 0.011771
v -0.020032 -0.190159 0.011771
v -0.020032 -0.190159 0.011771
v -0.017539 -0.188513 0.012637
v -0.017539 -0.188513 0.012637
v -0.017539 -0.188513 0.012637
v -0.017539 -0.188513 0.012637
v -0.015596 -0.187688 0.008492
v -0.015596 -0.187688 0.008492
v -0.015596 -0.187688 0.008492
v -0.015596 -0.187688 0.008492
v -0.015596 -0.187688 0.008492
v -0.015596 -0.187688 0.008492
v -0.014958 -0.186846 0.013138
v -0.014958 -0.186846 0.013138
v -0.014958 -0.186846 0.013138
v -0.017642 -0.188459 0.012894
v -0.015034 -0.186779 0.013396
v -0.01238 -0.185096 0.013599
v -0.012324 -0.185175 0.013343
v -0.012324 -0.185175 0.013343
v -0.012324 -0.185175 0.013343
v -0.009673 -0.183519 0.013263
v -0.009673 -0.183519 0.013263
v -0.009673 -0.183519 0.013263
v -0.009673 -0.183519 0.013263
v -0.009673 -0.183519 0.013263
v -0.009707 -0.183429 0.013517
v -0.007048 -0.18191 0.012873
v -0.007048 -0.18191 0.012873
v -0.007048 -0.18191 0.012873
v -0.007056 -0.181805 0.013123
v -0.004483 -0.180381 0.01203
v -0.004483 -0.180381 0.01203
v -0.004451 -0.180253 0.012265
v -0.002058 -0.178894 0.010793
v -0.002138 -0.179047 0.010591
v -0.002138 -0.179047 0.010591
v -0.002138 -0.179047 0.010591
v -4.2E-05 -0.177838 0.008644
v -4.2E-05 -0.177838 0.008644
v -0.004101 -0.180478 0.008492
v -0.004101 -0.180478 0.008492
v -0.004101 -0.180478 0.008492
v -0.004101 -0.180478 0.008492
v -0.004101 -0.180478 0.008492
v -0.000164 -0.178009 0.008492
v -0.000164 -0.178009 0.008492
v -0.000164 -0.178009 0.008492
v -0.000164 -0.178009 0.008492
v -0.004067 -0.180532 0.007741
v 0.000356 -0.177759 0.007741
v 0.000356 -0.177759 0.007741
v 0.000254 -0.177805 0.007894
v 0.000254 -0.177805 0.007894
v 0.000384 -0.177632 0.008032
v 0.000409 -0.177391 0.008123
v 0.000788 -0.177457 0.0074
v 0.000654 -0.177633 0.00728
v 0.000654 -0.177633 0.00728
v 0.00082 -0.177216 0.007473
v 0.000837 -0.177569 0.006994
v 0.000837 -0.177569 0.006994
v 0.001185 -0.177329 0.006756
v 0.001056 -0.177515 0.006661
v 0.001056 -0.177515 0.006661
v 0.001334 -0.177491 0.006269
v 0.001334 -0.177491 0.006269
v 0.001222 -0.177089 0.0068
v 0.001608 -0.177322 0.006134
v 0.001481 -0.177505 0.006083
v 0.001481 -0.177505 0.006083
v 0.002081 -0.177537 0.005615
v 0.00166 -0.177102 0.006124
v 0.001891 -0.177661 0.005667
v 0.001891 -0.177661 0.005667
v -0.003678 -0.181153 0.005667
v 0.002403 -0.178158 0.005396
v 0.002403 -0.178158 0.005396
v 0.001946 -0.177696 0.005624
v 0.001946 -0.177696 0.005624
v -0.003309 -0.181741 0.005395
v -0.008657 -0.185982 0.005353
v -0.008657 -0.185982 0.005353
v -0.008657 -0.185982 0.005353
v -0.00291 -0.182377 0.005353
v -0.00291 -0.182377 0.005353
v -0.009057 -0.185346 0.005395
v -0.009425 -0.184758 0.005667
v -0.015406 -0.187991 0.006269
v -0.009658 -0.184386 0.006269
v -0.015173 -0.188363 0.005667
v -0.021153 -0.191596 0.006269
v -0.02092 -0.191968 0.005667
v -0.014804 -0.188951 0.005395
v -0.020152 -0.193192 0.005353
v -0.020152 -0.193192 0.005353
v -0.020152 -0.193192 0.005353
v -0.014405 -0.189587 0.005353
v -0.014405 -0.189587 0.005353
v -0.014405 -0.189587 0.005353
v -0.014405 -0.189587 0.005353
v -0.020551 -0.192555 0.005395
v -0.025941 -0.195117 0.005666
v -0.025941 -0.195117 0.005666
v -0.026013 -0.195982 0.005396
v -0.026013 -0.195982 0.005396
v -0.0259 -0.196797 0.005353
v -0.0259 -0.196797 0.005353
v -0.0259 -0.196797 0.005353
v -0.026094 -0.196834 0.005313
v -0.026094 -0.196834 0.005313
v -0.026018 -0.195852 0.005416
v -0.026018 -0.195852 0.005416
v -0.026231 -0.195871 0.00539
v -0.026408 -0.195871 0.005282
v -0.02638 -0.194934 0.005705
v -0.026156 -0.195005 0.005766
v -0.026255 -0.196865 0.005199
v -0.026255 -0.196865 0.005199
v -0.026096 -0.196835 0.005311
v -0.026096 -0.196835 0.005311
v -0.025825 -0.198207 0.005302
v -0.025347 -0.199537 0.005333
v -0.025347 -0.199537 0.005333
v -0.025629 -0.198168 0.005343
v -0.025629 -0.198168 0.005343
v -0.025629 -0.198168 0.005343
v -0.025629 -0.198168 0.005343
v -0.025545 -0.199579 0.005291
v -0.025988 -0.19824 0.005185
v -0.026164 -0.197898 0.005015
v -0.026164 -0.197898 0.005015
v -0.025709 -0.199612 0.005172
v -0.026257 -0.196865 0.005198
v -0.026257 -0.196865 0.005198
v -0.026092 -0.19826 0.005011
v -0.026092 -0.19826 0.005011
v -0.02658 -0.198112 0.003538
v -0.025812 -0.199633 0.004995
v -0.025812 -0.199633 0.004995
v -0.02552 -0.201004 0.00498
v -0.02552 -0.201004 0.00498
v -0.025418 -0.200983 0.005159
v -0.024949 -0.202314 0.00527
v -0.025253 -0.200947 0.005281
v -0.025114 -0.20235 0.005147
v -0.024632 -0.203676 0.00526
v -0.024797 -0.203715 0.005134
v -0.025216 -0.202372 0.004965
v -0.025216 -0.202372 0.004965
v -0.024945 -0.204772 0.00383
v -0.024898 -0.203737 0.00495
v -0.024898 -0.203737 0.00495
v -0.024682 -0.20463 0.00494
v -0.024682 -0.20463 0.00494
v -0.024565 -0.205099 0.004935
v -0.024565 -0.205099 0.004935
v -0.024466 -0.205076 0.005121
v -0.0243 -0.205035 0.005249
v -0.023952 -0.20639 0.005238
v -0.024118 -0.206433 0.005109
v -0.024217 -0.206458 0.00492
v -0.024217 -0.206458 0.00492
v -0.023752 -0.207786 0.005098
v -0.023752 -0.207786 0.005098
v -0.023754 -0.207787 0.005096
v -0.023754 -0.207787 0.005096
v -0.023458 -0.20885 0.005065
v -0.023562 -0.208863 0.004869
v -0.023562 -0.208863 0.004869
v -0.023851 -0.207812 0.004905
v -0.023851 -0.207812 0.004905
v -0.023851 -0.207812 0.004905
v -0.023158 -0.210795 0.004098
v -0.023158 -0.210795 0.004098
v -0.023013 -0.210803 0.0044
v -0.022996 -0.211381 0.003517
v -0.025346 -0.204985 9E-06
v -0.025346 -0.204985 9E-06
v -0.023331 -0.211477 0.001367
v -0.023331 -0.211477 0.001367
v -0.023331 -0.211477 0.001367
v -0.023313 -0.209851 0.004697
v -0.023313 -0.209851 0.004697
v -0.023169 -0.210666 0.004238
v -0.023169 -0.210666 0.004238
v -0.023169 -0.211166 0.003441
v -0.023169 -0.211166 0.003441
v -0.023247 -0.211399 0.002457
v -0.023247 -0.211399 0.002457
v -0.023213 -0.211667 0.001368
v -0.023213 -0.211667 0.001368
v -0.023073 -0.211638 0.002468
v -0.022791 -0.21174 0.002454
v -0.022876 -0.211815 0.001353
v -0.022876 -0.211815 0.001353
v -0.022723 -0.211476 0.00354
v -0.023158 -0.211715 0.001366
v -0.023158 -0.211715 0.001366
v -0.023025 -0.211787 0.001361
v -0.023025 -0.211787 0.001361
v -0.022845 -0.211839 9E-06
v -0.022845 -0.211839 9E-06
v -0.023066 -0.211813 9E-06
v -0.023066 -0.211813 9E-06
v -0.023024 -0.211787 -0.001343
v -0.023024 -0.211787 -0.001343
v -0.023158 -0.211716 -0.001348
v -0.023158 -0.211716 -0.001348
v -0.023025 -0.211787 -0.001343
v -0.023025 -0.211787 -0.001343
v -0.023255 -0.211693 9E-06
v -0.023255 -0.211693 9E-06
v -0.023373 -0.211504 9E-06
v -0.023373 -0.211504 9E-06
v -0.023373 -0.211504 9E-06
v -0.023213 -0.211667 -0.00135
v -0.023213 -0.211667 -0.00135
v -0.023331 -0.211477 -0.00135
v -0.023331 -0.211477 -0.00135
v -0.023331 -0.211477 -0.00135
v -0.023243 -0.211394 -0.002433
v -0.023243 -0.211394 -0.002433
v -0.023069 -0.21163 -0.002451
v -0.022707 -0.211469 -0.003526
v -0.02298 -0.211374 -0.003507
v -0.022936 -0.211701 -0.002449
v -0.023153 -0.211158 -0.003434
v -0.023153 -0.211158 -0.003434
v -0.023131 -0.210808 -0.004057
v -0.023131 -0.210808 -0.004057
v -0.02314 -0.210649 -0.004231
v -0.02314 -0.210649 -0.004231
v -0.023271 -0.209835 -0.004691
v -0.023271 -0.209835 -0.004691
v -0.023517 -0.208836 -0.004866
v -0.023517 -0.208836 -0.004866
v -0.023807 -0.207781 -0.004901
v -0.023807 -0.207781 -0.004901
v -0.023807 -0.207781 -0.004901
v -0.022982 -0.210786 -0.004388
v -0.024941 -0.204716 -0.00379
v -0.025358 -0.204938 9E-06
v -0.025358 -0.204938 9E-06
v -0.026993 -0.198324 9E-06
v -0.026993 -0.198324 9E-06
v -0.027003 -0.198277 9E-06
v -0.027003 -0.198277 9E-06
v -0.026578 -0.198058 -0.003502
v -0.028403 -0.191608 9E-06
v -0.028403 -0.191608 9E-06
v -0.028412 -0.191561 9E-06
v -0.028412 -0.191561 9E-06
v -0.027984 -0.1914 0.003264
v -0.026829 -0.190821 0.006301
v -0.029186 -0.184648 0.003022
v -0.02629 -0.194044 0.006352
v -0.02629 -0.194044 0.006352
v -0.026535 -0.194809 0.005561
v -0.026535 -0.194809 0.005561
v -0.026532 -0.195851 0.005106
v -0.026532 -0.195851 0.005106
v -0.026205 -0.193909 0.006554
v -0.026205 -0.193909 0.006554
v -0.029607 -0.184853 9E-06
v -0.029607 -0.184853 9E-06
v -0.029615 -0.184807 9E-06
v -0.029615 -0.184807 9E-06
v -0.029051 -0.17731 0.00541
v -0.029848 -0.170503 0.005132
v -0.026197 -0.183164 0.008336
v -0.025026 -0.175314 0.009557
v -0.028041 -0.184087 0.005807
v -0.030605 -0.178059 9E-06
v -0.030605 -0.178059 9E-06
v -0.03139 -0.17124 9E-06
v -0.03139 -0.17124 9E-06
v -0.030612 -0.178013 9E-06
v -0.030612 -0.178013 9E-06
v -0.02903 -0.177247 -0.005371
v -0.029186 -0.184598 -0.002993
v -0.029838 -0.170448 -0.005101
v -0.028006 -0.184015 -0.005757
v -0.026142 -0.18308 -0.008264
v -0.025011 -0.175256 -0.009526
v -0.031394 -0.171194 9E-06
v -0.031394 -0.171194 9E-06
v -0.031955 -0.164427 9E-06
v -0.031955 -0.164427 9E-06
v -0.031959 -0.164381 9E-06
v -0.031959 -0.164381 9E-06
v -0.030423 -0.1637 0.004978
v -0.030779 -0.156781 0.004938
v -0.026755 -0.161946 0.008824
v -0.026019 -0.168642 0.009071
v -0.032304 -0.157486 9E-06
v -0.032304 -0.157486 9E-06
v -0.032305 -0.157439 9E-06
v -0.032305 -0.157439 9E-06
v -0.030422 -0.163652 -0.004955
v -0.030785 -0.156736 -0.004921
v -0.030933 -0.149693 -0.004978
v -0.027244 -0.155109 -0.008783
v -0.026756 -0.161898 -0.008804
v -0.032435 -0.150399 9E-06
v -0.032435 -0.150399 9E-06
v -0.030922 -0.149734 0.00499
v -0.032436 -0.15035 9E-06
v -0.032436 -0.15035 9E-06
v -0.032351 -0.143328 9E-06
v -0.032351 -0.143328 9E-06
v -0.03087 -0.142672 -0.005093
v -0.03235 -0.143279 9E-06
v -0.03235 -0.143279 9E-06
v -0.030855 -0.142711 0.005102
v -0.030601 -0.13572 0.005247
v -0.027503 -0.141403 0.009228
v -0.027481 -0.148269 0.008954
v -0.032068 -0.136284 9E-06
v -0.032068 -0.136284 9E-06
v -0.032065 -0.136234 9E-06
v -0.032065 -0.136234 9E-06
v -0.030618 -0.135682 -0.00524
v -0.030203 -0.128694 -0.005394
v -0.027349 -0.134527 -0.009555
v -0.027515 -0.141363 -0.009216
v -0.03161 -0.129238 9E-06
v -0.03161 -0.129238 9E-06
v -0.030184 -0.128732 0.0054
v -0.031606 -0.129187 9E-06
v -0.031606 -0.129187 9E-06
v -0.030999 -0.1222 9E-06
v -0.030999 -0.1222 9E-06
v -0.029625 -0.121756 0.005549
v -0.029643 -0.121717 -0.005543
v -0.030994 -0.122148 9E-06
v -0.030994 -0.122148 9E-06
v -0.030251 -0.115177 9E-06
v -0.030251 -0.115177 9E-06
v -0.02894 -0.114796 0.005686
v -0.030245 -0.115125 9E-06
v -0.030245 -0.115125 9E-06
v -0.026546 -0.120919 0.010276
v -0.025958 -0.114112 0.010607
v -0.021661 -0.113456 0.014234
v -0.022229 -0.120025 0.013721
v -0.019656 -0.119547 0.014219
v -0.022651 -0.1266 0.013171
v -0.020095 -0.125974 0.013626
v -0.017662 -0.125411 0.012988
v -0.017932 -0.1317 0.012409
v -0.020353 -0.132405 0.013014
v -0.022913 -0.133177 0.012601
v -0.017962 -0.137999 0.01185
v -0.020405 -0.138847 0.012415
v -0.022992 -0.139764 0.012044
v -0.020213 -0.145297 0.011888
v -0.017716 -0.144296 0.011369
v -0.012879 -0.148633 0.008517
v -0.017152 -0.150578 0.011038
v -0.013658 -0.142621 0.00867
v -0.009905 -0.147256 0.004675
v -0.010856 -0.141385 0.004734
v -0.014072 -0.136565 0.008954
v -0.014151 -0.130482 0.009314
v -0.01143 -0.135453 0.004861
v -0.010356 -0.134973 9E-06
v -0.010356 -0.134973 9E-06
v -0.009725 -0.14087 9E-06
v -0.009725 -0.14087 9E-06
v -0.009731 -0.14083 9E-06
v -0.009731 -0.14083 9E-06
v -0.011642 -0.129476 0.005025
v -0.013919 -0.124402 0.009704
v -0.010359 -0.134932 9E-06
v -0.010359 -0.134932 9E-06
v -0.010621 -0.129029 9E-06
v -0.010621 -0.129029 9E-06
v -0.01145 -0.135422 -0.004841
v -0.010873 -0.141352 -0.004715
v -0.01415 -0.13044 -0.009309
v -0.014073 -0.136523 -0.008946
v -0.017655 -0.125365 -0.012989
v -0.008728 -0.146664 9E-06
v -0.008728 -0.146664 9E-06
v -0.00872 -0.146703 9E-06
v -0.00872 -0.146703 9E-06
v -0.007317 -0.152543 9E-06
v -0.007317 -0.152543 9E-06
v -0.008538 -0.153166 0.004715
v -0.007306 -0.152583 9E-06
v -0.007306 -0.152583 9E-06
v -0.005498 -0.158422 9E-06
v -0.005498 -0.158422 9E-06
v -0.005484 -0.158461 9E-06
v -0.005484 -0.158461 9E-06
v -0.011691 -0.154668 0.008556
v -0.016227 -0.156857 0.010931
v -0.02174 -0.159528 0.011082
v -0.019733 -0.151744 0.011508
v -0.022444 -0.152973 0.011212
v -0.027238 -0.155154 0.0088
v -0.02285 -0.146367 0.011557
v -0.020717 -0.166012 0.011225
v -0.019371 -0.172429 0.011665
v -0.017177 -0.119127 0.013555
v -0.016498 -0.112849 0.014089
v -0.01905 -0.113125 0.014772
v -0.020954 -0.1069 0.014699
v -0.018288 -0.106716 0.015276
v -0.01564 -0.106586 0.01458
v -0.027335 -0.134566 0.009566
v -0.027009 -0.127738 0.009924
v -0.027491 -0.148227 -0.00894
v -0.022851 -0.146321 -0.011536
v -0.022446 -0.152928 -0.011193
v -0.019731 -0.151698 -0.011491
v -0.021744 -0.159483 -0.011067
v -0.026013 -0.16859 -0.009045
v -0.023765 -0.181864 -0.010234
v -0.022301 -0.188402 -0.011129
v -0.021601 -0.190444 -0.01156
v -0.021601 -0.190444 -0.01156
v -0.024911 -0.189834 0.009078
v -0.022873 -0.191304 0.010783
v -0.022873 -0.191304 0.010783
v -0.023935 -0.192044 0.009856
v -0.023935 -0.192044 0.009856
v -0.025412 -0.193131 0.008016
v -0.025412 -0.193131 0.008016
v -0.024373 -0.192357 0.009391
v -0.024373 -0.192357 0.009391
v -0.024882 -0.192729 0.00877
v -0.024882 -0.192729 0.00877
v -0.024882 -0.192729 0.00877
v -0.022337 -0.188474 0.011173
v -0.023789 -0.181928 0.010271
v -0.025349 -0.19326 0.008042
v -0.024819 -0.192858 0.008795
v -0.024819 -0.192858 0.008795
v -0.024718 -0.192982 0.008789
v -0.024718 -0.192982 0.008789
v -0.023869 -0.19217 0.009881
v -0.025247 -0.193383 0.00804
v -0.02572 -0.193787 0.007249
v -0.025124 -0.193473 0.008007
v -0.025596 -0.193872 0.007228
v -0.025862 -0.194376 0.006421
v -0.025997 -0.19433 0.006442
v -0.025459 -0.193921 0.007181
v -0.025225 -0.193916 0.006994
v -0.025225 -0.193916 0.006994
v -0.025318 -0.193927 0.007111
v -0.02499 -0.193524 0.007947
v -0.024854 -0.193531 0.007863
v -0.024598 -0.193073 0.00875
v -0.024598 -0.193073 0.00875
v -0.024469 -0.193127 0.008682
v -0.024469 -0.193127 0.008682
v -0.023657 -0.192386 0.009824
v -0.023537 -0.192444 0.009747
v -0.024339 -0.193137 0.008589
v -0.024339 -0.193137 0.008589
v -0.024235 -0.193106 0.008492
v -0.024235 -0.193106 0.008492
v -0.024235 -0.193106 0.008492
v -0.024235 -0.193106 0.008492
v -0.024743 -0.193497 0.007774
v -0.024743 -0.193497 0.007774
v -0.024743 -0.193497 0.007774
v -0.02342 -0.192461 0.009642
v -0.023328 -0.192438 0.009534
v -0.023328 -0.192438 0.009534
v -0.023328 -0.192438 0.009534
v -0.024766 -0.193515 0.007741
v -0.024766 -0.193515 0.007741
v -0.024766 -0.193515 0.007741
v -0.021309 -0.191347 0.007741
v -0.021309 -0.191347 0.007741
v -0.015562 -0.187742 0.007741
v -0.021258 -0.191428 0.006994
v -0.015511 -0.187823 0.006994
v -0.009763 -0.184219 0.006994
v -0.004016 -0.180614 0.006994
v -0.003911 -0.180781 0.006269
v -0.009814 -0.184137 0.007741
v -0.009848 -0.184083 0.008492
v -0.009848 -0.184083 0.008492
v -0.009848 -0.184083 0.008492
v -0.025202 -0.193894 0.007034
v -0.025202 -0.193894 0.007034
v -0.02377 -0.192293 0.00987
v -0.025623 -0.1944 0.006269
v -0.025623 -0.1944 0.006269
v -0.025602 -0.194368 0.006308
v -0.025602 -0.194368 0.006308
v -0.025909 -0.195005 0.005731
v -0.025909 -0.195005 0.005731
v -0.026119 -0.194254 0.006437
v -0.025823 -0.193668 0.007241
v -0.025885 -0.193544 0.00721
v -0.025885 -0.193544 0.00721
v -0.026362 -0.196884 0.005026
v -0.026362 -0.196884 0.005026
v -0.026362 -0.196884 0.005026
v -0.026123 -0.197822 -0.005009
v -0.026123 -0.197822 -0.005009
v -0.026311 -0.196855 -0.005019
v -0.026311 -0.196855 -0.005019
v -0.026311 -0.196855 -0.005019
v -0.025763 -0.199603 -0.004989
v -0.025763 -0.199603 -0.004989
v -0.025168 -0.202342 -0.00496
v -0.025168 -0.202342 -0.00496
v -0.025472 -0.200974 -0.004974
v -0.025472 -0.200974 -0.004974
v -0.026042 -0.19823 -0.005004
v -0.026042 -0.19823 -0.005004
v -0.02648 -0.195807 -0.005103
v -0.02648 -0.195807 -0.005103
v -0.026205 -0.196835 -0.005185
v -0.026205 -0.196835 -0.005185
v -0.025937 -0.198209 -0.005173
v -0.025496 -0.199549 -0.005275
v -0.025658 -0.199582 -0.00516
v -0.025205 -0.200917 -0.005265
v -0.025368 -0.200952 -0.005148
v -0.024902 -0.202283 -0.005254
v -0.025065 -0.20232 -0.005135
v -0.024585 -0.203645 -0.005244
v -0.024749 -0.203683 -0.005123
v -0.024646 -0.204555 -0.004936
v -0.024646 -0.204555 -0.004936
v -0.024254 -0.205004 -0.005234
v -0.024851 -0.203707 -0.004945
v -0.024851 -0.203707 -0.004945
v -0.024418 -0.205044 -0.005111
v -0.024519 -0.205068 -0.00493
v -0.024519 -0.205068 -0.00493
v -0.023907 -0.206359 -0.005223
v -0.024071 -0.206401 -0.005099
v -0.024171 -0.206427 -0.004916
v -0.024171 -0.206427 -0.004916
v -0.023707 -0.207755 -0.005086
v -0.023707 -0.207755 -0.005086
v -0.023706 -0.207754 -0.005088
v -0.023706 -0.207754 -0.005088
v -0.023544 -0.207711 -0.005212
v -0.023544 -0.207711 -0.005212
v -0.023412 -0.208822 -0.005056
v -0.023243 -0.208786 -0.005181
v -0.023147 -0.209867 -0.004886
v -0.022954 -0.209862 -0.005008
v -0.022729 -0.209821 -0.005037
v -0.022729 -0.209821 -0.005037
v -0.022741 -0.210844 -0.00447
v -0.023028 -0.20876 -0.00522
v -0.023028 -0.20876 -0.00522
v -0.023028 -0.20876 -0.00522
v -0.017702 -0.2067 -0.005028
v -0.018278 -0.205781 -0.005224
v -0.018278 -0.205781 -0.005224
v -0.023036 -0.208735 -0.005222
v -0.023036 -0.208735 -0.005222
v -0.023036 -0.208735 -0.005222
v -0.023543 -0.20771 -0.005213
v -0.023543 -0.20771 -0.005213
v -0.023343 -0.207655 -0.005257
v -0.023343 -0.207655 -0.005257
v -0.023343 -0.207655 -0.005257
v -0.023343 -0.207655 -0.005257
v -0.023708 -0.206307 -0.005267
v -0.023708 -0.206307 -0.005267
v -0.023708 -0.206307 -0.005267
v -0.018864 -0.204846 -0.005257
v -0.018864 -0.204846 -0.005257
v -0.018864 -0.204846 -0.005257
v -0.018864 -0.204846 -0.005257
v -0.018864 -0.204846 -0.005257
v -0.018864 -0.204846 -0.005257
v -0.013085 -0.201221 -0.005257
v -0.013085 -0.201221 -0.005257
v -0.013085 -0.201221 -0.005257
v -0.013085 -0.201221 -0.005257
v -0.024706 -0.202239 -0.005296
v -0.024706 -0.202239 -0.005296
v -0.024706 -0.202239 -0.005296
v -0.024706 -0.202239 -0.005296
v -0.024388 -0.203599 -0.005286
v -0.024388 -0.203599 -0.005286
v -0.024388 -0.203599 -0.005286
v -0.024055 -0.204955 -0.005277
v -0.024055 -0.204955 -0.005277
v -0.024055 -0.204955 -0.005277
v -0.012499 -0.202156 -0.005224
v -0.00672 -0.198532 -0.005224
v -0.011922 -0.203075 -0.005028
v -0.011425 -0.203868 -0.004462
v -0.017204 -0.207493 -0.004462
v -0.006143 -0.19945 -0.005028
v -0.000364 -0.195826 -0.005028
v -0.005646 -0.200243 -0.004462
v -0.00094 -0.194907 -0.005224
v 0.004252 -0.190347 -0.005257
v 0.004252 -0.190347 -0.005257
v 0.004252 -0.190347 -0.005257
v 0.004252 -0.190347 -0.005257
v 0.004839 -0.191282 -0.005224
v 0.004839 -0.191282 -0.005224
v 0.005415 -0.192201 -0.005028
v 0.00996 -0.188069 -0.005224
v 0.00996 -0.188069 -0.005224
v 0.00996 -0.188069 -0.005224
v 0.009951 -0.188058 -0.005225
v 0.009951 -0.188058 -0.005225
v 0.009951 -0.188058 -0.005225
v 0.009251 -0.187211 -0.005257
v 0.009251 -0.187211 -0.005257
v 0.009251 -0.187211 -0.005257
v 0.009251 -0.187211 -0.005257
v 0.007595 -0.185144 -0.005276
v 0.007595 -0.185144 -0.005276
v 0.007595 -0.185144 -0.005276
v 0.007762 -0.185013 -0.005229
v 0.009418 -0.187074 -0.005209
v 0.009418 -0.187074 -0.005209
v 0.009419 -0.187074 -0.005208
v 0.009419 -0.187074 -0.005208
v 0.010115 -0.187913 -0.005177
v 0.009551 -0.186964 -0.005073
v 0.009551 -0.186964 -0.005073
v 0.010241 -0.187792 -0.00504
v 0.007897 -0.184905 -0.005096
v 0.008521 -0.185534 -0.004892
v 0.008521 -0.185534 -0.004892
v 0.006363 -0.182753 -0.004932
v 0.006363 -0.182753 -0.004932
v 0.006283 -0.182815 -0.005121
v 0.009552 -0.186964 -0.005071
v 0.009552 -0.186964 -0.005071
v 0.007974 -0.184843 -0.004902
v 0.007974 -0.184843 -0.004902
v 0.008748 -0.18541 -0.00373
v 0.005485 -0.180312 9E-06
v 0.005485 -0.180312 9E-06
v 0.009051 -0.185246 9E-06
v 0.009051 -0.185246 9E-06
v 0.005461 -0.180277 9E-06
v 0.005461 -0.180277 9E-06
v 0.009627 -0.186901 -0.004873
v 0.009627 -0.186901 -0.004873
v 0.009627 -0.186901 -0.004873
v 0.011673 -0.189087 -0.003975
v 0.011673 -0.189087 -0.003975
v 0.010307 -0.187716 -0.004838
v 0.010307 -0.187716 -0.004838
v 0.010471 -0.187906 -0.004813
v 0.010471 -0.187906 -0.004813
v 0.010471 -0.187906 -0.004813
v 0.010637 -0.188093 -0.004778
v 0.010637 -0.188093 -0.004778
v 0.010637 -0.188093 -0.004778
v 0.010969 -0.188452 -0.004661
v 0.010969 -0.188452 -0.004661
v 0.011535 -0.188982 -0.00419
v 0.011535 -0.188982 -0.00419
v 0.010411 -0.187988 -0.005016
v 0.010289 -0.188116 -0.005152
v 0.010454 -0.188037 -0.005009
v 0.010333 -0.188166 -0.005146
v 0.010497 -0.188087 -0.005
v 0.010554 -0.188 -0.004797
v 0.010554 -0.188 -0.004797
v 0.010584 -0.188184 -0.004981
v 0.010938 -0.18857 -0.004863
v 0.010466 -0.18832 -0.005117
v 0.010377 -0.188217 -0.005137
v 0.010356 -0.188192 -0.005138
v 0.010215 -0.188369 -0.005183
v 0.010215 -0.188369 -0.005183
v 0.010193 -0.188344 -0.005184
v 0.010193 -0.188344 -0.005184
v 0.01017 -0.188317 -0.005193
v 0.01017 -0.188317 -0.005193
v 0.010126 -0.188265 -0.005199
v 0.010126 -0.188265 -0.005199
v 0.01068 -0.188901 -0.005035
v 0.01068 -0.188901 -0.005035
v 0.005912 -0.192994 -0.004462
v 0.011335 -0.189591 -0.004461
v 0.011335 -0.189591 -0.004461
v 0.010675 -0.188895 -0.005037
v 0.010675 -0.188895 -0.005037
v 0.010305 -0.188474 -0.005162
v 0.010305 -0.188474 -0.005162
v 0.011511 -0.189409 -0.004433
v 0.011353 -0.189608 -0.004436
v 0.011353 -0.189608 -0.004436
v 0.012011 -0.189476 -0.003456
v 0.011577 -0.18918 -0.004343
v 0.010833 -0.188728 -0.004997
v 0.011777 -0.189946 -0.003507
v 0.011777 -0.189946 -0.003507
v 0.011964 -0.189746 -0.003482
v 0.011992 -0.190016 -0.002418
v 0.011992 -0.190016 -0.002418
v 0.012179 -0.189809 -0.00241
v 0.011791 -0.189954 -0.003458
v 0.011791 -0.189954 -0.003458
v 0.011996 -0.190016 -0.002385
v 0.011996 -0.190016 -0.002385
v 0.012266 -0.189784 -0.001329
v 0.012266 -0.189784 -0.001329
v 0.012223 -0.189531 -0.002417
v 0.012311 -0.189505 -0.001339
v 0.012311 -0.189505 -0.001339
v 0.012267 -0.189782 -0.001329
v 0.012267 -0.189782 -0.001329
v 0.012311 -0.189506 -0.001339
v 0.012311 -0.189506 -0.001339
v 0.01234 -0.189488 9E-06
v 0.01234 -0.189488 9E-06
v 0.012229 -0.189232 9E-06
v 0.012229 -0.189232 9E-06
v 0.012229 -0.189232 9E-06
v 0.012229 -0.189232 9E-06
v 0.009078 -0.18528 9E-06
v 0.009078 -0.18528 9E-06
v 0.012187 -0.189258 0.001366
v 0.012187 -0.189258 0.001366
v 0.012187 -0.189258 0.001366
v 0.012298 -0.189514 0.001363
v 0.012298 -0.189514 0.001363
v 0.012298 -0.189514 0.001363
v 0.012298 -0.189514 0.001363
v 0.012201 -0.189249 -0.001342
v 0.012201 -0.189249 -0.001342
v 0.012201 -0.189249 -0.001342
v 0.012115 -0.189277 -0.002404
v 0.012115 -0.189277 -0.002404
v 0.011915 -0.18923 -0.003389
v 0.011915 -0.18923 -0.003389
v 0.012198 -0.189549 0.002439
v 0.012089 -0.189293 0.002426
v 0.012089 -0.189293 0.002426
v 0.011632 -0.189124 0.003987
v 0.011632 -0.189124 0.003987
v 0.011877 -0.189255 0.003411
v 0.011877 -0.189255 0.003411
v 0.011971 -0.189503 0.003477
v 0.011924 -0.189772 0.003499
v 0.012153 -0.189826 0.00243
v 0.011458 -0.189444 0.004446
v 0.011524 -0.189216 0.004362
v 0.011484 -0.189017 0.004213
v 0.011484 -0.189017 0.004213
v 0.010773 -0.18877 0.005009
v 0.010877 -0.188612 0.004881
v 0.010053 -0.187957 0.005193
v 0.010909 -0.188493 0.004685
v 0.010909 -0.188493 0.004685
v 0.010177 -0.187837 0.005061
v 0.009489 -0.187009 0.005094
v 0.009489 -0.187009 0.005094
v 0.009487 -0.18701 0.005095
v 0.009487 -0.18701 0.005095
v 0.009356 -0.187118 0.005226
v 0.009356 -0.187118 0.005226
v 0.010245 -0.18776 0.004864
v 0.010245 -0.18776 0.004864
v 0.008734 -0.18547 0.003745
v 0.009565 -0.186945 0.0049
v 0.009565 -0.186945 0.0049
v 0.009565 -0.186945 0.0049
v 0.008484 -0.185607 0.004919
v 0.008484 -0.185607 0.004919
v 0.007834 -0.184949 0.005118
v 0.007912 -0.184885 0.004929
v 0.007912 -0.184885 0.004929
v 0.007102 -0.183844 0.004944
v 0.007102 -0.183844 0.004944
v 0.005143 -0.180494 0.003431
v 0.006303 -0.182794 0.004959
v 0.006303 -0.182794 0.004959
v 0.007022 -0.183907 0.005131
v 0.006887 -0.184012 0.005258
v 0.006221 -0.182857 0.005143
v 0.0077 -0.185055 0.005248
v 0.006723 -0.184139 0.005303
v 0.006723 -0.184139 0.005303
v 0.006723 -0.184139 0.005303
v 0.006723 -0.184139 0.005303
v 0.009191 -0.187253 0.005274
v 0.009191 -0.187253 0.005274
v 0.009191 -0.187253 0.005274
v 0.009191 -0.187253 0.005274
v 0.007535 -0.185185 0.005293
v 0.007535 -0.185185 0.005293
v 0.007535 -0.185185 0.005293
v 0.009355 -0.187119 0.005227
v 0.009355 -0.187119 0.005227
v 0.009891 -0.188101 0.005238
v 0.009891 -0.188101 0.005238
v 0.009891 -0.188101 0.005238
v 0.004829 -0.191291 0.00524
v 0.004829 -0.191291 0.00524
v 0.009899 -0.188111 0.005237
v 0.009899 -0.188111 0.005237
v 0.009899 -0.188111 0.005237
v 0.005405 -0.192209 0.005044
v 0.010618 -0.188936 0.005045
v 0.010618 -0.188936 0.005045
v 0.01062 -0.188938 0.005044
v 0.01062 -0.188938 0.005044
v 0.005902 -0.193001 0.004478
v 0.011282 -0.189623 0.004475
v 0.011282 -0.189623 0.004475
v 0.011304 -0.189643 0.004445
v 0.011304 -0.189643 0.004445
v 0.011737 -0.18997 0.003523
v 0.011737 -0.18997 0.003523
v 0.006184 -0.193452 0.003523
v 0.000407 -0.197075 0.003523
v 0.006279 -0.193602 0.002436
v 0.000125 -0.196624 0.004478
v -0.005652 -0.200248 0.004478
v -0.006149 -0.199456 0.005044
v -0.000372 -0.195833 0.005044
v -0.006725 -0.198538 0.00524
v -0.000948 -0.194915 0.00524
v -0.001534 -0.19398 0.005274
v -0.001534 -0.19398 0.005274
v -0.001534 -0.19398 0.005274
v -0.001534 -0.19398 0.005274
v -0.007311 -0.197604 0.005274
v -0.007311 -0.197604 0.005274
v -0.007311 -0.197604 0.005274
v -0.007311 -0.197604 0.005274
v -0.025055 -0.200904 0.005323
v -0.025055 -0.200904 0.005323
v -0.025055 -0.200904 0.005323
v -0.025055 -0.200904 0.005323
v -0.025055 -0.200904 0.005323
v -0.025055 -0.200904 0.005323
v -0.025055 -0.200904 0.005323
v -0.013088 -0.201227 0.005274
v -0.013088 -0.201227 0.005274
v -0.013088 -0.201227 0.005274
v -0.013088 -0.201227 0.005274
v -0.012502 -0.202162 0.00524
v -0.018865 -0.204851 0.005274
v -0.018865 -0.204851 0.005274
v -0.018865 -0.204851 0.005274
v -0.024749 -0.202268 0.005314
v -0.024749 -0.202268 0.005314
v -0.024749 -0.202268 0.005314
v -0.024431 -0.203628 0.005304
v -0.024431 -0.203628 0.005304
v -0.024098 -0.204985 0.005294
v -0.024098 -0.204985 0.005294
v -0.023749 -0.206337 0.005284
v -0.023749 -0.206337 0.005284
v -0.023749 -0.206337 0.005284
v -0.023384 -0.207685 0.005274
v -0.023384 -0.207685 0.005274
v -0.023384 -0.207685 0.005274
v -0.023384 -0.207685 0.005274
v -0.018278 -0.205785 0.00524
v -0.018278 -0.205785 0.00524
v -0.023076 -0.208762 0.005237
v -0.023076 -0.208762 0.005237
v -0.023076 -0.208762 0.005237
v -0.023588 -0.207741 0.005228
v -0.023588 -0.207741 0.005228
v -0.023288 -0.208814 0.005194
v -0.023589 -0.207742 0.005227
v -0.023589 -0.207742 0.005227
v -0.023068 -0.208789 0.005236
v -0.023068 -0.208789 0.005236
v -0.023068 -0.208789 0.005236
v -0.022994 -0.209885 0.00502
v -0.02319 -0.209888 0.004894
v -0.022763 -0.209845 0.005049
v -0.022763 -0.209845 0.005049
v -0.022771 -0.210861 0.004487
v -0.022447 -0.211409 0.003522
v -0.022447 -0.211409 0.003522
v -0.022511 -0.210823 0.004476
v -0.022511 -0.210823 0.004476
v -0.022756 -0.209871 0.00504
v -0.022756 -0.209871 0.00504
v -0.022511 -0.210821 0.004477
v -0.022511 -0.210821 0.004477
v -0.017206 -0.207495 0.004478
v -0.016923 -0.207945 0.003523
v -0.016829 -0.208096 0.002436
v -0.011052 -0.204472 0.002436
v -0.011146 -0.204322 0.003523
v -0.011429 -0.203871 0.004478
v -0.005275 -0.200849 0.002436
v -0.00537 -0.200699 0.003523
v 0.000502 -0.197225 0.002436
v -0.005262 -0.200869 0.001333
v 0.000514 -0.197246 0.001333
v 0.000514 -0.197246 0.001333
v 0.000514 -0.197246 0.001333
v 0.000514 -0.197246 0.001333
v -0.005256 -0.200865 -0.001314
v -0.005256 -0.200865 -0.001314
v -0.005256 -0.200865 -0.001314
v 0.000523 -0.197241 -0.001314
v 0.000523 -0.197241 -0.001314
v 0.000523 -0.197241 -0.001314
v 0.000523 -0.197241 -0.001314
v 0.006291 -0.193622 0.001333
v 0.006291 -0.193622 0.001333
v 0.006291 -0.193622 0.001333
v 0.006291 -0.193622 0.001333
v 0.011967 -0.190033 0.002436
v 0.011967 -0.190033 0.002436
v 0.012068 -0.189999 0.001333
v 0.012068 -0.189999 0.001333
v 0.012068 -0.189999 0.001333
v 0.012068 -0.189999 0.001333
v 0.012109 -0.189973 6E-06
v 0.012109 -0.189973 6E-06
v 0.012109 -0.189973 6E-06
v 0.012109 -0.189973 6E-06
v 0.012109 -0.189973 6E-06
v 0.006302 -0.193616 -0.001314
v 0.006302 -0.193616 -0.001314
v 0.006302 -0.193616 -0.001314
v 0.00629 -0.193596 -0.002418
v 0.012082 -0.189991 -0.001314
v 0.012082 -0.189991 -0.001314
v 0.012082 -0.189991 -0.001314
v 0.012082 -0.189991 -0.001314
v 0.000511 -0.19722 -0.002418
v 0.006195 -0.193445 -0.003506
v 0.000416 -0.19707 -0.003506
v -0.005363 -0.200695 -0.003506
v -0.005269 -0.200845 -0.002418
v 0.000133 -0.196619 -0.004462
v -0.011048 -0.20447 -0.002418
v -0.005262 -0.200869 -0.001314
v -0.005262 -0.200869 -0.001314
v -0.011035 -0.20449 -0.001314
v -0.011035 -0.20449 -0.001314
v -0.011035 -0.20449 -0.001314
v -0.016814 -0.208115 -0.001314
v -0.016814 -0.208115 -0.001314
v -0.016814 -0.208115 -0.001314
v -0.016814 -0.208115 -0.001314
v -0.011039 -0.204493 0.001333
v -0.011039 -0.204493 0.001333
v -0.011039 -0.204493 0.001333
v -0.011039 -0.204493 0.001333
v -0.005263 -0.200869 0.001333
v -0.016816 -0.208116 0.001333
v -0.016816 -0.208116 0.001333
v -0.016816 -0.208116 0.001333
v -0.022508 -0.211665 0.002436
v -0.022508 -0.211665 0.002436
v -0.022634 -0.211765 9E-06
v -0.022634 -0.211765 9E-06
v -0.022634 -0.211765 9E-06
v -0.022634 -0.211765 9E-06
v -0.022634 -0.211765 9E-06
v -0.022593 -0.211739 0.001333
v -0.022593 -0.211739 0.001333
v -0.022593 -0.211739 0.001333
v -0.022509 -0.211667 0.002422
v -0.022509 -0.211667 0.002422
v -0.022804 -0.211813 0.001348
v -0.022804 -0.211813 0.001348
v -0.022593 -0.21174 -0.001314
v -0.022593 -0.21174 -0.001314
v -0.022593 -0.21174 -0.001314
v -0.022507 -0.211656 -0.002418
v -0.022507 -0.211656 -0.002418
v -0.022804 -0.211813 -0.00133
v -0.022804 -0.211813 -0.00133
v -0.022509 -0.211658 -0.002403
v -0.022509 -0.211658 -0.002403
v -0.022789 -0.21173 -0.002439
v -0.022875 -0.211816 -0.001335
v -0.022875 -0.211816 -0.001335
v -0.022431 -0.211402 -0.003507
v -0.022431 -0.211402 -0.003507
v -0.022432 -0.21141 -0.003484
v -0.022432 -0.21141 -0.003484
v -0.016827 -0.208095 -0.002418
v -0.016921 -0.207944 -0.003506
v -0.011142 -0.20432 -0.003506
v -0.022484 -0.210803 -0.004461
v -0.022484 -0.210803 -0.004461
v -0.022483 -0.21081 -0.004454
v -0.022483 -0.21081 -0.004454
v -0.022721 -0.209849 -0.005028
v -0.022721 -0.209849 -0.005028
v -0.022447 -0.211417 0.003501
v -0.022447 -0.211417 0.003501
v 0.012295 -0.189764 8E-06
v 0.012295 -0.189764 8E-06
v 0.012253 -0.189793 0.001351
v 0.012253 -0.189793 0.001351
v 0.012254 -0.18979 0.001351
v 0.012254 -0.18979 0.001351
v 0.011972 -0.190033 0.002401
v 0.011972 -0.190033 0.002401
v 0.011753 -0.189979 0.00347
v 0.011753 -0.189979 0.00347
v -0.017703 -0.206703 0.005044
v -0.011926 -0.203079 0.005044
v 0.004243 -0.190357 0.005274
v 0.004243 -0.190357 0.005274
v 0.004243 -0.190357 0.005274
v 0.004243 -0.190357 0.005274
v 0.004354 -0.180946 0.005333
v 0.004354 -0.180946 0.005333
v 0.004354 -0.180946 0.005333
v 0.004354 -0.180946 0.005333
v 0.005922 -0.183084 0.005313
v 0.005922 -0.183084 0.005313
v 0.005132 -0.18202 0.005323
v 0.005132 -0.18202 0.005323
v 0.005296 -0.181898 0.005279
v 0.006086 -0.182959 0.005269
v 0.004518 -0.180828 0.00529
v 0.003754 -0.179749 0.005301
v 0.00389 -0.179653 0.005182
v 0.004654 -0.18073 0.005169
v 0.00476 -0.180697 0.00499
v 0.00476 -0.180697 0.00499
v 0.005432 -0.181798 0.005156
v 0.004739 -0.180668 0.00499
v 0.004739 -0.180668 0.00499
v 0.003975 -0.179592 0.005006
v 0.003975 -0.179592 0.005006
v 0.003225 -0.178506 0.005023
v 0.003225 -0.178506 0.005023
v 0.003225 -0.178506 0.005023
v 0.001866 -0.175308 0.003138
v 0.002753 -0.177835 0.005077
v 0.002753 -0.177835 0.005077
v 0.001626 -0.176887 0.006055
v 0.001626 -0.176887 0.006055
v 0.000898 -0.175807 0.006095
v 0.002208 -0.175133 9E-06
v 0.002208 -0.175133 9E-06
v 0.001521 -0.17686 0.006207
v 0.001521 -0.17686 0.006207
v 0.002187 -0.17721 0.0054
v 0.002187 -0.17721 0.0054
v 0.002166 -0.177366 0.005536
v 0.002681 -0.177922 0.005246
v 0.00256 -0.178035 0.005357
v 0.003138 -0.178567 0.005196
v 0.003138 -0.178567 0.005196
v 0.003138 -0.178567 0.005195
v 0.003138 -0.178567 0.005195
v 0.003003 -0.17866 0.005311
v 0.003003 -0.17866 0.005311
v 0.003002 -0.17866 0.005312
v 0.003002 -0.17866 0.005312
v 0.002838 -0.178772 0.005353
v 0.002838 -0.178772 0.005353
v 0.002838 -0.178772 0.005353
v 0.002838 -0.178772 0.005353
v 0.002403 -0.178159 0.005396
v 0.002403 -0.178159 0.005396
v 0.003589 -0.179864 0.005343
v 0.003589 -0.179864 0.005343
v 0.001157 -0.176853 0.00678
v 0.001157 -0.176853 0.00678
v 0.000742 -0.176977 0.007479
v 0.000742 -0.176977 0.007479
v 0.000322 -0.17715 0.008139
v 0.000322 -0.17715 0.008139
v -0.000115 -0.177356 0.008765
v -0.000115 -0.177356 0.008765
v -0.000115 -0.177356 0.008765
v -2.4E-05 -0.177597 0.008745
v -2.4E-05 -0.177597 0.008745
v -0.000275 -0.177434 0.008977
v -0.000275 -0.177434 0.008977
v -2.3E-05 -0.177599 0.008744
v -2.3E-05 -0.177599 0.008744
v -4.1E-05 -0.177837 0.008645
v -4.1E-05 -0.177837 0.008645
v -0.002074 -0.178667 0.010926
v 0.005515 -0.181735 0.004975
v 0.005515 -0.181735 0.004975
v 0.005493 -0.181757 -0.005134
v 0.005575 -0.181695 -0.004948
v 0.005575 -0.181695 -0.004948
v 0.006147 -0.182919 -0.00525
v 0.005356 -0.181858 -0.00526
v 0.004715 -0.18069 -0.005146
v 0.004798 -0.180629 -0.004963
v 0.004798 -0.180629 -0.004963
v 0.004795 -0.180625 -0.004963
v 0.004795 -0.180625 -0.004963
v -0.025302 -0.199508 -0.005315
v -0.025302 -0.199508 -0.005315
v -0.024438 -0.100507 -0.011165
v -0.023492 -0.09375 -0.011394
v -0.022426 -0.087005 -0.011575
v -0.023861 -0.080209 -0.006068
v -0.021251 -0.080305 -0.0117
v -0.017983 -0.087282 -0.015726
v -0.016723 -0.08081 -0.015934
v -0.01998 -0.073653 -0.011763
v -0.015341 -0.074376 -0.016056
v -0.013722 -0.08122 -0.01664
v -0.012237 -0.074921 -0.016781
v -0.010583 -0.081687 -0.015944
v -0.008968 -0.075522 -0.016089
v -0.005858 -0.082278 -0.011854
v -0.004056 -0.076335 -0.011964
v -0.003349 -0.082373 -0.00613
v -0.004157 -0.088058 9E-06
v -0.004157 -0.088058 9E-06
v -0.001506 -0.076587 -0.006164
v -0.00246 -0.082393 9E-06
v -0.00246 -0.082393 9E-06
v -0.002446 -0.082348 9E-06
v -0.002446 -0.082348 9E-06
v -0.003353 -0.082413 0.006148
v -0.000629 -0.076676 9E-06
v -0.000629 -0.076676 9E-06
v -0.001514 -0.076628 0.006182
v 0.000347 -0.071055 0.00618
v -0.002217 -0.070585 0.012022
v -0.000614 -0.076632 9E-06
v -0.000614 -0.076632 9E-06
v 0.000358 -0.071016 -0.006162
v 0.001212 -0.071192 9E-06
v 0.001212 -0.071192 9E-06
v 0.001226 -0.071151 9E-06
v 0.001226 -0.071151 9E-06
v 0.002331 -0.065339 -0.006125
v 0.003165 -0.065597 9E-06
v 0.003165 -0.065597 9E-06
v 0.002316 -0.065384 0.006143
v 0.004682 -0.058723 0.006076
v -0.000261 -0.064723 0.011995
v 0.00318 -0.065553 9E-06
v 0.00318 -0.065553 9E-06
v 0.001978 -0.058167 0.011907
v 0.004314 -0.051365 0.011775
v 0.007189 -0.051715 0.005988
v 0.008118 -0.05183 9E-06
v 0.008118 -0.05183 9E-06
v 0.005579 -0.058856 9E-06
v 0.005579 -0.058856 9E-06
v 0.008135 -0.051782 9E-06
v 0.008135 -0.051782 9E-06
v 0.009623 -0.044831 0.005888
v 0.010615 -0.044849 9E-06
v 0.010615 -0.044849 9E-06
v 0.011986 -0.037872 0.005788
v 0.0106 -0.044893 9E-06
v 0.0106 -0.044893 9E-06
v 0.009643 -0.044784 -0.005871
v 0.007209 -0.051665 -0.00597
v 0.012005 -0.037828 -0.005771
v 0.006608 -0.044594 -0.011593
v 0.008804 -0.037806 -0.01143
v 0.01084 -0.030968 -0.011278
v 0.005935 -0.037714 -0.013827
v 0.007516 -0.032278 -0.013687
v 0.007516 -0.032278 -0.013687
v 0.007492 -0.032318 -0.013696
v 0.007492 -0.032318 -0.013696
v 0.004497 -0.035217 -0.014611
v 0.006615 -0.031728 -0.013968
v 0.005404 -0.035774 -0.014407
v 0.005404 -0.035774 -0.014407
v 0.004237 -0.037644 -0.014762
v 0.004237 -0.037644 -0.014762
v 0.002319 -0.03868 -0.015176
v 0.003223 -0.039238 -0.015048
v 0.003223 -0.039238 -0.015048
v 0.000981 -0.042669 -0.015608
v 0.000981 -0.042669 -0.015608
v 0.000836 -0.042888 -0.015641
v 0.000836 -0.042888 -0.015641
v 0.003873 -0.044362 -0.014003
v 9E-05 -0.042119 -0.015655
v 8.8E-05 -0.044003 -0.015802
v 8.8E-05 -0.044003 -0.015802
v -0.000745 -0.041675 -0.015153
v -0.002191 -0.045545 -0.016038
v 0.00143 -0.038222 -0.014724
v 0.003565 -0.03475 -0.014219
v -0.000562 -0.040344 -0.014132
v -0.000562 -0.040344 -0.014132
v 0.000856 -0.038016 -0.013845
v 0.000856 -0.038016 -0.013845
v 0.002932 -0.034534 -0.013366
v 0.002932 -0.034534 -0.013366
v 0.00336 -0.033804 -0.013258
v 0.00336 -0.033804 -0.013258
v 0.002234 -0.033065 -0.010899
v -0.001945 -0.039438 -0.010899
v -0.000701 -0.031141 -0.008021
v 0.006412 -0.026692 -0.010899
v 0.003477 -0.024768 -0.008021
v 0.004956 -0.031033 -0.012829
v 0.004956 -0.031033 -0.012829
v 0.006912 -0.027509 -0.012234
v 0.006912 -0.027509 -0.012234
v 0.005648 -0.031257 -0.013644
v 0.007664 -0.02774 -0.012999
v 0.008662 -0.028207 -0.013245
v 0.009591 -0.024195 -0.012281
v 0.007107 -0.027148 -0.01217
v 0.007107 -0.027148 -0.01217
v 0.008777 -0.023962 -0.011582
v 0.008777 -0.023962 -0.011582
v 0.010468 -0.020506 -0.010899
v 0.010468 -0.020506 -0.010899
v 0.007655 -0.018395 -0.008021
v 0.010529 -0.020376 -0.010872
v 0.010529 -0.020376 -0.010872
v 0.011401 -0.020605 -0.01149
v 0.010563 -0.020302 -0.010857
v 0.010563 -0.020302 -0.010857
v 0.012142 -0.013356 -0.008581
v 0.012142 -0.013356 -0.008581
v 0.012142 -0.013356 -0.008581
v 0.012063 -0.016855 -0.010116
v 0.012063 -0.016855 -0.010116
v 0.012063 -0.016855 -0.010116
v 0.012063 -0.016855 -0.010116
v 0.012063 -0.016855 -0.010116
v 0.012132 -0.016749 -0.010116
v 0.012132 -0.016749 -0.010116
v 0.012132 -0.016749 -0.010116
v 0.012132 -0.016749 -0.010116
v 0.013055 -0.016965 -0.010633
v 0.013055 -0.016965 -0.010633
v 0.011833 -0.012022 -0.008021
v 0.003958 -0.015971 -0.006991
v 0.003958 -0.015971 -0.006991
v 0.012242 -0.01229 -0.008278
v 0.012242 -0.01229 -0.008278
v 0.012322 -0.011277 -0.00802
v 0.012322 -0.011277 -0.00802
v 0.012257 -0.012119 -0.008233
v 0.012257 -0.012119 -0.008233
v 0.01235 -0.010871 -0.007925
v 0.01235 -0.010871 -0.007925
v 0.008137 -0.009598 -0.006991
v 0.008137 -0.009598 -0.006991
v 0.011992 -7.3E-05 -0.006991
v 0.011992 -7.3E-05 -0.006991
v 0.012463 -0.008342 -0.007429
v 0.012463 -0.008342 -0.007429
v 0.01246 -0.005797 -0.007109
v 0.01246 -0.005797 -0.007109
v 0.012315 -0.003225 -0.006991
v 0.012315 -0.003225 -0.006991
v 0.012315 -0.003225 -0.006991
v 0.012564 -0.00321 -0.007058
v 0.012564 -0.00321 -0.007058
v 0.012563 -0.00321 -0.007057
v 0.012563 -0.00321 -0.007057
v 0.012681 -0.005789 -0.007193
v 0.012839 -0.005773 -0.007373
v 0.012657 -0.008335 -0.007528
v 0.012747 -0.003199 -0.007241
v 0.012747 -0.003199 -0.007241
v 0.012239 -3.7E-05 -0.007058
v 0.01242 -1E-05 -0.007241
v 0.012748 -0.003199 -0.007242
v 0.012748 -0.003199 -0.007242
v 0.011822 0.003119 -0.007241
v 0.011644 0.003077 -0.007058
v 0.011401 0.003018 -0.006991
v 0.011401 0.003018 -0.006991
v 0.010524 0.006034 -0.006991
v 0.010524 0.006034 -0.006991
v 0.012791 -0.008315 -0.007698
v 0.012517 -0.010862 -0.00803
v 0.01241 -0.012108 -0.00834
v 0.012629 -0.010837 -0.008189
v 0.01284 -0.008284 -0.007907
v 0.01284 -0.008284 -0.007907
v 0.012513 -0.01208 -0.008492
v 0.012672 -0.010799 -0.008378
v 0.012672 -0.010799 -0.008378
v 0.012552 -0.012039 -0.008671
v 0.012552 -0.012039 -0.008671
v 0.012653 -0.011004 -0.008991
v 0.012653 -0.011004 -0.008991
v 0.012537 -0.012775 -0.009239
v 0.012537 -0.012775 -0.009239
v 0.012472 -0.012767 -0.008991
v 0.012472 -0.012767 -0.008991
v 0.012472 -0.012767 -0.008991
v 0.012413 -0.013268 -0.009001
v 0.012413 -0.013268 -0.009001
v 0.012413 -0.013268 -0.009001
v 0.012413 -0.013268 -0.009001
v 0.01224 -0.01488 -0.009372
v 0.012375 -0.013312 -0.008833
v 0.012375 -0.013312 -0.008833
v 0.012233 -0.014881 -0.009356
v 0.012233 -0.014881 -0.009356
v 0.012335 -0.013328 -0.008757
v 0.01222 -0.01501 -0.009393
v 0.01222 -0.01501 -0.009393
v 0.012117 -0.016128 -0.009781
v 0.012117 -0.016128 -0.009781
v 0.012359 -0.014868 -0.009536
v 0.012511 -0.014963 -0.009654
v 0.012511 -0.014963 -0.009654
v 0.012531 -0.014874 -0.00964
v 0.012531 -0.014874 -0.00964
v 0.013721 -0.013118 -0.009654
v 0.01404 -0.012632 -0.009654
v 0.01404 -0.012632 -0.009654
v 0.013809 -0.013176 -0.009703
v 0.013809 -0.013176 -0.009703
v 0.013852 -0.013075 -0.009693
v 0.013852 -0.013075 -0.009693
v 0.014722 -0.013259 -0.009869
v 0.015564 -0.013503 -0.009639
v 0.014088 -0.017362 -0.010589
v 0.014088 -0.017362 -0.010589
v 0.012437 -0.021039 -0.01155
v 0.013268 -0.021524 -0.011032
v 0.013268 -0.021524 -0.011032
v 0.015215 -0.016928 -0.009763
v 0.015215 -0.016928 -0.009763
v 0.014878 -0.017804 -0.010001
v 0.014878 -0.017804 -0.010001
v 0.014878 -0.017804 -0.010001
v 0.01615 -0.023745 -0.005597
v 0.013134 -0.021812 -0.011111
v 0.013134 -0.021812 -0.011111
v 0.012628 -0.024064 -0.011146
v 0.012018 -0.024104 -0.011724
v 0.012018 -0.024104 -0.011724
v 0.011476 -0.025166 -0.012
v 0.011476 -0.025166 -0.012
v 0.010612 -0.024651 -0.01244
v 0.009548 -0.028744 -0.012886
v 0.009548 -0.028744 -0.012886
v 0.008255 -0.031014 -0.013409
v 0.008255 -0.031014 -0.013409
v 0.014207 -0.03082 -0.005678
v 0.015278 -0.030811 9E-06
v 0.015278 -0.030811 9E-06
v 0.01529 -0.030774 9E-06
v 0.01529 -0.030774 9E-06
v 0.01303 -0.037838 9E-06
v 0.01303 -0.037838 9E-06
v 0.013016 -0.037879 9E-06
v 0.013016 -0.037879 9E-06
v 0.014191 -0.030861 0.005695
v 0.016136 -0.023782 0.005615
v 0.012615 -0.024099 0.011171
v 0.010825 -0.031006 0.011303
v 0.013125 -0.021839 0.011133
v 0.013125 -0.021839 0.011133
v 0.013678 -0.020635 0.010803
v 0.013678 -0.020635 0.010803
v 0.015177 -0.01704 0.009802
v 0.015177 -0.01704 0.009802
v 0.015208 -0.016959 0.009779
v 0.015208 -0.016959 0.009779
v 0.017681 -0.016604 0.005549
v 0.018873 -0.016405 9E-06
v 0.018873 -0.016405 9E-06
v 0.017288 -0.02364 9E-06
v 0.017288 -0.02364 9E-06
v 0.018605 -0.009322 0.005495
v 0.018868 -0.016435 9E-06
v 0.018868 -0.016435 9E-06
v 0.016456 -0.013335 0.008778
v 0.016456 -0.013335 0.008778
v 0.015719 -0.012961 0.009432
v 0.016773 -0.009217 0.008461
v 0.017444 -0.009557 0.007788
v 0.017444 -0.009557 0.007788
v 0.017453 -0.009513 0.007777
v 0.017453 -0.009513 0.007777
v 0.018085 -0.005576 0.006863
v 0.018085 -0.005576 0.006863
v 0.017469 -0.005381 0.007558
v 0.017694 -0.001409 0.006812
v 0.018246 -0.002078 0.006215
v 0.018246 -0.002078 0.006215
v 0.018577 -0.001989 0.005449
v 0.01823 -0.001474 0.006125
v 0.01823 -0.001474 0.006125
v 0.017719 0.002664 0.005778
v 0.017719 0.002664 0.005778
v 0.017719 0.002664 0.005778
v 0.017289 0.00257 0.006431
v 0.017289 0.00257 0.006431
v 0.017294 0.002571 0.006427
v 0.017294 0.002571 0.006427
v 0.01667 0.002433 0.006854
v 0.01667 0.002433 0.006854
v 0.016239 0.006411 0.006398
v 0.017085 0.005164 0.005745
v 0.017085 0.005164 0.005745
v 0.016645 0.006553 0.005721
v 0.016645 0.006553 0.005721
v 0.017207 0.005207 0.005409
v 0.014355 0.011936 0.005372
v 0.018182 0.00555 9E-06
v 0.018182 0.00555 9E-06
v 0.015086 0.01226 9E-06
v 0.015086 0.01226 9E-06
v 0.019714 -0.001665 9E-06
v 0.019714 -0.001665 9E-06
v 0.018177 0.005567 9E-06
v 0.018177 0.005567 9E-06
v 0.015125 0.01027 0.005639
v 0.015125 0.01027 0.005639
v 0.014748 0.010087 0.006355
v 0.014293 0.011908 0.005596
v 0.014293 0.011908 0.005596
v 0.012855 0.013598 0.006307
v 0.013199 0.013812 0.005545
v 0.013199 0.013812 0.005545
v 0.010972 0.017113 0.00546
v 0.010972 0.017113 0.00546
v 0.017205 0.005226 -0.00539
v 0.015079 0.012272 9E-06
v 0.015079 0.012272 9E-06
v 0.018579 -0.001964 -0.00543
v 0.015751 0.004723 -0.008544
v 0.015751 0.004723 -0.008544
v 0.016887 -0.002176 -0.008612
v 0.016887 -0.002176 -0.008612
v 0.015681 0.004991 -0.008539
v 0.015681 0.004991 -0.008539
v 0.016905 -0.002408 -0.008613
v 0.016905 -0.002408 -0.008613
v 0.018611 -0.009293 -0.005476
v 0.016477 -0.009388 -0.009085
v 0.016477 -0.009388 -0.009085
v 0.016926 -0.009416 -0.008609
v 0.016926 -0.009416 -0.008609
v 0.016926 -0.009416 -0.008609
v 0.016912 -0.009634 -0.00861
v 0.016912 -0.009634 -0.00861
v 0.016205 -0.013759 -0.009051
v 0.016205 -0.013759 -0.009051
v 0.017691 -0.016571 -0.005531
v 0.016209 -0.009371 -0.009257
v 0.019804 -0.009059 9E-06
v 0.019804 -0.009059 9E-06
v 0.019803 -0.009086 9E-06
v 0.019803 -0.009086 9E-06
v 0.019717 -0.001687 9E-06
v 0.019717 -0.001687 9E-06
v 0.010808 0.018307 9E-06
v 0.010808 0.018307 9E-06
v 0.017279 -0.023674 9E-06
v 0.017279 -0.023674 9E-06
v 0.012283 -0.013342 -0.008689
v 0.012283 -0.013342 -0.008689
v 0.012538 -0.012775 -0.009241
v 0.012538 -0.012775 -0.009241
v 0.012895 -0.006146 -0.007638
v 0.012895 -0.006146 -0.007638
v 0.012896 -0.005753 -0.007603
v 0.012896 -0.005753 -0.007603
v -0.00022 -0.022344 -0.006991
v -0.00022 -0.022344 -0.006991
v -0.010397 -0.016089 -0.006991
v -0.010397 -0.016089 -0.006991
v -0.011319 -0.023382 -0.006991
v -0.011319 -0.023382 -0.006991
v -0.004398 -0.028717 -0.006991
v -0.004398 -0.028717 -0.006991
v -0.012464 -0.030627 -0.006991
v -0.012464 -0.030627 -0.006991
v -0.008576 -0.03509 -0.006991
v -0.008576 -0.03509 -0.006991
v -0.014313 -0.037734 -0.006904
v -0.013739 -0.03784 -0.006991
v -0.013739 -0.03784 -0.006991
v -0.015095 -0.045033 -0.006991
v -0.015095 -0.045033 -0.006991
v -0.015095 -0.045033 -0.006991
v -0.015095 -0.045033 -0.006991
v -0.012755 -0.041463 -0.006991
v -0.012755 -0.041463 -0.006991
v -0.009058 -0.043887 -0.008021
v -0.00488 -0.037514 -0.008021
v -0.006123 -0.045811 -0.010899
v -0.010301 -0.052184 -0.010899
v -0.004602 -0.046808 -0.014761
v -0.004602 -0.046808 -0.014761
v -0.005594 -0.048363 -0.014864
v -0.005594 -0.048363 -0.014864
v -0.003416 -0.044932 -0.014608
v -0.003416 -0.044932 -0.014608
v -0.002961 -0.045121 -0.015497
v -0.001261 -0.041479 -0.014262
v -0.001261 -0.041479 -0.014262
v -0.005206 -0.048549 -0.015728
v -0.004521 -0.048946 -0.016295
v -0.004161 -0.050076 -0.016471
v -0.004161 -0.050076 -0.016471
v -0.006894 -0.05233 -0.01639
v -0.00371 -0.049454 -0.016423
v -0.00371 -0.049454 -0.016423
v -0.001328 -0.04608 -0.016075
v -0.001328 -0.04608 -0.016075
v -0.001484 -0.050483 -0.015853
v 0.000489 -0.044044 -0.015674
v -0.003487 -0.056935 -0.016006
v 0.001733 -0.050957 -0.014176
v -0.006163 -0.052801 -0.016604
v -0.006163 -0.052801 -0.016604
v -0.006272 -0.052947 -0.016607
v -0.006272 -0.052947 -0.016607
v -0.008488 -0.055836 -0.016571
v -0.008488 -0.055836 -0.016571
v -0.00718 -0.056123 -0.016682
v -0.008692 -0.056094 -0.016556
v -0.008692 -0.056094 -0.016556
v -0.01132 -0.059358 -0.016162
v -0.01132 -0.059358 -0.016162
v -0.008938 -0.062369 -0.016791
v -0.00544 -0.063301 -0.01611
v -0.007253 -0.069419 -0.016142
v -0.000244 -0.064678 -0.011974
v -0.002201 -0.070542 -0.012004
v 0.001998 -0.058118 -0.011884
v 0.004701 -0.058672 -0.006058
v 0.004334 -0.051318 -0.011751
v 0.005561 -0.058907 9E-06
v 0.005561 -0.058907 9E-06
v -0.010634 -0.068634 -0.016829
v -0.013834 -0.067904 -0.016091
v -0.012249 -0.061489 -0.016044
v -0.012957 -0.061302 -0.015692
v -0.012957 -0.061302 -0.015692
v -0.011883 -0.060038 -0.016023
v -0.011883 -0.060038 -0.016023
v -0.014012 -0.062489 -0.015269
v -0.014012 -0.062489 -0.015269
v -0.016857 -0.065198 -0.013454
v -0.016857 -0.065198 -0.013454
v -0.014283 -0.062184 -0.014972
v -0.014465 -0.061925 -0.014604
v -0.016923 -0.064955 -0.013295
v -0.012099 -0.058701 -0.015354
v -0.011776 -0.058995 -0.015837
v -0.009767 -0.055345 -0.01572
v -0.009306 -0.055674 -0.016268
v -0.007479 -0.051965 -0.015818
v -0.008734 -0.053211 -0.015018
v -0.008734 -0.053211 -0.015018
v -0.007798 -0.051778 -0.015002
v -0.007798 -0.051778 -0.015002
v -0.010013 -0.055151 -0.014987
v -0.010013 -0.055151 -0.014987
v -0.01227 -0.058496 -0.014742
v -0.01227 -0.058496 -0.014742
v -0.014479 -0.058557 -0.010899
v -0.017414 -0.056633 -0.008021
v -0.013236 -0.05026 -0.008021
v -0.01299 -0.059533 -0.014602
v -0.01299 -0.059533 -0.014602
v -0.0186 -0.064843 -0.010899
v -0.0186 -0.064843 -0.010899
v -0.018011 -0.057543 -0.008021
v -0.018011 -0.057543 -0.008021
v -0.01456 -0.061708 -0.014158
v -0.01456 -0.061708 -0.014158
v -0.018573 -0.060771 -0.008789
v -0.018573 -0.060771 -0.008789
v -0.01876 -0.064274 -0.010359
v -0.01876 -0.064274 -0.010359
v -0.01893 -0.06083 -0.008545
v -0.018949 -0.064418 -0.010243
v -0.019214 -0.060912 -0.008249
v -0.018706 -0.065069 -0.010925
v -0.019105 -0.064566 -0.010114
v -0.018919 -0.06542 -0.010786
v -0.018919 -0.06542 -0.010786
v -0.019243 -0.06473 -0.009959
v -0.019243 -0.06473 -0.009959
v -0.018819 -0.065237 -0.010864
v -0.018313 -0.065562 -0.011748
v -0.018364 -0.065766 -0.011757
v -0.018364 -0.065766 -0.011757
v -0.018362 -0.065767 -0.011759
v -0.018362 -0.065767 -0.011759
v -0.01763 -0.065644 -0.012692
v -0.01763 -0.065644 -0.012692
v -0.018595 -0.066867 -0.011763
v -0.017638 -0.065419 -0.012598
v -0.018249 -0.065373 -0.011726
v -0.017624 -0.065213 -0.012492
v -0.017588 -0.065007 -0.012366
v -0.017588 -0.065007 -0.012366
v -0.016955 -0.064734 -0.013117
v -0.018166 -0.065183 -0.011691
v -0.018166 -0.065183 -0.011691
v -0.018569 -0.064901 -0.010975
v -0.018569 -0.064901 -0.010975
v -0.016955 -0.06452 -0.012909
v -0.016955 -0.06452 -0.012909
v -0.021185 -0.066385 -0.006032
v -0.019808 -0.059507 -0.005969
v -0.019435 -0.061021 -0.007889
v -0.019435 -0.061021 -0.007889
v -0.020706 -0.05933 9E-06
v -0.020706 -0.05933 9E-06
v -0.02257 -0.073399 -0.006065
v -0.022085 -0.066244 9E-06
v -0.022085 -0.066244 9E-06
v -0.020697 -0.059281 9E-06
v -0.020697 -0.059281 9E-06
v -0.019816 -0.059554 0.00599
v -0.019564 -0.053485 9E-06
v -0.019564 -0.053485 9E-06
v -0.018647 -0.053652 -0.005885
v -0.018656 -0.053693 0.005907
v -0.018388 -0.052583 0.006044
v -0.018388 -0.052583 0.006044
v -0.018076 -0.050711 0.005857
v -0.018076 -0.050711 0.005857
v -0.018568 -0.053712 0.006189
v -0.018568 -0.053712 0.006189
v -0.018977 -0.056524 0.006665
v -0.018977 -0.056524 0.006665
v -0.019335 -0.059678 0.007455
v -0.019335 -0.059678 0.007455
v -0.019395 -0.060423 0.007696
v -0.019395 -0.060423 0.007696
v -0.019163 -0.060321 0.008081
v -0.019369 -0.064104 0.009471
v -0.019369 -0.064104 0.009471
v -0.01921 -0.06395 0.009675
v -0.018823 -0.065517 0.01099
v -0.018823 -0.065517 0.01099
v -0.018732 -0.065329 0.011051
v -0.021192 -0.066437 0.006051
v -0.022573 -0.07345 0.006083
v -0.019985 -0.073703 0.011781
v -0.022096 -0.066299 9E-06
v -0.022096 -0.066299 9E-06
v -0.023499 -0.073354 9E-06
v -0.023499 -0.073354 9E-06
v -0.02351 -0.073408 9E-06
v -0.02351 -0.073408 9E-06
v -0.024833 -0.080236 9E-06
v -0.024833 -0.080236 9E-06
v -0.016737 -0.080859 0.015956
v -0.021253 -0.080353 0.011716
v -0.01771 -0.048634 0.005718
v -0.01771 -0.048634 0.005718
v -0.019556 -0.053446 9E-06
v -0.019556 -0.053446 9E-06
v -0.018055 -0.050617 -0.005833
v -0.018055 -0.050617 -0.005833
v -0.017731 -0.048778 -0.00571
v -0.017731 -0.048778 -0.00571
v -0.017367 -0.048808 -0.006373
v -0.017635 -0.052892 -0.007099
v -0.018115 -0.052866 -0.006653
v -0.016547 -0.044752 -0.006337
v -0.016547 -0.044752 -0.006337
v -0.016798 -0.048884 -0.006848
v -0.016242 -0.044811 -0.006614
v -0.016242 -0.044811 -0.006614
v -0.016087 -0.048999 -0.007082
v -0.016087 -0.048999 -0.007082
v -0.017026 -0.052959 -0.007371
v -0.017026 -0.052959 -0.007371
v -0.015959 -0.048475 -0.007059
v -0.015959 -0.048475 -0.007059
v -0.015891 -0.044879 -0.006819
v -0.015891 -0.044879 -0.006819
v -0.015682 -0.044919 -0.006899
v -0.015682 -0.044919 -0.006899
v -0.017779 -0.056394 -0.007819
v -0.017779 -0.056394 -0.007819
v -0.017883 -0.0569 -0.007904
v -0.017883 -0.0569 -0.007904
v -0.018375 -0.05689 -0.007624
v -0.018761 -0.056916 -0.007235
v -0.019331 -0.059629 -0.007422
v -0.019331 -0.059629 -0.007422
v -0.019035 -0.056978 -0.006742
v -0.019035 -0.056978 -0.006742
v -0.018559 -0.053671 -0.006166
v -0.018559 -0.053671 -0.006166
v -0.018434 -0.052883 -0.006063
v -0.018434 -0.052883 -0.006063
v -0.004169 -0.088101 9E-06
v -0.004169 -0.088101 9E-06
v -0.007149 -0.099591 9E-06
v -0.007149 -0.099591 9E-06
v -0.013515 -0.025509 0.005778
v -0.013515 -0.025509 0.005778
v -0.014306 -0.030328 0.00575
v -0.014306 -0.030328 0.00575
v -0.014537 -0.03119 0.005537
v -0.013639 -0.025513 0.005478
v -0.013154 -0.023126 0.005788
v -0.013154 -0.023126 0.005788
v -0.015609 -0.031127 9E-06
v -0.015609 -0.031127 9E-06
v -0.015506 -0.036853 0.005616
v -0.015596 -0.037512 0.005697
v -0.015596 -0.037512 0.005697
v -0.013972 -0.019853 9E-06
v -0.013972 -0.019853 9E-06
v -0.013355 -0.014191 9E-06
v -0.013355 -0.014191 9E-06
v -0.012939 -0.00915 -0.001069
v -0.012939 -0.00915 -0.001069
v -0.013007 -0.009494 9E-06
v -0.013007 -0.009494 9E-06
v -0.013007 -0.009494 9E-06
v -0.012941 -0.009158 0.001086
v -0.012941 -0.009158 0.001086
v -0.011911 0.005834 -0.005764
v -0.011911 0.005834 -0.005764
v -0.012318 0.008917 -0.005703
v -0.012318 0.008917 -0.005703
v -0.011618 0.005864 -0.006255
v -0.012795 0.013032 -0.006133
v -0.01235 0.01312 -0.0066
v -0.014177 0.020196 -0.006498
v -0.014177 0.020196 -0.006498
v -0.013797 0.020301 -0.006767
v -0.013797 0.020301 -0.006767
v -0.01461 0.024546 -0.00605
v -0.013908 0.024359 -0.00674
v -0.013565 0.020366 -0.006872
v -0.013565 0.020366 -0.006872
v -0.012318 0.028355 -0.006063
v -0.01253 0.028578 -0.005119
v -0.01253 0.028578 -0.005119
v -0.008523 0.030831 -0.005193
v -0.008523 0.030831 -0.005193
v -0.008541 0.030826 -0.005192
v -0.008541 0.030826 -0.005192
v -0.008492 0.031026 -0.003044
v -0.008492 0.031026 -0.003044
v -0.00391 0.030907 -0.005227
v -0.00391 0.030907 -0.005227
v 0.000145 0.028716 -0.005259
v 0.000145 0.028716 -0.005259
v 0.000145 0.028716 -0.005259
v 0.000145 0.028716 -0.005259
v -8.4E-05 0.028463 -0.006141
v -8.4E-05 0.028463 -0.006141
v -0.003794 0.031086 -0.003044
v -0.003794 0.031086 -0.003044
v -0.003911 0.030907 -0.005227
v -0.003911 0.030907 -0.005227
v -8.6E-05 0.028461 -0.006146
v -8.6E-05 0.028461 -0.006146
v -0.012572 0.028684 -0.003044
v -0.012572 0.028684 -0.003044
v -0.012572 0.028684 -0.003044
v -0.014994 0.024628 -0.003044
v -0.014994 0.024628 -0.003044
v -0.012568 0.028541 -0.005118
v -0.012568 0.028541 -0.005118
v -0.014901 0.024623 -0.005096
v -0.014901 0.024623 -0.005096
v -0.014485 0.02011 -0.006144
v -0.014485 0.02011 -0.006144
v -0.01491 0.02459 -0.005097
v -0.01491 0.02459 -0.005097
v -0.014617 0.020074 -0.005919
v -0.014617 0.020074 -0.005919
v -0.014819 0.020012 -0.005263
v -0.014819 0.020012 -0.005263
v -0.014819 0.020012 -0.005263
v -0.014819 0.020012 -0.005263
v -0.013762 0.016062 -0.00545
v -0.013762 0.016062 -0.00545
v -0.015029 0.019889 -0.003044
v -0.015029 0.019889 -0.003044
v -0.015029 0.019889 -0.003044
v -0.015029 0.019889 -0.003044
v -0.015029 0.019889 -0.003044
v -0.015029 0.019889 -0.003044
v -0.015029 0.019888 -0.003044
v -0.015029 0.019888 -0.003044
v -0.015029 0.019886 -0.003044
v -0.015029 0.019886 -0.003044
v -0.015029 0.019889 -0.003044
v -0.015029 0.019889 -0.003044
v -0.015027 0.019876 -0.003045
v -0.015027 0.019876 -0.003045
v -0.015018 0.019839 -0.003045
v -0.015018 0.019839 -0.003045
v -0.013397 0.014521 -0.005516
v -0.013397 0.014521 -0.005516
v -0.01306 0.012979 -0.005577
v -0.01306 0.012979 -0.005577
v 0.005117 0.023412 -0.006172
v 0.005117 0.023412 -0.006172
v 0.004754 0.023507 -0.0064
v 0.004754 0.023507 -0.0064
v 0.005536 0.023194 -0.005955
v 0.005502 0.02326 -0.005891
v 0.005502 0.02326 -0.005891
v 0.00558 0.023142 -0.006025
v 0.00558 0.023142 -0.006025
v 0.005686 0.022439 -0.008054
v 0.005686 0.022439 -0.008054
v 0.005686 0.022439 -0.008054
v 0.005686 0.022439 -0.008054
v 0.007011 0.014211 -0.008991
v 0.007011 0.014211 -0.008991
v 0.00904 0.011298 -0.009424
v 0.009835 0.009721 -0.009424
v 0.009669 0.009643 -0.009241
v 0.009609 0.009614 -0.008991
v 0.009609 0.009614 -0.008991
v 0.010377 0.008036 -0.009241
v 0.010315 0.00801 -0.008991
v 0.010315 0.00801 -0.008991
v 0.010547 0.008105 -0.009424
v 0.010998 0.006398 -0.009241
v -0.014189 0.015908 0.003012
v -0.014189 0.015908 0.003012
v -0.014189 0.015908 0.003012
v -0.014344 0.016707 0.003012
v -0.014344 0.016707 0.003012
v -0.013766 0.016066 0.005468
v -0.013766 0.016066 0.005468
v -0.014618 0.020067 0.005939
v -0.014618 0.020067 0.005939
v -0.012799 0.01303 0.006151
v -0.014819 0.020012 0.005282
v -0.014819 0.020012 0.005282
v -0.014819 0.020012 0.005282
v -0.014819 0.020012 0.005282
v -0.013399 0.014516 0.005534
v -0.013399 0.014516 0.005534
v -0.014505 0.017504 0.003012
v -0.014505 0.017504 0.003012
v -0.014674 0.0183 0.003012
v -0.014674 0.0183 0.003012
v -0.014851 0.019095 0.003012
v -0.014851 0.019095 0.003012
v -0.014851 0.019095 0.003012
v -0.014987 0.019689 0.003011
v -0.014987 0.019689 0.003011
v -0.014987 0.019689 0.003011
v -0.015022 0.019837 0.00301
v -0.015022 0.019837 0.00301
v -0.015033 0.019884 0.00301
v -0.015033 0.019884 0.00301
v -0.015033 0.019887 0.003009
v -0.015033 0.019887 0.003009
v -0.015033 0.019887 0.003009
v -0.014995 0.024628 0.003009
v -0.014995 0.024628 0.003009
v -0.012572 0.028686 0.003009
v -0.012572 0.028686 0.003009
v -0.012572 0.028686 0.003009
v -0.015031 0.019874 0.00301
v -0.015031 0.019874 0.00301
v -0.015033 0.019886 0.003009
v -0.015033 0.019886 0.003009
v -0.015033 0.019887 0.003009
v -0.015033 0.019887 0.003009
v -0.015033 0.019887 0.003009
v -0.015033 0.019887 0.003009
v -0.015033 0.019887 0.003009
v -0.015033 0.019887 0.003009
v -0.015033 0.019887 0.003009
v -0.015033 0.019887 0.003009
v -0.015033 0.019887 0.003009
v -0.012567 0.028541 0.005136
v -0.012567 0.028541 0.005136
v -0.008491 0.03103 0.003009
v -0.008491 0.03103 0.003009
v -0.003792 0.031089 0.003009
v -0.003792 0.031089 0.003009
v -0.0149 0.024621 0.005115
v -0.0149 0.024621 0.005115
v -0.01253 0.028577 0.005137
v -0.01253 0.028577 0.005137
v -0.008541 0.030826 0.005211
v -0.008541 0.030826 0.005211
v -0.012318 0.028355 0.006081
v -0.01461 0.024544 0.006068
v -0.013906 0.024357 0.006759
v -0.014485 0.020105 0.006165
v -0.014485 0.020105 0.006165
v -0.014178 0.020192 0.006517
v -0.014178 0.020192 0.006517
v -0.014909 0.024589 0.005115
v -0.014909 0.024589 0.005115
v -0.008522 0.030831 0.005211
v -0.008522 0.030831 0.005211
v 0.000145 0.028716 0.005277
v 0.000145 0.028716 0.005277
v 0.000145 0.028716 0.005277
v 0.000145 0.028716 0.005277
v -0.013064 0.012978 0.005595
v -0.013064 0.012978 0.005595
v -0.012323 0.008907 0.005721
v -0.012323 0.008907 0.005721
v -0.011918 0.00583 0.005782
v -0.011918 0.00583 0.005782
v -0.011625 0.00586 0.006273
v -0.011683 0.00319 0.005811
v -0.011683 0.00319 0.005811
v -0.011494 -0.0014 0.005829
v -0.011494 -0.0014 0.005829
v 0.00084 -0.182575 0.00151
v 0.00084 -0.182575 0.00151
v 0.00084 -0.182575 0.00151
v 0.001763 -0.182743 0.00151
v 0.001763 -0.182743 0.00151
v 0.001763 -0.182743 0.00151
v 0.000514 -0.183267 0.00151
v 0.000514 -0.183267 0.00151
v 0.001763 -0.182743 0.005333
v 0.001763 -0.182743 0.005333
v 0.001763 -0.182743 0.005333
v 0.001763 -0.182743 0.005333
v 0.00084 -0.182575 0.005337
v 0.00084 -0.182575 0.005337
v 0.00084 -0.182575 0.005337
v 0.00084 -0.182575 0.005337
v 0.00084 -0.182575 0.005337
v 0.00084 -0.182575 0.005337
v 0.000514 -0.183267 0.005334
v 0.000514 -0.183267 0.005334
v 0.000514 -0.183267 0.005334
v -5.6E-05 -0.183852 0.005333
v -5.6E-05 -0.183852 0.005333
v -5.6E-05 -0.183852 0.005333
v -0.003108 -0.182502 0.005353
v -0.003108 -0.182502 0.005353
v -0.003108 -0.182502 0.005353
v -0.003108 -0.182502 0.005353
v -0.003108 -0.182502 0.005353
v -0.003108 -0.182502 0.005353
v -0.003508 -0.181865 0.005395
v -0.001369 -0.184753 0.005333
v -0.001369 -0.184753 0.005333
v -0.001369 -0.184753 0.005333
v -0.001369 -0.184753 0.005333
v -0.001369 -0.184753 0.005333
v -0.002709 -0.185594 0.005333
v -0.002709 -0.185594 0.005333
v -0.002709 -0.185594 0.005333
v -0.002709 -0.185594 0.005333
v -0.004054 -0.186438 0.005333
v -0.004054 -0.186438 0.005333
v -0.004054 -0.186438 0.005333
v -0.008714 -0.186018 0.005353
v -0.008714 -0.186018 0.005353
v -0.005399 -0.187281 0.005333
v -0.005399 -0.187281 0.005333
v -0.005399 -0.187281 0.005333
v 0.002059 -0.178373 0.005392
v 0.002059 -0.178373 0.005392
v 0.002497 -0.178986 0.005353
v 0.002497 -0.178986 0.005353
v 0.002497 -0.178986 0.005353
v 0.002497 -0.178986 0.005353
v 0.002497 -0.178986 0.005353
v -0.009113 -0.185381 0.005395
v -0.014718 -0.188897 0.005395
v -0.015087 -0.188309 0.005667
v -0.009481 -0.184793 0.005667
v -0.009715 -0.184421 0.006269
v -0.003876 -0.181277 0.005667
v -0.01532 -0.187937 0.006269
v -0.020925 -0.191453 0.006269
v -0.015425 -0.18777 0.006994
v -0.02103 -0.191285 0.006994
v -0.021081 -0.191204 0.007741
v -0.025081 -0.193714 0.007741
v -0.025081 -0.193714 0.007741
v -0.025489 -0.19408 0.006993
v -0.025489 -0.19408 0.006993
v -0.025415 -0.194003 0.007514
v -0.025581 -0.194194 0.006784
v -0.025581 -0.194194 0.006784
v -0.02572 -0.194305 0.006917
v -0.025769 -0.194484 0.006266
v -0.025769 -0.194484 0.006266
v -0.02529 -0.193888 0.007383
v -0.02529 -0.193888 0.007383
v -0.020692 -0.191825 0.005667
v -0.025961 -0.194654 0.006304
v -0.025812 -0.195043 0.005675
v -0.025812 -0.195043 0.005675
v -0.025796 -0.194555 0.006158
v -0.025796 -0.194555 0.006158
v -0.025925 -0.19515 0.00567
v -0.025801 -0.195131 0.005616
v -0.025801 -0.195131 0.005616
v -0.026038 -0.195188 0.005761
v -0.025959 -0.195891 0.005498
v -0.026066 -0.195919 0.005625
v -0.026117 -0.195241 0.005876
v -0.026032 -0.194821 0.006468
v -0.026124 -0.195945 0.005782
v -0.026154 -0.195304 0.006005
v -0.026127 -0.195966 0.005948
v -0.026148 -0.195373 0.006138
v -0.026093 -0.195357 0.006298
v -0.026093 -0.195357 0.006298
v -0.025991 -0.195015 0.006611
v -0.025991 -0.195015 0.006611
v -0.024691 -0.193787 0.008847
v -0.024691 -0.193787 0.008847
v -0.024691 -0.193787 0.008847
v -0.026102 -0.195435 0.006251
v -0.026102 -0.195435 0.006251
v -0.021177 -0.19768 0.011844
v -0.02509 -0.199805 0.006664
v -0.025751 -0.194673 0.007141
v -0.025751 -0.194673 0.007141
v -0.026083 -0.195978 0.006092
v -0.026083 -0.195978 0.006092
v -0.025975 -0.196651 0.006059
v -0.025975 -0.196651 0.006059
v -0.025975 -0.196651 0.006059
v -0.02255 -0.192267 0.010995
v -0.02255 -0.192267 0.010995
v -0.021485 -0.191545 0.011703
v -0.021485 -0.191545 0.011703
v -0.022653 -0.192338 0.010917
v -0.022653 -0.192338 0.010917
v -0.022711 -0.192148 0.010819
v -0.021555 -0.191356 0.011601
v -0.02373 -0.19309 0.00997
v -0.02373 -0.19309 0.00997
v -0.023775 -0.192897 0.009878
v -0.022698 -0.191994 0.010663
v -0.024725 -0.193593 0.008762
v -0.024725 -0.193593 0.008762
v -0.023747 -0.192738 0.009736
v -0.022618 -0.191904 0.010478
v -0.022618 -0.191904 0.010478
v -0.022618 -0.191904 0.010478
v -0.023651 -0.192638 0.009568
v -0.023651 -0.192638 0.009568
v -0.024682 -0.193428 0.008637
v -0.024682 -0.193428 0.008637
v -0.024682 -0.193427 0.008637
v -0.024682 -0.193427 0.008637
v -0.025065 -0.193719 0.008089
v -0.024571 -0.193317 0.008492
v -0.024571 -0.193317 0.008492
v -0.024571 -0.193317 0.008492
v -0.024571 -0.193317 0.008492
v -0.025113 -0.193887 0.008209
v -0.025469 -0.194174 0.007632
v -0.02544 -0.194371 0.007716
v -0.02544 -0.194371 0.007716
v -0.025084 -0.194083 0.00829
v -0.025084 -0.194083 0.00829
v -0.025781 -0.194476 0.007044
v -0.021115 -0.19115 0.008492
v -0.021115 -0.19115 0.008492
v -0.021115 -0.19115 0.008492
v -0.021115 -0.19115 0.008492
v -0.021115 -0.19115 0.008492
v -0.021115 -0.19115 0.008492
v -0.021115 -0.19115 0.008492
v -0.024947 -0.193605 0.007953
v -0.024947 -0.193605 0.007953
v -0.01551 -0.187634 0.008492
v -0.01551 -0.187634 0.008492
v -0.01551 -0.187634 0.008492
v -0.01551 -0.187634 0.008492
v -0.01551 -0.187634 0.008492
v -0.01551 -0.187634 0.008492
v -0.01551 -0.187634 0.008492
v -0.017763 -0.188644 0.012732
v -0.017763 -0.188644 0.012732
v -0.017763 -0.188644 0.012732
v -0.017763 -0.188644 0.012732
v -0.019045 -0.189485 0.012348
v -0.019045 -0.189485 0.012348
v -0.019045 -0.189485 0.012348
v -0.020299 -0.190319 0.011852
v -0.020299 -0.190319 0.011852
v -0.020299 -0.190319 0.011852
v -0.021493 -0.191126 0.011234
v -0.021493 -0.191126 0.011234
v -0.021493 -0.191126 0.011234
v -0.020347 -0.190391 0.012064
v -0.021558 -0.191208 0.011434
v -0.019078 -0.189548 0.01257
v -0.020329 -0.190535 0.012239
v -0.019047 -0.189689 0.012751
v -0.020249 -0.190723 0.012343
v -0.020249 -0.190723 0.012343
v -0.018958 -0.189878 0.012855
v -0.018958 -0.189878 0.012855
v -0.01557 -0.194545 0.01435
v -0.017421 -0.188883 0.013306
v -0.017421 -0.188883 0.013306
v -0.009566 -0.191147 0.015101
v -0.016317 -0.188175 0.013543
v -0.016317 -0.188175 0.013543
v -0.014976 -0.187321 0.013756
v -0.014976 -0.187321 0.013756
v -0.017646 -0.189028 0.013249
v -0.017646 -0.189028 0.013249
v -0.013278 -0.200871 0.015585
v -0.00688 -0.19714 0.016352
v -0.000541 -0.20095 0.01759
v -0.003654 -0.195236 0.016332
v -0.007358 -0.205077 0.017325
v -0.003984 -0.203041 0.017568
v -0.003767 -0.210582 0.018437
v -0.003767 -0.210582 0.018437
v 0.002723 -0.206505 0.0187
v 0.002723 -0.206505 0.0187
v -0.000883 -0.208772 0.018631
v -0.000883 -0.208772 0.018631
v -0.002197 -0.209597 0.018558
v -0.002197 -0.209597 0.018558
v -0.003616 -0.210817 0.018398
v -0.002046 -0.209832 0.018519
v -0.00349 -0.21099 0.018214
v -0.001924 -0.210008 0.018334
v -0.000358 -0.209025 0.018419
v -0.000477 -0.208847 0.018603
v 0.001093 -0.207861 0.018653
v -0.000627 -0.208611 0.018642
v -0.000627 -0.208611 0.018642
v 0.00121 -0.208041 0.018469
v 0.001256 -0.208106 0.018198
v 0.001256 -0.208106 0.018198
v 0.001256 -0.208106 0.018198
v 0.001256 -0.208106 0.018198
v 0.001256 -0.208106 0.018198
v 0.001256 -0.208106 0.018198
v 0.001256 -0.208106 0.018198
v 0.002821 -0.207124 0.018208
v 0.002821 -0.207124 0.018208
v 0.00278 -0.207055 0.01848
v 0.004338 -0.206077 0.018436
v 0.002667 -0.206872 0.018664
v 0.004371 -0.206152 0.018164
v 0.004371 -0.206152 0.018164
v 0.004371 -0.206152 0.018164
v 0.004371 -0.206152 0.018164
v 0.005918 -0.205182 0.018044
v 0.005918 -0.205182 0.018044
v 0.007455 -0.204217 0.017816
v 0.007455 -0.204217 0.017816
v 0.007455 -0.204217 0.017816
v 0.007455 -0.204217 0.017816
v 0.007455 -0.204217 0.017816
v 0.007455 -0.204217 0.017816
v 0.018073 -0.197556 0.004212
v 0.018073 -0.197556 0.004212
v 0.018073 -0.197556 0.004212
v 0.018073 -0.197556 0.004212
v 0.018073 -0.197556 0.004212
v 0.018073 -0.197556 0.004212
v 0.018073 -0.197556 0.004212
v 0.008976 -0.203263 0.017442
v 0.008976 -0.203263 0.017442
v 0.008976 -0.203263 0.017442
v 0.011813 -0.201483 0.016132
v 0.011813 -0.201483 0.016132
v 0.011813 -0.201483 0.016132
v 0.011813 -0.201483 0.016132
v 0.011813 -0.201483 0.016132
v 0.011813 -0.201483 0.016132
v 0.016052 -0.198824 0.011047
v 0.016052 -0.198824 0.011047
v 0.016052 -0.198824 0.011047
v 0.016052 -0.198824 0.011047
v 0.016052 -0.198824 0.011047
v 0.016052 -0.198824 0.011047
v 0.016052 -0.198824 0.011047
v 0.007449 -0.204124 0.018086
v 0.005896 -0.205099 0.018316
v 0.005794 -0.204906 0.0185
v 0.00423 -0.20589 0.018621
v 0.004081 -0.20565 0.018657
v 0.004081 -0.20565 0.018657
v 0.005647 -0.204664 0.018535
v 0.005647 -0.204664 0.018535
v 0.006319 -0.204241 0.018451
v 0.006319 -0.204241 0.018451
v 0.002867 -0.198879 0.017282
v 0.007211 -0.203679 0.018302
v 0.007211 -0.203679 0.018302
v -0.000478 -0.193361 0.015977
v 0.006215 -0.196845 0.016339
v 0.01303 -0.200019 0.015537
v 0.01303 -0.200019 0.015537
v 0.013079 -0.199988 0.015493
v 0.013079 -0.199988 0.015493
v 0.010266 -0.201754 0.017352
v 0.010266 -0.201754 0.017352
v 0.008768 -0.202698 0.017918
v 0.008768 -0.202698 0.017918
v 0.011701 -0.200853 0.01656
v 0.011701 -0.200853 0.01656
v 0.009874 -0.202001 0.017523
v 0.009874 -0.202001 0.017523
v 0.009224 -0.195021 0.014409
v 0.002627 -0.191529 0.015038
v 0.00542 -0.18989 0.01323
v 0.00183 -0.184617 0.012046
v -0.003623 -0.187732 0.014652
v -0.004131 -0.180658 0.012612
v -0.004131 -0.180658 0.012612
v -0.005464 -0.181441 0.013124
v -0.005464 -0.181441 0.013124
v -0.006814 -0.18225 0.01349
v -0.006814 -0.18225 0.01349
v -0.006482 -0.18205 0.013412
v -0.006482 -0.18205 0.013412
v -0.008171 -0.183075 0.013736
v -0.008171 -0.183075 0.013736
v -0.00953 -0.183911 0.013889
v -0.00953 -0.183911 0.013889
v -0.009654 -0.183724 0.013791
v -0.010895 -0.184757 0.013966
v -0.010895 -0.184757 0.013966
v -0.0083 -0.18289 0.013638
v -0.008399 -0.182774 0.013446
v -0.007056 -0.181955 0.013203
v -0.006947 -0.182066 0.013393
v -0.005602 -0.181259 0.01303
v -0.005725 -0.181155 0.012842
v -0.004513 -0.180392 0.012112
v -0.004513 -0.180392 0.012112
v -0.004513 -0.180392 0.012112
v -0.005802 -0.181153 0.012608
v -0.005802 -0.181153 0.012608
v -0.005802 -0.181153 0.012608
v -0.004416 -0.180382 0.012339
v -0.003289 -0.179686 0.011463
v -0.003289 -0.179686 0.011463
v -0.003289 -0.179686 0.011463
v -0.003168 -0.179663 0.01168
v -0.004277 -0.180479 0.012521
v -0.003011 -0.179752 0.011853
v -0.002857 -0.179929 0.011939
v -0.002857 -0.179929 0.011939
v -0.001993 -0.179008 0.010839
v -0.001816 -0.179088 0.011
v -0.000719 -0.178503 0.009966
v -0.001654 -0.179264 0.011079
v -0.001654 -0.179264 0.011079
v -0.001472 -0.179165 0.010925
v -0.001472 -0.179165 0.010925
v -0.000915 -0.17843 0.00982
v -0.000151 -0.178001 0.008492
v -0.000151 -0.178001 0.008492
v -0.000151 -0.178001 0.008492
v -0.000151 -0.178001 0.008492
v 4E-05 -0.177943 0.00865
v 4E-05 -0.177943 0.00865
v 4.2E-05 -0.177943 0.008651
v 4.2E-05 -0.177943 0.008651
v -0.001086 -0.178478 0.009639
v -0.001086 -0.178478 0.009639
v -0.001086 -0.178478 0.009639
v -0.002139 -0.179043 0.010638
v -0.002139 -0.179043 0.010638
v -0.002139 -0.179043 0.010638
v -0.0043 -0.180603 0.008492
v -0.0043 -0.180603 0.008492
v -0.0043 -0.180603 0.008492
v -0.0043 -0.180603 0.008492
v -0.0043 -0.180603 0.008492
v -0.0043 -0.180603 0.008492
v -0.0043 -0.180603 0.008492
v -0.0043 -0.180603 0.008492
v -0.007116 -0.181944 0.012964
v -0.007116 -0.181944 0.012964
v -0.007116 -0.181944 0.012964
v -0.007116 -0.181944 0.012964
v -0.009905 -0.184118 0.008492
v -0.009905 -0.184118 0.008492
v -0.009905 -0.184118 0.008492
v -0.009905 -0.184118 0.008492
v -0.009905 -0.184118 0.008492
v -0.009905 -0.184118 0.008492
v -0.009905 -0.184118 0.008492
v -0.009871 -0.184173 0.007741
v -0.004265 -0.180657 0.007741
v 0.000351 -0.177763 0.007741
v 0.000351 -0.177763 0.007741
v -0.004215 -0.180738 0.006994
v -0.004109 -0.180906 0.006269
v 0.000789 -0.177596 0.006993
v 0.000789 -0.177596 0.006993
v -0.00982 -0.184254 0.006994
v -0.015476 -0.187688 0.007741
v 0.000779 -0.177601 0.007519
v 0.001124 -0.17749 0.006918
v 0.001192 -0.177583 0.006269
v 0.001192 -0.177583 0.006269
v 0.000571 -0.177671 0.007376
v 0.000571 -0.177671 0.007376
v 0.000909 -0.177573 0.006778
v 0.000909 -0.177573 0.006778
v 0.001608 -0.177843 0.005673
v 0.001608 -0.177843 0.005673
v 0.001257 -0.177599 0.006154
v 0.001257 -0.177599 0.006154
v 0.001476 -0.177484 0.006297
v 0.001356 -0.177525 0.006216
v 0.001888 -0.177729 0.005752
v 0.001764 -0.177799 0.005667
v 0.002208 -0.17832 0.005413
v 0.002335 -0.178235 0.005494
v 0.001656 -0.177892 0.005625
v 0.001656 -0.177892 0.005625
v 0.002434 -0.178179 0.005618
v 0.002747 -0.178812 0.005456
v 0.002747 -0.178812 0.005456
v 0.002842 -0.178748 0.005581
v 0.002842 -0.178748 0.005581
v 0.002692 -0.17885 0.005413
v 0.002692 -0.17885 0.005413
v 0.00423 -0.181005 0.005392
v 0.004376 -0.1809 0.005554
v 0.002897 -0.17871 0.005736
v 0.002897 -0.17871 0.005736
v 0.004444 -0.180853 0.005783
v 0.006028 -0.182967 0.005752
v 0.005959 -0.183017 0.005529
v 0.007656 -0.185047 0.005722
v 0.007587 -0.1851 0.005504
v 0.005817 -0.183125 0.00537
v 0.007447 -0.18521 0.005349
v 0.005632 -0.183266 0.005313
v 0.005632 -0.183266 0.005313
v 0.005632 -0.183266 0.005313
v 0.004041 -0.181144 0.005333
v 0.004041 -0.181144 0.005333
v 0.004041 -0.181144 0.005333
v 0.004041 -0.181144 0.005333
v 0.004041 -0.181144 0.005333
v 0.004672 -0.187776 0.00529
v 0.004672 -0.187776 0.00529
v 0.004672 -0.187776 0.00529
v 0.004672 -0.187776 0.00529
v 0.004672 -0.187776 0.00529
v 0.004672 -0.187776 0.00529
v 0.002621 -0.178899 0.005376
v 0.002621 -0.178899 0.005376
v 0.002087 -0.17841 0.005387
v 0.002087 -0.17841 0.005387
v 0.008943 -0.187408 0.005274
v 0.008943 -0.187408 0.005274
v 0.008943 -0.187408 0.005274
v 0.008943 -0.187408 0.005274
v 0.008943 -0.187408 0.005274
v 0.007268 -0.185353 0.005294
v 0.007268 -0.185353 0.005294
v 0.007268 -0.185353 0.005294
v 0.004672 -0.187776 0.00151
v 0.004672 -0.187776 0.00151
v 0.005686 -0.189447 0.005276
v 0.005686 -0.189447 0.005276
v 0.005686 -0.189447 0.005276
v 0.006267 -0.190386 0.005244
v 0.006267 -0.190386 0.005244
v 0.007727 -0.192695 0.002437
v 0.007727 -0.192695 0.002437
v 0.007727 -0.192695 0.002437
v 0.00763 -0.192544 0.003524
v 0.00763 -0.192544 0.003524
v 0.006843 -0.191304 0.005044
v 0.006843 -0.191304 0.005044
v 0.009665 -0.188254 0.00524
v 0.009665 -0.188254 0.00524
v 0.009055 -0.187316 0.005296
v 0.009055 -0.187316 0.005296
v 0.009814 -0.188205 0.005258
v 0.009706 -0.1883 0.005236
v 0.009706 -0.1883 0.005236
v 0.010443 -0.189046 0.005044
v 0.010443 -0.189046 0.005044
v 0.010601 -0.189004 0.005049
v 0.010497 -0.189095 0.005019
v 0.010497 -0.189095 0.005019
v 0.007344 -0.192095 0.00448
v 0.007344 -0.192095 0.00448
v 0.011236 -0.189656 0.004481
v 0.011236 -0.189656 0.004481
v 0.011804 -0.189925 0.003524
v 0.011804 -0.189925 0.003524
v 0.011256 -0.189668 0.004458
v 0.011256 -0.189668 0.004458
v 0.011794 -0.189922 0.003549
v 0.011794 -0.189922 0.003549
v 0.01147 -0.18954 0.004557
v 0.010712 -0.188926 0.005121
v 0.009925 -0.188114 0.005331
v 0.010014 -0.188046 0.005442
v 0.011678 -0.189538 0.004726
v 0.010809 -0.188879 0.005225
v 0.010886 -0.188863 0.005352
v 0.010075 -0.188008 0.005581
v 0.00933 -0.187092 0.005782
v 0.00933 -0.187092 0.005782
v 0.009324 -0.187096 0.005694
v 0.009324 -0.187096 0.005694
v 0.009311 -0.187106 0.005621
v 0.009311 -0.187106 0.005621
v 0.010102 -0.188002 0.00574
v 0.009622 -0.187478 0.005918
v 0.009622 -0.187478 0.005918
v 0.010937 -0.188882 0.005495
v 0.010094 -0.188027 0.005884
v 0.010094 -0.188027 0.005884
v 0.009189 -0.187723 0.007278
v 0.010955 -0.188929 0.005625
v 0.010955 -0.188929 0.005625
v 0.011821 -0.189663 0.004916
v 0.011821 -0.189663 0.004916
v 0.013193 -0.192641 0.007905
v 0.017396 -0.197297 0.007907
v 0.017396 -0.197297 0.007907
v 0.017221 -0.197405 0.008478
v 0.017221 -0.197405 0.008478
v 0.014139 -0.192081 0.004028
v 0.01158 -0.193602 0.01147
v 0.007637 -0.188607 0.010537
v 0.016818 -0.197656 0.009633
v 0.016818 -0.197656 0.009633
v 0.016229 -0.198357 0.011276
v 0.016941 -0.197912 0.009619
v 0.016102 -0.1981 0.011293
v 0.016102 -0.1981 0.011293
v 0.015556 -0.19844 0.012325
v 0.015556 -0.19844 0.012325
v 0.015366 -0.198895 0.012841
v 0.015237 -0.198639 0.01286
v 0.015237 -0.198639 0.01286
v 0.014212 -0.199279 0.014295
v 0.014212 -0.199279 0.014295
v 0.014345 -0.199533 0.014273
v 0.014351 -0.199793 0.014145
v 0.013166 -0.200272 0.015514
v 0.013189 -0.200521 0.015368
v 0.01184 -0.201104 0.016535
v 0.011883 -0.201341 0.016374
v 0.010409 -0.202003 0.017324
v 0.010471 -0.202227 0.017152
v 0.008912 -0.202944 0.017887
v 0.007358 -0.203922 0.018268
v 0.00899 -0.203156 0.017709
v 0.01043 -0.20235 0.016894
v 0.01043 -0.20235 0.016894
v 0.01309 -0.200681 0.015148
v 0.01309 -0.200681 0.015148
v 0.014227 -0.199968 0.013953
v 0.014227 -0.199968 0.013953
v 0.014227 -0.199968 0.013953
v 0.014227 -0.199968 0.013953
v 0.015214 -0.199349 0.012567
v 0.015214 -0.199349 0.012567
v 0.015358 -0.199161 0.012731
v 0.01621 -0.198628 0.011184
v 0.016914 -0.198186 0.009544
v 0.016746 -0.198388 0.009432
v 0.016746 -0.198388 0.009432
v 0.017483 -0.19783 0.007835
v 0.017516 -0.197554 0.007895
v 0.017849 -0.197016 0.006119
v 0.017849 -0.197016 0.006119
v 0.017967 -0.197273 0.006109
v 0.01793 -0.19755 0.006064
v 0.018297 -0.197068 0.00429
v 0.018179 -0.196812 0.004311
v 0.018179 -0.196812 0.004311
v 0.018181 -0.196811 0.004296
v 0.018181 -0.196811 0.004296
v 0.018502 -0.196612 9E-06
v 0.018502 -0.196612 9E-06
v 0.018502 -0.196612 9E-06
v 0.018394 -0.196679 0.002451
v 0.018394 -0.196679 0.002451
v 0.018509 -0.196937 0.002448
v 0.018493 -0.196618 0.000595
v 0.018493 -0.196618 0.000595
v 0.018493 -0.196618 0.000595
v 0.018608 -0.196875 0.000594
v 0.018608 -0.196875 0.000594
v 0.018598 -0.196881 -0.001293
v 0.018555 -0.19716 -0.001285
v 0.018565 -0.197154 0.000588
v 0.018565 -0.197154 0.000588
v 0.018467 -0.197215 0.002429
v 0.018257 -0.197346 0.004258
v 0.018281 -0.197425 0.002403
v 0.018281 -0.197425 0.002403
v 0.018378 -0.197364 0.000581
v 0.018378 -0.197364 0.000581
v 0.018378 -0.197364 0.000581
v 0.018378 -0.197364 0.000581
v 0.018378 -0.197364 0.000581
v 0.018368 -0.197371 -0.001274
v 0.018368 -0.197371 -0.001274
v 0.018251 -0.197445 -0.003124
v 0.018251 -0.197445 -0.003124
v 0.018251 -0.197445 -0.003124
v 0.018251 -0.197445 -0.003124
v 0.018251 -0.197445 -0.003124
v 0.018251 -0.197445 -0.003124
v 0.018251 -0.197445 -0.003124
v 0.018251 -0.197445 -0.003124
v 0.018436 -0.197234 -0.003154
v 0.018026 -0.197586 -0.00496
v 0.018026 -0.197586 -0.00496
v 0.018026 -0.197586 -0.00496
v 0.017224 -0.19809 -0.008525
v 0.017224 -0.19809 -0.008525
v 0.017224 -0.19809 -0.008525
v 0.017224 -0.19809 -0.008525
v 0.017224 -0.19809 -0.008525
v 0.01584 -0.198958 -0.011805
v 0.01584 -0.198958 -0.011805
v 0.01584 -0.198958 -0.011805
v 0.01584 -0.198958 -0.011805
v 0.01584 -0.198958 -0.011805
v 0.01584 -0.198958 -0.011805
v 0.006569 -0.204776 -0.017776
v 0.006569 -0.204776 -0.017776
v 0.006569 -0.204776 -0.017776
v 0.006569 -0.204776 -0.017776
v 0.006569 -0.204776 -0.017776
v 0.006569 -0.204776 -0.017776
v 0.006569 -0.204776 -0.017776
v 0.006569 -0.204776 -0.017776
v 0.00026 -0.208734 -0.018149
v 0.00026 -0.208734 -0.018149
v 0.00026 -0.208734 -0.018149
v 0.00026 -0.208734 -0.018149
v 0.00026 -0.208734 -0.018149
v 0.00026 -0.208734 -0.018149
v 0.00026 -0.208734 -0.018149
v 0.00026 -0.208734 -0.018149
v 0.001847 -0.207738 -0.018149
v 0.001847 -0.207738 -0.018149
v -0.001869 -0.210067 0.018064
v -0.001869 -0.210067 0.018064
v -0.001869 -0.210067 0.018064
v -0.001869 -0.210067 0.018064
v -0.001869 -0.210067 0.018064
v -0.001869 -0.210067 0.018064
v -0.001869 -0.210067 0.018064
v 0.001808 -0.207669 -0.01842
v 0.000215 -0.208668 -0.01842
v -0.001327 -0.20973 -0.018111
v -0.001327 -0.20973 -0.018111
v -0.002912 -0.210725 -0.018032
v -0.002912 -0.210725 -0.018032
v -0.002912 -0.210725 -0.018032
v -0.002912 -0.210725 -0.018032
v -0.002912 -0.210725 -0.018032
v -0.002912 -0.210725 -0.018032
v -0.002912 -0.210725 -0.018032
v 0.003433 -0.206743 -0.0181
v 0.003433 -0.206743 -0.0181
v 0.003433 -0.206743 -0.0181
v 0.003433 -0.206743 -0.0181
v 0.005004 -0.205757 -0.017982
v 0.005004 -0.205757 -0.017982
v 0.003401 -0.206669 -0.018371
v 0.003293 -0.206482 -0.018556
v 0.001695 -0.207486 -0.018604
v 0.004981 -0.205677 -0.018253
v 0.004879 -0.205485 -0.018437
v 0.006558 -0.204687 -0.018047
v 0.008124 -0.203703 -0.017726
v 0.006464 -0.204489 -0.018229
v 0.008119 -0.203803 -0.017458
v 0.008119 -0.203803 -0.017458
v 0.009644 -0.202846 -0.016998
v 0.009644 -0.202846 -0.016998
v 0.009644 -0.202846 -0.016998
v 0.009644 -0.202846 -0.016998
v 0.012486 -0.201063 -0.015549
v 0.012486 -0.201063 -0.015549
v 0.012486 -0.201063 -0.015549
v 0.012486 -0.201063 -0.015549
v 0.012486 -0.201063 -0.015549
v 0.012486 -0.201063 -0.015549
v 0.011101 -0.201931 -0.016374
v 0.011101 -0.201931 -0.016374
v 0.009668 -0.202734 -0.017261
v 0.011149 -0.201804 -0.016627
v 0.00804 -0.203498 -0.017906
v 0.009597 -0.202518 -0.017437
v 0.011092 -0.201577 -0.016797
v 0.007895 -0.203253 -0.01794
v 0.007895 -0.203253 -0.01794
v 0.009907 -0.201986 -0.017297
v 0.009907 -0.201986 -0.017297
v 0.009453 -0.202271 -0.017469
v 0.009453 -0.202271 -0.017469
v 0.006242 -0.196825 -0.016142
v 0.002905 -0.198853 -0.017113
v -0.000445 -0.193333 -0.015832
v -0.00361 -0.195202 -0.01626
v 0.006362 -0.204219 -0.018257
v 0.006362 -0.204219 -0.018257
v -0.00049 -0.200916 -0.017509
v 0.002779 -0.206474 -0.01861
v 0.002779 -0.206474 -0.01861
v 0.001547 -0.207248 -0.018643
v 0.001547 -0.207248 -0.018643
v -4.9E-05 -0.208251 -0.018644
v -4.9E-05 -0.208251 -0.018644
v -0.003928 -0.203004 -0.017563
v -0.006829 -0.197101 -0.016344
v -0.00952 -0.191107 -0.01509
v -0.013222 -0.200829 -0.015657
v -0.007297 -0.205038 -0.017381
v -0.015521 -0.194502 -0.014405
v -0.021072 -0.197601 -0.011773
v -0.017375 -0.188847 -0.013348
v -0.017375 -0.188847 -0.013348
v -0.017552 -0.188961 -0.013303
v -0.017552 -0.188961 -0.013303
v -0.018859 -0.189808 -0.0129
v -0.018859 -0.189808 -0.0129
v -0.020137 -0.190646 -0.012377
v -0.020137 -0.190646 -0.012377
v -0.014886 -0.18726 -0.013793
v -0.014886 -0.18726 -0.013793
v -0.016224 -0.18811 -0.013596
v -0.016224 -0.18811 -0.013596
v -0.016326 -0.187921 -0.013493
v -0.014994 -0.187072 -0.013692
v -0.015056 -0.18694 -0.013501
v -0.017647 -0.188772 -0.013199
v -0.016379 -0.187787 -0.013305
v -0.01637 -0.187736 -0.013072
v -0.01637 -0.187736 -0.013072
v -0.01637 -0.187736 -0.013072
v -0.015057 -0.186894 -0.013265
v -0.015057 -0.186894 -0.013265
v -0.015057 -0.186894 -0.013265
v -0.017689 -0.188635 -0.013014
v -0.017668 -0.188578 -0.012786
v -0.017668 -0.188578 -0.012786
v -0.017668 -0.188578 -0.012786
v -0.018977 -0.189479 -0.012616
v -0.018948 -0.18962 -0.012797
v -0.020216 -0.190458 -0.012273
v -0.021358 -0.191461 -0.011718
v -0.021358 -0.191461 -0.011718
v -0.021425 -0.191271 -0.011616
v -0.020231 -0.190313 -0.0121
v -0.021425 -0.191121 -0.011451
v -0.021359 -0.191038 -0.011253
v -0.021359 -0.191038 -0.011253
v -0.021359 -0.191038 -0.011253
v -0.02018 -0.190239 -0.011889
v -0.02018 -0.190239 -0.011889
v -0.02018 -0.190239 -0.011889
v -0.018942 -0.189414 -0.012396
v -0.018942 -0.189414 -0.012396
v -0.018942 -0.189414 -0.012396
v -0.018942 -0.189414 -0.012396
v -0.02104 -0.191103 -0.008473
v -0.02104 -0.191103 -0.008473
v -0.02104 -0.191103 -0.008473
v -0.02104 -0.191103 -0.008473
v -0.02104 -0.191103 -0.008473
v -0.02104 -0.191103 -0.008473
v -0.02104 -0.191103 -0.008473
v -0.02441 -0.193216 -0.008473
v -0.02441 -0.193216 -0.008473
v -0.02441 -0.193216 -0.008473
v -0.02441 -0.193216 -0.008473
v -0.021006 -0.191157 -0.007722
v -0.023489 -0.192538 -0.009535
v -0.023489 -0.192538 -0.009535
v -0.023489 -0.192538 -0.009535
v -0.022467 -0.191808 -0.010468
v -0.022467 -0.191808 -0.010468
v -0.022467 -0.191808 -0.010468
v -0.015436 -0.187587 -0.008473
v -0.015436 -0.187587 -0.008473
v -0.015436 -0.187587 -0.008473
v -0.015436 -0.187587 -0.008473
v -0.015436 -0.187587 -0.008473
v -0.015436 -0.187587 -0.008473
v -0.015436 -0.187587 -0.008473
v -0.013729 -0.186051 -0.013377
v -0.013729 -0.186051 -0.013377
v -0.013729 -0.186051 -0.013377
v -0.012393 -0.185209 -0.01342
v -0.012393 -0.185209 -0.01342
v -0.012393 -0.185209 -0.01342
v -0.012393 -0.185209 -0.01342
v -0.009831 -0.184072 -0.008473
v -0.009831 -0.184072 -0.008473
v -0.009831 -0.184072 -0.008473
v -0.009831 -0.184072 -0.008473
v -0.009831 -0.184072 -0.008473
v -0.009831 -0.184072 -0.008473
v -0.009831 -0.184072 -0.008473
v -0.015402 -0.187642 -0.007722
v -0.020955 -0.191238 -0.006975
v -0.009797 -0.184126 -0.007722
v -0.015351 -0.187723 -0.006975
v -0.009746 -0.184208 -0.006975
v -0.02085 -0.191406 -0.00625
v -0.015245 -0.187891 -0.00625
v -0.020617 -0.191778 -0.005649
v -0.015012 -0.188262 -0.005649
v -0.009641 -0.184375 -0.00625
v -0.009408 -0.184747 -0.005649
v -0.004036 -0.18086 -0.00625
v -0.004141 -0.180692 -0.006975
v -0.004192 -0.180611 -0.007722
v 0.000871 -0.177548 -0.006975
v 0.000871 -0.177548 -0.006975
v 0.000438 -0.177707 -0.007722
v 0.000438 -0.177707 -0.007722
v -7E-05 -0.17795 -0.008473
v -7E-05 -0.17795 -0.008473
v -7E-05 -0.17795 -0.008473
v -7E-05 -0.17795 -0.008473
v 0.000653 -0.177618 -0.007364
v 0.000653 -0.177618 -0.007364
v 0.000303 -0.177769 -0.007932
v 0.000303 -0.177769 -0.007932
v 0.000861 -0.177548 -0.007506
v 0.000503 -0.177706 -0.008084
v 0.001082 -0.177612 -0.007626
v 0.00012 -0.177893 -0.008634
v 0.00012 -0.177893 -0.008634
v 0.000718 -0.177772 -0.008206
v 0.000121 -0.177893 -0.008634
v 0.000121 -0.177893 -0.008634
v 0.000329 -0.17796 -0.008763
v 0.000329 -0.17796 -0.008763
v -0.000854 -0.178391 -0.009795
v -0.001944 -0.178982 -0.010767
v -0.001771 -0.179064 -0.010931
v -0.000662 -0.178466 -0.009944
v -0.00102 -0.178438 -0.009609
v -0.00102 -0.178438 -0.009609
v -0.00102 -0.178438 -0.009609
v -0.002087 -0.179016 -0.010563
v -0.002087 -0.179016 -0.010563
v -0.002087 -0.179016 -0.010563
v -0.004226 -0.180557 -0.008473
v -0.004226 -0.180557 -0.008473
v -0.004226 -0.180557 -0.008473
v -0.004226 -0.180557 -0.008473
v -0.004226 -0.180557 -0.008473
v -0.004226 -0.180557 -0.008473
v -0.004226 -0.180557 -0.008473
v -0.004226 -0.180557 -0.008473
v -0.007063 -0.181918 -0.012869
v -0.007063 -0.181918 -0.012869
v -0.007063 -0.181918 -0.012869
v -0.007063 -0.181918 -0.012869
v -0.005756 -0.181134 -0.012489
v -0.005756 -0.181134 -0.012489
v -0.005756 -0.181134 -0.012489
v -0.004471 -0.180376 -0.011985
v -0.004471 -0.180376 -0.011985
v -0.004471 -0.180376 -0.011985
v -0.003245 -0.179668 -0.011349
v -0.003245 -0.179668 -0.011349
v -0.003245 -0.179668 -0.011349
v -0.003126 -0.179647 -0.011568
v -0.004374 -0.180367 -0.012213
v -0.005678 -0.181136 -0.012724
v -0.004235 -0.180464 -0.012395
v -0.005553 -0.18124 -0.012911
v -0.006447 -0.182038 -0.013315
v -0.006447 -0.182038 -0.013315
v -0.007 -0.181928 -0.013108
v -0.006887 -0.182038 -0.013298
v -0.005414 -0.181422 -0.013004
v -0.005414 -0.181422 -0.013004
v -0.003595 -0.187702 -0.014528
v -0.004088 -0.180644 -0.012485
v -0.004088 -0.180644 -0.012485
v -0.002818 -0.179914 -0.011828
v -0.002818 -0.179914 -0.011828
v -0.002971 -0.179736 -0.011742
v 0.001876 -0.184575 -0.011971
v 0.005486 -0.182574 -0.006637
v -0.001426 -0.179139 -0.010864
v -0.001426 -0.179139 -0.010864
v 0.000504 -0.178136 -0.008827
v 0.000504 -0.178136 -0.008827
v 0.000504 -0.178136 -0.008827
v 0.005478 -0.189846 -0.013145
v 0.002649 -0.191508 -0.014869
v 0.007756 -0.188523 -0.010531
v -0.001611 -0.179241 -0.011011
v -0.001611 -0.179241 -0.011011
v -0.000495 -0.178642 -0.010016
v -0.000495 -0.178642 -0.010016
v 0.000331 -0.177961 -0.008764
v 0.000331 -0.177961 -0.008764
v 0.000895 -0.177949 -0.008268
v 0.000895 -0.177949 -0.008268
v 0.001606 -0.177687 -0.007116
v 0.001606 -0.177687 -0.007116
v 0.00126 -0.177792 -0.007692
v 0.00126 -0.177792 -0.007692
v 0.001939 -0.177675 -0.006588
v 0.001939 -0.177675 -0.006588
v 0.001875 -0.177568 -0.006528
v 0.001431 -0.1775 -0.007033
v 0.00244 -0.178004 -0.006108
v 0.00244 -0.178004 -0.006108
v 0.002949 -0.178681 -0.00603
v 0.002949 -0.178681 -0.00603
v 0.002949 -0.178681 -0.00603
v 0.002249 -0.177821 -0.006229
v 0.002249 -0.177821 -0.006229
v 0.004494 -0.180824 -0.005996
v 0.004494 -0.180824 -0.005996
v 0.002571 -0.178161 -0.006065
v 0.002571 -0.178161 -0.006065
v 0.002591 -0.178121 -0.005918
v 0.002224 -0.177734 -0.006113
v 0.002161 -0.177673 -0.005975
v 0.00178 -0.177483 -0.006449
v 0.00167 -0.177438 -0.006366
v 0.001203 -0.17744 -0.006903
v 0.00207 -0.177656 -0.005846
v 0.001552 -0.177435 -0.006282
v 0.001273 -0.177531 -0.006251
v 0.001273 -0.177531 -0.006251
v 0.001432 -0.177475 -0.006202
v 0.001958 -0.177682 -0.005734
v 0.002405 -0.17819 -0.005469
v 0.002505 -0.178133 -0.005593
v 0.001835 -0.177751 -0.00565
v 0.002131 -0.178328 -0.005371
v 0.002131 -0.178328 -0.005371
v 0.001681 -0.177796 -0.005653
v 0.001681 -0.177796 -0.005653
v 0.002279 -0.178274 -0.00539
v 0.001727 -0.177844 -0.005608
v 0.001727 -0.177844 -0.005608
v 0.002693 -0.178854 -0.005358
v 0.002693 -0.178854 -0.005358
v 0.002817 -0.178768 -0.005436
v 0.002817 -0.178768 -0.005436
v 0.002158 -0.178364 -0.005365
v 0.002158 -0.178364 -0.005365
v 0.002763 -0.178806 -0.005393
v 0.002763 -0.178806 -0.005393
v 0.004304 -0.180958 -0.005373
v 0.005892 -0.183076 -0.005352
v 0.004449 -0.180853 -0.005533
v 0.006034 -0.182968 -0.005507
v 0.004116 -0.181096 -0.005315
v 0.004116 -0.181096 -0.005315
v 0.004116 -0.181096 -0.005315
v 0.004116 -0.181096 -0.005315
v 0.004116 -0.181096 -0.005315
v 0.001763 -0.182743 -0.005314
v 0.001763 -0.182743 -0.005314
v 0.001763 -0.182743 -0.005314
v 0.001763 -0.182743 -0.005314
v 0.00571 -0.183216 -0.005296
v 0.00571 -0.183216 -0.005296
v 0.00571 -0.183216 -0.005296
v 0.002569 -0.178941 -0.005334
v 0.002569 -0.178941 -0.005334
v 0.002569 -0.178941 -0.005334
v 0.002569 -0.178941 -0.005334
v 0.002569 -0.178941 -0.005334
v 0.00084 -0.182575 -0.005319
v 0.00084 -0.182575 -0.005319
v 0.00084 -0.182575 -0.005319
v 0.00084 -0.182575 -0.005319
v 0.00084 -0.182575 -0.005319
v 0.00084 -0.182575 -0.005319
v 0.004672 -0.187776 -0.005272
v 0.004672 -0.187776 -0.005272
v 0.004672 -0.187776 -0.005272
v 0.004672 -0.187776 -0.005272
v 0.004672 -0.187776 -0.005272
v 0.004672 -0.187776 -0.005272
v 0.001763 -0.182743 -0.001491
v 0.001763 -0.182743 -0.001491
v 0.001763 -0.182743 -0.001491
v 0.004672 -0.187776 -0.001491
v 0.004672 -0.187776 -0.001491
v 0.007347 -0.185301 -0.005276
v 0.007347 -0.185301 -0.005276
v 0.007347 -0.185301 -0.005276
v 0.005686 -0.189447 -0.005257
v 0.005686 -0.189447 -0.005257
v 0.005686 -0.189447 -0.005257
v 0.009024 -0.187354 -0.005257
v 0.009024 -0.187354 -0.005257
v 0.009024 -0.187354 -0.005257
v 0.009024 -0.187354 -0.005257
v 0.009024 -0.187354 -0.005257
v 0.006267 -0.190386 -0.005225
v 0.006267 -0.190386 -0.005225
v 0.00975 -0.188201 -0.005224
v 0.00975 -0.188201 -0.005224
v 0.009134 -0.187262 -0.005278
v 0.009134 -0.187262 -0.005278
v 0.009893 -0.188148 -0.005242
v 0.009197 -0.18721 -0.005311
v 0.009197 -0.18721 -0.005311
v 0.007524 -0.185159 -0.005331
v 0.007663 -0.185049 -0.005483
v 0.009246 -0.18717 -0.005349
v 0.009246 -0.18717 -0.005349
v 0.010003 -0.188058 -0.005312
v 0.009333 -0.187099 -0.005458
v 0.009333 -0.187099 -0.005458
v 0.009389 -0.187053 -0.005597
v 0.009389 -0.187053 -0.005597
v 0.010092 -0.187992 -0.005421
v 0.010785 -0.188876 -0.005104
v 0.010153 -0.187953 -0.005557
v 0.010881 -0.188828 -0.005205
v 0.01174 -0.189495 -0.004704
v 0.010958 -0.188811 -0.00533
v 0.011883 -0.189615 -0.004892
v 0.011883 -0.189615 -0.004892
v 0.01103 -0.188872 -0.005602
v 0.01103 -0.188872 -0.005602
v 0.010175 -0.187966 -0.005855
v 0.010175 -0.187966 -0.005855
v 0.010182 -0.187945 -0.005713
v 0.009289 -0.187651 -0.007273
v 0.013318 -0.192558 -0.007906
v 0.011726 -0.193508 -0.011469
v 0.01737 -0.197311 -0.008484
v 0.01737 -0.197311 -0.008484
v 0.014188 -0.192045 -0.004008
v 0.018132 -0.19684 -0.005049
v 0.018132 -0.19684 -0.005049
v 0.017783 -0.197056 -0.006898
v 0.017783 -0.197056 -0.006898
v 0.017902 -0.197313 -0.006888
v 0.018249 -0.197098 -0.005042
v 0.017398 -0.197884 -0.008618
v 0.017429 -0.197608 -0.008681
v 0.017866 -0.197591 -0.006841
v 0.017686 -0.1978 -0.006771
v 0.017686 -0.1978 -0.006771
v 0.01821 -0.197376 -0.005009
v 0.018478 -0.196956 -0.003174
v 0.018483 -0.196624 -0.001294
v 0.018483 -0.196624 -0.001294
v 0.018363 -0.196698 -0.003178
v 0.018363 -0.196698 -0.003178
v 0.018239 -0.196774 -0.004292
v 0.018239 -0.196774 -0.004292
v 0.014461 -0.19189 9E-06
v 0.014461 -0.19189 9E-06
v 0.014458 -0.191887 9E-06
v 0.014458 -0.191887 9E-06
v 0.012424 -0.190008 0.003788
v 0.012424 -0.190008 0.003788
v 0.012719 -0.190071 0.002563
v 0.012719 -0.190071 0.002563
v 0.012384 -0.189992 0.003895
v 0.012384 -0.189992 0.003895
v 0.012242 -0.189865 0.003701
v 0.012015 -0.189834 0.003616
v 0.012527 -0.189929 0.002539
v 0.012297 -0.189891 0.002506
v 0.012639 -0.18989 0.00136
v 0.012639 -0.18989 0.00136
v 0.012408 -0.189853 0.001348
v 0.012408 -0.189853 0.001348
v 0.01264 -0.189891 0.00136
v 0.01264 -0.189891 0.00136
v 0.012653 -0.189882 -0.001336
v 0.012653 -0.189882 -0.001336
v 0.012421 -0.189845 -0.001327
v 0.012421 -0.189845 -0.001327
v 0.012652 -0.189882 -0.001336
v 0.012652 -0.189882 -0.001336
v 0.012324 -0.189874 -0.002484
v 0.012554 -0.189911 -0.002515
v 0.012745 -0.190052 -0.00254
v 0.012745 -0.190052 -0.00254
v 0.012471 -0.18998 -0.003764
v 0.012471 -0.18998 -0.003764
v 0.012288 -0.189837 -0.00368
v 0.012844 -0.190023 -0.001341
v 0.012844 -0.190023 -0.001341
v 0.012844 -0.190023 -0.001341
v 0.012872 -0.190006 9E-06
v 0.012872 -0.190006 9E-06
v 0.012872 -0.190006 9E-06
v 0.01283 -0.190031 0.001366
v 0.01283 -0.190031 0.001366
v 0.01283 -0.190031 0.001366
v 0.012061 -0.189806 -0.003597
v 0.012432 -0.189962 -0.003875
v 0.012432 -0.189962 -0.003875
v 0.011532 -0.189498 -0.004539
v 0.01184 -0.189894 -0.003535
v 0.01184 -0.189894 -0.003535
v 0.01185 -0.189897 -0.003506
v 0.01185 -0.189897 -0.003506
v 0.00763 -0.192544 -0.003506
v 0.00763 -0.192544 -0.003506
v 0.007727 -0.192695 -0.002418
v 0.007727 -0.192695 -0.002418
v 0.011302 -0.189614 -0.004462
v 0.011302 -0.189614 -0.004462
v 0.012099 -0.189949 -0.002454
v 0.012099 -0.189949 -0.002454
v 0.012104 -0.189949 -0.002418
v 0.012104 -0.189949 -0.002418
v 0.007739 -0.192713 -0.001491
v 0.007739 -0.192713 -0.001491
v 0.007739 -0.192713 -0.001491
v 0.007739 -0.192713 -0.001491
v 0.007739 -0.192713 -0.001491
v 0.012195 -0.18992 -0.001314
v 0.012195 -0.18992 -0.001314
v 0.012195 -0.18992 -0.001314
v 0.012195 -0.18992 -0.001314
v 0.012195 -0.18992 -0.001314
v 0.01242 -0.189845 -0.001326
v 0.01242 -0.189845 -0.001326
v 0.012182 -0.189928 0.001333
v 0.012182 -0.189928 0.001333
v 0.012182 -0.189928 0.001333
v 0.012182 -0.189928 0.001333
v 0.012182 -0.189928 0.001333
v 0.012182 -0.189928 0.001333
v 0.012406 -0.189853 0.001348
v 0.012406 -0.189853 0.001348
v 0.012077 -0.189965 0.002437
v 0.012077 -0.189965 0.002437
v 0.012077 -0.189965 0.002437
v 0.012072 -0.189966 0.00247
v 0.012072 -0.189966 0.00247
v 0.012072 -0.189966 0.00247
v 0.007739 -0.192713 0.00151
v 0.007739 -0.192713 0.00151
v 0.007739 -0.192713 0.00151
v 0.007739 -0.192713 0.00151
v 0.007739 -0.192713 0.00151
v 0.006354 -0.193583 0.001333
v 0.006354 -0.193583 0.001333
v 0.006354 -0.193583 0.001333
v 0.006354 -0.193583 0.001333
v 0.006354 -0.193583 0.001333
v 0.006353 -0.193583 0.00151
v 0.006353 -0.193583 0.00151
v 0.006353 -0.193583 0.00151
v 0.006353 -0.193583 0.00151
v 0.000525 -0.197238 0.00151
v 0.000525 -0.197238 0.00151
v 0.000525 -0.197238 0.00151
v 0.000526 -0.197239 0.001333
v 0.000526 -0.197239 0.001333
v 0.000526 -0.197239 0.001333
v 0.000526 -0.197239 0.001333
v 0.000526 -0.197239 0.001333
v -0.005296 -0.20089 -0.001314
v -0.005296 -0.20089 -0.001314
v -0.005296 -0.20089 -0.001314
v -0.005296 -0.20089 -0.001314
v -0.005296 -0.20089 -0.001314
v -0.005296 -0.20089 -0.001314
v 0.000535 -0.197233 -0.001314
v 0.000535 -0.197233 -0.001314
v 0.000535 -0.197233 -0.001314
v 0.000535 -0.197233 -0.001314
v 0.000535 -0.197233 -0.001314
v 0.000535 -0.197233 -0.001314
v -0.005301 -0.200893 0.001333
v -0.005301 -0.200893 0.001333
v -0.005301 -0.200893 0.001333
v -0.005301 -0.200893 0.001333
v -0.005301 -0.200893 0.001333
v -0.005301 -0.200893 0.001333
v -0.005301 -0.200893 0.001333
v -0.005303 -0.200894 0.00151
v -0.005303 -0.200894 0.00151
v -0.005303 -0.200894 0.00151
v -0.005303 -0.200894 0.00151
v -0.005301 -0.200894 -0.001314
v -0.005301 -0.200894 -0.001314
v -0.005301 -0.200894 -0.001314
v -0.005301 -0.200894 -0.001314
v -0.005301 -0.200894 -0.001314
v -0.005303 -0.200894 0.001333
v -0.005303 -0.200894 0.001333
v -0.011126 -0.204547 -0.001314
v -0.011126 -0.204547 -0.001314
v -0.011126 -0.204547 -0.001314
v -0.011126 -0.204547 -0.001314
v -0.016956 -0.208204 -0.001314
v -0.016956 -0.208204 -0.001314
v -0.016956 -0.208204 -0.001314
v -0.016956 -0.208204 -0.001314
v -0.016956 -0.208204 -0.001314
v -0.016956 -0.208204 -0.001314
v -0.016956 -0.208204 -0.001314
v -0.016956 -0.208204 -0.001314
v -0.011126 -0.204547 -0.001491
v -0.011126 -0.204547 -0.001491
v -0.011126 -0.204547 -0.001491
v -0.011126 -0.204547 -0.001491
v -0.011126 -0.204547 -0.001491
v -0.011131 -0.20455 0.001333
v -0.011131 -0.20455 0.001333
v -0.011131 -0.20455 0.001333
v -0.011131 -0.20455 0.001333
v -0.011131 -0.20455 0.00151
v -0.011131 -0.20455 0.00151
v -0.011131 -0.20455 0.00151
v -0.016959 -0.208205 0.001333
v -0.016959 -0.208205 0.001333
v -0.016959 -0.208205 0.001333
v -0.016959 -0.208205 0.001333
v -0.016959 -0.208205 0.001333
v -0.022826 -0.211886 9E-06
v -0.022826 -0.211886 9E-06
v -0.022826 -0.211886 9E-06
v -0.022826 -0.211886 9E-06
v -0.018551 -0.209204 0.00151
v -0.018551 -0.209204 0.00151
v -0.018551 -0.209204 0.00151
v -0.018551 -0.209204 0.00151
v -0.018551 -0.209204 0.00151
v -0.016959 -0.208205 0.00151
v -0.016959 -0.208205 0.00151
v -0.016959 -0.208205 0.00151
v -0.022787 -0.211861 0.001333
v -0.022787 -0.211861 0.001333
v -0.022787 -0.211861 0.001333
v -0.022787 -0.211861 0.001333
v -0.022701 -0.211779 0.002437
v -0.022701 -0.211779 0.002437
v -0.022944 -0.212019 0.001348
v -0.022944 -0.212019 0.001348
v -0.022832 -0.211891 0.002772
v -0.022984 -0.212044 9E-06
v -0.022984 -0.212044 9E-06
v -0.022945 -0.21202 0.001348
v -0.022945 -0.21202 0.001348
v -0.023017 -0.212228 0.00136
v -0.023017 -0.212228 0.00136
v -0.022903 -0.212098 0.002814
v -0.023017 -0.21223 0.00136
v -0.023017 -0.21223 0.00136
v -0.023058 -0.212256 9E-06
v -0.023058 -0.212256 9E-06
v -0.023017 -0.21223 -0.001342
v -0.023017 -0.21223 -0.001342
v -0.023017 -0.212228 -0.001342
v -0.023017 -0.212228 -0.001342
v -0.022991 -0.212452 0.001367
v -0.022991 -0.212452 0.001367
v -0.022991 -0.212452 0.001367
v -0.022991 -0.212452 -0.001349
v -0.022991 -0.212452 -0.001349
v -0.022991 -0.212452 -0.001349
v -0.023031 -0.212478 9E-06
v -0.023031 -0.212478 9E-06
v -0.023031 -0.212478 9E-06
v -0.023031 -0.212478 9E-06
v -0.02244 -0.214068 9E-06
v -0.02244 -0.214068 9E-06
v -0.019222 -0.220332 -0.003759
v -0.019222 -0.220332 -0.003759
v -0.022096 -0.21387 -0.003948
v -0.01916 -0.220292 -0.004196
v -0.01916 -0.220292 -0.004196
v -0.022112 -0.213885 0.003982
v -0.022867 -0.212312 -0.002842
v -0.022867 -0.212312 -0.002842
v -0.022439 -0.214073 9E-06
v -0.022439 -0.214073 9E-06
v -0.019245 -0.220347 0.003722
v -0.019245 -0.220347 0.003722
v -0.019407 -0.220452 0.001871
v -0.019407 -0.220452 0.001871
v -0.019405 -0.220451 -0.001879
v -0.019405 -0.220451 -0.001879
v -0.019463 -0.220489 9E-06
v -0.019463 -0.220489 9E-06
v -0.019463 -0.220489 9E-06
v -0.019274 -0.220679 9E-06
v -0.019274 -0.220679 9E-06
v -0.019219 -0.220643 0.001867
v -0.019217 -0.220642 -0.001875
v -0.01896 -0.220708 -0.001861
v -0.018778 -0.220593 -0.003721
v -0.019034 -0.220525 -0.00375
v -0.018464 -0.220395 -0.005558
v -0.018719 -0.220323 -0.005602
v -0.018262 -0.220032 -0.007415
v -0.01801 -0.220109 -0.007354
v -0.018905 -0.220127 -0.005615
v -0.018905 -0.220127 -0.005615
v -0.018447 -0.219831 -0.007433
v -0.018447 -0.219831 -0.007433
v -0.021037 -0.213254 -0.007741
v -0.018186 -0.219664 -0.008252
v -0.018186 -0.219664 -0.008252
v -0.017845 -0.219445 -0.00918
v -0.017845 -0.219445 -0.00918
v -0.017664 -0.219651 -0.00916
v -0.016671 -0.219266 -0.010731
v -0.016914 -0.219174 -0.010827
v -0.017415 -0.219734 -0.009082
v -0.016436 -0.21921 -0.010593
v -0.016436 -0.21921 -0.010593
v -0.016436 -0.21921 -0.010593
v -0.016436 -0.21921 -0.010593
v -0.017172 -0.219671 -0.008969
v -0.017172 -0.219671 -0.008969
v -0.017761 -0.22004 -0.007267
v -0.017761 -0.22004 -0.007267
v -0.017761 -0.22004 -0.007267
v -0.017761 -0.22004 -0.007267
v -0.017761 -0.22004 -0.007267
v -0.017761 -0.22004 -0.007267
v -0.014517 -0.218006 -0.01348
v -0.014517 -0.218006 -0.01348
v -0.014517 -0.218006 -0.01348
v -0.014517 -0.218006 -0.01348
v -0.014517 -0.218006 -0.01348
v -0.014517 -0.218006 -0.01348
v -0.018523 -0.220518 -0.003681
v -0.018523 -0.220518 -0.003681
v -0.018523 -0.220518 -0.003681
v -0.018523 -0.220518 -0.003681
v -0.018523 -0.220518 -0.003681
v -0.018523 -0.220518 -0.003681
v -0.018523 -0.220518 -0.003681
v -0.018211 -0.220323 -0.005494
v -0.018211 -0.220323 -0.005494
v -0.009151 -0.214639 -0.017021
v -0.009151 -0.214639 -0.017021
v -0.009151 -0.214639 -0.017021
v -0.009151 -0.214639 -0.017021
v -0.009151 -0.214639 -0.017021
v -0.009151 -0.214639 -0.017021
v -0.009151 -0.214639 -0.017021
v -0.006053 -0.212695 -0.017717
v -0.006053 -0.212695 -0.017717
v -0.006053 -0.212695 -0.017717
v -0.006053 -0.212695 -0.017717
v -0.007613 -0.213674 -0.017434
v -0.007613 -0.213674 -0.017434
v -0.010624 -0.215563 -0.016442
v -0.010624 -0.215563 -0.016442
v -0.012029 -0.216444 -0.015657
v -0.012029 -0.216444 -0.015657
v -0.012029 -0.216444 -0.015657
v -0.012029 -0.216444 -0.015657
v -0.007699 -0.213632 -0.017701
v -0.009256 -0.214609 -0.017284
v -0.009413 -0.214451 -0.017462
v -0.007843 -0.213467 -0.017883
v -0.010752 -0.215547 -0.016696
v -0.012183 -0.216446 -0.015897
v -0.012374 -0.216309 -0.016058
v -0.010925 -0.215399 -0.016868
v -0.009572 -0.214217 -0.017497
v -0.009572 -0.214217 -0.017497
v -0.011086 -0.215166 -0.016901
v -0.011086 -0.215166 -0.016901
v -0.011096 -0.215172 -0.016896
v -0.011096 -0.215172 -0.016896
v -0.013917 -0.209019 -0.015819
v -0.012539 -0.216078 -0.016089
v -0.012539 -0.216078 -0.016089
v -0.013894 -0.216932 -0.015063
v -0.013894 -0.216932 -0.015063
v -0.016869 -0.210786 -0.013917
v -0.014096 -0.21706 -0.014883
v -0.014096 -0.21706 -0.014883
v -0.013726 -0.217159 -0.015034
v -0.013517 -0.217283 -0.014886
v -0.014944 -0.217927 -0.013805
v -0.014721 -0.218039 -0.013673
v -0.016008 -0.2186 -0.012388
v -0.015773 -0.218701 -0.012274
v -0.015552 -0.218655 -0.012109
v -0.015552 -0.218655 -0.012109
v -0.016183 -0.218383 -0.012415
v -0.016183 -0.218383 -0.012415
v -0.016514 -0.218594 -0.011891
v -0.016514 -0.218594 -0.011891
v -0.017092 -0.218963 -0.010851
v -0.017092 -0.218963 -0.010851
v -0.019297 -0.212229 -0.011127
v -0.023227 -0.206558 -0.007179
v -0.019136 -0.204244 -0.012853
v -0.025014 -0.199743 -0.006606
v -0.025272 -0.199881 -0.006017
v -0.025272 -0.199881 -0.006017
v -0.025374 -0.199367 -0.006023
v -0.025374 -0.199367 -0.006023
v -0.024807 -0.202123 -0.005992
v -0.024807 -0.202123 -0.005992
v -0.026014 -0.195365 -0.006253
v -0.026014 -0.195365 -0.006253
v -0.025893 -0.196602 -0.006054
v -0.025893 -0.196602 -0.006054
v -0.025893 -0.196602 -0.006054
v -0.026001 -0.195919 -0.006088
v -0.026001 -0.195919 -0.006088
v -0.025938 -0.196609 -0.005907
v -0.025938 -0.196609 -0.005907
v -0.025417 -0.199373 -0.00578
v -0.026049 -0.195909 -0.005944
v -0.02605 -0.195889 -0.005775
v -0.025943 -0.196609 -0.00581
v -0.025943 -0.196609 -0.00581
v -0.025933 -0.196607 -0.005733
v -0.025933 -0.196607 -0.005733
v -0.025993 -0.195864 -0.005615
v -0.02587 -0.196594 -0.00557
v -0.02587 -0.196594 -0.00557
v -0.025342 -0.199357 -0.005545
v -0.025164 -0.19932 -0.005377
v -0.025754 -0.196573 -0.00544
v -0.025754 -0.196573 -0.00544
v -0.024845 -0.202129 -0.005751
v -0.024766 -0.20211 -0.005521
v -0.024217 -0.204872 -0.005722
v -0.024137 -0.204851 -0.005496
v -0.024591 -0.202071 -0.005356
v -0.02493 -0.199273 -0.005315
v -0.02493 -0.199273 -0.005315
v -0.02493 -0.199273 -0.005315
v -0.02493 -0.199273 -0.005315
v -0.02493 -0.199273 -0.005315
v -0.023963 -0.204808 -0.005335
v -0.02436 -0.20202 -0.005296
v -0.02436 -0.20202 -0.005296
v -0.02436 -0.20202 -0.005296
v -0.023735 -0.204753 -0.005277
v -0.023735 -0.204753 -0.005277
v -0.023735 -0.204753 -0.005277
v -0.020888 -0.203879 -0.005271
v -0.020888 -0.203879 -0.005271
v -0.020888 -0.203879 -0.005271
v -0.020888 -0.203879 -0.005271
v -0.020888 -0.203879 -0.005271
v -0.020888 -0.203879 -0.005271
v -0.020888 -0.203879 -0.001491
v -0.020888 -0.203879 -0.001491
v -0.022616 -0.198325 -0.001491
v -0.022616 -0.198325 -0.001491
v -0.022616 -0.198325 -0.001491
v -0.022616 -0.198325 -0.005312
v -0.022616 -0.198325 -0.005312
v -0.022616 -0.198325 -0.005312
v -0.022616 -0.198325 -0.005312
v -0.023049 -0.207471 -0.005257
v -0.023049 -0.207471 -0.005257
v -0.023049 -0.207471 -0.005257
v -0.023049 -0.207471 -0.005257
v -0.023049 -0.207471 -0.005257
v -0.020189 -0.205677 -0.005257
v -0.020189 -0.205677 -0.005257
v -0.020189 -0.205677 -0.005257
v -0.019749 -0.206704 -0.005225
v -0.019749 -0.206704 -0.005225
v -0.018562 -0.209183 -0.002418
v -0.018562 -0.209183 -0.002418
v -0.019296 -0.207699 -0.005026
v -0.019296 -0.207699 -0.005026
v -0.022762 -0.208594 -0.005224
v -0.022762 -0.208594 -0.005224
v -0.022699 -0.20887 -0.005198
v -0.022699 -0.20887 -0.005198
v -0.022838 -0.208907 -0.005224
v -0.023192 -0.207509 -0.00528
v -0.023192 -0.207509 -0.00528
v -0.023273 -0.207531 -0.005315
v -0.023273 -0.207531 -0.005315
v -0.023335 -0.207548 -0.005355
v -0.023335 -0.207548 -0.005355
v -0.022975 -0.208949 -0.0053
v -0.022616 -0.210251 -0.004883
v -0.02273 -0.210306 -0.00496
v -0.023445 -0.207578 -0.005472
v -0.023445 -0.207578 -0.005472
v -0.023078 -0.208988 -0.005415
v -0.02314 -0.209019 -0.005558
v -0.02281 -0.210369 -0.005061
v -0.023512 -0.207597 -0.005619
v -0.023512 -0.207597 -0.005619
v -0.023527 -0.207601 -0.005694
v -0.023527 -0.207601 -0.005694
v -0.02353 -0.207603 -0.005785
v -0.02353 -0.207603 -0.005785
v -0.023702 -0.206821 -0.00594
v -0.023702 -0.206821 -0.00594
v -0.024185 -0.204866 -0.005961
v -0.024185 -0.204866 -0.005961
v -0.0235 -0.207596 -0.005931
v -0.0235 -0.207596 -0.005931
v -0.0235 -0.207596 -0.005931
v -0.023153 -0.20904 -0.005718
v -0.023122 -0.209049 -0.005861
v -0.023122 -0.209049 -0.005861
v -0.022821 -0.210557 -0.005433
v -0.022821 -0.210557 -0.005433
v -0.022856 -0.210502 -0.005314
v -0.022854 -0.210435 -0.005181
v -0.022787 -0.211562 -0.004194
v -0.022895 -0.212089 -0.002804
v -0.022706 -0.211372 -0.004069
v -0.022751 -0.211768 -0.004323
v -0.022751 -0.211768 -0.004323
v -0.022577 -0.211492 -0.003506
v -0.022577 -0.211492 -0.003506
v -0.022484 -0.210805 -0.004463
v -0.022484 -0.210805 -0.004463
v -0.022525 -0.211237 -0.003976
v -0.022525 -0.211237 -0.003976
v -0.022824 -0.211882 -0.002759
v -0.022944 -0.212019 -0.00133
v -0.022944 -0.212019 -0.00133
v -0.022665 -0.211727 -0.002714
v -0.022665 -0.211727 -0.002714
v -0.022945 -0.21202 -0.00133
v -0.022945 -0.21202 -0.00133
v -0.022695 -0.211776 -0.002418
v -0.022695 -0.211776 -0.002418
v -0.022787 -0.211861 -0.001314
v -0.022787 -0.211861 -0.001314
v -0.022787 -0.211861 -0.001314
v -0.022787 -0.211861 -0.001314
v -0.018551 -0.209204 -0.001491
v -0.018551 -0.209204 -0.001491
v -0.018551 -0.209204 -0.001491
v -0.018551 -0.209204 -0.001491
v -0.018551 -0.209204 -0.001491
v -0.016957 -0.208204 -0.001491
v -0.016957 -0.208204 -0.001491
v -0.016957 -0.208204 -0.001491
v -0.022491 -0.210214 -0.004844
v -0.022491 -0.210214 -0.004844
v -0.018644 -0.209025 -0.003506
v -0.018644 -0.209025 -0.003506
v -0.018887 -0.208548 -0.004462
v -0.018887 -0.208548 -0.004462
v -0.022542 -0.209736 -0.005027
v -0.022542 -0.209736 -0.005027
v -0.022095 -0.19724 -0.005317
v -0.022095 -0.19724 -0.005317
v -0.022095 -0.19724 -0.005317
v -0.022095 -0.19724 -0.005317
v -0.022095 -0.19724 -0.005317
v -0.022095 -0.19724 -0.005317
v -0.022095 -0.19724 -0.005317
v -0.022095 -0.19724 -0.001491
v -0.022095 -0.19724 -0.001491
v -0.022095 -0.19724 -0.001491
v -0.021569 -0.197243 -0.001491
v -0.021569 -0.197243 -0.001491
v -0.021569 -0.197243 -0.005315
v -0.021569 -0.197243 -0.005315
v -0.020989 -0.197026 -0.005314
v -0.020989 -0.197026 -0.005314
v -0.020989 -0.197026 -0.005314
v -0.020989 -0.197026 -0.005314
v -0.01997 -0.196421 -0.005314
v -0.01997 -0.196421 -0.005314
v -0.01997 -0.196421 -0.005314
v -0.01997 -0.196421 -0.005314
v -0.019849 -0.193002 -0.005334
v -0.019849 -0.193002 -0.005334
v -0.019849 -0.193002 -0.005334
v -0.019849 -0.193002 -0.005334
v -0.020989 -0.197026 -0.001491
v -0.020989 -0.197026 -0.001491
v -0.01997 -0.196421 -0.001491
v -0.01997 -0.196421 -0.001491
v -0.01997 -0.196421 -0.001491
v -0.005296 -0.20089 -0.001491
v -0.005296 -0.20089 -0.001491
v -0.005296 -0.20089 -0.001491
v -0.005296 -0.20089 -0.001491
v -0.002709 -0.185594 -0.001491
v -0.002709 -0.185594 -0.001491
v -0.002709 -0.185594 -0.001491
v -0.002709 -0.185594 -0.001491
v -0.002709 -0.185594 -0.001491
v -0.01799 -0.195179 -0.001491
v -0.01799 -0.195179 -0.001491
v -0.001363 -0.18475 -0.001491
v -0.001363 -0.18475 -0.001491
v -0.001363 -0.18475 -0.001491
v -0.01601 -0.193937 -0.001491
v -0.01601 -0.193937 -0.001491
v -0.01601 -0.193937 -0.001491
v -5.6E-05 -0.183852 -0.001491
v -5.6E-05 -0.183852 -0.001491
v 0.000514 -0.183267 -0.001491
v 0.000514 -0.183267 -0.001491
v 0.000534 -0.197233 -0.001491
v 0.000534 -0.197233 -0.001491
v 0.000534 -0.197233 -0.001491
v 0.000534 -0.197233 -0.001491
v 0.006364 -0.193576 -0.001491
v 0.006364 -0.193576 -0.001491
v 0.006364 -0.193576 -0.001491
v 0.006364 -0.193576 -0.001491
v 0.006365 -0.193577 -0.001314
v 0.006365 -0.193577 -0.001314
v 0.006365 -0.193577 -0.001314
v 0.006365 -0.193577 -0.001314
v 0.006365 -0.193577 -0.001314
v 0.00084 -0.182575 -0.001491
v 0.00084 -0.182575 -0.001491
v 0.00084 -0.182575 -0.001491
v 0.000514 -0.183267 -0.005315
v 0.000514 -0.183267 -0.005315
v 0.000514 -0.183267 -0.005315
v -5.6E-05 -0.183852 -0.005314
v -5.6E-05 -0.183852 -0.005314
v -5.6E-05 -0.183852 -0.005314
v -0.001369 -0.184753 -0.005314
v -0.001369 -0.184753 -0.005314
v -0.001369 -0.184753 -0.005314
v -0.001369 -0.184753 -0.005314
v -0.001369 -0.184753 -0.005314
v -0.003035 -0.182456 -0.005334
v -0.003035 -0.182456 -0.005334
v -0.003035 -0.182456 -0.005334
v -0.003035 -0.182456 -0.005334
v -0.003035 -0.182456 -0.005334
v -0.003035 -0.182456 -0.005334
v -0.002709 -0.185594 -0.005314
v -0.002709 -0.185594 -0.005314
v -0.002709 -0.185594 -0.005314
v -0.00864 -0.185971 -0.005334
v -0.00864 -0.185971 -0.005334
v -0.004054 -0.186438 -0.005314
v -0.004054 -0.186438 -0.005314
v -0.004054 -0.186438 -0.005314
v -0.005399 -0.187281 -0.005314
v -0.005399 -0.187281 -0.005314
v -0.005399 -0.187281 -0.005314
v -0.003434 -0.181819 -0.005376
v -0.009039 -0.185335 -0.005376
v -0.014644 -0.18885 -0.005376
v -0.003803 -0.181232 -0.005649
v -0.020248 -0.192365 -0.005376
v -0.014244 -0.189487 -0.005334
v -0.014244 -0.189487 -0.005334
v -0.01601 -0.193937 -0.005314
v -0.01601 -0.193937 -0.005314
v -0.01799 -0.195179 -0.005314
v -0.01799 -0.195179 -0.005314
v -0.01205 -0.191453 -0.005314
v -0.01205 -0.191453 -0.005314
v -0.01403 -0.192695 -0.005314
v -0.01403 -0.192695 -0.005314
v -0.01403 -0.192695 -0.001491
v -0.01403 -0.192695 -0.001491
v -0.01205 -0.191453 -0.001491
v -0.01205 -0.191453 -0.001491
v -0.01007 -0.190211 -0.001491
v -0.01007 -0.190211 -0.001491
v -0.01007 -0.190211 -0.001491
v -0.004054 -0.186438 -0.001491
v -0.004054 -0.186438 -0.001491
v -0.004054 -0.186438 -0.001491
v -0.01007 -0.190211 -0.005314
v -0.01007 -0.190211 -0.005314
v -0.01007 -0.190211 -0.005314
v -0.008089 -0.188969 -0.005314
v -0.008089 -0.188969 -0.005314
v -0.008089 -0.188969 -0.005314
v -0.008089 -0.188969 -0.001491
v -0.008089 -0.188969 -0.001491
v -0.008089 -0.188969 -0.001491
v -0.006744 -0.188125 -0.005314
v -0.006744 -0.188125 -0.005314
v -0.006744 -0.188125 -0.001491
v -0.006744 -0.188125 -0.001491
v -0.005399 -0.187281 -0.001491
v -0.005399 -0.187281 -0.001491
v -0.005399 -0.187281 -0.001491
v -0.025606 -0.195726 -0.005376
v -0.025606 -0.195726 -0.005376
v -0.025731 -0.194988 -0.005652
v -0.025731 -0.194988 -0.005652
v -0.025593 -0.195787 -0.005368
v -0.025593 -0.195787 -0.005368
v -0.025453 -0.196517 -0.005334
v -0.025453 -0.196517 -0.005334
v -0.025453 -0.196517 -0.005334
v -0.025453 -0.196517 -0.005334
v -0.025741 -0.195809 -0.005398
v -0.025603 -0.196545 -0.005359
v -0.025603 -0.196545 -0.005359
v -0.025691 -0.196561 -0.005397
v -0.025691 -0.196561 -0.005397
v -0.025849 -0.195085 -0.005656
v -0.025886 -0.195837 -0.005484
v -0.025962 -0.195123 -0.00575
v -0.026039 -0.195176 -0.005868
v -0.025864 -0.194591 -0.006303
v -0.025677 -0.194424 -0.006247
v -0.025677 -0.194424 -0.006247
v -0.0257 -0.194493 -0.006152
v -0.0257 -0.194493 -0.006152
v -0.025605 -0.19423 -0.006909
v -0.025933 -0.194758 -0.00647
v -0.026064 -0.195312 -0.006134
v -0.026074 -0.195241 -0.006
v -0.025888 -0.194952 -0.006612
v -0.025888 -0.194952 -0.006612
v -0.025663 -0.1944 -0.007042
v -0.025282 -0.19392 -0.007504
v -0.025629 -0.194598 -0.007142
v -0.025629 -0.194598 -0.007142
v -0.025333 -0.194091 -0.007626
v -0.024962 -0.193795 -0.008198
v -0.024916 -0.193626 -0.008076
v -0.025302 -0.194288 -0.007711
v -0.025302 -0.194288 -0.007711
v -0.02493 -0.19399 -0.008281
v -0.02493 -0.19399 -0.008281
v -0.024525 -0.193686 -0.008834
v -0.024525 -0.193686 -0.008834
v -0.024525 -0.193686 -0.008834
v -0.024561 -0.193492 -0.008749
v -0.024561 -0.193492 -0.008749
v -0.023586 -0.19264 -0.009702
v -0.02452 -0.193326 -0.008622
v -0.02452 -0.193326 -0.008622
v -0.023615 -0.1928 -0.009843
v -0.022549 -0.1919 -0.010651
v -0.02357 -0.192992 -0.009935
v -0.02357 -0.192992 -0.009935
v -0.022564 -0.192056 -0.010805
v -0.022509 -0.192246 -0.010903
v -0.022509 -0.192246 -0.010903
v -0.022461 -0.192214 -0.010941
v -0.022461 -0.192214 -0.010941
v -0.02452 -0.193326 -0.008622
v -0.02452 -0.193326 -0.008622
v -0.0248 -0.193513 -0.007935
v -0.0248 -0.193513 -0.007935
v -0.02494 -0.193625 -0.007722
v -0.02494 -0.193625 -0.007722
v -0.025368 -0.19401 -0.006976
v -0.025368 -0.19401 -0.006976
v -0.025158 -0.193806 -0.007368
v -0.025158 -0.193806 -0.007368
v -0.025467 -0.19412 -0.00677
v -0.025467 -0.19412 -0.00677
v -0.026015 -0.195375 -0.006247
v -0.026015 -0.195375 -0.006247
v -0.025723 -0.195067 -0.005599
v -0.025723 -0.195067 -0.005599
v -0.015116 -0.217705 -0.013833
v -0.015116 -0.217705 -0.013833
v -0.013337 -0.217265 -0.014668
v -0.013337 -0.217265 -0.014668
v -0.007756 -0.213081 -0.01797
v -0.007756 -0.213081 -0.01797
v -0.010661 -0.207064 -0.016883
v -0.004825 -0.211247 -0.018401
v -0.004825 -0.211247 -0.018401
v -0.006411 -0.21224 -0.018207
v -0.006411 -0.21224 -0.018207
v -0.006258 -0.212475 -0.01817
v -0.006125 -0.212645 -0.017987
v -0.004673 -0.211482 -0.018362
v -0.004547 -0.211656 -0.018179
v -0.003089 -0.210489 -0.018487
v -0.004297 -0.210916 -0.018449
v -0.004297 -0.210916 -0.018449
v -0.003239 -0.210253 -0.018526
v -0.003239 -0.210253 -0.018526
v -0.001644 -0.209253 -0.018605
v -0.001644 -0.209253 -0.018605
v -0.00082 -0.208735 -0.01863
v -0.00082 -0.208735 -0.01863
v -0.001494 -0.209489 -0.018566
v -0.001376 -0.209667 -0.018381
v -0.002967 -0.210665 -0.018303
v 0.0001 -0.208488 -0.018605
v -0.004485 -0.211712 -0.017908
v -0.004485 -0.211712 -0.017908
v -0.007998 -0.213232 -0.017919
v -0.007998 -0.213232 -0.017919
v -0.018704 -0.220632 -0.001842
v -0.018704 -0.220632 -0.001842
v -0.018545 -0.220532 0.003654
v -0.018545 -0.220532 0.003654
v -0.018545 -0.220532 0.003654
v -0.018545 -0.220532 0.003654
v -0.018545 -0.220532 0.003654
v -0.018545 -0.220532 0.003654
v -0.008056 -0.213949 0.017241
v -0.008056 -0.213949 0.017241
v -0.008056 -0.213949 0.017241
v -0.008056 -0.213949 0.017241
v -0.008056 -0.213949 0.017241
v -0.008056 -0.213949 0.017241
v -0.008056 -0.213949 0.017241
v -0.018761 -0.220668 9E-06
v -0.018761 -0.220668 9E-06
v -0.018761 -0.220668 9E-06
v -0.018761 -0.220668 9E-06
v -0.018761 -0.220668 9E-06
v -0.019018 -0.220744 9E-06
v -0.019018 -0.220744 9E-06
v -0.018706 -0.220633 0.001836
v -0.018706 -0.220633 0.001836
v -0.018962 -0.220709 0.001854
v -0.018801 -0.220607 0.003689
v -0.018279 -0.220364 0.005454
v -0.018279 -0.220364 0.005454
v -0.018279 -0.220364 0.005454
v -0.018533 -0.220438 0.005508
v -0.019057 -0.220539 0.003714
v -0.018789 -0.220367 0.005546
v -0.019181 -0.220305 0.004233
v -0.019181 -0.220305 0.004233
v -0.018976 -0.220171 0.005558
v -0.018976 -0.220171 0.005558
v -0.018404 -0.22012 0.007353
v -0.018589 -0.219919 0.007368
v -0.018589 -0.219919 0.007368
v -0.018322 -0.219746 0.008344
v -0.018322 -0.219746 0.008344
v -0.021152 -0.213329 0.007821
v -0.019495 -0.212357 0.011267
v -0.023322 -0.206626 0.007247
v -0.022882 -0.210586 0.005437
v -0.022882 -0.210586 0.005437
v -0.018075 -0.219587 0.009118
v -0.018075 -0.219587 0.009118
v -0.023195 -0.209092 0.005865
v -0.023195 -0.209092 0.005865
v -0.023222 -0.209082 0.005723
v -0.023576 -0.207646 0.005932
v -0.023576 -0.207646 0.005932
v -0.023576 -0.207646 0.005932
v -0.023601 -0.207652 0.005787
v -0.023601 -0.207652 0.005787
v -0.023576 -0.207646 0.005932
v -0.023576 -0.207646 0.005932
v -0.023576 -0.207646 0.005932
v -0.023776 -0.206878 0.005941
v -0.023776 -0.206878 0.005941
v -0.023596 -0.207649 0.005699
v -0.023596 -0.207649 0.005699
v -0.023595 -0.20765 0.005699
v -0.023595 -0.20765 0.005699
v -0.023595 -0.207649 0.005698
v -0.023595 -0.207649 0.005698
v -0.02351 -0.207625 0.005482
v -0.02351 -0.207625 0.005482
v -0.023579 -0.207645 0.005625
v -0.023579 -0.207645 0.005625
v -0.024204 -0.204898 0.005507
v -0.024288 -0.204919 0.005727
v -0.024917 -0.202177 0.005757
v -0.024263 -0.204915 0.005963
v -0.024263 -0.204915 0.005963
v -0.024836 -0.202157 0.005532
v -0.025413 -0.199404 0.005557
v -0.025236 -0.199367 0.005393
v -0.024661 -0.202118 0.005372
v -0.025005 -0.199321 0.005333
v -0.025005 -0.199321 0.005333
v -0.025005 -0.199321 0.005333
v -0.025005 -0.199321 0.005333
v -0.024032 -0.204855 0.005351
v -0.024434 -0.202068 0.005314
v -0.024434 -0.202068 0.005314
v -0.024434 -0.202068 0.005314
v -0.020888 -0.203879 0.00529
v -0.020888 -0.203879 0.00529
v -0.020888 -0.203879 0.00529
v -0.020888 -0.203879 0.00529
v -0.023808 -0.204801 0.005294
v -0.023808 -0.204801 0.005294
v -0.023339 -0.207578 0.005329
v -0.023339 -0.207578 0.005329
v -0.02312 -0.207519 0.005274
v -0.02312 -0.207519 0.005274
v -0.02312 -0.207519 0.005274
v -0.020189 -0.205677 0.005276
v -0.020189 -0.205677 0.005276
v -0.020189 -0.205677 0.005276
v -0.019749 -0.206704 0.005244
v -0.019749 -0.206704 0.005244
v -0.02312 -0.207519 0.005274
v -0.02312 -0.207519 0.005274
v -0.02312 -0.207519 0.005274
v -0.02326 -0.207557 0.005296
v -0.02326 -0.207557 0.005296
v -0.022832 -0.208637 0.00524
v -0.022832 -0.208637 0.00524
v -0.022904 -0.208949 0.00524
v -0.023339 -0.207579 0.005329
v -0.023339 -0.207579 0.005329
v -0.023401 -0.207595 0.005368
v -0.023401 -0.207595 0.005368
v -0.023039 -0.20899 0.005314
v -0.02334 -0.207578 0.00533
v -0.02334 -0.207578 0.00533
v -0.02351 -0.207626 0.005482
v -0.02351 -0.207626 0.005482
v -0.022672 -0.21028 0.004904
v -0.022784 -0.210337 0.004978
v -0.023142 -0.209027 0.005426
v -0.023205 -0.209059 0.005565
v -0.022864 -0.2104 0.005075
v -0.022733 -0.211386 0.004079
v -0.022908 -0.210467 0.005191
v -0.022816 -0.211576 0.004201
v -0.022782 -0.211779 0.004332
v -0.022782 -0.211779 0.004332
v -0.022798 -0.212004 0.003905
v -0.022798 -0.212004 0.003905
v -0.022875 -0.212321 0.002848
v -0.022875 -0.212321 0.002848
v -0.022551 -0.211252 0.003992
v -0.022551 -0.211252 0.003992
v -0.022525 -0.210831 0.004481
v -0.022525 -0.210831 0.004481
v -0.022595 -0.211501 0.003524
v -0.022595 -0.211501 0.003524
v -0.018645 -0.209025 0.003524
v -0.018645 -0.209025 0.003524
v -0.018562 -0.209183 0.002437
v -0.018562 -0.209183 0.002437
v -0.022674 -0.211733 0.002729
v -0.022674 -0.211733 0.002729
v -0.019296 -0.207699 0.005045
v -0.019296 -0.207699 0.005045
v -0.020888 -0.203879 0.00151
v -0.020888 -0.203879 0.00151
v -0.022616 -0.198325 0.00151
v -0.022616 -0.198325 0.00151
v -0.022616 -0.198325 0.00151
v -0.021569 -0.197243 0.00151
v -0.021569 -0.197243 0.00151
v -0.022095 -0.19724 0.00151
v -0.022095 -0.19724 0.00151
v -0.022095 -0.19724 0.00151
v -0.020989 -0.197026 0.00151
v -0.020989 -0.197026 0.00151
v -0.020989 -0.197026 0.005333
v -0.020989 -0.197026 0.005333
v -0.020989 -0.197026 0.005333
v -0.020989 -0.197026 0.005333
v -0.021569 -0.197243 0.005334
v -0.021569 -0.197243 0.005334
v -0.022095 -0.19724 0.005336
v -0.022095 -0.19724 0.005336
v -0.022095 -0.19724 0.005336
v -0.022095 -0.19724 0.005336
v -0.022095 -0.19724 0.005336
v -0.022095 -0.19724 0.005336
v -0.022095 -0.19724 0.005336
v -0.022616 -0.198325 0.005331
v -0.022616 -0.198325 0.005331
v -0.022616 -0.198325 0.005331
v -0.025529 -0.196565 0.005353
v -0.025529 -0.196565 0.005353
v -0.025529 -0.196565 0.005353
v -0.025529 -0.196565 0.005353
v -0.019924 -0.193049 0.005353
v -0.019924 -0.193049 0.005353
v -0.019924 -0.193049 0.005353
v -0.019924 -0.193049 0.005353
v -0.01799 -0.195179 0.005333
v -0.01799 -0.195179 0.005333
v -0.014319 -0.189533 0.005353
v -0.014319 -0.189533 0.005353
v -0.025671 -0.195842 0.005385
v -0.025671 -0.195842 0.005385
v -0.020323 -0.192412 0.005395
v -0.01997 -0.196421 0.005333
v -0.01997 -0.196421 0.005333
v -0.01997 -0.196421 0.005333
v -0.01997 -0.196421 0.005333
v -0.01997 -0.196421 0.00151
v -0.01997 -0.196421 0.00151
v -0.01997 -0.196421 0.00151
v -0.01799 -0.195179 0.00151
v -0.01799 -0.195179 0.00151
v -0.01601 -0.193937 0.00151
v -0.01601 -0.193937 0.00151
v -0.01601 -0.193937 0.00151
v -0.01601 -0.193937 0.005333
v -0.01601 -0.193937 0.005333
v -0.01403 -0.192695 0.005333
v -0.01403 -0.192695 0.005333
v -0.01403 -0.192695 0.00151
v -0.01403 -0.192695 0.00151
v -0.01205 -0.191453 0.005333
v -0.01205 -0.191453 0.005333
v -0.01007 -0.190211 0.005333
v -0.01007 -0.190211 0.005333
v -0.01007 -0.190211 0.005333
v -0.01205 -0.191453 0.00151
v -0.01205 -0.191453 0.00151
v -0.002709 -0.185594 0.00151
v -0.002709 -0.185594 0.00151
v -0.002709 -0.185594 0.00151
v -0.002709 -0.185594 0.00151
v -0.002709 -0.185594 0.00151
v -0.004054 -0.186438 0.00151
v -0.004054 -0.186438 0.00151
v -0.004054 -0.186438 0.00151
v -0.004054 -0.186438 0.00151
v -0.01007 -0.190211 0.00151
v -0.01007 -0.190211 0.00151
v -0.01007 -0.190211 0.00151
v -0.008089 -0.188969 0.00151
v -0.008089 -0.188969 0.00151
v -0.008089 -0.188969 0.00151
v -0.008089 -0.188969 0.00151
v -0.005399 -0.187281 0.00151
v -0.005399 -0.187281 0.00151
v -0.005399 -0.187281 0.00151
v -0.006744 -0.188125 0.00151
v -0.006744 -0.188125 0.00151
v -0.008089 -0.188969 0.005333
v -0.008089 -0.188969 0.005333
v -0.008089 -0.188969 0.005333
v -0.006744 -0.188125 0.005333
v -0.006744 -0.188125 0.005333
v -0.006744 -0.188125 0.005333
v -0.001363 -0.18475 0.00151
v -0.001363 -0.18475 0.00151
v -0.001363 -0.18475 0.00151
v -5.6E-05 -0.183852 0.00151
v -5.6E-05 -0.183852 0.00151
v -0.025685 -0.195775 0.005392
v -0.025685 -0.195775 0.005392
v -0.025816 -0.195863 0.005415
v -0.025677 -0.196592 0.005376
v -0.025677 -0.196592 0.005376
v -0.025826 -0.196619 0.005455
v -0.025826 -0.196619 0.005455
v -0.025763 -0.196608 0.005414
v -0.025763 -0.196608 0.005414
v -0.025941 -0.196641 0.005582
v -0.025941 -0.196641 0.005582
v -0.025942 -0.196641 0.005583
v -0.025942 -0.196641 0.005583
v -0.026007 -0.196654 0.005741
v -0.026007 -0.196654 0.005741
v -0.026018 -0.196657 0.005818
v -0.026018 -0.196657 0.005818
v -0.025492 -0.199421 0.005787
v -0.026016 -0.196657 0.005912
v -0.026016 -0.196657 0.005912
v -0.025455 -0.199416 0.006027
v -0.025455 -0.199416 0.006027
v -0.025351 -0.199943 0.006021
v -0.025351 -0.199943 0.006021
v -0.024887 -0.202172 0.005995
v -0.024887 -0.202172 0.005995
v -0.022604 -0.209774 0.005044
v -0.022604 -0.209774 0.005044
v -0.022766 -0.208914 0.005215
v -0.022766 -0.208914 0.005215
v -0.018887 -0.208548 0.00448
v -0.018887 -0.208548 0.00448
v -0.022551 -0.210238 0.004866
v -0.022551 -0.210238 0.004866
v -0.017224 -0.219366 0.010779
v -0.017892 -0.219792 0.0091
v -0.017404 -0.219155 0.010801
v -0.017404 -0.219155 0.010801
v -0.016746 -0.218734 0.012052
v -0.016746 -0.218734 0.012052
v -0.016547 -0.218607 0.012378
v -0.016547 -0.218607 0.012378
v -0.016372 -0.218825 0.012353
v -0.016134 -0.218925 0.012242
v -0.015108 -0.21828 0.013636
v -0.015331 -0.218166 0.013768
v -0.013909 -0.217526 0.014819
v -0.014115 -0.217399 0.014969
v -0.015503 -0.217943 0.013796
v -0.015503 -0.217943 0.013796
v -0.014283 -0.217172 0.014998
v -0.014283 -0.217172 0.014998
v -0.01428 -0.21717 0.015
v -0.01428 -0.21717 0.015
v -0.012761 -0.216548 0.01594
v -0.017024 -0.210886 0.014018
v -0.012925 -0.216318 0.015971
v -0.012925 -0.216318 0.015971
v -0.011482 -0.215412 0.016728
v -0.011482 -0.215412 0.016728
v -0.011193 -0.215231 0.016853
v -0.011193 -0.215231 0.016853
v -0.014002 -0.209075 0.015786
v -0.011321 -0.215645 0.016694
v -0.01115 -0.215795 0.016522
v -0.009831 -0.214711 0.017262
v -0.012573 -0.216688 0.015776
v -0.013732 -0.217511 0.014596
v -0.013732 -0.217511 0.014596
v -0.013732 -0.217511 0.014596
v -0.013732 -0.217511 0.014596
v -0.013732 -0.217511 0.014596
v -0.013732 -0.217511 0.014596
v -0.012424 -0.21669 0.015533
v -0.012424 -0.21669 0.015533
v -0.011025 -0.215812 0.016266
v -0.011025 -0.215812 0.016266
v -0.011025 -0.215812 0.016266
v -0.011025 -0.215812 0.016266
v -0.009674 -0.214869 0.017084
v -0.00957 -0.214899 0.016821
v -0.00957 -0.214899 0.016821
v -0.008144 -0.213909 0.017508
v -0.006599 -0.21294 0.01782
v -0.006735 -0.212772 0.018003
v -0.008289 -0.213746 0.017689
v -0.008445 -0.213511 0.017726
v -0.008445 -0.213511 0.017726
v -0.007826 -0.213124 0.017863
v -0.007826 -0.213124 0.017863
v -0.006889 -0.212537 0.01804
v -0.006889 -0.212537 0.01804
v -0.004362 -0.210955 0.018379
v -0.004362 -0.210955 0.018379
v -0.010725 -0.207106 0.016793
v -0.005329 -0.21156 0.01827
v -0.005329 -0.21156 0.01827
v -0.005176 -0.211795 0.018231
v -0.005046 -0.211966 0.018048
v -0.006523 -0.212987 0.017551
v -0.006523 -0.212987 0.017551
v -0.004979 -0.212019 0.017778
v -0.004979 -0.212019 0.017778
v -0.004979 -0.212019 0.017778
v -0.004979 -0.212019 0.017778
v -0.00343 -0.211047 0.017944
v -0.00343 -0.211047 0.017944
v -0.009989 -0.214477 0.017297
v -0.009989 -0.214477 0.017297
v -0.015909 -0.218877 0.012081
v -0.015909 -0.218877 0.012081
v -0.015909 -0.218877 0.012081
v -0.015909 -0.218877 0.012081
v -0.014904 -0.218247 0.013442
v -0.014904 -0.218247 0.013442
v -0.017392 -0.219808 0.008931
v -0.017392 -0.219808 0.008931
v -0.017392 -0.219808 0.008931
v -0.017392 -0.219808 0.008931
v -0.017392 -0.219808 0.008931
v -0.017392 -0.219808 0.008931
v -0.017897 -0.220125 0.007225
v -0.017897 -0.220125 0.007225
v -0.018149 -0.220195 0.0073
v -0.01764 -0.219874 0.009031
v -0.016738 -0.219397 0.010562
v -0.016738 -0.219397 0.010562
v -0.016977 -0.219456 0.010691
v -0.019265 -0.204333 0.012938
v 0.007344 -0.192096 -0.004462
v 0.007344 -0.192096 -0.004462
v 0.011318 -0.189624 -0.004445
v 0.011318 -0.189624 -0.004445
v 0.010572 -0.189043 -0.005005
v 0.010572 -0.189043 -0.005005
v 0.010522 -0.188997 -0.005027
v 0.010522 -0.188997 -0.005027
v 0.009785 -0.18824 -0.005219
v 0.009785 -0.18824 -0.005219
v 0.006843 -0.191305 -0.005026
v 0.006843 -0.191305 -0.005026
v 0.016805 -0.197996 -0.010416
v 0.017307 -0.19735 -0.008693
v 0.017307 -0.19735 -0.008693
v 0.016781 -0.198271 -0.010335
v 0.01599 -0.198766 -0.011957
v 0.016616 -0.198471 -0.010213
v 0.016616 -0.198471 -0.010213
v 0.016002 -0.198497 -0.01206
v 0.015016 -0.199377 -0.01344
v 0.014886 -0.199556 -0.013255
v 0.014886 -0.199556 -0.013255
v 0.014886 -0.199556 -0.013255
v 0.013762 -0.200262 -0.01451
v 0.013762 -0.200262 -0.01451
v 0.013865 -0.200099 -0.014725
v 0.012561 -0.200918 -0.015787
v 0.012522 -0.200679 -0.015946
v 0.013158 -0.19994 -0.015381
v 0.013158 -0.19994 -0.015381
v 0.013845 -0.199848 -0.014868
v 0.010951 -0.201328 -0.016826
v 0.010951 -0.201328 -0.016826
v 0.012382 -0.200428 -0.015972
v 0.012382 -0.200428 -0.015972
v 0.009295 -0.194973 -0.014313
v 0.013708 -0.199595 -0.014892
v 0.013708 -0.199595 -0.014892
v 0.01488 -0.198861 -0.013585
v 0.01488 -0.198861 -0.013585
v 0.015013 -0.199116 -0.013564
v 0.015727 -0.198332 -0.012329
v 0.015727 -0.198332 -0.012329
v 0.015873 -0.198241 -0.012078
v 0.015873 -0.198241 -0.012078
v 0.016679 -0.19774 -0.010431
v 0.016679 -0.19774 -0.010431
v 0.009703 -0.187419 -0.005892
v 0.009703 -0.187419 -0.005892
v 0.009395 -0.187051 -0.0059
v 0.009395 -0.187051 -0.0059
v 0.009395 -0.187051 -0.0059
v 0.007721 -0.185007 -0.005931
v 0.007721 -0.185007 -0.005931
v 0.00941 -0.187037 -0.005756
v 0.00941 -0.187037 -0.005756
v 0.007734 -0.184995 -0.005698
v 0.006104 -0.182916 -0.005727
v 0.006086 -0.182932 -0.005963
v 0.006086 -0.182932 -0.005963
v 0.005716 -0.182451 -0.00597
v 0.005716 -0.182451 -0.00597
v 0.004518 -0.180804 -0.005758
v 0.002979 -0.178659 -0.005882
v 0.002979 -0.178659 -0.005882
v 0.002979 -0.178658 -0.00579
v 0.002979 -0.178658 -0.00579
v 0.002968 -0.178665 -0.005712
v 0.002968 -0.178665 -0.005712
v 0.002569 -0.178109 -0.005747
v 0.002912 -0.178703 -0.005559
v 0.002912 -0.178703 -0.005559
v 0.009404 -0.187042 -0.005669
v 0.009404 -0.187042 -0.005669
v 0.001332 -0.177548 -0.006142
v 0.001332 -0.177548 -0.006142
v 0.000989 -0.177523 -0.006765
v 0.000989 -0.177523 -0.006765
v -0.006754 -0.182222 -0.013393
v -0.006754 -0.182222 -0.013393
v -0.009455 -0.183868 -0.013843
v -0.009455 -0.183868 -0.013843
v -0.008102 -0.183039 -0.013668
v -0.008102 -0.183039 -0.013668
v -0.009579 -0.183681 -0.013746
v -0.00823 -0.182853 -0.013572
v -0.008333 -0.182737 -0.013379
v -0.008383 -0.182721 -0.013139
v -0.008383 -0.182721 -0.013139
v -0.008383 -0.182721 -0.013139
v -0.009673 -0.183561 -0.013553
v -0.009712 -0.183538 -0.013311
v -0.009712 -0.183538 -0.013311
v -0.009712 -0.183538 -0.013311
v -0.011024 -0.1844 -0.013642
v -0.010939 -0.184524 -0.013835
v -0.010817 -0.184711 -0.013933
v -0.010817 -0.184711 -0.013933
v -0.011861 -0.185361 -0.013953
v -0.011861 -0.185361 -0.013953
v -0.012296 -0.185371 -0.013852
v -0.013648 -0.186221 -0.013807
v -0.012178 -0.185559 -0.013951
v -0.012178 -0.185559 -0.013951
v -0.013535 -0.186409 -0.013908
v -0.013535 -0.186409 -0.013908
v -0.013719 -0.186091 -0.013615
v -0.012375 -0.185245 -0.013659
v -0.011053 -0.18437 -0.013401
v -0.011053 -0.18437 -0.013401
v -0.011053 -0.18437 -0.013401
v 0.004732 -0.205245 -0.018474
v 0.004732 -0.205245 -0.018474
v 0.003145 -0.206243 -0.018594
v 0.003145 -0.206243 -0.018594
v 0.006318 -0.204246 -0.018265
v 0.006318 -0.204246 -0.018265
v -0.000307 -0.209087 0.018148
v -0.000307 -0.209087 0.018148
v 0.01775 -0.197758 0.005997
v 0.01775 -0.197758 0.005997
v 0.017308 -0.198035 0.007746
v 0.017308 -0.198035 0.007746
v 0.017308 -0.198035 0.007746
v 0.017308 -0.198035 0.007746
v 0.005407 -0.182638 0.006646
v 0.002387 -0.178075 0.006124
v 0.002387 -0.178075 0.006124
v 0.004417 -0.180874 0.006022
v 0.004417 -0.180874 0.006022
v 0.001526 -0.177739 0.007131
v 0.001526 -0.177739 0.007131
v 0.007639 -0.185062 0.005957
v 0.007639 -0.185062 0.005957
v 0.000427 -0.178187 0.008842
v 0.000427 -0.178187 0.008842
v 0.000427 -0.178187 0.008842
v 0.006007 -0.182985 0.005989
v 0.006007 -0.182985 0.005989
v 0.005643 -0.182511 0.005997
v 0.005643 -0.182511 0.005997
v 0.000253 -0.178011 0.008779
v 0.000253 -0.178011 0.008779
v -0.00055 -0.178679 0.010036
v -0.00055 -0.178679 0.010036
v 0.000814 -0.178003 0.00828
v 0.000814 -0.178003 0.00828
v 0.001178 -0.177846 0.007705
v 0.001178 -0.177846 0.007705
v 0.000637 -0.177825 0.008219
v 0.000252 -0.17801 0.008779
v 0.000252 -0.17801 0.008779
v 0.001001 -0.177665 0.00764
v 0.000421 -0.177759 0.008097
v 0.00022 -0.177821 0.007947
v 0.00022 -0.177821 0.007947
v 0.001351 -0.177551 0.007048
v 0.001704 -0.177532 0.006469
v 0.001799 -0.177619 0.00655
v 0.001594 -0.177487 0.006383
v 0.001999 -0.177703 0.005866
v 0.00209 -0.177721 0.005997
v 0.002519 -0.178169 0.005944
v 0.002498 -0.178156 0.005774
v 0.002152 -0.177783 0.006136
v 0.002175 -0.177871 0.006252
v 0.002175 -0.177871 0.006252
v 0.001861 -0.177727 0.00661
v 0.001861 -0.177727 0.00661
v 0.002907 -0.178705 0.005908
v 0.002907 -0.178705 0.005908
v 0.002908 -0.178704 0.005815
v 0.002908 -0.178704 0.005815
v 0.002498 -0.178211 0.006091
v 0.002498 -0.178211 0.006091
v 0.002874 -0.178729 0.006056
v 0.002874 -0.178729 0.006056
v 0.002874 -0.178729 0.006056
v 0.009312 -0.187108 0.005927
v 0.009312 -0.187108 0.005927
v 0.009312 -0.187108 0.005927
v 0.009255 -0.187152 0.00548
v 0.009255 -0.187152 0.00548
v 0.009168 -0.187223 0.005368
v 0.009168 -0.187223 0.005368
v 0.009118 -0.187263 0.005329
v 0.009118 -0.187263 0.005329
v -0.012468 -0.185256 0.013435
v -0.012468 -0.185256 0.013435
v -0.012468 -0.185256 0.013435
v -0.012468 -0.185256 0.013435
v -0.008445 -0.182754 0.013206
v -0.008445 -0.182754 0.013206
v -0.008445 -0.182754 0.013206
v -0.00978 -0.183577 0.013357
v -0.00978 -0.183577 0.013357
v -0.00978 -0.183577 0.013357
v -0.011125 -0.184414 0.013433
v -0.011125 -0.184414 0.013433
v -0.011125 -0.184414 0.013433
v -0.011098 -0.184444 0.013674
v -0.01245 -0.185292 0.013675
v -0.013801 -0.186145 0.013605
v -0.012374 -0.18542 0.013868
v -0.013732 -0.186275 0.013797
v -0.015084 -0.187133 0.013654
v -0.01362 -0.186464 0.013898
v -0.01362 -0.186464 0.013898
v -0.012258 -0.185609 0.013968
v -0.012258 -0.185609 0.013968
v -0.011909 -0.18539 0.013974
v -0.011909 -0.18539 0.013974
v -0.011015 -0.184569 0.013867
v -0.009744 -0.183603 0.013598
v -0.016471 -0.187851 0.013252
v -0.01642 -0.187987 0.013441
v -0.015144 -0.187 0.013464
v -0.015142 -0.186953 0.013229
v -0.015142 -0.186953 0.013229
v -0.015142 -0.186953 0.013229
v -0.01646 -0.187799 0.013021
v -0.01646 -0.187799 0.013021
v -0.01646 -0.187799 0.013021
v -0.013809 -0.186103 0.013368
v -0.013809 -0.186103 0.013368
v -0.013809 -0.186103 0.013368
v -0.017741 -0.188839 0.013146
v -0.017783 -0.188701 0.01296
v 0.000944 -0.207624 0.018692
v 0.000944 -0.207624 0.018692
v 0.002518 -0.206634 0.018702
v 0.002518 -0.206634 0.018702
vn 0.7071 0.6941 0.1352
vn 0.7822 0.6014 0.163
vn 0.5885 0.7988 0.1247
vn 0.5885 0.7988 0.1247
vn 0 0 -1
vn 0.4557 0.6184 -0.6403
vn 0.4557 0.6184 -0.6403
vn 0.4557 0.6184 -0.6403
vn 0 0 -1
vn 0.5426 0.5281 -0.6532
vn 0.6787 0.6793 0.2791
vn 0.6787 0.6793 0.2791
vn 0.5635 0.8059 -0.1818
vn -0.6136 0.7896 -0.0003
vn 0 0 -1
vn 0.7434 0.6649 -0.0727
vn 0.7434 0.6649 -0.0727
vn 0.725 0.5969 0.3436
vn 0.725 0.5969 0.3436
vn 0.5868 0.5504 0.5939
vn 0.6221 0.4684 0.6273
vn 0.3317 0.3114 0.8905
vn 0.5221 0.7166 0.4624
vn 0.5221 0.7166 0.4624
vn 0.5774 0.7105 0.4023
vn 0.5774 0.7105 0.4023
vn 0.4368 0.6312 0.6409
vn 0.4368 0.6312 0.6409
vn 0.2294 0.9482 0.2198
vn 0.2294 0.9482 0.2198
vn 0.1989 0.8119 0.5488
vn 0.1174 0.4809 0.8689
vn -0.2206 0.8122 0.54
vn -0.131 0.4818 0.8665
vn 0.5074 0.6071 0.6116
vn 0.5074 0.6071 0.6116
vn 0.0758 0.1056 0.9915
vn 0.0758 0.1056 0.9915
vn 0 0 1
vn 0.0328 0.136 0.9902
vn 0 0 1
vn 0 0 1
vn -0.1018 0.1036 0.9894
vn -0.0368 0.1359 0.99
vn 0 0 1
vn 0 0 1
vn 0.0873 0.0819 0.9928
vn -0.0737 -0.0141 0.9972
vn 0 0 1
vn 0 0 1
vn -0.1393 0.0421 0.9894
vn -0.3574 0.3653 0.8595
vn 0 0 1
vn -0.0921 -0.0102 0.9957
vn -0.0921 -0.0102 0.9957
vn -0.2973 -0.0348 0.9541
vn -0.2973 -0.0348 0.9541
vn -0.2979 -0.0582 0.9528
vn -0.5233 -0.0406 0.8512
vn -0.5233 -0.0406 0.8512
vn -0.5555 -0.0718 0.8284
vn -0.5801 -0.1135 0.8066
vn -0.2759 -0.0347 0.9606
vn -0.5421 -0.0098 0.8402
vn -0.0717 -0.0121 0.9974
vn 0 0 1
vn -0.0876 0.0631 0.9942
vn 0 0 1
vn -0.1394 -0.0025 0.9902
vn 0 0 1
vn 0 0 1
vn 0.0937 0.069 0.9932
vn 0.3476 0.2627 0.9001
vn 0.3656 0.1779 0.9136
vn 0 0 1
vn 0.0994 0.0475 0.9939
vn 0.3196 0.1403 0.9371
vn 0.3196 0.1403 0.9371
vn 0.0858 0.0564 0.9947
vn 0.0858 0.0564 0.9947
vn 0.0858 0.0564 0.9947
vn 0 0 1
vn 0.3096 0.1172 0.9436
vn -0.1073 0.1693 0.9797
vn -0.1073 0.1693 0.9797
vn 0.1454 0.1718 0.9743
vn -0.1391 0.2163 0.9664
vn -0.1391 0.2163 0.9664
vn 0.0624 0.205 0.9768
vn -0.2146 0.2009 0.9558
vn -0.2146 0.2009 0.9558
vn 0 0 1
vn -0.0955 0.0626 0.9935
vn -0.3665 0.3051 0.879
vn -0.3665 0.3051 0.879
vn -0.3301 0.2314 0.9151
vn -0.4769 0.3671 0.7986
vn -0.4769 0.3671 0.7986
vn -0.3667 0.2428 0.8981
vn -0.3888 0.3448 0.8544
vn -0.3888 0.3448 0.8544
vn -0.0955 0.0626 0.9935
vn 0 0 1
vn 0 0 1
vn -0.0955 0.0626 0.9935
vn 0 0 1
vn -0.1413 0.0145 0.9899
vn -0.1405 0.007 0.9901
vn 0 0 1
vn -0.5419 0.0275 0.84
vn -0.8513 0.0089 0.5245
vn -0.8513 0.0089 0.5245
vn -0.845 0.054 0.532
vn -0.845 0.054 0.532
vn -0.8488 0.0309 0.5279
vn -0.8488 0.0309 0.5279
vn -0.8526 0.0721 0.5176
vn -0.8526 0.0721 0.5176
vn -0.5441 0.0569 0.8371
vn -0.852 0.1082 0.5122
vn -0.852 0.1082 0.5122
vn -0.5466 0.0777 0.8338
vn 0 0 1
vn -0.1425 0.0202 0.9896
vn -0.8357 0.0915 0.5415
vn -0.8357 0.0915 0.5415
vn -0.9476 0.1196 0.2964
vn -0.9484 0.0773 0.3074
vn -0.9845 0.126 0.1219
vn -0.9845 0.126 0.1219
vn -0.996 0.089 -0.0113
vn -0.996 0.089 -0.0113
vn -0.9381 0.0394 0.3441
vn -0.9336 0.0009 0.3583
vn -0.9851 0.0976 0.1419
vn 0 0 -1
vn -0.9851 0.0976 0.1419
vn -0.9847 0.0999 -0.1425
vn -0.9847 0.0999 -0.1425
vn 0 0 1
vn -0.9858 0.1169 -0.1205
vn -0.9858 0.1169 -0.1205
vn -0.8059 -0.0023 -0.5921
vn 0 0 -1
vn 0 0 -1
vn -0.6392 0.2559 -0.7252
vn 0.0003 0.0004 -1
vn 0 0 -1
vn -0.0001 0.0001 -1
vn -0.5287 0.3963 -0.7506
vn -0.6392 0.2561 0.7252
vn 0 0 1
vn -0.8023 -0.0453 -0.5952
vn 0 0 -1
vn -0.9345 -0.0574 0.3512
vn -0.7886 -0.0937 -0.6077
vn 0.0003 0.0004 -1
vn 0 0 -1
vn -0.9418 -0.1285 0.3105
vn 0.0003 0.0004 -1
vn -0.7646 -0.1315 -0.631
vn -0.0001 0 -1
vn -0.0001 0.0001 -1
vn -0.9529 -0.1943 0.2328
vn -0.0001 0 -1
vn -0.6135 0.7897 0
vn -0.43 0.5639 -0.7051
vn -0.43 0.5639 -0.7051
vn -0.0001 0.0013 -1
vn -0.0001 0.0001 -1
vn -0.0002 0 -1
vn -0.6136 0.7896 -0.0003
vn -0.0006 -0.0018 -1
vn 0 0 -1
vn -0.762 -0.1377 -0.6328
vn -0.0001 0.0013 -1
vn -0.0001 0 -1
vn -0.4443 0.5349 -0.7186
vn -0.0001 0.0001 -1
vn -0.0001 0.0001 1
vn -0.4443 0.5349 0.7186
vn 0 0 1
vn 0.0003 0.0004 1
vn -0.0001 0.0001 1
vn -0.5287 0.3963 0.7506
vn -0.7891 -0.0944 0.607
vn 0.0003 0.0004 1
vn 0 0 1
vn -0.8031 -0.0457 0.5942
vn 0 0 1
vn -0.7648 -0.1323 0.6306
vn 0.0003 0.0004 1
vn -0.0001 0.0001 1
vn -0.0001 0 1
vn -0.9517 -0.1941 -0.2377
vn -0.9411 -0.1289 -0.3125
vn -0.0001 0 1
vn -0.7626 -0.1388 0.6318
vn -0.0006 -0.0019 1
vn -0.43 0.5639 0.7051
vn -0.43 0.5639 0.7051
vn 0 0 1
vn -0.0001 0 1
vn 0 0.0013 1
vn -0.0001 0.0001 1
vn -0.0002 0 1
vn -0.6135 0.7897 0
vn -0.7253 -0.173 0.6664
vn -0.7253 -0.173 0.6664
vn -0.0006 -0.0019 1
vn 0.4558 0.6184 0.6401
vn 0 0 1
vn 0.4558 0.6184 0.6401
vn 0.4558 0.6184 0.6401
vn -0.0002 0 1
vn -0.0006 -0.0019 1
vn -0.7234 -0.1647 0.6705
vn -0.0002 0 1
vn -0.7308 -0.1739 0.66
vn -0.7486 -0.1576 0.644
vn -0.0002 0 1
vn -0.2601 0.8144 0.5187
vn -0.2601 0.8144 0.5187
vn -0.2601 0.8144 0.5187
vn -0.7522 -0.1502 0.6416
vn 0 0.0013 1
vn -0.0002 0 1
vn -0.6135 0.7897 0
vn -0.6136 0.7896 -0.0003
vn 0.1259 0.992 -0.0004
vn 0.1259 0.992 -0.0004
vn 0 0.0013 1
vn -0.7549 -0.1485 0.6388
vn -0.0001 0 1
vn 0.5634 0.8061 0.1812
vn 0 0 1
vn -0.6135 0.7897 0
vn 0.5426 0.528 0.6533
vn 0 0 1
vn 0.7112 0.6911 -0.1291
vn 0.6201 0.6344 0.4616
vn 0.6201 0.6344 0.4616
vn 0.556 0.8083 -0.1939
vn 0.556 0.8083 -0.1939
vn 0.6836 0.6846 -0.2531
vn 0.6836 0.6846 -0.2531
vn 0.7136 0.6472 0.2679
vn 0.7136 0.6472 0.2679
vn 0.7136 0.6472 0.2679
vn 0.7136 0.6472 0.2679
vn 0.7136 0.6472 0.2679
vn 0.7895 0.578 -0.2066
vn 0.8042 0.5943 -0.0046
vn 0.8042 0.5943 -0.0046
vn 0.8532 0.4562 -0.2528
vn 0.7266 0.5778 -0.3717
vn 0.7266 0.5778 -0.3717
vn 0.7412 0.4314 -0.5143
vn 0.7412 0.4314 -0.5143
vn 0.7562 0.4859 -0.4382
vn 0.7562 0.4859 -0.4382
vn 0.6994 0.3345 -0.6316
vn 0.4983 0.3293 -0.802
vn 0.4766 0.2483 -0.8433
vn 0.7759 0.3426 -0.5296
vn 0.7759 0.3426 -0.5296
vn 0.4774 0.1385 -0.8677
vn 0.1307 0.0678 -0.9891
vn 0 0 -1
vn 0 0 -1
vn -0.1106 -0.066 -0.9917
vn 0.1296 0.0368 -0.9909
vn 0 0 -1
vn 0 0 -1
vn -0.1135 -0.0607 -0.9917
vn 0.2525 0.1757 -0.9515
vn 0 0 -1
vn 0.0626 0.046 -0.997
vn 0 0 -1
vn -0.1161 -0.0548 -0.9917
vn -0.1189 -0.0487 -0.9917
vn 0 0 -1
vn -0.1213 -0.0424 -0.9917
vn 0 0 -1
vn -0.4689 -0.1638 -0.8679
vn -0.4766 -0.1388 -0.8681
vn -0.1233 -0.0359 -0.9917
vn 0 0 -1
vn -0.1247 -0.0293 -0.9918
vn 0 0 -1
vn -0.4835 -0.1138 -0.8679
vn -0.1264 -0.023 -0.9917
vn 0 0 -1
vn -0.1275 -0.0169 -0.9917
vn 0 0 -1
vn -0.4888 -0.0891 -0.8678
vn -0.8517 -0.1581 -0.4996
vn -0.8422 -0.1982 -0.5014
vn -0.4921 -0.0652 -0.8681
vn -0.8579 -0.1127 -0.5012
vn 0 0 -1
vn -0.1283 -0.0111 -0.9917
vn -0.4958 -0.043 -0.8674
vn -0.4967 -0.0217 -0.8677
vn -0.8618 -0.0747 -0.5018
vn 0 0 -1
vn -0.1286 -0.0056 -0.9917
vn -0.129 -0.0005 -0.9916
vn 0 0 -1
vn 0 0 -1
vn 0.1261 0.0132 -0.9919
vn -0.0849 0.0557 -0.9948
vn 0 0 -1
vn 0.0742 0.0273 -0.9969
vn 0 0 -1
vn 0.0742 0.0273 -0.9969
vn 0.0742 0.0273 -0.9969
vn 0.2916 0.0229 -0.9563
vn 0.2916 0.0229 -0.9563
vn 0.4746 0.048 -0.8789
vn -0.1296 0.004 -0.9916
vn 0 0 -1
vn -0.1289 0.008 -0.9916
vn 0 0 -1
vn -0.129 0.0116 -0.9916
vn 0 0 -1
vn -0.4979 0.0153 -0.8671
vn -0.4977 0.0308 -0.8668
vn -0.4966 0.0445 -0.8668
vn -0.3526 0.0795 -0.9324
vn -0.3526 0.0795 -0.9324
vn -0.1962 0.0837 -0.977
vn -0.1962 0.0837 -0.977
vn -0.1962 0.0837 -0.977
vn 0 0 -1
vn -0.5809 0.0997 -0.8078
vn -0.5809 0.0997 -0.8078
vn -0.8619 0.0774 -0.5011
vn -0.864 0.0535 -0.5006
vn -0.989 0.0624 -0.1338
vn -0.989 0.0624 -0.1338
vn -0.9908 0.0313 -0.1318
vn -0.9908 0.0313 -0.1318
vn -0.8651 0.0274 -0.5008
vn -0.9922 0.0112 -0.1238
vn -0.9922 0.0112 -0.1238
vn -0.866 -0.0058 -0.5
vn -0.9914 -0.0104 -0.1308
vn -0.9914 -0.0104 -0.1308
vn -0.9903 -0.0421 -0.1322
vn -0.9903 -0.0421 -0.1322
vn -0.8641 -0.0378 -0.5019
vn -0.4977 -0.0022 -0.8674
vn -0.9868 -0.088 -0.1357
vn -0.9868 -0.088 -0.1357
vn -0.9826 -0.1307 -0.1318
vn -0.9826 -0.1307 -0.1318
vn -0.9888 -0.0633 -0.1348
vn -0.9888 -0.0633 -0.1348
vn -0.9888 -0.0633 -0.1348
vn -0.9832 -0.126 -0.1321
vn -0.9832 -0.126 -0.1321
vn -0.9796 -0.1603 -0.1213
vn -0.9796 -0.1603 -0.1213
vn -0.9675 -0.1786 -0.179
vn -0.9675 -0.1786 -0.179
vn -0.9731 -0.1888 -0.1324
vn -0.9731 -0.1888 -0.1324
vn -0.9653 -0.2259 -0.1308
vn -0.9653 -0.2259 -0.1308
vn -0.9626 -0.2358 -0.1333
vn -0.9626 -0.2358 -0.1333
vn -0.9504 -0.2794 -0.137
vn -0.9504 -0.2794 -0.137
vn -0.936 -0.3186 -0.1499
vn -0.936 -0.3186 -0.1499
vn -0.8305 -0.242 -0.5018
vn -0.9285 -0.3617 -0.0833
vn -0.9285 -0.3617 -0.0833
vn -0.9404 -0.3203 -0.1147
vn -0.9404 -0.3203 -0.1147
vn -0.9182 -0.3743 -0.1295
vn -0.9182 -0.3743 -0.1295
vn -0.9234 -0.3622 -0.1269
vn -0.9234 -0.3622 -0.1269
vn -0.8981 -0.4198 -0.1315
vn -0.8981 -0.4198 -0.1315
vn -0.7857 -0.3688 -0.4967
vn -0.7851 -0.3107 -0.5358
vn -0.4774 -0.1596 -0.8641
vn -0.8234 -0.2718 -0.4981
vn -0.457 -0.212 -0.8638
vn -0.1221 -0.0554 -0.991
vn 0 0 -1
vn -0.7552 -0.4262 -0.4979
vn -0.4392 -0.2493 -0.8631
vn 0 0 -1
vn -0.1166 -0.0662 -0.991
vn -0.4176 -0.2834 -0.8633
vn -0.7124 -0.4905 -0.502
vn -0.7799 -0.6112 -0.1349
vn -0.7799 -0.6112 -0.1349
vn -0.6824 -0.5344 -0.4988
vn -0.8132 -0.5666 -0.1331
vn -0.8132 -0.5666 -0.1331
vn -0.8318 -0.5297 -0.1662
vn -0.8318 -0.5297 -0.1662
vn -0.8351 -0.5345 -0.1299
vn -0.8351 -0.5345 -0.1299
vn -0.8638 -0.4859 -0.1332
vn -0.8638 -0.4859 -0.1332
vn -0.8507 -0.5085 -0.1331
vn -0.8507 -0.5085 -0.1331
vn -0.8754 -0.463 -0.1391
vn -0.8754 -0.463 -0.1391
vn -0.7428 -0.4429 -0.5021
vn -0.7627 -0.4077 -0.502
vn -0.7223 -0.4766 -0.5011
vn -0.4276 -0.255 -0.8672
vn -0.4155 -0.2734 -0.8675
vn -0.108 -0.0711 -0.9916
vn 0 0 -1
vn -0.4037 -0.2899 -0.8677
vn -0.1047 -0.0752 -0.9917
vn 0 0 -1
vn 0 0 -1
vn -0.102 -0.0791 -0.9916
vn -0.0998 -0.0827 -0.9916
vn 0 0 -1
vn -0.3932 -0.3049 -0.8674
vn -0.3834 -0.318 -0.8671
vn -0.7028 -0.5046 -0.5014
vn -0.6836 -0.5302 -0.5016
vn -0.804 -0.5793 -0.1338
vn -0.804 -0.5793 -0.1338
vn -0.7841 -0.6066 -0.1313
vn -0.7841 -0.6066 -0.1313
vn -0.6661 -0.5525 -0.501
vn -0.7625 -0.6331 -0.1336
vn -0.7625 -0.6331 -0.1336
vn -0.7235 -0.487 -0.4893
vn -0.7235 -0.487 -0.4893
vn -0.4297 -0.2865 -0.8563
vn -0.4297 -0.2865 -0.8563
vn -0.5156 -0.1192 -0.8485
vn 0 0 -1
vn -0.1465 -0.034 -0.9886
vn -0.1186 -0.0777 -0.9899
vn -0.1186 -0.0777 -0.9899
vn 0 0 -1
vn -0.1079 0.1012 -0.989
vn 0 0 -1
vn -0.1079 0.1012 -0.989
vn 0.0022 0.1483 -0.9889
vn 0.0022 0.1483 -0.9889
vn 0 0 -1
vn 0 0 -1
vn -0.1451 0.0379 -0.9887
vn -0.5107 0.1368 -0.8488
vn -0.2784 0.2789 -0.9191
vn -0.2784 0.2789 -0.9191
vn -0.0608 0.3589 -0.9314
vn -0.0608 0.3589 -0.9314
vn -0.1337 0.5419 -0.8297
vn -0.1337 0.5419 -0.8297
vn 0.1433 0.7215 -0.6775
vn 0.1322 0.3543 -0.9257
vn 0.1322 0.3543 -0.9257
vn 0.3986 0.5361 -0.7441
vn 0.3986 0.5361 -0.7441
vn 0.4233 -0.1207 -0.8979
vn 0.4233 -0.1207 -0.8979
vn 0.598 0.5918 -0.5404
vn 0.598 0.5918 -0.5404
vn 0.4363 0.7757 -0.456
vn 0.619 -0.0036 -0.7854
vn 0.619 -0.0036 -0.7854
vn 0.5059 0.8033 -0.3144
vn 0.5059 0.8033 -0.3144
vn 0.2963 0.8623 -0.4107
vn 0.2963 0.8623 -0.4107
vn 0.1302 0.9673 0.2176
vn 0.1302 0.9673 0.2176
vn 0.3896 0.8968 -0.21
vn 0.3896 0.8968 -0.21
vn 0.1103 0.9405 -0.3213
vn 0.1103 0.9405 -0.3213
vn 0.2646 0.9152 -0.304
vn 0.2646 0.9152 -0.304
vn -0.2435 0.9545 -0.172
vn -0.2435 0.9545 -0.172
vn -0.015 0.9764 -0.2155
vn -0.015 0.9764 -0.2155
vn -0.088 0.9638 -0.2517
vn -0.088 0.9638 -0.2517
vn -0.0393 0.9119 -0.4085
vn -0.3 0.817 -0.4925
vn -0.3 0.817 -0.4925
vn -0.6399 0.6474 -0.414
vn -0.6399 0.6474 -0.414
vn -0.5564 0.5491 -0.6237
vn -0.5564 0.5491 -0.6237
vn -0.1458 0.8898 -0.4325
vn -0.1458 0.8898 -0.4325
vn -0.2246 0.713 -0.6642
vn -0.2246 0.713 -0.6642
vn -0.4003 0.8926 -0.2074
vn -0.4003 0.8926 -0.2074
vn -0.4003 0.8926 -0.2074
vn -0.455 0.8786 -0.1446
vn -0.455 0.8786 -0.1446
vn -0.455 0.8786 -0.1446
vn -0.7008 0.7131 -0.0192
vn -0.7008 0.7131 -0.0192
vn -0.7008 0.7131 -0.0192
vn -0.6945 0.703 -0.1528
vn -0.6945 0.703 -0.1528
vn -0.6945 0.703 -0.1528
vn -0.8942 0.4219 -0.1499
vn -0.8942 0.4219 -0.1499
vn -0.7133 0.7008 -0.0071
vn -0.7133 0.7008 -0.0071
vn -0.6415 0.7671 0
vn -0.9336 0.3342 -0.129
vn -0.9336 0.3342 -0.129
vn -0.9774 0.17 -0.1254
vn -0.9774 0.17 -0.1254
vn -0.8386 0.212 -0.5019
vn -0.9862 -0.0841 -0.1426
vn -0.9862 -0.0841 -0.1426
vn -0.8437 -0.2077 -0.495
vn -0.4369 0.4271 -0.7916
vn -0.4369 0.4271 -0.7916
vn -0.9333 -0.3359 -0.1267
vn -0.9333 -0.3359 -0.1267
vn -0.8228 -0.5539 -0.1276
vn -0.8228 -0.5539 -0.1276
vn -0.8228 -0.5539 -0.1276
vn -0.8228 -0.5539 -0.1276
vn -0.8305 -0.5415 -0.1305
vn -0.8305 -0.5415 -0.1305
vn -0.8305 -0.5415 -0.1305
vn -0.9739 -0.1893 -0.1255
vn -0.9739 -0.1893 -0.1255
vn -0.839 -0.1624 -0.5193
vn -0.725 -0.4685 -0.5048
vn -0.725 -0.4685 -0.5048
vn -0.4094 -0.2668 -0.8725
vn -0.4094 -0.2668 -0.8725
vn -0.3966 -0.3106 -0.8638
vn 0 0 -1
vn -0.1104 -0.0749 -0.9911
vn -0.1047 -0.082 -0.9911
vn 0 0 -1
vn -0.0718 -0.0122 -0.9973
vn 0 0 -1
vn 0 0 -1
vn -0.1015 -0.0673 -0.9926
vn -0.1015 -0.0673 -0.9926
vn 0 0 -1
vn -0.1066 -0.0206 -0.9941
vn -0.4569 -0.0886 -0.8851
vn 0 0 -1
vn -0.1023 0.0362 -0.9941
vn 0 0 -1
vn 0.0828 0.086 -0.9929
vn -0.4395 0.1554 -0.8847
vn -0.8053 0.2845 -0.5202
vn -0.3584 0.3281 -0.874
vn -0.3584 0.3281 -0.874
vn 0 0 -1
vn -0.0882 0.0821 -0.9927
vn -0.0882 0.0821 -0.9927
vn -0.2895 0.4025 -0.8684
vn -0.2895 0.4025 -0.8684
vn -0.6379 0.5801 -0.5065
vn -0.6379 0.5801 -0.5065
vn -0.5174 0.6947 -0.4996
vn -0.5174 0.6947 -0.4996
vn -0.7333 0.6673 -0.1303
vn -0.7333 0.6673 -0.1303
vn -0.7333 0.6673 -0.1303
vn -0.6415 0.7671 0
vn -0.6415 0.7671 0
vn -0.6009 0.7885 -0.1312
vn -0.6009 0.7885 -0.1312
vn -0.6009 0.7885 -0.1312
vn -0.4185 0.8448 -0.3333
vn -0.4185 0.8448 -0.3333
vn -0.0369 0.9267 -0.3739
vn -0.3468 0.7633 -0.5451
vn -0.3468 0.7633 -0.5451
vn -0.2583 0.6484 -0.7162
vn -0.2583 0.6484 -0.7162
vn 0.0523 0.7361 -0.6749
vn 0.3428 0.47 -0.8133
vn 0.3428 0.47 -0.8133
vn 0.3688 0.7885 -0.4921
vn -0.05 0.5191 -0.8533
vn -0.1651 0.4932 -0.8541
vn -0.1651 0.4932 -0.8541
vn -0.0525 0.3175 -0.9468
vn -0.0525 0.3175 -0.9468
vn -0.0701 0.1006 -0.9925
vn -0.0701 0.1006 -0.9925
vn 0 0 -1
vn 0 0 -1
vn 0.0499 0.1487 -0.9876
vn 0.0499 0.1487 -0.9876
vn 0.0499 0.1487 -0.9876
vn 0.2167 0.3302 -0.9187
vn 0.2167 0.3302 -0.9187
vn 0.3184 0.3305 -0.8885
vn 0.3044 0.4543 -0.8372
vn 0.3044 0.4543 -0.8372
vn 0.5663 0.5851 -0.5805
vn 0.1898 0.2927 -0.9372
vn 0.1898 0.2927 -0.9372
vn 0.1981 0.8118 -0.5493
vn 0 0 -1
vn 0.0325 0.1363 -0.9901
vn 0 0 -1
vn 0.0745 0.1058 -0.9916
vn 0.0745 0.1058 -0.9916
vn 0.1169 0.4809 -0.869
vn -0.1306 0.4815 -0.8667
vn -0.3576 0.3656 -0.8593
vn -0.2205 0.8119 -0.5406
vn -0.037 0.1366 -0.9899
vn 0 0 -1
vn -0.1017 0.1037 -0.9894
vn 0 0 -1
vn -0.0929 -0.0103 -0.9956
vn 0 0 -1
vn -0.0929 -0.0103 -0.9956
vn 0 0 -1
vn -0.1399 0.0421 -0.9893
vn 0 0 -1
vn -0.0737 -0.0142 -0.9972
vn -0.298 -0.0583 -0.9528
vn -0.2756 -0.0348 -0.9606
vn -0.5552 -0.0719 -0.8286
vn -0.5417 -0.0099 -0.8405
vn 0 0 -1
vn -0.1395 -0.0025 -0.9902
vn -0.5413 0.0274 -0.8404
vn 0 0 -1
vn -0.1402 0.007 -0.9901
vn -0.8605 -0.0547 -0.5065
vn -0.8605 -0.0547 -0.5065
vn -0.8507 0.0085 -0.5256
vn -0.8507 0.0085 -0.5256
vn -0.8331 -0.0225 -0.5527
vn -0.8331 -0.0225 -0.5527
vn -0.9342 -0.0577 -0.3522
vn -0.9328 0.0004 -0.3604
vn -0.9374 0.0388 -0.3461
vn -0.8068 -0.0026 0.5908
vn 0 0 1
vn -0.8479 0.0301 -0.5293
vn -0.8479 0.0301 -0.5293
vn -0.8441 0.0532 -0.5335
vn -0.8441 0.0532 -0.5335
vn -0.9484 0.078 -0.3073
vn -0.8522 0.0719 -0.5183
vn -0.8522 0.0719 -0.5183
vn -0.5435 0.0568 -0.8375
vn -0.8351 0.0914 -0.5424
vn -0.8351 0.0914 -0.5424
vn -0.9473 0.1195 -0.2972
vn -0.8516 0.1081 -0.5129
vn -0.8516 0.1081 -0.5129
vn -0.5457 0.0776 -0.8344
vn -0.8375 0.1189 -0.5334
vn -0.8375 0.1189 -0.5334
vn -0.851 0.133 -0.508
vn -0.851 0.133 -0.508
vn -0.9462 0.1441 -0.2896
vn -0.9884 0.1521 -0.0007
vn -0.9884 0.1521 -0.0007
vn -0.9898 0.1422 -0.0008
vn -0.9898 0.1422 -0.0008
vn -0.991 0.1341 -0.0008
vn -0.991 0.1341 -0.0008
vn -0.9464 0.1601 -0.2806
vn -0.8474 0.1387 -0.5126
vn -0.8474 0.1387 -0.5126
vn -0.5532 0.0952 -0.8276
vn -0.8531 0.1488 -0.5002
vn -0.8531 0.1488 -0.5002
vn -0.5772 0.1288 -0.8064
vn -0.8632 0.1685 -0.4759
vn -0.9226 0.1688 -0.3469
vn -0.8632 0.1685 -0.4759
vn -0.8917 0.1642 -0.4218
vn -0.8917 0.1642 -0.4218
vn -0.9226 0.1688 -0.3469
vn -0.7417 0.2289 -0.6305
vn -0.9226 0.1688 -0.3469
vn -0.9488 0.1686 -0.267
vn -0.9863 0.1649 -0.0007
vn -0.9863 0.1649 -0.0007
vn -0.987 0.161 0.0019
vn -0.987 0.161 0.0019
vn -0.9306 0.1731 -0.3224
vn -0.9306 0.1731 -0.3224
vn -0.8212 0.15 -0.5505
vn -0.8212 0.15 -0.5505
vn -0.9856 0.1691 0.0043
vn -0.9856 0.1691 0.0043
vn -0.9868 0.162 0.0049
vn -0.9868 0.162 0.0049
vn -0.9326 0.1774 -0.3143
vn -0.9326 0.1774 -0.3143
vn -0.9326 0.1786 -0.3136
vn -0.9326 0.1786 -0.3136
vn -0.9326 0.1786 -0.3136
vn -0.9281 0.1836 -0.3241
vn -0.9281 0.1836 -0.3241
vn -0.9851 0.172 0.0043
vn -0.9851 0.172 0.0043
vn -0.9841 0.1778 0.0022
vn -0.9841 0.1778 0.0022
vn -0.9834 0.1817 0.0008
vn -0.9834 0.1817 0.0008
vn -0.9331 0.1785 0.3121
vn -0.9331 0.1785 0.3121
vn -0.9331 0.1785 0.3121
vn -0.9333 0.1771 0.3124
vn -0.9333 0.1771 0.3124
vn -0.928 0.183 0.3244
vn -0.928 0.183 0.3244
vn -0.8209 0.1496 0.5512
vn -0.8209 0.1496 0.5512
vn -0.7412 0.2329 0.6297
vn -0.9308 0.1728 0.322
vn -0.9308 0.1728 0.322
vn -0.7139 0.1332 0.6874
vn -0.7139 0.1332 0.6874
vn -0.7731 0.1759 0.6093
vn -0.5731 0.1093 0.8122
vn -0.5731 0.1093 0.8122
vn -0.579 0.1291 0.8051
vn -0.4216 0.0816 0.9031
vn -0.4216 0.0816 0.9031
vn -0.8634 0.169 0.4755
vn -0.8634 0.169 0.4755
vn -0.8538 0.1486 0.4989
vn -0.8538 0.1486 0.4989
vn -0.5541 0.0952 0.827
vn -0.2904 0.0539 0.9554
vn -0.1655 0.0732 0.9835
vn -0.1655 0.0732 0.9835
vn 0 0 1
vn -0.1655 0.0732 0.9835
vn -0.2508 0.0558 0.9664
vn -0.2508 0.0558 0.9664
vn -0.0722 0.0132 0.9973
vn 0 0 1
vn 0 0 1
vn -0.143 0.0266 0.9894
vn -0.0955 0.0626 0.9935
vn 0 0 1
vn -0.0955 0.0626 0.9935
vn 0 0 1
vn 0 0 1
vn -0.0955 0.0626 0.9935
vn -0.3695 0.2422 0.8971
vn -0.3695 0.2422 0.8971
vn -0.6503 0.4308 0.6257
vn -0.6591 0.434 0.6142
vn -0.3694 0.2422 0.8971
vn -0.663 0.4322 0.6112
vn -0.3981 0.2428 0.8846
vn -0.4058 0.2232 0.8863
vn -0.4058 0.2232 0.8863
vn -0.6662 0.4194 0.6167
vn -0.4456 0.292 0.8463
vn -0.2293 0.0893 0.9692
vn -0.2293 0.0893 0.9692
vn -0.3318 0.173 0.9273
vn -0.3318 0.173 0.9273
vn -0.5268 0.1847 0.8296
vn -0.7763 0.1959 0.5992
vn -0.5883 0.2266 0.7762
vn -0.7915 0.2195 0.5703
vn -0.6478 0.2872 0.7056
vn -0.488 0.2779 0.8274
vn -0.488 0.2779 0.8274
vn -0.56 0.313 0.7671
vn -0.56 0.313 0.7671
vn -0.6351 0.371 0.6775
vn -0.6351 0.371 0.6775
vn -0.7127 0.3206 0.624
vn -0.6456 0.4261 0.6338
vn -0.6456 0.4261 0.6338
vn -0.7399 0.3537 0.5722
vn -0.7129 0.4186 0.5626
vn -0.7129 0.4186 0.5626
vn -0.7655 0.4751 0.4339
vn -0.7655 0.4751 0.4339
vn -0.7518 0.4134 0.5137
vn -0.7518 0.4134 0.5137
vn -0.7429 0.3904 0.5438
vn -0.7429 0.3904 0.5438
vn -0.7528 0.366 0.5472
vn -0.7554 0.3805 0.5335
vn -0.7793 0.2699 0.5655
vn -0.7518 0.2768 0.5984
vn -0.8054 -0.1841 0.5635
vn -0.8054 -0.1841 0.5635
vn -0.7396 0.0133 0.673
vn -0.7396 0.0133 0.673
vn -0.6882 0.2733 0.6721
vn -0.7544 0.4119 0.5111
vn -0.7331 0.431 0.5262
vn -0.7761 0.4822 0.4063
vn -0.7761 0.4822 0.4063
vn -0.7792 0.4887 0.3925
vn -0.7792 0.4887 0.3925
vn -0.766 0.4945 0.4107
vn -0.766 0.4945 0.4107
vn -0.6708 0.4435 0.5944
vn -0.7615 0.5014 0.4108
vn -0.7615 0.5014 0.4108
vn -0.7427 0.5028 0.4424
vn -0.7427 0.5028 0.4424
vn -0.6001 0.4362 0.6706
vn -0.7412 0.5018 0.446
vn -0.7412 0.5018 0.446
vn -0.7144 0.4993 0.4903
vn -0.7144 0.4993 0.4903
vn -0.5257 0.42 0.7398
vn -0.7142 0.4915 0.4984
vn -0.7142 0.4915 0.4984
vn -0.6797 0.4861 0.5493
vn -0.6797 0.4861 0.5493
vn -0.6377 0.4242 0.643
vn -0.6214 0.4141 0.6651
vn -0.3695 0.2422 0.8971
vn -0.679 0.4728 0.5617
vn -0.679 0.4728 0.5617
vn -0.4416 0.3921 0.807
vn -0.6336 0.4629 0.6199
vn -0.6336 0.4629 0.6199
vn -0.3325 0.3554 0.8736
vn -0.6304 0.4448 0.6362
vn -0.6304 0.4448 0.6362
vn -0.5743 0.4254 0.6995
vn -0.5743 0.4254 0.6995
vn -0.6026 0.3947 0.6937
vn -0.1978 0.3069 0.931
vn -0.4892 0.3755 0.7872
vn -0.4892 0.3755 0.7872
vn 0.3098 0.1067 0.9448
vn 0.3755 0.0899 0.9225
vn -0.0437 0.2498 0.9673
vn 0.2226 0.1151 0.9681
vn 0.5918 -0.0478 0.8046
vn 0.5918 -0.0478 0.8046
vn 0.536 -0.0876 0.8396
vn 0.536 -0.0876 0.8396
vn 0.5893 -0.0671 0.8051
vn 0.5893 -0.0671 0.8051
vn 0.1579 0.1329 0.9785
vn 0.4738 -0.0865 0.8763
vn 0.4738 -0.0865 0.8763
vn 0.0267 0.1664 0.9857
vn 0.4485 -0.0573 0.892
vn 0.4485 -0.0573 0.892
vn -0.099 0.2035 0.9741
vn 0.3274 -0.0451 0.9438
vn 0.3274 -0.0451 0.9438
vn 0.3895 -0.0475 0.9198
vn 0.3895 -0.0475 0.9198
vn 0.5539 -0.1528 0.8185
vn 0.7486 -0.2195 0.6256
vn 0.7564 -0.2363 0.6099
vn 0.5429 -0.1554 0.8253
vn 0.293 -0.027 0.9557
vn 0.293 -0.027 0.9557
vn 0.2661 -0.0227 0.9637
vn 0.2661 -0.0227 0.9637
vn 0.1603 0.0176 0.9869
vn 0.1603 0.0176 0.9869
vn 0.3661 -0.087 0.9265
vn 0.5525 -0.1706 0.8159
vn 0.33 -0.0893 0.9397
vn 0.1123 0.0312 0.9932
vn 0.1123 0.0312 0.9932
vn 0.3691 -0.1122 0.9226
vn -0.0415 0.0914 0.9949
vn -0.0415 0.0914 0.9949
vn 0.0243 0.0297 0.9993
vn 0.0243 0.0297 0.9993
vn -0.2352 0.2382 0.9423
vn -0.3981 0.2743 0.8754
vn -0.5245 0.2971 0.7979
vn -0.21 0.0984 0.9727
vn -0.21 0.0984 0.9727
vn -0.1353 0.1005 0.9857
vn -0.1353 0.1005 0.9857
vn 0.0382 -0.0057 0.9993
vn 0.3936 -0.1109 0.9126
vn -0.2086 0.0412 0.9771
vn -0.2086 0.0412 0.9771
vn -0.0111 0.0131 0.9999
vn -0.3545 0.1441 0.9239
vn -0.3545 0.1441 0.9239
vn -0.3255 0.0817 0.942
vn -0.5947 0.2929 0.7487
vn -0.4455 0.1615 0.8806
vn -0.4455 0.1615 0.8806
vn -0.5096 0.1454 0.848
vn -0.5096 0.1454 0.848
vn -0.5907 0.1514 0.7925
vn -0.5907 0.1514 0.7925
vn -0.433 0.0835 0.8975
vn -0.7825 0.1498 0.6044
vn -0.785 0.1575 0.5992
vn -0.785 0.1575 0.5992
vn -0.0124 -0.0136 0.9998
vn -0.4556 0.0894 0.8857
vn -0.0128 0.0007 0.9999
vn 0.4047 -0.1203 0.9065
vn 0.4169 -0.1295 0.8997
vn 0.7615 -0.2429 0.6009
vn 0.7713 -0.2377 0.5904
vn 0.4304 -0.1369 0.8922
vn 0.4447 -0.1416 0.8844
vn -0.0098 -0.0286 0.9995
vn 0.7812 -0.2284 0.581
vn 0.9264 -0.2666 0.2658
vn 0.7907 -0.2149 0.5732
vn 0.9325 -0.2446 0.2659
vn 0.9383 -0.2179 0.2683
vn 0.9646 -0.2638 -0.0011
vn 0.9646 -0.2638 -0.0011
vn 0.973 -0.2306 -0.0013
vn 0.973 -0.2306 -0.0013
vn 0.968 -0.2508 -0.0011
vn 0.968 -0.2508 -0.0011
vn 0.9324 -0.245 -0.2658
vn 0.9383 -0.2184 -0.2682
vn 0.9263 -0.267 -0.2658
vn 0.782 -0.2285 -0.5799
vn 0.7915 -0.2152 -0.572
vn 0.7998 -0.1976 -0.5668
vn 0.4439 -0.1412 -0.8849
vn 0.458 -0.1429 -0.8774
vn -0.007 -0.0426 -0.9991
vn -0.0002 -0.0555 -0.9985
vn 0.4711 -0.1412 -0.8707
vn 0.4816 -0.1363 -0.8657
vn 0.8055 -0.1755 -0.566
vn 0.0088 -0.0668 -0.9977
vn -0.463 0.0137 -0.8862
vn -0.4684 0.0327 -0.8829
vn 0.0193 -0.0762 -0.9969
vn -0.4526 -0.0048 -0.8917
vn 0.0306 -0.0842 -0.996
vn 0.4878 -0.1285 -0.8635
vn 0.807 -0.1494 -0.5713
vn 0.4875 -0.118 -0.8651
vn 0.8025 -0.1195 -0.5846
vn 0.9477 -0.1071 -0.3007
vn 0.7897 -0.0858 -0.6075
vn 0.9443 -0.0598 -0.3235
vn 0.9982 -0.0576 -0.0165
vn 0.9982 -0.0576 -0.0165
vn 0.9999 -0.0082 -0.014
vn 0.9999 -0.0082 -0.014
vn 0.9356 -0.008 -0.3531
vn 0.9993 -0.037 -0.0074
vn 0.9993 -0.037 -0.0074
vn 0.9441 -0.0597 0.3241
vn 0.9476 -0.1068 0.3011
vn 0.8055 -0.1491 0.5735
vn 0.8007 -0.1192 0.5871
vn 0.9469 -0.149 0.2848
vn 0.9961 -0.0881 -0.0074
vn 0.9961 -0.0881 -0.0074
vn 0.9943 -0.1055 -0.0163
vn 0.9943 -0.1055 -0.0163
vn 0.9909 -0.1346 -0.007
vn 0.9909 -0.1346 -0.007
vn 0.947 -0.1494 -0.2844
vn 0.9888 -0.1488 -0.0153
vn 0.9888 -0.1488 -0.0153
vn 0.9434 -0.1866 -0.274
vn 0.9818 -0.1897 -0.0123
vn 0.9818 -0.1897 -0.0123
vn 0.9842 -0.1772 -0.0057
vn 0.9842 -0.1772 -0.0057
vn 0.9434 -0.1862 0.2743
vn 0.8042 -0.1753 0.5679
vn 0.7987 -0.1973 0.5684
vn 0.4724 -0.1415 0.8699
vn 0.4591 -0.1432 0.8768
vn -0.0049 -0.0431 0.9991
vn 0.0026 -0.0561 0.9984
vn 0.0124 -0.0674 0.9977
vn -0.4689 0.0521 0.8817
vn -0.4685 0.0326 0.8829
vn -0.4631 0.0136 0.8862
vn -0.8006 0.1206 0.587
vn -0.7975 0.1014 0.5948
vn -0.9395 0.1416 0.312
vn -0.7902 0.0817 0.6073
vn -0.9412 0.1575 0.2989
vn -0.9416 0.1713 0.2898
vn -0.9831 0.1833 0.0011
vn -0.9831 0.1833 0.0011
vn -0.9835 0.1807 0.0009
vn -0.9835 0.1807 0.0009
vn -0.9847 0.1745 0.0011
vn -0.9847 0.1745 0.0011
vn -0.9397 0.1421 -0.3111
vn -0.9414 0.1579 -0.2981
vn -0.9858 0.168 0.0013
vn -0.9858 0.168 0.0013
vn -0.9875 0.1578 0.0014
vn -0.9875 0.1578 0.0014
vn -0.9882 0.1531 0.0016
vn -0.9882 0.1531 0.0016
vn -0.9365 0.1252 -0.3275
vn -0.9362 0.1247 0.3285
vn -0.7788 0.0621 0.6241
vn -0.9313 0.1074 0.3479
vn -0.9899 0.142 0.0017
vn -0.9899 0.142 0.0017
vn -0.9907 0.1358 0.0018
vn -0.9907 0.1358 0.0018
vn -0.9318 0.1078 -0.3467
vn -0.9922 0.1243 0.0019
vn -0.9922 0.1243 0.0019
vn -0.9254 0.09 -0.3682
vn -0.7773 0.0622 -0.6261
vn -0.7612 0.0428 -0.6471
vn -0.7407 0.0234 -0.6714
vn -0.437 -0.0225 -0.8992
vn -0.4158 -0.0394 -0.9086
vn 0.0522 -0.0931 -0.9943
vn 0.0421 -0.0902 -0.995
vn -0.3896 -0.0544 -0.9194
vn -0.7154 0.0044 -0.6987
vn -0.3593 -0.0657 -0.9309
vn 0.0594 -0.0913 -0.9941
vn 0.429 -0.062 -0.9012
vn 0.4593 -0.0861 -0.8841
vn 0.0616 -0.0819 -0.9947
vn -0.3271 -0.0705 -0.9424
vn 0.0572 -0.0626 -0.9964
vn 0.3883 -0.0299 -0.9211
vn 0.689 0.0393 -0.7237
vn 0.3385 0.0109 -0.9409
vn 0.638 0.0921 -0.7645
vn 0.8742 0.1659 -0.4564
vn 0.8468 0.2297 -0.4798
vn 0.5846 0.1497 -0.7974
vn 0.8199 0.2954 -0.4904
vn 0.228 0.0422 -0.9727
vn 0.5342 0.2101 -0.8189
vn 0.7844 0.3832 -0.4877
vn 0.1774 0.0973 -0.9793
vn 0.4764 0.286 -0.8314
vn 0.2461 0.2537 -0.9355
vn 0.4341 0.3233 -0.8408
vn 0.623 0.3927 -0.6765
vn 0.126 0.1559 -0.9797
vn 0.0867 0.1783 -0.9802
vn -0.1986 0.0155 -0.98
vn -0.2081 0.0639 -0.976
vn -0.0544 0.1296 -0.9901
vn -0.0749 0.1493 -0.9859
vn 0.0486 0.2069 -0.9771
vn -0.1926 0.0772 -0.9782
vn -0.3572 0.0432 -0.933
vn -0.1974 0.1043 -0.9748
vn -0.3567 0.0642 -0.932
vn -0.2133 -0.0316 -0.9765
vn -0.2133 -0.0316 -0.9765
vn -0.0945 0.0011 -0.9955
vn -0.0945 0.0011 -0.9955
vn -0.0479 0.0238 -0.9986
vn -0.0479 0.0238 -0.9986
vn -0.1395 -0.0286 -0.9898
vn -0.1395 -0.0286 -0.9898
vn 0.1148 -0.3527 -0.9287
vn 0.0207 -0.3933 -0.9192
vn 0.3161 -0.7342 -0.6008
vn -0.1058 -0.4381 -0.8927
vn -0.2467 -0.1356 -0.9595
vn -0.2467 -0.1356 -0.9595
vn -0.4434 0.0085 -0.8963
vn -0.4434 0.0085 -0.8963
vn -0.2909 -0.2079 -0.9339
vn -0.3741 -0.2485 -0.8935
vn -0.2019 -0.4778 -0.855
vn -0.0009 -0.6694 -0.7429
vn -0.0647 -0.7052 -0.7061
vn -0.2812 -0.5148 -0.8099
vn -0.1331 -0.7398 -0.6595
vn -0.3592 -0.5547 -0.7506
vn -0.4706 -0.2794 -0.837
vn -0.512 -0.1007 -0.853
vn -0.512 -0.1007 -0.853
vn -0.5921 -0.0825 -0.8017
vn -0.5921 -0.0825 -0.8017
vn -0.5459 -0.3179 -0.7752
vn -0.6704 -0.2018 -0.714
vn -0.6704 -0.2018 -0.714
vn -0.653 -0.1141 -0.7487
vn -0.653 -0.1141 -0.7487
vn -0.4234 -0.5876 -0.6896
vn -0.4234 -0.5876 -0.6896
vn -0.62 -0.3563 -0.699
vn -0.62 -0.3563 -0.699
vn -0.6652 -0.3694 -0.6489
vn -0.4665 -0.6056 -0.6447
vn -0.7394 -0.1526 -0.6558
vn -0.7394 -0.1526 -0.6558
vn -0.7394 -0.1526 -0.6558
vn -0.7241 -0.0583 -0.6872
vn -0.775 -0.1631 -0.6105
vn -0.775 -0.1631 -0.6105
vn -0.8609 -0.1226 -0.4938
vn -0.807 -0.1839 -0.5611
vn -0.807 -0.1839 -0.5611
vn -0.7 -0.3878 -0.5996
vn -0.5086 -0.6008 -0.6168
vn -0.8113 -0.2437 -0.5314
vn -0.8113 -0.2437 -0.5314
vn -0.9491 -0.1688 -0.2659
vn -0.5303 -0.5322 -0.66
vn -0.8264 -0.2183 -0.5191
vn -0.8264 -0.2183 -0.5191
vn -0.8536 -0.1997 -0.4811
vn -0.8536 -0.1997 -0.4811
vn -0.6008 -0.3788 -0.704
vn -0.111 -0.5483 -0.8289
vn -0.6738 -0.2264 -0.7034
vn -0.2947 -0.2455 -0.9235
vn -0.4187 -0.2088 -0.8838
vn -0.4187 -0.2088 -0.8838
vn 0.183 -0.4332 -0.8825
vn 0.183 -0.4332 -0.8825
vn -0.0264 -0.1232 -0.992
vn -0.0264 -0.1232 -0.992
vn -0.5018 -0.1224 -0.8563
vn -0.5018 -0.1224 -0.8563
vn -0.6257 -0.1334 -0.7686
vn -0.6257 -0.1334 -0.7686
vn -0.3219 -0.0883 -0.9426
vn -0.3219 -0.0883 -0.9426
vn 0.0039 -0.0061 -1
vn -0.0876 -0.0253 -0.9958
vn 0.0037 -0.0058 -1
vn -0.0962 -0.0265 -0.995
vn -0.3799 -0.0831 -0.9213
vn -0.0876 -0.041 -0.9953
vn -0.0876 -0.041 -0.9953
vn 0.0037 -0.0058 -1
vn 0.0167 -0.0266 -0.9995
vn 0.0039 -0.0061 -1
vn 0.0037 -0.0058 -1
vn 0.0038 -0.006 -1
vn 0.1135 -0.1811 -0.9769
vn 0.0039 -0.0065 -1
vn 0.0039 -0.0061 -1
vn -0.0964 -0.0282 -0.9949
vn 0.0039 -0.0063 -1
vn 0.0038 -0.006 -1
vn -0.0876 -0.0253 -0.9958
vn 0.0039 -0.0062 -1
vn 0.0039 -0.0062 -1
vn 0.0168 -0.0267 -0.9995
vn 0.0038 -0.006 -1
vn 0.1136 -0.1811 -0.9769
vn 0.0099 -0.0158 -0.9998
vn 0.0039 -0.0062 -1
vn 0.0039 -0.0063 -1
vn 0.0038 -0.0062 -1
vn 0.0039 -0.0062 -1
vn 0.0037 -0.0057 -1
vn 0.0038 -0.0061 -1
vn 0.004 -0.0065 -1
vn 0.0167 -0.0267 -0.9995
vn 0.1135 -0.181 -0.9769
vn 0.0036 -0.0058 -1
vn 0.0039 -0.0065 -1
vn 0.0167 -0.0267 -0.9995
vn 0.0038 -0.0061 -1
vn 0.0039 -0.0062 -1
vn 0.0039 -0.0063 -1
vn 0.0038 -0.0062 -1
vn 0.0099 -0.0158 -0.9998
vn 0.0038 -0.0062 -1
vn 0.0037 -0.0057 -1
vn 0.0039 -0.0063 -1
vn 0.0042 -0.0063 -1
vn 0.0898 0.0589 -0.9942
vn 0.0037 -0.0057 -1
vn 0.004 -0.0065 -1
vn 0.0899 0.057 -0.9943
vn 0.004 -0.0065 -1
vn 0.0039 -0.0065 -1
vn 0.0893 0.0549 -0.9945
vn 0.0038 -0.0061 -1
vn 0.3376 0.2335 -0.9119
vn 0.0036 -0.0058 -1
vn 0.0039 -0.0065 -1
vn 0.091 0.0545 -0.9944
vn 0.3373 0.2276 -0.9135
vn 0.6121 0.4212 -0.6693
vn 0.296 0.048 -0.954
vn 0.296 0.048 -0.954
vn 0.4369 0.1036 -0.8935
vn 0.5223 0.2175 -0.8246
vn 0.5223 0.2175 -0.8246
vn 0.0036 -0.0058 -1
vn 0.1015 0.0327 -0.9943
vn 0.1015 0.0327 -0.9943
vn 0.1015 0.0327 -0.9943
vn 0.5573 -0.2799 -0.7817
vn 0.5573 -0.2799 -0.7817
vn -0.6569 0.664 -0.3571
vn -0.6569 0.664 -0.3571
vn 0.2557 0.3808 -0.8886
vn 0.2557 0.3808 -0.8886
vn 0.7683 0.4943 -0.4066
vn 0.7683 0.4943 -0.4066
vn 0.7618 0.507 -0.4033
vn 0.7618 0.507 -0.4033
vn 0.7618 0.507 -0.4033
vn 0.8072 0.5612 -0.1829
vn 0.7607 0.5256 -0.3809
vn 0.7607 0.5256 -0.3809
vn 0.8321 0.5073 -0.2244
vn 0.7543 0.492 -0.4347
vn 0.8673 0.4977 0.0115
vn 0.8673 0.4977 0.0115
vn 0.8827 0.4674 0.0495
vn 0.8827 0.4674 0.0495
vn 0.7741 0.425 -0.4693
vn 0.8945 0.4422 0.0655
vn 0.8945 0.4422 0.0655
vn 0.8577 0.4512 -0.2464
vn 0.7892 0.4168 -0.451
vn 0.7892 0.4168 -0.451
vn 0.7675 0.4664 -0.4398
vn 0.7675 0.4664 -0.4398
vn 0.7743 0.4764 -0.4166
vn 0.7743 0.4764 -0.4166
vn 0.6676 0.3479 -0.6582
vn 0.7403 0.228 -0.6325
vn 0.5618 -0.137 -0.8159
vn 0.8121 0.104 -0.5741
vn 0.6981 -0.3613 -0.6181
vn 0.851 0.0386 -0.5237
vn 0.7297 0.4098 -0.5474
vn 0.7297 0.4098 -0.5474
vn 0.7719 0.3923 -0.5004
vn 0.7719 0.3923 -0.5004
vn 0.7694 -0.4559 -0.4474
vn 0.8502 0.0058 -0.5265
vn 0.7872 -0.4851 -0.3807
vn 0.8316 -0.005 -0.5553
vn 0.7865 -0.5278 -0.3207
vn 0.7865 -0.5278 -0.3207
vn 0.7084 0.3961 -0.5841
vn 0.7084 0.3961 -0.5841
vn 0.7897 0.0123 -0.6134
vn 0.7897 0.0123 -0.6134
vn 0.7876 -0.4876 -0.3767
vn 0.8507 -0.1464 0.5049
vn 0.8507 -0.1464 0.5049
vn 0.7334 0.3139 -0.6029
vn 0.7334 0.3139 -0.6029
vn 0.6434 0.2786 -0.713
vn 0.6434 0.2786 -0.713
vn 0.6892 0.3526 -0.633
vn 0.6892 0.3526 -0.633
vn 0.6892 0.3526 -0.633
vn 0.5931 0.4485 -0.6686
vn 0.5242 0.3052 -0.795
vn 0.5242 0.3052 -0.795
vn 0.3962 0.3723 -0.8393
vn 0.1991 0.2831 -0.9382
vn 0.325 0.2242 -0.9187
vn 0.325 0.2242 -0.9187
vn 0.4519 0.1807 -0.8736
vn 0.4519 0.1807 -0.8736
vn 0.6586 -0.0887 -0.7472
vn 0.4987 -0.1631 -0.8513
vn 0.3683 -0.2321 -0.9003
vn 0.6863 -0.528 -0.5001
vn 0.2849 0.0834 -0.9549
vn 0.2849 0.0834 -0.9549
vn 0.5953 -0.5797 -0.5563
vn 0.5895 -0.7828 -0.1991
vn 0.5297 -0.8444 -0.0798
vn 0.5294 -0.8446 -0.0803
vn 0.5294 -0.8446 -0.0803
vn 0.5296 -0.8445 -0.0803
vn 0.5633 -0.7988 -0.2112
vn 0.5226 -0.6234 -0.5816
vn 0.4676 -0.6552 -0.5934
vn 0.2687 -0.2836 -0.9205
vn 0.5438 -0.8106 -0.2174
vn 0.5296 -0.8445 -0.0803
vn 0.5297 -0.8444 -0.0804
vn 0.5297 -0.8444 -0.0798
vn 0.5294 -0.8446 -0.0803
vn 0.5296 -0.8445 -0.0803
vn 0.5295 -0.8442 -0.083
vn 0.5297 -0.8444 -0.0804
vn 0.5297 -0.8444 -0.0804
vn 0.5296 -0.8444 -0.0804
vn 0.5297 -0.8444 -0.0802
vn 0.5292 -0.8194 -0.2205
vn 0.5297 -0.8444 -0.0804
vn 0.5296 -0.8444 -0.0804
vn 0.5296 -0.8445 -0.0803
vn 0.5296 -0.8444 -0.0803
vn 0.5295 -0.8443 -0.0826
vn 0.5297 -0.8444 -0.0802
vn 0.5295 -0.8442 -0.0829
vn 0.5296 -0.8444 -0.0804
vn 0.5297 -0.8444 -0.0804
vn 0.4221 -0.681 -0.5984
vn 0.5297 -0.8444 -0.0802
vn 0.5173 -0.8268 -0.221
vn 0.5296 -0.8444 -0.0803
vn 0.5296 -0.8444 -0.0803
vn 0.505 -0.8338 -0.2232
vn 0.5296 -0.8445 -0.0803
vn 0.5297 -0.8444 -0.0803
vn 0.5297 -0.8444 -0.0804
vn 0.5296 -0.8445 -0.0803
vn 0.4898 -0.8428 -0.2231
vn 0.376 -0.705 -0.6013
vn 0.1862 -0.3235 -0.9277
vn 0.0324 0.0041 -0.9995
vn 0.0324 0.0041 -0.9995
vn 0.0494 0.0766 -0.9958
vn 0.0494 0.0766 -0.9958
vn 0.1492 0.0278 -0.9884
vn 0.1492 0.0278 -0.9884
vn 0.168 0.1415 -0.9756
vn 0.168 0.1415 -0.9756
vn 0.5292 -0.8447 -0.0806
vn 0.5297 -0.8444 -0.0803
vn 0.5035 -0.8511 -0.1488
vn 0.2574 -0.7698 -0.5841
vn 0.4129 -0.8418 -0.3476
vn 0.5297 -0.8444 -0.0804
vn 0.5292 -0.8447 -0.0806
vn 0.53 -0.8442 -0.0805
vn 0.5295 -0.8445 -0.0802
vn 0.5297 -0.8444 -0.0803
vn 0.5296 -0.8444 -0.0805
vn 0.5295 -0.8443 -0.0825
vn 0.5296 -0.8444 -0.0805
vn 0.4818 -0.8659 -0.1343
vn 0.4818 -0.8659 -0.1343
vn 0.4818 -0.8659 -0.1343
vn 0.4983 -0.8552 -0.1428
vn 0.53 -0.8442 -0.0805
vn 0.5292 -0.8447 -0.0806
vn 0.5295 -0.8445 -0.0802
vn 0.4919 -0.8592 -0.1411
vn 0.53 -0.8442 -0.0805
vn 0.5295 -0.8445 -0.0802
vn 0.486 -0.8632 -0.1367
vn 0.5296 -0.8444 -0.0805
vn 0.5284 -0.8424 -0.1059
vn 0.5284 -0.8422 -0.1069
vn 0.5284 -0.8424 -0.106
vn 0.5284 -0.8422 -0.1069
vn 0.4786 -0.8659 -0.1456
vn 0.4786 -0.8659 -0.1456
vn 0.5284 -0.8422 -0.1069
vn 0.4802 -0.8627 -0.1589
vn 0.4802 -0.8627 -0.1589
vn 0.5211 -0.8308 -0.1958
vn 0.4787 -0.7633 -0.4339
vn 0.4187 -0.868 -0.267
vn 0.4187 -0.868 -0.267
vn 0.5211 -0.8308 -0.1958
vn 0.4681 -0.8622 -0.1934
vn 0.4681 -0.8622 -0.1934
vn 0.106 -0.9892 -0.1014
vn 0.3084 -0.907 -0.2866
vn 0.0457 -0.889 -0.4556
vn 0.0345 -0.8934 -0.4478
vn -0.2209 -0.7853 -0.5783
vn -0.007 -0.7814 -0.624
vn -0.2478 -0.7826 -0.5711
vn 0.3499 -0.7585 -0.5497
vn 0.3499 -0.7585 -0.5497
vn -0.3601 -0.6343 -0.6841
vn -0.3601 -0.6343 -0.6841
vn 0.3247 -0.5178 -0.7915
vn -0.4268 -0.4116 -0.8052
vn -0.4268 -0.4116 -0.8052
vn 0.3247 -0.5178 -0.7915
vn 0.4787 -0.7633 -0.4339
vn 0.521 -0.8308 -0.1958
vn 0.4788 -0.7633 -0.4338
vn 0.3249 -0.518 -0.7913
vn 0.4789 -0.7634 -0.4334
vn 0.5211 -0.8307 -0.1958
vn 0.6018 -0.7554 -0.2592
vn 0.6018 -0.7554 -0.2592
vn 0.5284 -0.8423 -0.1064
vn 0.6113 -0.7701 -0.1824
vn 0.6113 -0.7701 -0.1824
vn 0.6393 -0.744 -0.1944
vn 0.6393 -0.744 -0.1944
vn 0.8093 -0.4147 -0.4159
vn 0.8093 -0.4147 -0.4159
vn 0.5297 -0.8444 -0.0798
vn 0.6052 -0.7765 -0.1754
vn 0.6052 -0.7765 -0.1754
vn 0.6052 -0.7765 -0.1754
vn 0.5284 -0.8424 -0.1059
vn 0.8242 -0.189 -0.5338
vn 0.8242 -0.189 -0.5338
vn 0.5666 -0.6746 -0.4731
vn 0.5666 -0.6746 -0.4731
vn 0.3249 -0.5179 -0.7914
vn 0.4301 -0.4285 -0.7946
vn 0.4301 -0.4285 -0.7946
vn 0.7459 -0.0902 -0.6599
vn 0.7459 -0.0902 -0.6599
vn 0.1134 -0.1809 -0.9769
vn 0.2655 -0.1206 -0.9565
vn 0.2655 -0.1206 -0.9565
vn 0.5861 0.073 -0.807
vn 0.5861 0.073 -0.807
vn -0.1864 -0.7703 -0.6099
vn -0.1864 -0.7703 -0.6099
vn 0.0692 -0.8793 -0.4712
vn 0.0692 -0.8793 -0.4712
vn 0.1063 -0.8558 -0.5062
vn 0.3181 -0.9035 -0.2872
vn 0.3181 -0.9035 -0.2872
vn 0.3366 -0.8912 -0.3041
vn 0.3591 -0.8758 -0.3226
vn 0.1539 -0.8281 -0.5391
vn 0.2006 -0.8013 -0.5636
vn 0.385 -0.861 -0.3323
vn 0.0776 -0.6271 -0.775
vn 0.912 0.4101 0.0131
vn 0.912 0.4101 0.0131
vn 0.9286 0.3711 0.0028
vn 0.9286 0.3711 0.0028
vn 0.7907 0.3776 0.482
vn 0.847 0.4762 0.2362
vn 0.6298 0.3929 0.6701
vn 0.5353 0.2113 0.8178
vn 0.8201 0.2944 0.4908
vn 0.7728 0.4222 0.4739
vn 0.4797 0.2882 0.8288
vn 0.2448 0.2566 0.935
vn 0.1751 0.0982 0.9796
vn 0.1214 0.1568 0.9801
vn 0.4447 0.3282 0.8334
vn 0.6031 0.4487 0.6595
vn 0.4088 0.3798 0.8299
vn 0.1958 0.2868 0.9378
vn 0.4661 0.1851 0.8651
vn 0.4661 0.1851 0.8651
vn 0.5405 0.3141 0.7805
vn 0.5405 0.3141 0.7805
vn 0.3279 0.2314 0.9159
vn 0.3279 0.2314 0.9159
vn 0.5011 -0.1598 0.8505
vn 0.2812 0.0783 0.9564
vn 0.2812 0.0783 0.9564
vn 0.3571 -0.233 0.9045
vn 0.1548 0.1418 0.9777
vn 0.1548 0.1418 0.9777
vn 0.1338 0.0232 0.9907
vn 0.1338 0.0232 0.9907
vn 0.0361 0.2047 0.9782
vn 0.077 0.1773 0.9811
vn -0.0845 0.1462 0.9856
vn -0.0624 0.1273 0.9899
vn 0.0361 0.0732 0.9967
vn 0.0361 0.0732 0.9967
vn 0.2564 -0.2873 0.9229
vn 0.023 -0.0021 0.9997
vn 0.023 -0.0021 0.9997
vn 0.1773 -0.329 0.9275
vn -0.0579 0.0198 0.9981
vn -0.0579 0.0198 0.9981
vn -0.1126 -0.0079 0.9936
vn -0.1126 -0.0079 0.9936
vn 0.1022 -0.355 0.9293
vn -0.202 0.1006 0.9742
vn -0.3476 0.0647 0.9354
vn -0.1539 -0.0306 0.9876
vn -0.1539 -0.0306 0.9876
vn -0.1959 0.0751 0.9777
vn -0.351 0.0438 0.9354
vn -0.213 -0.0322 0.9765
vn -0.213 -0.0322 0.9765
vn 0.0197 -0.3919 0.9198
vn -0.244 -0.122 0.9621
vn -0.244 -0.122 0.9621
vn -0.2752 -0.2041 0.9395
vn -0.0948 -0.4312 0.8972
vn -0.4294 0.0139 0.903
vn -0.4294 0.0139 0.903
vn -0.4606 -0.0354 0.8869
vn -0.4606 -0.0354 0.8869
vn -0.3613 -0.2411 0.9007
vn -0.5017 -0.0806 0.8613
vn -0.5017 -0.0806 0.8613
vn -0.4575 -0.2759 0.8453
vn -0.271 -0.5088 0.8171
vn -0.1878 -0.4716 0.8616
vn -0.0596 -0.6978 0.7138
vn 0.0112 -0.664 0.7476
vn 0.0863 -0.6224 0.7779
vn 0.1604 -0.8243 0.5429
vn 0.2104 -0.7975 0.5654
vn 0.2654 -0.7675 0.5836
vn 0.3636 -0.8738 0.3231
vn 0.3883 -0.8584 0.3353
vn 0.4155 -0.8399 0.3492
vn 0.5296 -0.8444 0.0804
vn 0.4928 -0.8587 0.1411
vn 0.5293 -0.8446 0.0802
vn 0.5293 -0.8446 0.0805
vn 0.4982 -0.8548 0.1452
vn 0.5296 -0.8444 0.0804
vn 0.5294 -0.8443 0.0825
vn 0.5294 -0.8445 0.0805
vn 0.5296 -0.8444 0.0804
vn 0.5293 -0.8446 0.0805
vn 0.5297 -0.8444 0.0803
vn 0.5293 -0.8446 0.0802
vn 0.5297 -0.8444 0.0802
vn 0.5034 -0.8508 0.151
vn 0.5293 -0.8446 0.0805
vn 0.5297 -0.8444 0.0803
vn 0.4899 -0.8428 0.223
vn 0.5297 -0.8444 0.0803
vn 0.5298 -0.8443 0.0803
vn 0.5297 -0.8444 0.0802
vn 0.5295 -0.8445 0.0803
vn 0.5298 -0.8443 0.08
vn 0.5296 -0.8443 0.0825
vn 0.5298 -0.8443 0.0803
vn 0.5296 -0.8444 0.0804
vn 0.5297 -0.8444 0.0802
vn 0.5044 -0.8347 0.2209
vn 0.5298 -0.8443 0.0803
vn 0.5295 -0.8445 0.0803
vn 0.3165 -0.7342 0.6006
vn 0.3716 -0.7077 0.6009
vn 0.4162 -0.6836 0.5995
vn 0.5156 -0.8274 0.2228
vn 0.5298 -0.8443 0.08
vn 0.5295 -0.8445 0.0803
vn 0.5274 -0.8207 0.2198
vn 0.5296 -0.8444 0.0804
vn 0.5298 -0.8443 0.08
vn 0.5297 -0.8444 0.0804
vn 0.5295 -0.8445 0.0802
vn 0.4607 -0.6591 0.5945
vn 0.5424 -0.8114 0.2179
vn 0.5297 -0.8444 0.0803
vn 0.5295 -0.8445 0.0802
vn 0.5167 -0.6242 0.586
vn 0.5643 -0.7976 0.2129
vn 0.5297 -0.8444 0.0803
vn 0.5965 -0.5757 0.5593
vn 0.6926 -0.5254 0.4942
vn 0.5908 -0.7824 0.1969
vn 0.5296 -0.8444 0.0804
vn 0.5297 -0.8444 0.0803
vn 0.6765 -0.7102 0.1946
vn 0.6765 -0.7102 0.1946
vn 0.5297 -0.8444 0.0804
vn 0.5297 -0.8444 0.0803
vn 0.5295 -0.8443 0.0825
vn 0.5296 -0.8444 0.0804
vn 0.5295 -0.8445 0.0802
vn 0.607 -0.7754 0.1744
vn 0.607 -0.7754 0.1744
vn 0.607 -0.7754 0.1744
vn 0.5296 -0.8444 0.0804
vn 0.5283 -0.8424 0.1064
vn 0.6092 -0.7721 0.1811
vn 0.6092 -0.7721 0.1811
vn 0.711 -0.6465 0.2768
vn 0.711 -0.6465 0.2768
vn 0.7849 -0.4954 0.3722
vn 0.8343 -0.0097 0.5513
vn 0.7874 -0.4861 0.3791
vn 0.8056 -0.4259 0.4119
vn 0.8056 -0.4259 0.4119
vn 0.8504 0.0033 0.5261
vn 0.604 -0.7536 0.2592
vn 0.604 -0.7536 0.2592
vn 0.7696 -0.449 0.4539
vn 0.8229 -0.1711 0.5419
vn 0.8229 -0.1711 0.5419
vn 0.5646 -0.6732 0.4776
vn 0.5646 -0.6732 0.4776
vn 0.8466 0.0403 0.5306
vn 0.6919 -0.3644 0.6233
vn 0.74 -0.0868 0.6669
vn 0.74 -0.0868 0.6669
vn 0.5582 -0.1372 0.8183
vn 0.8062 0.098 0.5835
vn 0.4322 -0.4255 0.795
vn 0.4322 -0.4255 0.795
vn 0.3246 -0.5175 0.7917
vn 0.2205 -0.1197 0.968
vn 0.2205 -0.1197 0.968
vn 0.5767 0.0596 0.8148
vn 0.5767 0.0596 0.8148
vn 0.1131 -0.1805 0.9771
vn 0.004 -0.0063 1
vn 0.004 -0.0064 1
vn 0.0168 -0.0268 0.9995
vn 0.004 -0.0064 1
vn 0.0168 -0.0269 0.9995
vn 0.1132 -0.1805 0.977
vn 0.3246 -0.5176 0.7917
vn 0.4788 -0.7634 0.4335
vn 0.4789 -0.7636 0.433
vn 0.3246 -0.5175 0.7917
vn 0.4788 -0.7634 0.4335
vn 0.3246 -0.5177 0.7916
vn 0.1132 -0.1804 0.977
vn 0.004 -0.0065 1
vn 0.0169 -0.0269 0.9995
vn 0.0041 -0.0065 1
vn 0.004 -0.0063 1
vn 0.0039 -0.0064 1
vn 0.0041 -0.0065 1
vn 0.0168 -0.0268 0.9995
vn 0.1132 -0.1806 0.977
vn 0.175 -0.4344 0.8836
vn 0.175 -0.4344 0.8836
vn -0.0326 -0.1236 0.9918
vn -0.0326 -0.1236 0.9918
vn -0.0908 -0.0426 0.995
vn 0.0041 -0.0065 1
vn -0.0908 -0.0426 0.995
vn -0.4444 -0.1091 0.8892
vn -0.4444 -0.1091 0.8892
vn -0.458 -0.2023 0.8656
vn -0.458 -0.2023 0.8656
vn -0.3071 -0.2455 0.9195
vn -0.6882 -0.2285 0.6885
vn -0.6093 -0.3801 0.6959
vn -0.1295 -0.5378 0.8331
vn -0.5172 -0.1052 0.8494
vn -0.5172 -0.1052 0.8494
vn -0.6084 -0.1369 0.7818
vn -0.6084 -0.1369 0.7818
vn -0.3878 -0.085 0.9178
vn -0.0988 -0.0281 0.9947
vn 0.0013 -0.007 1
vn 0.0041 -0.0065 1
vn -0.0965 -0.0268 0.995
vn 0.0013 -0.007 1
vn 0.004 -0.0065 1
vn -0.3905 -0.0887 0.9163
vn -0.7147 -0.1494 0.6833
vn -0.8936 -0.1799 0.4113
vn -0.8936 -0.1799 0.4113
vn -0.7191 -0.1559 0.6772
vn -0.6611 -0.1223 0.7402
vn -0.6611 -0.1223 0.7402
vn -0.8939 -0.1844 0.4085
vn -0.8939 -0.1844 0.4085
vn -0.9565 -0.2067 0.206
vn -0.896 -0.1921 0.4003
vn -0.896 -0.1921 0.4003
vn -0.8991 -0.2012 0.3887
vn -0.8991 -0.2012 0.3887
vn -0.7231 -0.1634 0.6711
vn -0.3968 -0.0975 0.9127
vn -0.3929 -0.0926 0.9149
vn -0.7251 -0.1708 0.6671
vn -0.3992 -0.1026 0.9111
vn -0.7291 -0.1797 0.6604
vn -0.903 -0.2108 0.3744
vn -0.903 -0.2108 0.3744
vn -0.9524 -0.2467 0.179
vn -0.9026 -0.2174 0.3714
vn -0.9026 -0.2174 0.3714
vn -0.9 -0.2241 0.3738
vn -0.9 -0.2241 0.3738
vn -0.9005 -0.2318 0.368
vn -0.9005 -0.2318 0.368
vn -0.7314 -0.1898 0.6551
vn -0.4012 -0.1079 0.9096
vn -0.4024 -0.1133 0.9084
vn -0.7318 -0.1983 0.652
vn -0.9018 -0.243 0.3573
vn -0.9018 -0.243 0.3573
vn -0.6092 -0.1809 0.7721
vn -0.6092 -0.1809 0.7721
vn -0.7555 -0.2195 0.6173
vn -0.7555 -0.2195 0.6173
vn -0.7129 -0.2551 0.6532
vn -0.9044 -0.2724 0.3285
vn -0.9044 -0.2724 0.3285
vn -0.9064 -0.2586 0.334
vn -0.9064 -0.2586 0.334
vn -0.9064 -0.2586 0.334
vn -0.8738 -0.4122 0.2579
vn -0.8738 -0.4122 0.2579
vn -0.5873 -0.5871 0.5571
vn -0.5687 -0.7498 0.3382
vn -0.9646 -0.2567 -0.0611
vn -0.9646 -0.2567 -0.0611
vn -0.9122 -0.4022 0.0778
vn -0.9122 -0.4022 0.0778
vn -0.9122 -0.4022 0.0778
vn -0.8892 -0.313 0.3337
vn -0.8892 -0.313 0.3337
vn -0.8821 -0.3599 0.304
vn -0.8821 -0.3599 0.304
vn -0.8979 -0.3928 0.1985
vn -0.8979 -0.3928 0.1985
vn -0.9278 -0.3508 0.1273
vn -0.9278 -0.3508 0.1273
vn -0.7593 -0.6468 0.0708
vn -0.7593 -0.6468 0.0708
vn -0.582 -0.795 0.1712
vn -0.0357 -0.9869 0.1572
vn -0.0859 -0.9948 0.0544
vn -0.0859 -0.9948 0.0544
vn -0.0379 -0.9188 0.3928
vn -0.5676 -0.8206 0.0667
vn -0.5676 -0.8206 0.0667
vn -0.324 -0.9436 0.0682
vn -0.324 -0.9436 0.0682
vn 0.1053 -0.9944 0.0001
vn 0.1053 -0.9944 0.0001
vn -0.3352 -0.9421 0.0001
vn -0.3352 -0.9421 0.0001
vn -0.0912 -0.9945 -0.0511
vn -0.0912 -0.9945 -0.0511
vn -0.5689 -0.8193 -0.071
vn -0.5689 -0.8193 -0.071
vn -0.2438 -0.968 -0.0598
vn -0.2438 -0.968 -0.0598
vn -0.7124 -0.7018 0.0001
vn -0.7124 -0.7018 0.0001
vn -0.9105 -0.4135 0
vn -0.9105 -0.4135 0
vn -0.9105 -0.4135 0
vn -0.7618 -0.6435 -0.0744
vn -0.7618 -0.6435 -0.0744
vn -0.9097 -0.4089 -0.0725
vn -0.9097 -0.4089 -0.0725
vn -0.9097 -0.4089 -0.0725
vn -0.8902 -0.4298 -0.1511
vn -0.8902 -0.4298 -0.1511
vn -0.6351 -0.7504 -0.1833
vn -0.034 -0.9176 -0.396
vn -0.5645 -0.7487 -0.3474
vn -0.3266 -0.9274 -0.1824
vn -0.901 -0.3815 -0.2064
vn -0.901 -0.3815 -0.2064
vn -0.8665 -0.4136 -0.2795
vn -0.8665 -0.4136 -0.2795
vn -0.8765 -0.3571 -0.3229
vn -0.8765 -0.3571 -0.3229
vn -0.8834 -0.3098 -0.3517
vn -0.8834 -0.3098 -0.3517
vn -0.897 -0.2699 -0.35
vn -0.897 -0.2699 -0.35
vn -0.8983 -0.2559 -0.3572
vn -0.8983 -0.2559 -0.3572
vn -0.8983 -0.2559 -0.3572
vn -0.5783 -0.5827 -0.571
vn -0.9497 -0.2469 -0.1929
vn -0.9685 -0.2491 -0.0068
vn -0.9685 -0.2491 -0.0068
vn -0.9756 -0.2188 -0.0201
vn -0.9756 -0.2188 -0.0201
vn -0.9774 -0.2111 -0.0061
vn -0.9774 -0.2111 -0.0061
vn -0.954 -0.2047 -0.219
vn -0.9812 -0.1928 -0.0112
vn -0.9812 -0.1928 -0.0112
vn -0.9829 -0.1839 -0.0037
vn -0.9829 -0.1839 -0.0037
vn -0.952 -0.1693 0.2549
vn -0.869 -0.1215 0.4797
vn -0.9606 -0.1078 0.2562
vn -0.8391 -0.2228 0.4962
vn -0.8391 -0.2228 0.4962
vn -0.8631 -0.205 0.4616
vn -0.8631 -0.205 0.4616
vn -0.889 -0.1903 0.4164
vn -0.889 -0.1903 0.4164
vn -0.8239 -0.2479 0.5096
vn -0.8239 -0.2479 0.5096
vn -0.9883 -0.1516 0.0169
vn -0.9883 -0.1516 0.0169
vn -0.9832 -0.1613 0.0851
vn -0.9832 -0.1613 0.0851
vn -0.8614 -0.0742 0.5025
vn -0.8531 -0.0704 0.5169
vn -0.7112 -0.05 0.7012
vn -0.5501 0.0008 0.8351
vn -0.8573 -0.1054 0.504
vn -0.991 -0.1339 0.0086
vn -0.991 -0.1339 0.0086
vn -0.9954 -0.0956 -0.0101
vn -0.9954 -0.0956 -0.0101
vn -0.9911 -0.133 -0.003
vn -0.9911 -0.133 -0.003
vn -0.8566 -0.07 -0.5112
vn -0.9495 -0.1357 -0.283
vn -0.8524 -0.0719 -0.5179
vn -0.8507 -0.1067 -0.5147
vn -0.7121 -0.0542 -0.7
vn -0.5537 -0.0016 -0.8327
vn -0.9961 -0.0876 -0.0045
vn -0.9961 -0.0876 -0.0045
vn -0.9965 -0.0841 0.0025
vn -0.9965 -0.0841 0.0025
vn -0.9977 -0.0684 0.0006
vn -0.9977 -0.0684 0.0006
vn -0.8562 -0.0523 0.514
vn -0.8631 -0.0334 0.5039
vn -0.567 -0.0359 0.8229
vn -0.551 -0.0271 0.8341
vn -0.9993 -0.037 0.0002
vn -0.9993 -0.037 0.0002
vn -0.9998 -0.0201 0.0005
vn -0.9998 -0.0201 0.0005
vn -0.856 -0.0536 -0.5142
vn -0.8633 -0.0343 -0.5035
vn -0.8736 -0.0137 -0.4864
vn -0.5909 -0.0408 -0.8057
vn -0.5676 -0.0369 -0.8225
vn -0.9998 -0.0209 0.0009
vn -0.9998 -0.0209 0.0009
vn -0.8732 -0.013 0.4873
vn -1 -0.0055 0.0011
vn -1 -0.0055 0.0011
vn -0.9999 0.0136 0.0015
vn -0.9999 0.0136 0.0015
vn -0.8853 0.0084 -0.4649
vn -0.9996 0.0297 0.0017
vn -0.9996 0.0297 0.0017
vn -0.8847 0.0088 0.466
vn -0.8964 0.0306 0.4423
vn -0.6551 -0.028 0.755
vn -0.6218 -0.0375 0.7823
vn -0.9989 0.0467 0.0019
vn -0.9989 0.0467 0.0019
vn -0.998 0.0627 0.002
vn -0.998 0.0627 0.002
vn -0.897 0.0303 -0.4409
vn -0.9078 0.0515 -0.4161
vn -0.686 -0.0134 -0.7275
vn -0.6537 -0.0283 -0.7562
vn -0.9977 0.0676 0.0021
vn -0.9977 0.0676 0.0021
vn -0.9072 0.0514 0.4175
vn -0.9966 0.082 0.0022
vn -0.9966 0.082 0.0022
vn -0.9962 0.0874 0.0021
vn -0.9962 0.0874 0.0021
vn -0.9168 0.0711 0.393
vn -0.9173 0.0713 -0.3917
vn -0.9949 0.1006 0.0021
vn -0.9949 0.1006 0.0021
vn -0.9943 0.1066 0.002
vn -0.9943 0.1066 0.002
vn -0.9249 0.0897 0.3696
vn -0.9929 0.1189 0.002
vn -0.9929 0.1189 0.002
vn -0.7425 0.0235 0.6695
vn -0.7629 0.0428 0.6451
vn -0.437 -0.0227 0.8992
vn -0.416 -0.0396 0.9085
vn 0.047 -0.0906 0.9948
vn -0.3896 -0.0545 0.9194
vn 0.0572 -0.0933 0.994
vn 0.4805 -0.104 0.8708
vn 0.4611 -0.0857 0.8832
vn 0.0638 -0.0913 0.9938
vn -0.3594 -0.0659 0.9309
vn 0.4303 -0.0614 0.9006
vn 0.0651 -0.0818 0.9945
vn -0.3272 -0.0707 0.9423
vn 0.0591 -0.0623 0.9963
vn 0.3887 -0.0291 0.9209
vn 0.6372 0.0926 0.7652
vn 0.338 0.0118 0.9411
vn 0.6874 0.0397 0.7252
vn 0.874 0.1654 0.4569
vn 0.8993 0.1042 0.4247
vn 0.7309 -0.0068 0.6825
vn 0.7647 -0.0481 0.6426
vn 0.9202 0.0467 0.3886
vn 0.9966 0.0823 -0.0081
vn 0.9966 0.0823 -0.0081
vn 0.9886 0.1504 -0.0096
vn 0.9886 0.1504 -0.0096
vn 0.9911 0.1306 -0.027
vn 0.9911 0.1306 -0.027
vn 0.9353 -0.0081 0.3538
vn 0.7877 -0.0856 0.6101
vn 0.998 0.0596 -0.0202
vn 0.998 0.0596 -0.0202
vn 0.9998 0.0169 -0.0063
vn 0.9998 0.0169 -0.0063
vn 0.9205 0.0469 -0.3879
vn 0.8996 0.1046 -0.424
vn 0.7667 -0.0484 -0.6401
vn 0.7328 -0.0071 -0.6804
vn 0.4784 -0.1042 -0.8719
vn 0.9835 0.1808 -0.0007
vn 0.9835 0.1808 -0.0007
vn 0.9763 0.2165 -0.0005
vn 0.9763 0.2165 -0.0005
vn 0.9689 0.2473 0.0003
vn 0.9689 0.2473 0.0003
vn 0.8467 0.229 0.4802
vn 0.9599 0.2803 0.0006
vn 0.9599 0.2803 0.0006
vn 0.9485 0.3166 0.0015
vn 0.9485 0.3166 0.0015
vn 0.9376 0.3477 0.0018
vn 0.9376 0.3477 0.0018
vn 0.5846 0.1505 0.7972
vn 0.2268 0.0431 0.973
vn -0.2005 -0.017 0.9796
vn 0.0393 -0.0644 0.9972
vn -0.2465 -0.0659 0.9669
vn -0.5912 -0.0403 0.8055
vn -0.2964 -0.0661 0.9528
vn -0.1995 0.0151 0.9798
vn -0.2089 0.0626 0.9759
vn 0.4895 -0.118 0.864
vn 0.4898 -0.1286 0.8623
vn 0.0355 -0.0847 0.9958
vn -0.4528 -0.0049 0.8916
vn 0.0235 -0.0768 0.9968
vn 0.4834 -0.1365 0.8647
vn -0.6877 -0.0132 0.7258
vn -0.7173 0.0046 0.6968
vn -0.6208 -0.038 -0.783
vn -0.2962 -0.066 -0.9528
vn -0.246 -0.0659 -0.967
vn 0.039 -0.065 -0.9971
vn -0.1998 -0.0167 -0.9797
vn -0.5526 -0.0285 -0.833
vn -0.5374 -0.0085 -0.8433
vn -0.5383 0.0041 -0.8427
vn -0.4755 -0.0449 -0.8786
vn -0.4755 -0.0449 -0.8786
vn -0.7236 -0.052 0.6882
vn -0.5812 -0.0751 0.8103
vn -0.5812 -0.0751 0.8103
vn -0.6494 -0.1067 0.7529
vn -0.6494 -0.1067 0.7529
vn -0.7875 -0.1632 0.5944
vn -0.7875 -0.1632 0.5944
vn -0.6684 -0.2069 0.7144
vn -0.6684 -0.2069 0.7144
vn -0.7498 -0.1471 0.6451
vn -0.7498 -0.1471 0.6451
vn -0.7498 -0.1471 0.6451
vn -0.5232 0.0112 0.8521
vn -0.5258 -0.004 0.8506
vn -0.678 -0.3729 0.6334
vn -0.6306 -0.3532 0.691
vn -0.6306 -0.3532 0.691
vn -0.4322 -0.5881 0.6836
vn -0.4322 -0.5881 0.6836
vn -0.5428 -0.3135 0.7791
vn -0.4796 -0.6096 0.6312
vn -0.5252 -0.6041 0.5994
vn -0.2317 -0.7901 0.5674
vn -0.2578 -0.7783 0.5725
vn 0.0387 -0.8104 0.5845
vn -0.2979 -0.7068 0.6416
vn 0.0418 -0.8945 0.4451
vn 0.4159 -0.8709 0.2617
vn 0.4159 -0.8709 0.2617
vn 0.1071 -0.9906 0.0852
vn 0.0397 -0.8934 0.4475
vn 0.3043 -0.9095 0.2833
vn -0.1933 -0.7721 0.6053
vn -0.1933 -0.7721 0.6053
vn 0.0648 -0.8815 0.4677
vn 0.0648 -0.8815 0.4677
vn -0.1329 -0.7367 0.663
vn 0.1092 -0.855 0.507
vn 0.3164 -0.9048 0.2851
vn 0.3164 -0.9048 0.2851
vn 0.5294 -0.8445 0.0805
vn 0.4809 -0.8664 0.1345
vn 0.4809 -0.8664 0.1345
vn 0.4809 -0.8664 0.1345
vn 0.5291 -0.8436 0.0914
vn 0.4769 -0.868 0.1384
vn 0.4769 -0.868 0.1384
vn 0.3379 -0.8906 0.3044
vn 0.5294 -0.8445 0.0805
vn 0.5293 -0.8446 0.0802
vn 0.4853 -0.8634 0.1377
vn 0.5291 -0.8436 0.0914
vn 0.4777 -0.8644 0.1572
vn 0.4777 -0.8644 0.1572
vn 0.5283 -0.8424 0.1059
vn 0.5291 -0.8436 0.0914
vn 0.5283 -0.8424 0.1059
vn 0.5211 -0.8307 0.1958
vn 0.521 -0.8308 0.1958
vn 0.521 -0.8308 0.1958
vn 0.5211 -0.8307 0.1958
vn 0.479 -0.7636 0.433
vn 0.5283 -0.8423 0.1065
vn 0.5296 -0.8444 0.0804
vn 0.5297 -0.8444 0.0804
vn 0.5295 -0.8443 0.0825
vn 0.087 -0.8954 0.4367
vn 0.087 -0.8954 0.4367
vn -0.358 -0.5509 0.7538
vn 0.3458 -0.7595 0.551
vn 0.3458 -0.7595 0.551
vn -0.4107 -0.6146 0.6735
vn -0.4107 -0.6146 0.6735
vn -0.4279 -0.4271 0.7966
vn -0.4279 -0.4271 0.7966
vn -0.6005 -0.4992 0.6247
vn -0.7171 -0.3908 0.577
vn -0.8205 -0.1867 0.5403
vn -0.8205 -0.1867 0.5403
vn -0.8957 -0.1779 0.4075
vn -0.8957 -0.1779 0.4075
vn -0.8957 -0.1779 0.4075
vn -0.8852 -0.1778 -0.43
vn -0.8852 -0.1778 -0.43
vn -0.8874 -0.1759 -0.4262
vn -0.8874 -0.1759 -0.4262
vn -0.8874 -0.1759 -0.4262
vn -0.8874 -0.1897 -0.4202
vn -0.8874 -0.1897 -0.4202
vn -0.8951 -0.2086 -0.3941
vn -0.8951 -0.2086 -0.3941
vn -0.8911 -0.1993 -0.4076
vn -0.8911 -0.1993 -0.4076
vn -0.8861 -0.1829 -0.4259
vn -0.8861 -0.1829 -0.4259
vn -0.8801 -0.1879 -0.4359
vn -0.8801 -0.1879 -0.4359
vn -0.7583 -0.1524 -0.6339
vn -0.7583 -0.1524 -0.6339
vn -0.7031 -0.1469 -0.6958
vn -0.3833 -0.0867 -0.9195
vn -0.708 -0.1532 -0.6894
vn -0.3862 -0.091 -0.9179
vn -0.7116 -0.1605 -0.6841
vn -0.3897 -0.0958 -0.9159
vn -0.7145 -0.1682 -0.6791
vn -0.3902 -0.0999 -0.9153
vn -0.7175 -0.1764 -0.6739
vn -0.8924 -0.2217 -0.3931
vn -0.8924 -0.2217 -0.3931
vn -0.3928 -0.1054 -0.9136
vn -0.8949 -0.2153 -0.3908
vn -0.8949 -0.2153 -0.3908
vn -0.7207 -0.1866 -0.6676
vn -0.893 -0.2293 -0.3872
vn -0.893 -0.2293 -0.3872
vn -0.3945 -0.1109 -0.9122
vn -0.7219 -0.1955 -0.6638
vn -0.8945 -0.2406 -0.3767
vn -0.8945 -0.2406 -0.3767
vn -0.8313 -0.2373 -0.5026
vn -0.8313 -0.2373 -0.5026
vn -0.7099 -0.2053 -0.6737
vn -0.7099 -0.2053 -0.6737
vn -0.5836 -0.1759 -0.7928
vn -0.5836 -0.1759 -0.7928
vn -0.7039 -0.2506 -0.6646
vn -0.3605 -0.1825 -0.9147
vn -0.6562 -0.3704 -0.6575
vn -0.2685 -0.3702 -0.8893
vn 0.0095 -0.2825 -0.9592
vn 0.0095 -0.2825 -0.9592
vn -0.1122 -0.691 -0.7141
vn -0.0395 -0.1404 -0.9893
vn -0.0395 -0.1404 -0.9893
vn 0.0415 -0.0676 -0.9969
vn 0.1876 -0.2994 -0.9355
vn 0.0552 -0.0884 -0.9945
vn 0.0415 -0.0676 -0.9969
vn -0.0702 -0.079 -0.9944
vn 0.0415 -0.0676 -0.9969
vn -0.0702 -0.079 -0.9944
vn -0.4084 -0.128 -0.9038
vn -0.4084 -0.128 -0.9038
vn -0.0926 -0.0465 -0.9946
vn -0.0926 -0.0465 -0.9946
vn -0.0926 -0.0465 -0.9946
vn 0.004 -0.0063 -1
vn 0.004 -0.0064 -1
vn -0.0992 -0.0335 -0.9945
vn 0.004 -0.0063 -1
vn 0.0099 -0.0158 -0.9998
vn 0.0039 -0.0062 -1
vn 0.004 -0.0063 -1
vn 0.004 -0.0064 -1
vn 0.0038 -0.0065 -1
vn 0.004 -0.0057 -1
vn 0.0039 -0.0065 -1
vn 0.0099 -0.0158 -0.9998
vn 0.0039 -0.0063 -1
vn 0.0039 -0.0062 -1
vn 0.0039 -0.0065 -1
vn -0.0978 -0.0297 -0.9948
vn 0.0039 -0.0062 -1
vn 0.0038 -0.0065 -1
vn 0.0038 -0.0065 -1
vn -0.097 -0.0303 -0.9948
vn 0.004 -0.0057 -1
vn 0.004 -0.0057 -1
vn 0.004 -0.0064 -1
vn -0.0976 -0.0316 -0.9947
vn 0.0553 -0.0882 -0.9946
vn 0.0553 -0.0882 -0.9946
vn 0.1878 -0.2995 -0.9354
vn 0.3823 -0.6095 -0.6946
vn 0.3823 -0.6096 -0.6944
vn 0.1879 -0.2995 -0.9354
vn 0.1878 -0.2995 -0.9354
vn 0.3822 -0.6094 -0.6946
vn 0.0553 -0.0882 -0.9946
vn 0.0099 -0.0158 -0.9998
vn 0.0042 -0.0063 -1
vn 0.0039 -0.0063 -1
vn 0.0038 -0.0061 -1
vn 0.0553 -0.0882 -0.9946
vn 0.0381 -0.0607 -0.9974
vn 0.1874 -0.2996 -0.9355
vn 0.1302 -0.0034 -0.9915
vn 0.1302 -0.0034 -0.9915
vn 0.0381 -0.0607 -0.9974
vn 0.1134 0.0278 -0.9932
vn 0.0381 -0.0607 -0.9974
vn 0.1134 0.0278 -0.9932
vn 0.095 0.0534 -0.994
vn 0.095 0.0534 -0.994
vn 0.095 0.0534 -0.994
vn 0.0038 -0.0061 -1
vn 0.0042 -0.0063 -1
vn 0.0038 -0.0061 -1
vn 0.0892 0.0607 -0.9942
vn 0.3358 0.2552 -0.9067
vn 0.4309 0.3014 -0.8506
vn 0.4309 0.3014 -0.8506
vn 0.5491 0.3848 -0.7419
vn 0.5491 0.3848 -0.7419
vn 0.3599 0.2324 -0.9036
vn 0.6284 0.4985 -0.5972
vn 0.6284 0.4985 -0.5972
vn 0.6154 0.4725 -0.6309
vn 0.6092 0.4701 -0.6387
vn 0.7403 0.5891 -0.3239
vn 0.7403 0.5891 -0.3239
vn 0.745 0.557 -0.367
vn 0.745 0.557 -0.367
vn 0.6083 0.4537 -0.6513
vn 0.713 0.5743 -0.4023
vn 0.713 0.5743 -0.4023
vn 0.7442 0.5748 -0.3402
vn 0.7442 0.5748 -0.3402
vn 0.7799 0.6056 -0.1582
vn 0.8193 0.5727 0.0264
vn 0.8193 0.5727 0.0264
vn 0.7959 0.6054 0.0077
vn 0.7959 0.6054 0.0077
vn 0.8316 0.5552 0.0106
vn 0.8316 0.5552 0.0106
vn 0.7311 0.5931 -0.3373
vn 0.7311 0.5931 -0.3373
vn 0.7311 0.5931 -0.3373
vn 0.8308 0.5034 -0.2374
vn 0.8308 0.5034 -0.2374
vn 0.7334 0.5926 -0.3332
vn 0.7334 0.5926 -0.3332
vn 0.7246 0.5754 -0.3794
vn 0.7507 0.6292 -0.2012
vn 0.7246 0.5754 -0.3794
vn 0.7507 0.6292 -0.2012
vn 0.7406 0.584 -0.3323
vn 0.7406 0.584 -0.3323
vn 0.7604 0.5664 -0.3177
vn 0.7604 0.5664 -0.3177
vn 0.7909 0.543 -0.2821
vn 0.7909 0.543 -0.2821
vn 0.6271 0.4622 -0.627
vn 0.3748 0.2138 -0.9021
vn 0.6357 0.4531 -0.6249
vn 0.4048 0.169 -0.8986
vn 0.6412 0.4462 -0.6242
vn 0.7507 0.6292 -0.2012
vn 0.7375 0.5944 -0.3206
vn 0.6512 0.4316 -0.6243
vn 0.7102 0.3546 -0.6081
vn 0.4196 0.1519 -0.8949
vn 0.3697 0.2111 -0.9049
vn 0.4002 0.1867 -0.8972
vn -0.4468 -0.4729 -0.7594
vn -0.4468 -0.4729 -0.7594
vn 0.6449 0.4442 -0.6219
vn 0.6449 0.4442 -0.6219
vn 0.1756 -0.0548 -0.9829
vn 0.1756 -0.0548 -0.9829
vn 0.1295 -0.0108 -0.9915
vn 0.1295 -0.0108 -0.9915
vn 0.4664 -0.0297 -0.8841
vn 0.4664 -0.0297 -0.8841
vn 0.3819 -0.6099 -0.6944
vn 0.4228 -0.457 -0.7825
vn 0.4228 -0.457 -0.7825
vn -0.0696 -0.4303 -0.9
vn -0.0696 -0.4303 -0.9
vn -0.4304 -0.5484 -0.717
vn -0.4304 -0.5484 -0.717
vn 0.7039 -0.2355 -0.6701
vn 0.5344 -0.596 -0.5993
vn 0.5344 -0.596 -0.5993
vn 0.9491 0.1177 -0.2922
vn 0.8346 0.2011 -0.5128
vn 0.5142 0.0259 -0.8573
vn 0.5898 -0.7193 -0.367
vn 0.5898 -0.7193 -0.367
vn 0.85 -0.3945 -0.349
vn 0.6355 -0.7636 -0.1141
vn 0.6355 -0.7636 -0.1141
vn 0.894 -0.4284 -0.1313
vn 0.0062 -0.9937 -0.1117
vn 0.0062 -0.9937 -0.1117
vn 0.1692 -0.9856 -0.0049
vn 0.1692 -0.9856 -0.0049
vn 0.8355 -0.5485 -0.0323
vn 0.8355 -0.5485 -0.0323
vn 0.9836 0.1149 -0.1387
vn 0.9824 0.1824 -0.0396
vn 0.9824 0.1824 -0.0396
vn 0.9552 -0.2927 -0.0428
vn 0.9552 -0.2927 -0.0428
vn 0.9971 -0.0601 -0.0456
vn 0.9971 -0.0601 -0.0456
vn 0.992 0.126 0.0051
vn 0.992 0.126 0.0051
vn 0.8571 0.5151 0.0059
vn 0.8571 0.5151 0.0059
vn 0.8571 0.5151 0.0059
vn 0.8571 0.5151 0.0059
vn 0.7795 0.6264 0.009
vn 0.7795 0.6264 0.009
vn 0.8535 0.5165 0.0684
vn 0.8535 0.5165 0.0684
vn 0.8535 0.5165 0.0684
vn 0.7664 0.6409 0.0435
vn 0.7664 0.6409 0.0435
vn 0.5283 0.8482 0.0396
vn 0.5283 0.8482 0.0396
vn 0.855 0.5156 -0.0557
vn 0.855 0.5156 -0.0557
vn 0.855 0.5156 -0.0557
vn 0.8454 0.5205 -0.1197
vn 0.8454 0.5205 -0.1197
vn 0.8091 0.564 -0.1652
vn 0.8091 0.564 -0.1652
vn 0.982 0.1123 0.1517
vn 0.843 0.521 0.134
vn 0.843 0.521 0.134
vn 0.8296 0.4972 0.2539
vn 0.8296 0.4972 0.2539
vn 0.8028 0.5684 0.1802
vn 0.8028 0.5684 0.1802
vn 0.9451 0.1122 0.3071
vn 0.8457 -0.3968 0.357
vn 0.8925 -0.4289 0.1394
vn 0.6975 -0.2389 0.6756
vn 0.827 0.1938 0.5278
vn 0.7902 0.5283 0.3106
vn 0.7902 0.5283 0.3106
vn 0.4906 0.0293 0.8709
vn 0.6931 0.3542 0.6278
vn 0.3703 0.1999 0.9072
vn 0.7528 0.5637 0.3399
vn 0.7528 0.5637 0.3399
vn 0.6187 0.4489 0.6448
vn 0.5452 0.4271 0.7213
vn 0.5452 0.4271 0.7213
vn 0.4142 0.3173 0.8531
vn 0.4142 0.3173 0.8531
vn 0.4701 0.3423 0.8135
vn 0.4701 0.3423 0.8135
vn 0.7305 0.5825 0.3565
vn 0.7305 0.5825 0.3565
vn 0.7776 0.6044 0.1732
vn 0.7273 0.5888 0.3526
vn 0.7273 0.5888 0.3526
vn 0.7273 0.5888 0.3526
vn 0.7354 0.5849 0.3421
vn 0.7354 0.5849 0.3421
vn 0.6021 0.4665 0.648
vn 0.7377 0.573 0.3571
vn 0.7377 0.573 0.3571
vn 0.7395 0.5584 0.376
vn 0.7395 0.5584 0.376
vn 0.8092 0.5558 0.1905
vn 0.7372 0.5517 0.3902
vn 0.7372 0.5517 0.3902
vn 0.6014 0.4558 0.6562
vn 0.3314 0.2463 0.9108
vn 0.6032 0.4464 0.661
vn 0.3314 0.2525 0.9091
vn 0.0039 -0.0062 1
vn 0.0885 0.0586 0.9944
vn 0.0042 -0.0063 1
vn 0.0041 -0.0064 1
vn 0.096 0.0517 0.994
vn 0.0038 -0.0061 1
vn 0.096 0.0517 0.994
vn 0.096 0.0517 0.994
vn 0.0038 -0.0061 1
vn 0.0866 0.0589 0.9945
vn 0.0042 -0.0063 1
vn 0.3449 0.2274 0.9107
vn 0.3449 0.2274 0.9107
vn 0.1336 0.0153 0.9909
vn 0.0424 -0.0666 0.9969
vn 0.1336 0.0153 0.9909
vn 0.0558 -0.0887 0.9945
vn 0.0424 -0.0666 0.9969
vn 0.2363 0.0511 0.9703
vn 0.2363 0.0511 0.9703
vn 0.0424 -0.0666 0.9969
vn 0.1881 -0.2996 0.9354
vn 0.2651 -0.1564 0.9514
vn 0.2651 -0.1564 0.9514
vn 0.4804 -0.0715 0.8741
vn 0.4804 -0.0715 0.8741
vn 0.3822 -0.6098 0.6943
vn 0.421 -0.4559 0.7842
vn 0.421 -0.4559 0.7842
vn 0.5343 -0.596 0.5995
vn 0.5343 -0.596 0.5995
vn 0.586 -0.7205 0.3708
vn 0.586 -0.7205 0.3708
vn 0.5016 -0.8002 0.3287
vn 0.5018 -0.8 0.3288
vn 0.5291 -0.8436 0.0913
vn 0.3825 -0.6099 0.6941
vn 0.3825 -0.6098 0.6942
vn 0.188 -0.2997 0.9353
vn 0.1881 -0.2999 0.9353
vn 0.0556 -0.0887 0.9945
vn 0.0556 -0.0887 0.9945
vn 0.004 -0.0063 1
vn 0.0102 -0.0162 0.9998
vn 0.0039 -0.0062 1
vn 0.0041 -0.0064 1
vn 0.0039 -0.0064 1
vn 0.0102 -0.0162 0.9998
vn 0.0039 -0.0063 1
vn 0.004 -0.0063 1
vn -0.0972 -0.0282 0.9949
vn 0.0039 -0.0057 1
vn 0.0041 -0.0065 1
vn 0.0039 -0.0064 1
vn 0.0039 -0.0063 1
vn 0.004 -0.0065 1
vn 0.0013 -0.007 1
vn 0.0039 -0.0063 1
vn 0.004 -0.0064 1
vn 0.0101 -0.0162 0.9998
vn 0.0039 -0.0057 1
vn 0.0557 -0.0887 0.9945
vn 0.004 -0.0064 1
vn 0.0102 -0.0162 0.9998
vn 0.004 -0.0063 1
vn -0.1001 -0.0301 0.9945
vn 0.0039 -0.0057 1
vn 0.004 -0.0064 1
vn 0.004 -0.0064 1
vn -0.0994 -0.0312 0.9946
vn 0.004 -0.0064 1
vn -0.1007 -0.0328 0.9944
vn -0.1017 -0.0343 0.9942
vn 0.004 -0.0063 1
vn 0.004 -0.0064 1
vn 0.004 -0.0063 1
vn -0.0948 -0.0482 0.9943
vn -0.0948 -0.0482 0.9943
vn -0.0948 -0.0482 0.9943
vn 0.0555 -0.0889 0.9945
vn 0.018 -0.03 0.9994
vn -0.0814 -0.0576 0.995
vn -0.0814 -0.0576 0.995
vn 0.018 -0.03 0.9994
vn -0.3971 -0.1258 0.9091
vn -0.3971 -0.1258 0.9091
vn -0.3689 -0.186 0.9107
vn -0.5772 -0.1752 0.7976
vn -0.5772 -0.1752 0.7976
vn -0.0507 -0.1253 0.9908
vn -0.0507 -0.1253 0.9908
vn 0.018 -0.03 0.9994
vn -0.2732 -0.3732 0.8866
vn -0.6645 -0.3745 0.6467
vn 0.0179 -0.2901 0.9568
vn 0.0179 -0.2901 0.9568
vn -0.1165 -0.6941 0.7104
vn 0.3933 -0.8374 0.3796
vn 0.3933 -0.8374 0.3796
vn 0.6601 -0.4966 0.5637
vn 0.6601 -0.4966 0.5637
vn -0.1368 -0.4259 0.8944
vn -0.1368 -0.4259 0.8944
vn 0.3376 -0.5522 0.7623
vn 0.3376 -0.5522 0.7623
vn 0.3823 -0.6099 0.6942
vn 0.5017 -0.8001 0.3288
vn 0.5293 -0.8434 0.0919
vn 0.5291 -0.8436 0.0918
vn 0.5018 -0.8001 0.3288
vn 0.3824 -0.6096 0.6944
vn 0.5291 -0.8436 0.0915
vn 0.5018 -0.8 0.3288
vn 0.5291 -0.8436 0.0918
vn 0.3776 -0.9208 0.0975
vn 0.5313 -0.8471 0.011
vn 0.5313 -0.8471 0.011
vn 0.5314 -0.8471 0.0002
vn 0.5313 -0.8472 0.0002
vn 0.5415 -0.8406 -0.0108
vn 0.5415 -0.8406 -0.0108
vn 0.5313 -0.8472 0.0002
vn 0.5314 -0.8471 0.0003
vn 0.5313 -0.8471 -0.0108
vn 0.5313 -0.8472 0.0002
vn 0.5314 -0.8471 0.0002
vn 0.5314 -0.8471 0.0002
vn 0.5313 -0.8472 -0.0002
vn 0.5314 -0.8471 0.0107
vn 0.5314 -0.8471 0.0003
vn 0.6338 -0.7643 0.1188
vn 0.6338 -0.7643 0.1188
vn 0.6447 -0.7642 0.0194
vn 0.5313 -0.8472 -0.0002
vn 0.6447 -0.7642 0.0194
vn 0.6447 -0.7642 0.0194
vn 0.5313 -0.8472 -0.0002
vn 0.5314 -0.8471 0.0003
vn 0.6476 -0.762 0.0009
vn 0.6476 -0.762 0.0009
vn 0.5313 -0.8472 0.0007
vn 0.5313 -0.8472 0.0007
vn 0.5314 -0.847 -0.0105
vn 0.5314 -0.8471 0.0003
vn 0.5292 -0.8436 -0.0916
vn 0.5313 -0.8472 0.0007
vn 0.6467 -0.7625 -0.0185
vn 0.6467 -0.7625 -0.0185
vn 0.6467 -0.7625 -0.0185
vn 0.5291 -0.8436 -0.0917
vn 0.5015 -0.8002 -0.329
vn 0.5018 -0.8001 -0.3287
vn 0.5018 -0.8 -0.3288
vn 0.5292 -0.8436 -0.0914
vn 0.3824 -0.6096 -0.6944
vn 0.5292 -0.8436 -0.0913
vn 0.5415 -0.8406 -0.0108
vn 0.5415 -0.8406 -0.0108
vn 0.5313 -0.8471 -0.0108
vn 0.5314 -0.8471 -0.0002
vn 0.5313 -0.8471 -0.0108
vn 0.5314 -0.8471 0.0005
vn 0.5313 -0.8472 0.0001
vn 0.5313 -0.8471 -0.0108
vn 0.5314 -0.8471 -0.0002
vn 0.5314 -0.8471 -0.0002
vn 0.5313 -0.8471 0.0111
vn 0.5313 -0.8471 0.0111
vn 0.5313 -0.8472 0.0001
vn 0.1974 -0.8973 0.3949
vn 0.5313 -0.8472 0.0002
vn 0.5315 -0.847 0.0107
vn 0.5313 -0.8472 0.0001
vn 0.4088 -0.9038 0.1267
vn 0.4088 -0.9038 0.1267
vn 0.4315 -0.9021 0.0003
vn 0.5313 -0.8472 0.0002
vn 0.4315 -0.9021 0.0003
vn 0.5313 -0.8472 0.0001
vn 0.5314 -0.8471 0.0005
vn 0.4327 -0.9014 0.0153
vn 0.4327 -0.9014 0.0153
vn 0.5313 -0.8472 0.0002
vn 0.8227 -0.5685 0.0047
vn 0.8227 -0.5685 0.0047
vn 0.1802 -0.9831 0.0334
vn 0.1802 -0.9831 0.0334
vn 0.5314 -0.8471 0.0005
vn 0.4307 -0.9023 -0.0191
vn 0.4307 -0.9023 -0.0191
vn 0.4029 -0.9075 -0.1188
vn 0.4029 -0.9075 -0.1188
vn 0.1862 -0.9818 -0.0376
vn 0.1862 -0.9818 -0.0376
vn 0.5131 -0.8574 -0.0403
vn 0.5131 -0.8574 -0.0403
vn 0.0389 -0.9871 -0.1551
vn -0.0753 -0.9959 -0.0492
vn -0.0753 -0.9959 -0.0492
vn 0.3903 -0.8425 -0.3713
vn 0.3903 -0.8425 -0.3713
vn 0.8446 -0.5254 -0.1033
vn 0.8446 -0.5254 -0.1033
vn 0.5291 -0.8436 -0.0916
vn 0.5018 -0.8 -0.329
vn 0.5018 -0.8 -0.3288
vn 0.2998 -0.6126 -0.7313
vn 0.2998 -0.6126 -0.7313
vn 0.8076 -0.4228 -0.4111
vn 0.8076 -0.4228 -0.4111
vn -0.1478 -0.4202 -0.8953
vn -0.1478 -0.4202 -0.8953
vn 0.8822 -0.4574 0.1121
vn 0.8822 -0.4574 0.1121
vn 0.9049 -0.4256 0.003
vn 0.9049 -0.4256 0.003
vn 0.8678 -0.4944 0.0497
vn 0.8678 -0.4944 0.0497
vn 0.9679 -0.2432 0.064
vn 0.9679 -0.2432 0.064
vn 0.1603 -0.9871 0.0036
vn 0.1603 -0.9871 0.0036
vn -0.013 -0.9943 0.1054
vn -0.013 -0.9943 0.1054
vn 0.1877 -0.2999 0.9353
vn 0.188 -0.2998 0.9353
vn 0.0101 -0.0162 0.9998
vn 0.0038 -0.0061 1
vn 0.0039 -0.0062 1
vn 0.0042 -0.0063 1
vn 0.0889 0.0543 0.9946
vn 0.004 -0.0064 1
vn 0.0041 -0.0064 1
vn 0.004 -0.0063 1
vn 0.088 0.0566 0.9945
vn 0.0041 -0.0064 1
vn 0.0041 -0.0064 1
vn 0.0892 0.0561 0.9944
vn 0.333 0.2358 0.913
vn 0.3335 0.2414 0.9113
vn 0.3333 0.2297 0.9144
vn 0.333 0.2238 0.916
vn 0.6064 0.4165 0.6774
vn 0.6039 0.426 0.6736
vn 0.7499 0.5293 0.3969
vn 0.7499 0.5293 0.3969
vn 0.6027 0.4359 0.6684
vn 0.7247 0.519 0.4533
vn 0.7247 0.519 0.4533
vn 0.7377 0.5129 0.439
vn 0.7377 0.5129 0.439
vn 0.7481 0.5035 0.4322
vn 0.7481 0.5035 0.4322
vn 0.7481 0.5035 0.4322
vn 0.8303 0.5059 0.2335
vn 0.7631 0.4886 0.4229
vn 0.7631 0.4886 0.4229
vn 0.7665 0.4586 0.4497
vn 0.7665 0.4586 0.4497
vn 0.7534 0.4872 0.4416
vn 0.8572 0.5136 0.0371
vn 0.8572 0.5136 0.0371
vn 0.7861 0.4119 0.4608
vn 0.7861 0.4119 0.4608
vn 0.7688 0.473 0.4303
vn 0.7688 0.473 0.4303
vn 0.7331 0.2246 0.6419
vn 0.6572 0.3397 0.6728
vn 0.4258 0.0969 0.8996
vn 0.749 0.4633 0.4736
vn 0.749 0.4633 0.4736
vn 0.8174 0.5149 0.2583
vn 0.8174 0.5149 0.2583
vn 0.5673 0.3679 0.7367
vn 0.5673 0.3679 0.7367
vn 0.4396 0.2709 0.8564
vn 0.4396 0.2709 0.8564
vn 0.1013 0.0319 0.9943
vn 0.1013 0.0319 0.9943
vn 0.1013 0.0319 0.9943
vn 0.004 -0.0064 1
vn 0.927 0.3477 -0.1405
vn 0.927 0.3477 -0.1405
vn 0.004 -0.0064 1
vn 0.0881 0.0522 0.9947
vn 0.7668 0.3917 0.5085
vn 0.7668 0.3917 0.5085
vn 0.7317 0.4044 0.5487
vn 0.7317 0.4044 0.5487
vn 0.7135 0.392 0.5808
vn 0.7135 0.392 0.5808
vn 0.6957 0.3527 0.6258
vn 0.6957 0.3527 0.6258
vn 0.6957 0.3527 0.6258
vn 0.7276 0.089 0.6802
vn 0.7276 0.089 0.6802
vn 0.6552 0.2861 0.6992
vn 0.6552 0.2861 0.6992
vn 0.7916 -0.1005 0.6026
vn 0.7916 -0.1005 0.6026
vn 0.7708 -0.5539 0.3147
vn 0.7708 -0.5539 0.3147
vn 0.6712 -0.0827 0.7367
vn 0.7444 0.5437 0.3877
vn 0.7444 0.5437 0.3877
vn 0.6087 0.4415 -0.6592
vn 0.7489 0.5483 -0.372
vn 0.7489 0.5483 -0.372
vn 0.3364 0.246 -0.909
vn 0.3362 0.2386 -0.911
vn 0.6119 0.4329 -0.662
vn 0.7481 0.549 -0.3728
vn 0.7481 0.549 -0.3728
vn 0.7516 0.5441 -0.3728
vn 0.7516 0.5441 -0.3728
vn -0.0876 -0.0253 -0.9958
vn -0.1403 -0.0362 -0.9895
vn -0.7889 0.0818 -0.609
vn -0.7963 0.1016 -0.5963
vn -0.7996 0.1209 -0.5882
vn -0.9417 0.1718 -0.2893
vn -0.799 0.139 -0.5851
vn -0.4687 0.0521 -0.8818
vn -0.4642 0.0713 -0.8828
vn -0.7945 0.1548 -0.5873
vn -0.4554 0.0893 -0.8858
vn -0.0112 -0.0282 -0.9995
vn -0.013 -0.0134 -0.9998
vn 0.4301 -0.1365 -0.8924
vn 0.4169 -0.1292 -0.8997
vn 0.7719 -0.2378 -0.5897
vn 0.7619 -0.2431 -0.6004
vn 0.9204 -0.2849 -0.2677
vn 0.9606 -0.278 -0.0008
vn 0.9606 -0.278 -0.0008
vn 0.9151 -0.2985 -0.2711
vn 0.9564 -0.2922 -0.0006
vn 0.9564 -0.2922 -0.0006
vn 0.9536 -0.3009 -0.0006
vn 0.9536 -0.3009 -0.0006
vn 0.9206 -0.2845 0.2677
vn 0.9495 -0.3139 -0.0004
vn 0.9495 -0.3139 -0.0004
vn 0.9152 -0.2981 0.271
vn 0.9107 -0.308 0.2753
vn 0.7523 -0.2447 0.6117
vn 0.9474 -0.3199 -0.0004
vn 0.9474 -0.3199 -0.0004
vn 0.9106 -0.3083 -0.2754
vn 0.9472 -0.3208 -0.0002
vn 0.9472 -0.3208 -0.0002
vn 0.9454 -0.3259 -0.0001
vn 0.9454 -0.3259 -0.0001
vn 0.9066 -0.3148 -0.2811
vn 0.9453 -0.3263 0
vn 0.9453 -0.3263 0
vn 0.9067 -0.3146 0.281
vn 0.9031 -0.3171 0.2896
vn 0.7434 -0.2437 0.6229
vn 0.9442 -0.3292 0
vn 0.9442 -0.3292 0
vn 0.737 -0.2562 0.6254
vn 0.7649 -0.2481 0.5945
vn 0.9005 -0.3145 0.3003
vn 0.9417 -0.3366 0.0002
vn 0.9417 -0.3366 0.0002
vn 0.9422 -0.335 0.0001
vn 0.9422 -0.335 0.0001
vn 0.9427 -0.3336 0.0002
vn 0.9427 -0.3336 0.0002
vn 0.8995 -0.3053 0.3126
vn 0.9467 -0.3221 0.0003
vn 0.9467 -0.3221 0.0003
vn 0.9002 -0.2879 0.3268
vn 0.9442 -0.3293 0.0003
vn 0.9442 -0.3293 0.0003
vn 0.8994 -0.3054 -0.3127
vn 0.9005 -0.3146 -0.3004
vn 0.9002 -0.2878 -0.3268
vn 0.7561 -0.2361 -0.6104
vn 0.7482 -0.2194 -0.6262
vn 0.7478 -0.2054 -0.6314
vn 0.5545 -0.1542 -0.8178
vn 0.4738 -0.0785 -0.8771
vn 0.4738 -0.0785 -0.8771
vn 0.4547 -0.0793 -0.8871
vn 0.4547 -0.0793 -0.8871
vn 0.0046 0.1735 -0.9848
vn 0.0695 0.1483 -0.9865
vn 0.3712 -0.0419 -0.9276
vn 0.3712 -0.0419 -0.9276
vn 0.3397 -0.0492 -0.9393
vn 0.3397 -0.0492 -0.9393
vn -0.0615 0.1906 -0.9797
vn 0.3358 -0.0591 -0.9401
vn 0.3358 -0.0591 -0.9401
vn 0.2725 -0.0284 -0.9617
vn 0.2725 -0.0284 -0.9617
vn 0.2612 -0.0191 -0.9651
vn 0.2612 -0.0191 -0.9651
vn 0.5423 -0.1526 -0.8262
vn -0.1315 0.2094 -0.9689
vn 0.1775 0.0093 -0.9841
vn 0.1775 0.0093 -0.9841
vn -0.5437 0.4287 -0.7215
vn -0.1972 0.2281 -0.9534
vn -0.5058 0.4145 -0.7566
vn -0.4584 0.403 -0.7921
vn -0.7126 0.5 -0.4921
vn -0.7126 0.5 -0.4921
vn -0.7067 0.4872 -0.513
vn -0.7067 0.4872 -0.513
vn -0.6823 0.4852 -0.5469
vn -0.6823 0.4852 -0.5469
vn -0.678 0.4834 -0.5537
vn -0.678 0.4834 -0.5537
vn -0.636 0.424 -0.6448
vn -0.6487 0.4312 -0.6271
vn -0.3697 0.2424 -0.897
vn -0.6203 0.4127 -0.667
vn -0.3697 0.2424 -0.897
vn -0.6663 0.4652 -0.5827
vn -0.6663 0.4652 -0.5827
vn -0.6342 0.4596 -0.6217
vn -0.6342 0.4596 -0.6217
vn -0.4132 0.3818 -0.8267
vn -0.3543 0.3674 -0.8599
vn 0.1373 0.1347 -0.9813
vn -0.2951 0.3386 -0.8935
vn -0.6314 0.4556 -0.6275
vn -0.6314 0.4556 -0.6275
vn -0.6087 0.4326 -0.6651
vn -0.6087 0.4326 -0.6651
vn -0.4978 0.385 -0.7771
vn -0.4978 0.385 -0.7771
vn -0.3689 0.2424 -0.8973
vn -0.0338 0.216 -0.9758
vn -0.0338 0.216 -0.9758
vn -0.2206 0.3204 -0.9212
vn -0.4776 0.3788 -0.7927
vn -0.4776 0.3788 -0.7927
vn -0.4117 0.3287 -0.85
vn -0.4117 0.3287 -0.85
vn -0.4117 0.3287 -0.85
vn -0.5502 0.3903 -0.7382
vn -0.5502 0.3903 -0.7382
vn -0.5502 0.3903 -0.7382
vn -0.5502 0.3903 -0.7382
vn -0.5502 0.3903 -0.7382
vn -0.4527 0.3251 -0.8303
vn -0.4527 0.3251 -0.8303
vn -0.4527 0.3251 -0.8303
vn -0.4527 0.3251 -0.8303
vn -0.1498 0.2617 -0.9534
vn -0.1498 0.2617 -0.9534
vn -0.2897 0.2194 -0.9316
vn -0.0955 0.0626 -0.9935
vn 0 0 -1
vn -0.479 0.2771 -0.833
vn -0.479 0.2771 -0.833
vn -0.4628 0.2423 -0.8527
vn -0.4628 0.2423 -0.8527
vn -0.4779 0.2567 -0.8401
vn -0.4779 0.2567 -0.8401
vn -0.3632 0.2004 -0.9099
vn -0.3632 0.2004 -0.9099
vn -0.0821 0.0672 -0.9944
vn 0 0 -1
vn 0 0 -1
vn -0.1329 -0.0195 -0.9909
vn -0.3022 0.1565 -0.9403
vn -0.3022 0.1565 -0.9403
vn -0.2225 0.0701 -0.9724
vn -0.2225 0.0701 -0.9724
vn 0 0 -1
vn -0.1385 0.0045 -0.9903
vn -0.1385 0.0045 -0.9903
vn -0.603 -0.1028 -0.7911
vn -0.603 -0.1028 -0.7911
vn -0.3308 -0.693 -0.6406
vn -0.3308 -0.693 -0.6406
vn -0.572 0.0642 -0.8178
vn -0.8839 0.0294 -0.4667
vn -0.6346 0.1452 -0.7591
vn -0.7819 -0.1295 -0.6098
vn -0.7819 -0.1295 -0.6098
vn -0.5002 -0.0733 -0.8628
vn -0.8576 -0.1189 -0.5004
vn -0.6536 -0.6407 -0.4028
vn -0.6536 -0.6407 -0.4028
vn -0.8423 -0.2057 -0.4983
vn -0.4919 -0.1183 -0.8626
vn 0 0 -1
vn -0.1306 -0.0314 -0.9909
vn -0.1269 -0.0436 -0.991
vn 0 0 -1
vn -0.8998 0.1058 -0.4233
vn -0.6876 0.2018 -0.6975
vn -0.7094 0.2397 -0.6629
vn -0.9117 0.1546 -0.3806
vn -0.9917 0.0622 -0.1122
vn -0.9917 0.0622 -0.1122
vn -0.916 0.1851 -0.356
vn -0.9897 0.1017 -0.1002
vn -0.9897 0.1017 -0.1002
vn -0.9885 0.1254 -0.0847
vn -0.9885 0.1254 -0.0847
vn -0.9876 0.0886 -0.1295
vn -0.9876 0.0886 -0.1295
vn -0.9291 0.1188 -0.3502
vn -0.9291 0.1188 -0.3502
vn -0.9844 0.1127 -0.135
vn -0.9844 0.1127 -0.135
vn -0.9844 0.1127 -0.135
vn -0.9714 0.1478 -0.1861
vn -0.9714 0.1478 -0.1861
vn -0.9714 0.1478 -0.1861
vn -0.9714 0.1478 -0.1861
vn -0.8593 0.1928 -0.4738
vn -0.9341 0.1873 -0.3039
vn -0.9341 0.1873 -0.3039
vn -0.9163 0.1893 -0.353
vn -0.9163 0.1893 -0.353
vn -0.8377 0.2384 -0.4913
vn -0.1431 0.3487 -0.9262
vn -0.1431 0.3487 -0.9262
vn 0.4357 0.3314 -0.8368
vn 0.4357 0.3314 -0.8368
vn -0.6711 0.2052 -0.7124
vn -0.4842 0.2786 -0.8294
vn -0.4842 0.2786 -0.8294
vn -0.4071 0.1965 -0.892
vn -0.4071 0.1965 -0.892
vn -0.2618 0.1816 -0.9479
vn -0.1821 0.1262 -0.9751
vn -0.1821 0.1262 -0.9751
vn -0.2588 0.24 -0.9356
vn -0.2588 0.24 -0.9356
vn -0.2559 0.1965 -0.9465
vn -0.2559 0.1965 -0.9465
vn 0.0689 0.137 -0.9882
vn 0.5006 0.0157 -0.8655
vn 0.3723 0.0769 -0.9249
vn 0.3723 0.0769 -0.9249
vn 0.2916 0.1033 -0.9509
vn 0.8815 -0.4491 0.1458
vn 0.8815 -0.4491 0.1458
vn 0.7481 -0.1047 -0.6553
vn 0.7481 -0.1047 -0.6553
vn 0.7323 -0.1118 -0.6717
vn 0.7323 -0.1118 -0.6717
vn 0.7323 -0.1118 -0.6717
vn 0.9085 -0.2236 -0.3531
vn 0.6896 -0.1091 -0.7159
vn 0.6896 -0.1091 -0.7159
vn 0.7667 -0.1774 -0.617
vn 0.5818 -0.0852 -0.8089
vn 0.5818 -0.0852 -0.8089
vn 0.5718 -0.0877 -0.8157
vn 0.5718 -0.0877 -0.8157
vn 0.2143 0.1174 -0.9697
vn 0.519 -0.0875 -0.8503
vn 0.519 -0.0875 -0.8503
vn 0.4861 -0.0936 -0.8689
vn 0.4861 -0.0936 -0.8689
vn 0.9029 -0.2597 -0.3425
vn 0.9518 -0.3066 0.0002
vn 0.9518 -0.3066 0.0002
vn 0.9581 -0.2863 0.0003
vn 0.9581 -0.2863 0.0003
vn 0.9502 -0.3116 0.0004
vn 0.9502 -0.3116 0.0004
vn 0.9459 -0.3244 0.0003
vn 0.9459 -0.3244 0.0003
vn 0.9028 -0.2599 0.3425
vn 0.9084 -0.2239 0.353
vn 0.7674 -0.1774 0.6162
vn 0.7478 -0.2055 0.6313
vn 0.6874 -0.1138 0.7173
vn 0.6874 -0.1138 0.7173
vn 0.7054 -0.12 0.6986
vn 0.7054 -0.12 0.6986
vn 0.7436 -0.1065 0.6601
vn 0.7436 -0.1065 0.6601
vn 0.752 -0.0971 0.652
vn 0.752 -0.0971 0.652
vn 0.9261 -0.1628 0.3404
vn 0.9896 -0.144 0.0004
vn 0.9896 -0.144 0.0004
vn 0.9726 -0.2325 0.0004
vn 0.9726 -0.2325 0.0004
vn 0.9443 -0.0653 0.3225
vn 0.9821 -0.1884 0.0003
vn 0.9821 -0.1884 0.0003
vn 0.7872 -0.0704 0.6126
vn 0.7872 -0.0704 0.6126
vn 0.4587 0.0845 0.8846
vn 0.5259 0.087 0.8461
vn 0.8144 -0.0449 0.5786
vn 0.8144 -0.0449 0.5786
vn 0.817 -0.0149 0.5764
vn 0.817 -0.0149 0.5764
vn 0.8578 0.0281 0.5132
vn 0.8578 0.0281 0.5132
vn 0.5896 0.0999 0.8015
vn 0.6459 0.1221 0.7536
vn 0.8544 0.0707 0.5148
vn 0.8544 0.0707 0.5148
vn 0.9527 0.0853 0.2918
vn 0.8632 0.1253 0.4891
vn 0.8632 0.1253 0.4891
vn 0.9449 0.1937 0.2639
vn 0.9449 0.1937 0.2639
vn 0.9449 0.1937 0.2639
vn 0.2392 0.8156 0.5269
vn 0.2392 0.8156 0.5269
vn 0.6989 0.1644 0.6961
vn 0.6989 0.1644 0.6961
vn 0.2545 0.6672 0.7
vn 0.2545 0.6672 0.7
vn 0.6398 0.2289 0.7336
vn 0.8472 0.2446 0.4716
vn 0.8472 0.2446 0.4716
vn 0.8881 0.3451 0.3037
vn 0.8881 0.3451 0.3037
vn 0.9254 0.2847 0.2501
vn 0.8599 0.472 0.1943
vn 0.9693 0.2458 0.0002
vn 0.9693 0.2458 0.0002
vn 0.8821 0.4671 -0.0613
vn 0.8821 0.4671 -0.0613
vn 0.9859 0.1671 0.0004
vn 0.9859 0.1671 0.0004
vn 0.936 0.3519 0.0004
vn 0.936 0.3519 0.0004
vn 0.9003 0.4035 0.1631
vn 0.9003 0.4035 0.1631
vn 0.6672 0.3211 0.6721
vn 0.7998 0.4402 0.408
vn 0.7998 0.4402 0.408
vn 0.6196 0.3864 0.6832
vn 0.8381 0.5425 0.0576
vn 0.8381 0.5425 0.0576
vn 0.8199 0.5709 0.0414
vn 0.8199 0.5709 0.0414
vn 0.9076 0.2806 -0.3122
vn 0.8515 0.524 -0.0166
vn 0.8515 0.524 -0.0166
vn 0.9354 0.0936 -0.3411
vn 0.7886 0.172 -0.5904
vn 0.7886 0.172 -0.5904
vn 0.7838 0.1026 -0.6125
vn 0.7838 0.1026 -0.6125
vn 0.7706 0.2632 -0.5804
vn 0.7706 0.2632 -0.5804
vn 0.7874 0.0331 -0.6156
vn 0.7874 0.0331 -0.6156
vn 0.9388 -0.0546 -0.34
vn 0.6438 -0.0178 -0.765
vn 0.6438 -0.0178 -0.765
vn 0.8119 -0.0243 -0.5833
vn 0.8119 -0.0243 -0.5833
vn 0.8119 -0.0243 -0.5833
vn 0.8105 -0.0687 -0.5817
vn 0.8105 -0.0687 -0.5817
vn 0.7876 -0.0856 -0.6102
vn 0.7876 -0.0856 -0.6102
vn 0.9261 -0.1609 -0.3411
vn 0.4748 0.0047 -0.8801
vn 0.9999 -0.014 0.0004
vn 0.9999 -0.014 0.0004
vn 0.9968 -0.0802 0.0003
vn 0.9968 -0.0802 0.0003
vn 0.9971 0.0759 0.0003
vn 0.9971 0.0759 0.0003
vn 0.8174 0.5758 -0.017
vn 0.8174 0.5758 -0.017
vn 0.9649 -0.2626 0.0003
vn 0.9649 -0.2626 0.0003
vn -0.6984 0.2832 -0.6573
vn -0.6984 0.2832 -0.6573
vn -0.8017 0.1157 -0.5864
vn -0.8017 0.1157 -0.5864
vn -0.9899 0.0305 -0.1384
vn -0.9899 0.0305 -0.1384
vn -0.9923 -0.0056 -0.1239
vn -0.9923 -0.0056 -0.1239
vn 0 0 -1
vn -0.0955 0.0626 -0.9935
vn 0 0 -1
vn -0.1411 0.0145 -0.9899
vn -0.1423 0.0202 -0.9896
vn 0 0 -1
vn -0.0955 0.0626 -0.9935
vn 0 0 -1
vn -0.1429 0.0266 -0.9894
vn 0 0 -1
vn -0.0955 0.0626 -0.9935
vn 0 0 -1
vn -0.2898 0.0539 -0.9556
vn 0 0 -1
vn -0.0724 0.0132 -0.9973
vn -0.1658 0.0728 -0.9835
vn -0.1658 0.0728 -0.9835
vn 0 0 -1
vn -0.1658 0.0728 -0.9835
vn 0 0 -1
vn -0.0955 0.0626 -0.9935
vn -0.3697 0.2424 -0.897
vn -0.3697 0.2424 -0.897
vn -0.6584 0.434 -0.615
vn -0.6622 0.4348 -0.6102
vn -0.7398 0.5066 -0.4428
vn -0.7398 0.5066 -0.4428
vn -0.7492 0.5033 -0.4305
vn -0.7492 0.5033 -0.4305
vn -0.7365 0.4998 -0.4558
vn -0.7365 0.4998 -0.4558
vn -0.5841 0.4359 -0.6847
vn -0.7183 0.5001 -0.4837
vn -0.7183 0.5001 -0.4837
vn -0.6214 0.4423 -0.6467
vn -0.282 0.2447 -0.9277
vn 0.0498 0.0138 -0.9987
vn 0.0498 0.0138 -0.9987
vn -0.3624 0.2634 -0.894
vn 0.0761 0.0283 -0.9967
vn 0.0761 0.0283 -0.9967
vn 0.1433 0.0223 -0.9894
vn 0.1433 0.0223 -0.9894
vn 0.3313 -0.089 -0.9393
vn 0.3672 -0.0871 -0.9261
vn 0.3698 -0.1125 -0.9223
vn 0.5526 -0.1704 -0.8158
vn -0.0099 0.0554 -0.9984
vn -0.0099 0.0554 -0.9984
vn -0.0404 0.0531 -0.9978
vn -0.0404 0.0531 -0.9978
vn -0.1911 0.1035 -0.9761
vn -0.1911 0.1035 -0.9761
vn 0.0387 -0.0027 -0.9992
vn -0.2032 0.0692 -0.9767
vn -0.2032 0.0692 -0.9767
vn -0.3237 0.1297 -0.9372
vn -0.3237 0.1297 -0.9372
vn -0.0081 0.0091 -0.9999
vn 0.3941 -0.1107 -0.9124
vn 0.405 -0.1201 -0.9064
vn 0.7435 -0.2437 -0.6228
vn 0.7525 -0.2447 -0.6115
vn 0.737 -0.2562 -0.6255
vn 0.903 -0.3172 -0.2896
vn 0.7647 -0.2479 -0.5948
vn 0.9422 -0.335 0.0001
vn 0.9422 -0.335 0.0001
vn -0.0126 0.0008 -0.9999
vn -0.4305 0.082 -0.8989
vn -0.3261 0.0798 -0.9419
vn -0.5051 0.1638 -0.8474
vn -0.5051 0.1638 -0.8474
vn -0.4272 0.1535 -0.891
vn -0.4272 0.1535 -0.891
vn -0.553 0.1555 -0.8186
vn -0.553 0.1555 -0.8186
vn -0.6895 0.1055 -0.7165
vn -0.6895 0.1055 -0.7165
vn -0.6647 0.276 -0.6942
vn -0.751 0.4166 -0.5123
vn -0.7355 0.284 -0.6152
vn -0.7275 0.4318 -0.5331
vn -0.565 0.2889 -0.7729
vn -0.6955 0.4396 -0.5684
vn -0.4641 0.2724 -0.8429
vn -0.659 0.4433 -0.6076
vn -0.7617 0.5008 -0.4112
vn -0.7617 0.5008 -0.4112
vn -0.759 0.5037 -0.4126
vn -0.759 0.5037 -0.4126
vn -0.7678 0.4969 -0.4045
vn -0.7678 0.4969 -0.4045
vn -0.7725 0.4872 -0.4073
vn -0.7725 0.4872 -0.4073
vn -0.6682 0.4206 -0.6137
vn -0.446 0.2808 -0.8498
vn -0.3895 0.2456 -0.8877
vn -0.7757 0.4778 -0.4122
vn -0.7757 0.4778 -0.4122
vn -0.6989 0.4019 -0.5916
vn -0.6989 0.4019 -0.5916
vn -0.4926 0.2829 -0.823
vn -0.4926 0.2829 -0.823
vn -0.768 0.4775 -0.4269
vn -0.768 0.4775 -0.4269
vn -0.5689 0.3264 -0.7549
vn -0.5689 0.3264 -0.7549
vn -0.6503 0.3791 -0.6584
vn -0.6503 0.3791 -0.6584
vn -0.658 0.2957 -0.6926
vn -0.7228 0.3241 -0.6103
vn -0.8058 0.2419 -0.5405
vn -0.7396 0.3522 -0.5736
vn -0.8032 0.256 -0.538
vn -0.8637 0.1516 -0.4807
vn -0.8637 0.1516 -0.4807
vn -0.8798 0.1605 -0.4474
vn -0.8798 0.1605 -0.4474
vn -0.7968 0.2611 -0.5449
vn -0.7838 0.2646 -0.5618
vn -0.5224 0.5302 -0.6678
vn -0.5224 0.5302 -0.6678
vn -0.7374 0.2206 -0.6384
vn -0.7374 0.2206 -0.6384
vn -0.7369 0.1034 -0.668
vn -0.7369 0.1034 -0.668
vn -0.7994 0.1277 -0.587
vn -0.7663 0.2745 -0.5809
vn -0.7507 0.3643 -0.5512
vn -0.7571 0.3809 -0.5307
vn -0.7506 0.4016 -0.5247
vn -0.7506 0.4016 -0.5247
vn -0.758 0.3925 -0.521
vn -0.7406 0.3869 -0.5493
vn -0.7406 0.3869 -0.5493
vn -0.724 0.3856 -0.572
vn -0.724 0.3856 -0.572
vn -0.7565 0.4228 -0.499
vn -0.7565 0.4228 -0.499
vn -0.9442 0.1796 -0.2761
vn -0.9524 0.1908 -0.2378
vn -0.8957 0.1976 -0.3984
vn -0.8957 0.1976 -0.3984
vn -0.9825 0.1861 0.0079
vn -0.9825 0.1861 0.0079
vn -0.941 0.1825 -0.285
vn -0.9807 0.1957 0.0003
vn -0.9807 0.1957 0.0003
vn -0.9818 0.1898 0.0022
vn -0.9818 0.1898 0.0022
vn -0.9526 0.187 0.2398
vn -0.9808 0.195 -0.0013
vn -0.9808 0.195 -0.0013
vn -0.9541 0.1908 -0.231
vn -0.9543 0.1905 0.2305
vn -0.9018 0.1908 0.3877
vn -0.9018 0.1908 0.3877
vn -0.9293 0.1899 0.3166
vn -0.9293 0.1899 0.3166
vn -0.904 0.1956 0.3802
vn -0.904 0.1956 0.3802
vn -0.9019 0.1981 0.3838
vn -0.9019 0.1981 0.3838
vn -0.9003 0.1975 0.3879
vn -0.9003 0.1975 0.3879
vn -0.9058 0.1826 0.3823
vn -0.9058 0.1826 0.3823
vn -0.8032 0.2398 0.5453
vn -0.8849 0.1721 0.4328
vn -0.8849 0.1721 0.4328
vn -0.8069 0.2504 0.535
vn -0.8612 0.1595 0.4826
vn -0.8612 0.1595 0.4826
vn -0.7966 0.2607 0.5454
vn -0.9437 0.1808 0.2769
vn -0.941 0.182 0.2853
vn -0.795 0.1546 0.5865
vn -0.9807 0.1953 -0.0003
vn -0.9807 0.1953 -0.0003
vn -0.9804 0.1971 0.0006
vn -0.9804 0.1971 0.0006
vn -0.9811 0.1934 0.0006
vn -0.9811 0.1934 0.0006
vn -0.9823 0.1872 0.0009
vn -0.9823 0.1872 0.0009
vn -0.4645 0.0713 0.8827
vn -0.7998 0.1387 0.5841
vn -0.9279 0.1842 0.324
vn -0.9279 0.1842 0.324
vn -0.9807 0.1953 -0.004
vn -0.9807 0.1953 -0.004
vn -0.9294 0.1903 -0.3162
vn -0.9294 0.1903 -0.3162
vn -0.928 0.1845 -0.3238
vn -0.928 0.1845 -0.3238
vn -0.757 0.1717 -0.6305
vn -0.534 0.1852 -0.825
vn -0.7778 0.198 -0.5965
vn -0.7143 0.1322 -0.6873
vn -0.7143 0.1322 -0.6873
vn -0.4649 0.1361 -0.8748
vn -0.575 0.1167 -0.8098
vn -0.575 0.1167 -0.8098
vn -0.7048 0.209 -0.678
vn -0.7048 0.209 -0.678
vn -0.4979 0.186 -0.8471
vn -0.4979 0.186 -0.8471
vn -0.2771 0.0996 -0.9557
vn -0.2771 0.0996 -0.9557
vn -0.4143 0.0856 -0.9061
vn -0.4143 0.0856 -0.9061
vn -0.2512 0.055 -0.9664
vn -0.2512 0.055 -0.9664
vn -0.4095 0.2091 -0.888
vn -0.4095 0.2091 -0.888
vn -0.4181 0.2389 -0.8764
vn -0.4181 0.2389 -0.8764
vn -0.5902 0.2369 -0.7717
vn -0.7932 0.2221 -0.567
vn -0.9009 0.1973 -0.3866
vn -0.9009 0.1973 -0.3866
vn -0.9016 0.1987 -0.3842
vn -0.9016 0.1987 -0.3842
vn -0.9035 0.1961 -0.3811
vn -0.9035 0.1961 -0.3811
vn -0.9026 0.1916 -0.3854
vn -0.9026 0.1916 -0.3854
vn 0.9638 -0.2665 -0.0008
vn 0.9638 -0.2665 -0.0008
vn 0.9768 -0.2142 -0.0013
vn 0.9768 -0.2142 -0.0013
vn -0.8513 0.1331 0.5076
vn -0.8513 0.1331 0.5076
vn -0.848 0.1385 0.5115
vn -0.848 0.1385 0.5115
vn -0.9467 0.1601 0.2794
vn -0.9463 0.1442 0.2892
vn -0.8375 0.1189 0.5334
vn -0.8375 0.1189 0.5334
vn -0.9875 0.1574 -0.0007
vn -0.9875 0.1574 -0.0007
vn -0.9488 0.1684 0.2671
vn -0.8923 0.1639 0.4206
vn -0.8923 0.1639 0.4206
vn -0.9928 0.1199 -0.0008
vn -0.9928 0.1199 -0.0008
vn -0.9878 0.083 -0.1315
vn -0.9878 0.083 -0.1315
vn -0.9904 0.1154 -0.076
vn -0.9904 0.1154 -0.076
vn -0.9925 0.1221 -0.0005
vn -0.9925 0.1221 -0.0005
vn -0.9925 0.1221 -0.0005
vn -0.9898 0.1326 0.0514
vn -0.9898 0.1326 0.0514
vn -0.8627 -0.0881 -0.4979
vn -0.8627 -0.0881 -0.4979
vn -0.921 -0.14 -0.3634
vn -0.921 -0.14 -0.3634
vn -0.7621 -0.101 -0.6395
vn -0.8076 -0.1542 -0.5693
vn -0.58 -0.1137 -0.8066
vn -0.6594 -0.0728 -0.7482
vn -0.6594 -0.0728 -0.7482
vn -0.4954 -0.0517 -0.8671
vn -0.4954 -0.0517 -0.8671
vn -0.8309 0.2202 -0.511
vn -0.5017 0.1357 -0.8544
vn -0.2973 -0.035 -0.9542
vn -0.2973 -0.035 -0.9542
vn -0.5973 0.6115 -0.519
vn -0.6276 0.7471 -0.2189
vn -0.6276 0.7471 -0.2189
vn -0.1882 0.8777 0.4407
vn -0.1882 0.8777 0.4407
vn -0.2722 0.8746 -0.4012
vn -0.2722 0.8746 -0.4012
vn 0 0 1
vn -0.2003 0.7551 0.6242
vn 0.1635 0.8187 -0.5504
vn 0.1635 0.8187 -0.5504
vn 0.5429 0.7836 -0.3021
vn 0.5429 0.7836 -0.3021
vn 0.5429 0.7836 -0.3021
vn 0.5429 0.7836 -0.3021
vn 0.5218 0.7382 -0.4276
vn 0.5218 0.7382 -0.4276
vn 0.1912 0.761 0.62
vn 0 0 1
vn 0.1299 0.9373 0.3235
vn 0.1299 0.9373 0.3235
vn 0.4511 0.6427 -0.6192
vn 0.4511 0.6427 -0.6192
vn -0.5379 0.5527 0.6365
vn -0.5379 0.5527 0.6365
vn 0 0 1
vn -0.7464 0.2014 0.6343
vn -0.7464 0.2014 0.6343
vn -0.6881 0.572 -0.4464
vn -0.6881 0.572 -0.4464
vn -0.9186 0.333 -0.2129
vn -0.9186 0.333 -0.2129
vn -0.8068 -0.0888 -0.5841
vn -0.8068 -0.0888 -0.5841
vn -0.8641 0.1504 -0.4804
vn -0.8641 0.1504 -0.4804
vn -0.905 -0.103 -0.4128
vn -0.905 -0.103 -0.4128
vn -0.9722 -0.1212 -0.2005
vn -0.9722 -0.1212 -0.2005
vn -0.9722 -0.1212 -0.2005
vn -0.9722 -0.1212 -0.2005
vn -0.9462 -0.2246 -0.233
vn -0.9462 -0.2246 -0.233
vn 0 1 0
vn 0 1 0
vn 0 1 0
vn 0 1 0
vn 0 1 0
vn 0 1 0
vn -0.7396 0 0.673
vn -0.7396 0 0.673
vn -0.5954 -0.1157 0.795
vn -0.5954 -0.1157 0.795
vn -0.2018 0.9792 -0.019
vn -0.2018 0.9792 -0.019
vn 0.5688 0.1346 0.8114
vn 0.5688 0.1346 0.8114
vn 0.1393 0.0253 0.9899
vn 0.1393 0.0253 0.9899
vn -0.9195 -0.1983 -0.3394
vn -0.9195 -0.1983 -0.3394
vn -0.8691 -0.1578 -0.4687
vn -0.8691 -0.1578 -0.4687
vn 0.5993 0.6107 -0.5176
vn 0.5993 0.6107 -0.5176
vn 0.4772 0.5875 -0.6535
vn 0.4772 0.5875 -0.6535
vn 0.5909 0.739 -0.3235
vn 0.624 0.6958 -0.3557
vn 0.624 0.6958 -0.3557
vn 0.5589 0.7927 -0.2434
vn 0.5589 0.7927 -0.2434
vn 0.6661 0.6779 -0.3111
vn 0.6661 0.6779 -0.3111
vn 0.6661 0.6779 -0.3111
vn 0.6661 0.6779 -0.3111
vn -0.8239 -0.5513 -0.1312
vn -0.8239 -0.5513 -0.1312
vn -0.4389 -0.2346 -0.8674
vn -0.4488 -0.2118 -0.8682
vn -0.7823 -0.369 -0.5018
vn -0.8946 -0.4263 -0.1339
vn -0.8946 -0.4263 -0.1339
vn -0.8002 -0.3306 -0.5004
vn -0.9131 -0.3842 -0.1365
vn -0.9131 -0.3842 -0.1365
vn -0.4593 -0.188 -0.8682
vn -0.8169 -0.2846 -0.5017
vn -0.0002 0 -1
vn -0.0001 0.0013 -1
vn -0.755 -0.1481 -0.6388
vn -0.7517 -0.1494 -0.6423
vn -0.0002 0 -1
vn -0.9466 -0.2246 0.2313
vn -0.9466 -0.2246 0.2313
vn -0.824 0.48 0.3009
vn -0.824 0.48 0.3009
vn -0.8078 -0.1538 0.5691
vn -0.9707 -0.1098 0.2137
vn -0.9707 -0.1098 0.2137
vn -0.9707 -0.1098 0.2137
vn -0.9707 -0.1098 0.2137
vn -0.9213 -0.1987 0.3344
vn -0.9213 -0.1987 0.3344
vn -0.0002 0 -1
vn -0.7484 -0.1564 -0.6445
vn -0.0002 0 -1
vn -0.7307 -0.1731 -0.6604
vn -0.0006 -0.0018 -1
vn -0.7238 -0.1637 -0.6704
vn -0.0002 0 -1
vn -0.7239 -0.1732 -0.6678
vn -0.7239 -0.1732 -0.6678
vn -0.0006 -0.0018 -1
vn -0.9344 -0.2228 -0.2778
vn -0.9344 -0.2228 -0.2778
vn -0.9768 -0.1273 -0.1722
vn -0.9768 -0.1273 -0.1722
vn -0.2617 0.8121 -0.5215
vn -0.2617 0.8121 -0.5215
vn -0.2617 0.8121 -0.5215
vn -0.7463 0.2016 -0.6343
vn -0.7463 0.2016 -0.6343
vn -0.538 0.5526 -0.6365
vn -0.538 0.5526 -0.6365
vn 0 0 -1
vn -0.9056 -0.2189 0.3633
vn -0.9056 -0.2189 0.3633
vn 0.0416 0.2141 0.9759
vn 0.0416 0.2141 0.9759
vn 0 1 0
vn 0 1 0
vn 0 1 0
vn -0.2018 0.9792 0.019
vn -0.2018 0.9792 0.019
vn 0 1 0
vn 0 1 0
vn 0 1 0
vn 0 1 0
vn -0.6889 0.5722 0.4451
vn -0.6889 0.5722 0.4451
vn -0.2005 0.7547 -0.6247
vn 0 0 -1
vn 0 0 -1
vn 0.1912 0.7607 -0.6203
vn -0.9182 0.3334 0.2139
vn -0.9182 0.3334 0.2139
vn -0.6278 0.747 0.2186
vn -0.6278 0.747 0.2186
vn -0.3031 0.8171 0.4904
vn -0.3031 0.8171 0.4904
vn -0.5973 0.6114 0.519
vn -0.831 0.2198 0.511
vn -0.5009 0.1358 0.8548
vn -0.8186 -0.0521 0.572
vn -0.8186 -0.0521 0.572
vn -0.643 0.5386 0.5445
vn -0.643 0.5386 0.5445
vn -0.8761 0.1464 0.4593
vn -0.8761 0.1464 0.4593
vn -0.1827 0.9511 0.2489
vn -0.1827 0.9511 0.2489
vn 0.5629 0.7874 0.2512
vn 0.5629 0.7874 0.2512
vn 0.5629 0.7874 0.2512
vn 0.5629 0.7874 0.2512
vn -0.8701 -0.1574 0.467
vn -0.8701 -0.1574 0.467
vn -0.9214 -0.1397 0.3627
vn -0.9214 -0.1397 0.3627
vn -0.8629 -0.0878 0.4977
vn -0.8629 -0.0878 0.4977
vn -0.7621 -0.1008 0.6395
vn -0.8606 -0.0544 0.5064
vn -0.8606 -0.0544 0.5064
vn -0.8332 -0.0221 0.5525
vn -0.8332 -0.0221 0.5525
vn 0 0 -1
vn 0.1791 0.9838 0
vn -0.3687 0.7164 -0.5923
vn 0.1791 0.9838 0
vn 0 0 -1
vn 0.45 0.6392 -0.6237
vn -0.547 0.3793 -0.7463
vn 0 0 -1
vn 0.1791 0.9838 0
vn -0.0043 0.0061 -1
vn -0.0034 0.0049 -1
vn 0.3292 0.4781 -0.8143
vn -0.0041 0.0064 -1
vn -0.2257 0.4372 -0.8706
vn -0.0034 0.0049 -1
vn -0.0039 0.0063 -1
vn -0.0039 0.0062 -1
vn 0.1791 0.9838 0
vn -0.0041 0.0057 -1
vn -0.0039 0.0062 -1
vn -0.6098 0.4247 -0.6692
vn -0.0041 0.0057 -1
vn -0.4702 0.5588 -0.6831
vn -0.004 0.0058 -1
vn -0.0168 0.0265 -0.9995
vn -0.0039 0.0062 -1
vn -0.0039 0.0063 -1
vn -0.0038 0.006 -1
vn -0.0041 0.0057 -1
vn -0.004 0.0058 -1
vn -0.1132 0.1808 -0.977
vn -0.004 0.0058 -1
vn -0.5313 0.8472 -0.0002
vn -0.5316 0.847 0
vn -0.0038 0.006 -1
vn -0.3918 0.5969 -0.7001
vn -0.5315 0.847 0
vn -0.0038 0.006 -1
vn -0.5315 0.8471 0
vn -0.5316 0.847 0
vn -0.5315 0.847 0
vn -0.5311 0.8473 0
vn -0.0038 0.006 -1
vn -0.0038 0.006 -1
vn -0.0167 0.0266 -0.9995
vn -0.5311 0.8473 0
vn -0.0038 0.006 -1
vn -0.5315 0.847 0
vn -0.0575 0.2459 -0.9676
vn -0.0575 0.2459 -0.9676
vn -0.0041 0.0064 -1
vn 0.0449 0.0667 -0.9968
vn 0.0449 0.0667 -0.9968
vn -0.0039 0.0063 -1
vn 0.0449 0.0667 -0.9968
vn -0.1132 0.1805 -0.977
vn -0.1132 0.1804 -0.977
vn -0.3246 0.5175 -0.7917
vn -0.3245 0.5174 -0.7918
vn -0.4789 0.7635 -0.4332
vn -0.3244 0.5179 -0.7915
vn -0.4789 0.7636 -0.4331
vn -0.4785 0.7637 -0.4334
vn -0.5211 0.8307 -0.1959
vn -0.521 0.8308 -0.1957
vn -0.5284 0.8424 -0.106
vn -0.6001 0.7989 -0.0393
vn -0.6001 0.7989 -0.0393
vn -0.6056 0.7854 -0.1276
vn -0.6056 0.7854 -0.1276
vn -0.7832 0.6064 0.1375
vn -0.3124 0.8787 -0.361
vn -0.3124 0.8787 -0.361
vn -0.8031 0.5948 0.0348
vn -0.5489 0.7511 -0.3668
vn -0.5489 0.7511 -0.3668
vn -0.3415 0.9044 -0.2558
vn -0.3415 0.9044 -0.2558
vn -0.324 0.5183 -0.7915
vn -0.8234 0.5348 -0.1897
vn -0.4563 0.5766 -0.6777
vn -0.4563 0.5766 -0.6777
vn -0.0116 0.7683 -0.64
vn -0.0116 0.7683 -0.64
vn -0.5643 0.4308 -0.7042
vn -0.3284 0.36 -0.8732
vn -0.3284 0.36 -0.8732
vn -0.7438 0.3737 -0.5542
vn -0.6471 0.0588 -0.7602
vn -0.86 -0.0042 -0.5103
vn -0.9121 0.2526 -0.3229
vn -0.9595 0.2373 0.1521
vn -0.9767 -0.0663 -0.2041
vn -0.9897 0.1339 -0.0505
vn -0.9862 -0.1204 0.1139
vn -0.9675 0.1275 0.2183
vn -0.9007 -0.0699 0.4287
vn -0.9007 -0.0699 0.4287
vn -0.9014 -0.0853 0.4245
vn -0.9014 -0.0853 0.4245
vn -0.4569 -0.5361 0.7098
vn -0.4569 -0.5361 0.7098
vn -0.4569 -0.5361 0.7098
vn -0.9184 -0.1314 0.3732
vn -0.9184 -0.1314 0.3732
vn -0.6144 -0.052 0.7873
vn -0.8395 -0.1573 0.5201
vn -0.8147 -0.2025 0.5433
vn -0.8147 -0.2025 0.5433
vn -0.9207 -0.1536 0.3587
vn -0.9207 -0.1536 0.3587
vn -0.9189 -0.1689 0.3565
vn -0.9189 -0.1689 0.3565
vn -0.9189 -0.1689 0.3565
vn -0.6428 0.0423 0.7649
vn -0.6428 0.0423 0.7649
vn -0.5463 0.0972 0.8319
vn -0.5463 0.0972 0.8319
vn -0.1524 -0.6525 0.7423
vn -0.1524 -0.6525 0.7423
vn -0.7169 0.3513 0.6021
vn -0.6491 0.3817 0.658
vn -0.232 -0.6755 0.6999
vn -0.232 -0.6755 0.6999
vn -0.779 0.3171 0.541
vn -0.69 0.6611 0.2946
vn -0.8305 0.2947 0.4727
vn -0.8305 0.2947 0.4727
vn -0.7244 0.6395 0.2576
vn -0.5821 0.8129 0.0169
vn -0.5298 0.8443 -0.0804
vn -0.5295 0.8445 -0.0801
vn -0.5909 0.8067 0.0072
vn -0.5295 0.8445 -0.0801
vn -0.802 0.2329 0.5501
vn -0.802 0.2329 0.5501
vn -0.8029 0.4386 0.4038
vn -0.8029 0.4386 0.4038
vn -0.7665 0.6148 0.1858
vn -0.5295 0.8445 -0.0801
vn -0.5971 0.8021 -0.0056
vn -0.5971 0.8021 -0.0056
vn -0.5971 0.8021 -0.0056
vn -0.8617 0.2785 0.4242
vn -0.8879 0.2676 0.3743
vn -0.6695 -0.4275 0.6074
vn -0.6695 -0.4275 0.6074
vn -0.5123 -0.5731 0.6397
vn -0.5123 -0.5731 0.6397
vn -0.918 0.2626 0.2972
vn -0.5299 0.8443 -0.0801
vn -0.5295 0.8445 -0.0801
vn -0.5295 0.8443 -0.0825
vn -0.5297 0.8444 -0.0803
vn -0.5298 0.8443 -0.0804
vn -0.5298 0.8443 -0.0801
vn -0.5293 0.8446 -0.0804
vn -0.4938 0.8609 -0.1228
vn -0.4938 0.8609 -0.1228
vn -0.5294 0.8445 -0.0803
vn -0.5294 0.8445 -0.0805
vn -0.5297 0.8444 -0.0802
vn -0.53 0.8442 -0.0802
vn -0.5297 0.8443 -0.0804
vn -0.5297 0.8444 -0.0803
vn -0.5296 0.8442 -0.0824
vn -0.5526 0.8325 0.0386
vn -0.5297 0.8444 -0.0803
vn -0.5297 0.8443 -0.0804
vn -0.5299 0.8443 -0.0801
vn -0.5298 0.8443 -0.0801
vn -0.5589 0.8286 0.0335
vn -0.5299 0.8443 -0.0801
vn -0.5298 0.8443 -0.0801
vn -0.5293 0.8446 -0.0804
vn -0.5662 0.8237 0.0306
vn -0.5293 0.8446 -0.0804
vn -0.5298 0.8443 -0.0804
vn -0.574 0.8185 0.0251
vn -0.6261 0.6978 0.348
vn -0.6571 0.6805 0.3242
vn -0.5977 0.714 0.3647
vn -0.5903 0.4075 0.6967
vn -0.5358 0.43 0.7267
vn -0.4717 0.1158 0.8741
vn -0.4717 0.1158 0.8741
vn -0.4106 0.1464 0.9
vn -0.4106 0.1464 0.9
vn -0.2994 0.0624 0.9521
vn -0.337 0.1934 0.9214
vn -0.337 0.1934 0.9214
vn -0.1146 0.1478 0.9824
vn -0.2948 0.1935 0.9358
vn -0.2948 0.1935 0.9358
vn -0.2516 0.2046 0.946
vn -0.2516 0.2046 0.946
vn -0.3627 0.171 0.9161
vn -0.3627 0.171 0.9161
vn -0.3049 0.0816 0.9489
vn -0.1388 0.144 0.9798
vn -0.0654 0.1718 0.983
vn -0.0564 0.1942 0.9793
vn -0.1772 0.1056 0.9785
vn -0.1204 0.1325 0.9838
vn -0.0693 -0.027 0.9972
vn -0.0693 -0.027 0.9972
vn 0.0025 0.021 0.9998
vn 0.0025 0.021 0.9998
vn -0.0385 -0.0096 0.9992
vn -0.0385 -0.0096 0.9992
vn -0.0558 -0.0181 0.9983
vn -0.0558 -0.0181 0.9983
vn 0.1612 -0.3871 0.9079
vn 0.1766 -0.3769 0.9093
vn 0.4103 -0.7335 0.5419
vn 0.4214 -0.7279 0.5409
vn 0.4296 -0.7216 0.5429
vn 0.1924 -0.366 0.9105
vn 0.2055 -0.3554 0.9118
vn -0.3784 0.5588 0.7379
vn -0.3784 0.5588 0.7379
vn 0.4386 -0.7154 0.5439
vn 0.5315 -0.8471 0.0001
vn 0.5314 -0.8471 0
vn 0.5315 -0.847 0.0112
vn 0.5314 -0.8471 -0.0012
vn 0.5319 -0.8468 -0.01
vn 0.5315 -0.847 0.0001
vn 0.5241 -0.8396 0.1431
vn 0.5266 -0.8368 0.1496
vn 0.5315 -0.847 0.0112
vn 0.4497 -0.7071 0.5456
vn 0.4656 -0.6961 0.5464
vn 0.2233 -0.3434 0.9123
vn 0.5314 -0.8471 -0.0012
vn 0.5315 -0.847 0.0112
vn 0.5313 -0.8346 0.1453
vn 0.5306 -0.8476 -0.0103
vn 0.5376 -0.8311 0.1422
vn 0.5306 -0.8476 -0.0103
vn 0.5315 -0.8471 0.0001
vn 0.5312 -0.8472 -0.0008
vn 0.5314 -0.8471 0
vn 0.5306 -0.8476 -0.0103
vn 0.5463 -0.8247 0.1465
vn 0.5314 -0.8471 -0.0012
vn 0.5314 -0.8471 0
vn 0.5342 -0.8454 0.0002
vn 0.5315 -0.8471 0.0001
vn 0.5333 -0.8459 0.0001
vn 0.6479 -0.7613 0.0253
vn 0.5336 -0.8458 0.0009
vn 0.5328 -0.8462 0.0007
vn 0.5312 -0.8472 -0.0008
vn 0.533 -0.8461 0.0048
vn 0.558 -0.817 0.1454
vn 0.533 -0.8461 0.0048
vn 0.5322 -0.8466 0.0009
vn 0.5334 -0.8459 0.0028
vn 0.5315 -0.8471 0.0001
vn 0.5878 -0.7981 0.1325
vn 0.5312 -0.8472 -0.0008
vn 0.5315 -0.8471 0.0001
vn 0.6352 -0.7687 0.0747
vn 0.5325 -0.8464 0.0002
vn 0.5322 -0.8466 0.0009
vn 0.5326 -0.8464 0.0014
vn 0.5336 -0.8458 0.0009
vn 0.5314 -0.8471 0
vn 0.5197 -0.6566 0.5466
vn 0.4881 -0.6788 0.5486
vn 0.2846 -0.2967 0.9116
vn 0.2504 -0.3209 0.9134
vn 0.0275 0.0454 0.9986
vn 0.0275 0.0454 0.9986
vn 0.0577 0.0698 0.9959
vn 0.0577 0.0698 0.9959
vn 0.1004 0.0715 0.9924
vn 0.1004 0.0715 0.9924
vn 0.0307 0.2423 0.9697
vn 0.1295 0.1252 0.9836
vn 0.1295 0.1252 0.9836
vn 0.0443 0.2562 0.9656
vn 0.196 0.356 0.9137
vn 0.4464 0.3767 0.8117
vn 0.4464 0.3767 0.8117
vn 0.5024 0.3797 0.7768
vn 0.5024 0.3797 0.7768
vn 0.3022 0.2434 0.9217
vn 0.3022 0.2434 0.9217
vn 0.1827 0.1681 0.9687
vn 0.1827 0.1681 0.9687
vn 0.3837 0.3126 0.8689
vn 0.3837 0.3126 0.8689
vn 0.2578 0.1793 0.9494
vn 0.2578 0.1793 0.9494
vn 0.4062 0.4848 0.7746
vn 0.2078 0.366 0.9071
vn 0.4188 0.4733 0.775
vn 0.4364 0.4462 0.7813
vn 0.0899 0.2665 0.9596
vn 0.1763 0.4062 0.8966
vn 0.1763 0.4062 0.8966
vn 0.0894 0.3752 0.9226
vn 0.0894 0.3752 0.9226
vn -0.0058 0.3343 0.9424
vn -0.0058 0.3343 0.9424
vn 0.0233 0.3676 0.9297
vn 0.0233 0.3676 0.9297
vn -0.0498 0.3059 0.9508
vn -0.0498 0.3059 0.9508
vn -0.0897 0.2767 0.9568
vn -0.0897 0.2767 0.9568
vn -0.2741 0.551 0.7882
vn -0.1293 0.2613 0.9566
vn -0.1293 0.2613 0.9566
vn -0.2362 0.5735 0.7844
vn -0.4344 0.8054 0.4034
vn -0.4068 0.8212 0.4003
vn -0.1929 0.5997 0.7766
vn -0.125 0.6339 0.7633
vn -0.3719 0.8405 0.3939
vn -0.5297 0.8444 -0.0804
vn -0.5295 0.8445 -0.0804
vn -0.4901 0.8708 0.04
vn -0.53 0.8441 -0.0806
vn -0.5295 0.8445 -0.0804
vn -0.5008 0.8644 0.044
vn -0.3299 0.8634 0.3817
vn -0.4773 0.878 0.0347
vn -0.5298 0.8443 -0.0803
vn -0.5297 0.8444 -0.0804
vn -0.2805 0.8893 0.3613
vn -0.0529 0.6696 0.7408
vn 0.0319 0.7114 0.7021
vn 0.2622 0.4566 0.8501
vn 0.2622 0.4566 0.8501
vn -0.229 0.9159 0.3297
vn 0.111 0.7549 0.6464
vn 0.2074 0.7925 0.5735
vn 0.3418 0.5042 0.7931
vn 0.3418 0.5042 0.7931
vn 0.386 0.5461 0.7435
vn 0.386 0.5461 0.7435
vn -0.1816 0.9401 0.2884
vn -0.5296 0.8444 -0.0805
vn -0.4424 0.8968 0.0017
vn -0.4424 0.8968 0.0017
vn -0.4424 0.8968 0.0017
vn -0.241 0.9544 0.1764
vn -0.241 0.9544 0.1764
vn -0.0334 0.9451 0.325
vn -0.0334 0.9451 0.325
vn -0.4503 0.8927 0.0163
vn -0.5296 0.8444 -0.0805
vn -0.5295 0.8444 -0.0806
vn -0.4624 0.8862 0.028
vn -0.5298 0.8443 -0.0803
vn -0.5295 0.8444 -0.0806
vn -0.5295 0.8442 -0.0829
vn -0.5296 0.8444 -0.0805
vn -0.5295 0.8444 -0.0806
vn -0.5295 0.8445 -0.0804
vn -0.5296 0.8445 -0.0803
vn -0.5297 0.8444 -0.0804
vn -0.53 0.8441 -0.0806
vn -0.5298 0.8443 -0.0803
vn -0.53 0.8441 -0.0806
vn -0.5104 0.8588 0.0436
vn -0.5294 0.8446 -0.0804
vn -0.5296 0.8445 -0.0803
vn -0.5295 0.8442 -0.083
vn -0.5297 0.8444 -0.0802
vn -0.5297 0.8444 -0.0803
vn -0.5296 0.8445 -0.0803
vn -0.5294 0.8446 -0.0804
vn -0.5299 0.8443 -0.0803
vn -0.5296 0.8445 -0.0802
vn -0.5283 0.8424 -0.1064
vn -0.5283 0.8424 -0.1059
vn -0.4356 0.8996 -0.0316
vn -0.4356 0.8996 -0.0316
vn -0.5212 0.8307 -0.1957
vn -0.4789 0.7634 -0.4335
vn -0.4268 0.8957 -0.1246
vn -0.4268 0.8957 -0.1246
vn -0.5211 0.8308 -0.1953
vn -0.5284 0.8423 -0.1064
vn -0.107 0.981 0.1618
vn -0.0806 0.9955 0.0489
vn -0.4385 0.8266 -0.3528
vn -0.4385 0.8266 -0.3528
vn -0.6089 0.7719 -0.1829
vn -0.6089 0.7719 -0.1829
vn -0.7052 0.6062 -0.3677
vn -0.7052 0.6062 -0.3677
vn -0.3058 0.5894 -0.7477
vn -0.3058 0.5894 -0.7477
vn -0.7372 0.3354 -0.5865
vn -0.7372 0.3354 -0.5865
vn -0.0412 0.9786 -0.2016
vn -0.251 0.9193 -0.303
vn 0.1611 0.7977 -0.5811
vn -0.0428 0.6679 -0.743
vn 0.158 0.3491 -0.9237
vn 0.3828 0.5071 -0.7722
vn -0.6162 -0.0093 -0.7876
vn -0.6162 -0.0093 -0.7876
vn 0.5872 0.6146 -0.5268
vn 0.5056 0.3958 -0.7666
vn 0.5056 0.3958 -0.7666
vn 0.672 0.5022 -0.5442
vn 0.672 0.5022 -0.5442
vn 0.3657 0.3005 -0.8809
vn 0.3657 0.3005 -0.8809
vn 0.3761 0.2807 -0.8831
vn 0.6678 0.4918 -0.5587
vn 0.7748 0.567 -0.2796
vn 0.7748 0.567 -0.2796
vn 0.8036 0.5864 -0.1019
vn 0.7857 0.6064 -0.1225
vn 0.6501 0.504 -0.5687
vn 0.7713 0.6206 -0.1415
vn 0.6327 0.5139 -0.5793
vn 0.3641 0.2878 -0.8858
vn 0.3515 0.2922 -0.8894
vn -0.004 0.0059 -1
vn 0.09 0.0784 -0.9928
vn -0.0045 0.006 -1
vn -0.0043 0.0061 -1
vn -0.0034 0.0049 -1
vn -0.0045 0.006 -1
vn -0.0041 0.0064 -1
vn 0.0941 0.0767 -0.9926
vn -0.0043 0.0058 -1
vn -0.0043 0.0061 -1
vn -0.004 0.0059 -1
vn -0.0045 0.006 -1
vn 0.6077 0.3659 -0.7049
vn -0.0043 0.0062 -1
vn 0.2073 0.182 -0.9612
vn 0.2073 0.182 -0.9612
vn -0.3955 -0.2028 -0.8958
vn -0.3955 -0.2028 -0.8958
vn 0.0458 0.0634 -0.9969
vn 0.0458 0.0634 -0.9969
vn 0.0458 0.0634 -0.9969
vn -0.0043 0.0058 -1
vn -0.0043 0.0062 -1
vn -0.004 0.0059 -1
vn 0.0856 0.0792 -0.9932
vn -0.0043 0.0062 -1
vn 0 0 -1
vn 0.6045 0.3611 -0.71
vn -0.0043 0.0058 -1
vn 0.5951 0.3808 -0.7077
vn 0.5951 0.3808 -0.7077
vn 0.5473 0.4311 -0.7174
vn 0.5473 0.4311 -0.7174
vn 0.2049 0.9766 -0.0656
vn -0.5308 0.8457 -0.0548
vn 0.2049 0.9766 -0.0656
vn 0.1948 0.9502 -0.2432
vn 0.1948 0.9502 -0.2432
vn 0.4286 0.5797 -0.693
vn 0.4286 0.5797 -0.693
vn 0.0282 0.093 -0.9953
vn 0.0282 0.093 -0.9953
vn 0.1891 0.1824 -0.9649
vn 0.1891 0.1824 -0.9649
vn 0.1536 0.2808 -0.9474
vn -0.0125 0.1536 -0.9881
vn -0.0125 0.1536 -0.9881
vn -0.09 0.2713 -0.9583
vn -0.09 0.2713 -0.9583
vn 0.0011 0.4969 -0.8678
vn -0.1811 0.4199 -0.8893
vn -0.1811 0.4199 -0.8893
vn 0.2637 0.8094 -0.5247
vn 0.2637 0.8094 -0.5247
vn -0.7523 0.048 -0.657
vn -0.7523 0.048 -0.657
vn -0.3878 0.892 -0.2321
vn -0.3878 0.892 -0.2321
vn 0.2275 0.9205 -0.3175
vn 0.2275 0.9205 -0.3175
vn 0.1867 0.9761 -0.1108
vn 0.1867 0.9761 -0.1108
vn 0.0643 0.8788 -0.4728
vn 0.2457 0.6426 -0.7258
vn 0.3792 0.4612 -0.8022
vn 0.5607 0.591 -0.5799
vn 0.4853 0.8652 -0.1261
vn 0.4357 0.734 -0.521
vn 0.5987 0.7589 -0.2561
vn 0.6883 0.6621 -0.2963
vn 0.7705 0.6361 0.0421
vn 0.7705 0.6361 0.0421
vn 0.7602 0.6325 -0.1487
vn 0.7602 0.6325 -0.1487
vn 0.7187 0.6064 -0.3403
vn 0.7187 0.6064 -0.3403
vn 0.7448 0.6671 0.0113
vn 0.7424 0.6187 0.257
vn 0.7424 0.6187 0.257
vn 0.6993 0.7146 0.0166
vn 0.739 0.6243 0.2533
vn 0.739 0.6243 0.2533
vn 0.698 0.5918 0.4032
vn 0.7273 0.6451 0.234
vn 0.7273 0.6451 0.234
vn 0.7007 0.6939 0.1659
vn 0.7007 0.6939 0.1659
vn 0.6904 0.6231 0.3676
vn 0.7949 0.5212 0.3106
vn 0.7949 0.5212 0.3106
vn 0.793 0.4904 0.3615
vn 0.793 0.4904 0.3615
vn 0.7469 0.6415 0.175
vn 0.5823 0.5809 0.5687
vn 0.5896 0.5624 0.5797
vn 0.7533 0.5061 0.42
vn 0.7533 0.5061 0.42
vn 0.8861 0.088 0.455
vn 0.9196 0.1047 0.3786
vn 0.7199 0.4923 0.4893
vn 0.7199 0.4923 0.4893
vn 0.7068 0.4445 0.5503
vn 0.7068 0.4445 0.5503
vn 0.8314 0.0555 0.5529
vn 0.6445 0.4551 0.6144
vn 0.6445 0.4551 0.6144
vn 0.5833 0.4258 0.6917
vn 0.5833 0.4258 0.6917
vn 0.7656 0.0256 0.6428
vn 0.7807 -0.4872 0.3913
vn 0.6777 -0.0306 0.7347
vn 0.7288 -0.5193 0.4464
vn 0.5831 -0.084 0.808
vn 0.6711 -0.5552 0.4913
vn 0.4973 -0.1478 0.8549
vn 0.613 -0.5936 0.5214
vn 0.4034 -0.2089 0.8908
vn 0.342 -0.255 0.9044
vn 0.5612 -0.6271 0.5401
vn 0.5722 -0.8077 0.1422
vn 0.533 -0.8461 0.0048
vn 0.6041 -0.7876 0.1217
vn 0.5334 -0.8459 0.0028
vn 0.5334 -0.8459 0.0028
vn 0.5322 -0.8466 0.0009
vn 0.5326 -0.8464 0.0014
vn 0.6174 -0.7795 0.1058
vn 0.5326 -0.8464 0.0014
vn 0.6283 -0.7727 0.0905
vn 0.8208 -0.4643 0.3328
vn 0.8495 -0.4488 0.2775
vn 0.8702 -0.4373 0.2268
vn 0.5325 -0.8464 0.0002
vn 0.6411 -0.765 0.0611
vn 0.8843 -0.4311 0.1794
vn 0.9493 0.1145 0.2928
vn 0.8113 0.5279 0.2513
vn 0.8113 0.5279 0.2513
vn 0.9659 0.126 0.2263
vn 0.8949 -0.425 0.1363
vn 0.9791 0.1303 0.1564
vn 0.827 0.5375 0.1651
vn 0.827 0.5375 0.1651
vn 0.6453 0.7524 0.1319
vn 0.6453 0.7524 0.1319
vn 0.8493 0.5276 0.0163
vn 0.8493 0.5276 0.0163
vn 0.8493 0.5276 0.0163
vn 0.3019 0.9504 0.0748
vn 0.3019 0.9504 0.0748
vn 0.987 0.133 0.0899
vn 0.3076 0.951 0.0312
vn 0.3076 0.951 0.0312
vn 0.3076 0.951 0.0312
vn 0.9908 0.1321 0.0304
vn 0.9908 0.1321 0.0304
vn 0.9902 0.1337 -0.0395
vn 0.9068 -0.421 -0.0222
vn 0.9066 -0.4217 0.0154
vn 0.9066 -0.4217 0.0154
vn 0.9051 -0.4218 0.0538
vn 0.9015 -0.4224 0.0943
vn 0.5333 -0.8459 0.0001
vn 0.6488 -0.7608 0.0143
vn 0.5342 -0.8454 0.0002
vn 0.6491 -0.7607 0.0042
vn 0.5306 -0.8476 0.0003
vn 0.6491 -0.7607 0.0042
vn 0.5333 -0.8459 0.0001
vn 0.5306 -0.8476 0.0003
vn 0.6483 -0.7613 -0.0058
vn 0.5306 -0.8476 0.0003
vn 0.5309 -0.8474 0.0003
vn 0.5342 -0.8454 0.0002
vn 0.5316 -0.847 0
vn 0.534 -0.8455 -0.0006
vn 0.5315 -0.8471 0.0001
vn 0.6496 -0.7601 -0.0159
vn 0.5314 -0.8471 0.0001
vn 0.9053 -0.4207 -0.0595
vn 0.6485 -0.7607 -0.0264
vn 0.5286 -0.8489 0.0011
vn 0.534 -0.8455 -0.0006
vn 0.6444 -0.763 -0.0516
vn 0.5334 -0.8459 -0.0011
vn 0.5286 -0.8489 0.0011
vn 0.5309 -0.8474 0.0003
vn 0.534 -0.8455 -0.0006
vn 0.5309 -0.8474 0.0003
vn 0.5316 -0.847 0
vn 0.6323 -0.7701 -0.0851
vn 0.5315 -0.8471 0.0001
vn 0.5334 -0.8459 -0.0011
vn 0.533 -0.8461 -0.0018
vn 0.5433 -0.8269 -0.1452
vn 0.532 -0.8467 -0.0021
vn 0.5322 -0.8465 -0.0123
vn 0.5315 -0.8471 0.0001
vn 0.5315 -0.847 -0.0026
vn 0.5318 -0.8469 -0.0009
vn 0.5314 -0.8471 0.0001
vn 0.5316 -0.847 0
vn 0.5315 -0.847 0.0001
vn 0.5315 -0.8471 0.0001
vn 0.5316 -0.847 -0.0063
vn 0.5315 -0.847 -0.0026
vn 0.5314 -0.8471 0.0001
vn 0.5247 -0.839 -0.1437
vn 0.5316 -0.847 0.0001
vn 0.5316 -0.847 -0.0058
vn 0.5316 -0.847 -0.0063
vn 0.5274 -0.837 -0.1459
vn 0.5319 -0.8468 -0.01
vn 0.5194 -0.8425 0.1426
vn 0.5316 -0.847 0.0001
vn 0.5315 -0.847 0.0001
vn 0.5319 -0.8468 -0.0052
vn 0.5319 -0.8468 -0.0042
vn 0.5315 -0.8471 0.0001
vn 0.4521 -0.7067 -0.5443
vn 0.4418 -0.7146 -0.5424
vn 0.5221 -0.8403 -0.1463
vn 0.5316 -0.847 -0.0058
vn 0.5314 -0.8471 0
vn 0.5194 -0.8424 -0.1438
vn 0.532 -0.8467 0.0104
vn 0.5312 -0.8472 -0.0021
vn 0.5316 -0.847 0.0001
vn 0.5316 -0.847 -0.0058
vn 0.5315 -0.8471 0.0001
vn 0.5316 -0.847 -0.0063
vn 0.5315 -0.847 -0.0026
vn 0.5322 -0.8465 -0.0123
vn 0.5314 -0.8346 -0.1452
vn 0.5364 -0.8305 -0.1501
vn 0.5322 -0.8465 -0.0123
vn 0.4663 -0.6971 -0.5447
vn 0.2538 -0.3243 -0.9113
vn 0.2277 -0.3413 -0.9119
vn 0.4852 -0.6836 -0.5453
vn 0.2826 -0.3003 -0.911
vn 0.5095 -0.6653 -0.5457
vn 0.5411 -0.6437 -0.5412
vn 0.3224 -0.2717 -0.9068
vn 0.5522 -0.8208 -0.1461
vn 0.532 -0.8467 -0.0021
vn 0.5341 -0.8454 -0.0074
vn 0.563 -0.814 -0.143
vn 0.5318 -0.8469 -0.0009
vn 0.532 -0.8467 -0.0021
vn 0.5909 -0.7962 -0.1302
vn 0.5341 -0.8454 -0.0074
vn 0.5318 -0.8469 -0.0009
vn 0.531 -0.8473 0.0012
vn 0.5315 -0.8471 0.0001
vn 0.533 -0.8461 -0.0018
vn 0.5341 -0.8454 -0.0074
vn 0.5767 -0.8047 -0.1409
vn 0.5806 -0.6166 -0.5317
vn 0.6284 -0.5848 -0.5129
vn 0.3741 -0.2339 -0.8974
vn 0.4346 -0.1957 -0.8791
vn 0.5192 -0.1339 -0.8441
vn 0.1626 0.1414 -0.9765
vn 0.1626 0.1414 -0.9765
vn 0.2781 0.1847 -0.9426
vn 0.2781 0.1847 -0.9426
vn 0.213 0.1788 -0.9605
vn 0.213 0.1788 -0.9605
vn 0.1879 0.3486 -0.9182
vn 0.0442 0.2459 -0.9683
vn 0.0577 0.2596 -0.964
vn -0.0395 0.2012 -0.9788
vn 0.1067 0.1058 -0.9887
vn 0.1067 0.1058 -0.9887
vn -0.0459 0.1793 -0.9827
vn 0.0247 0.0353 -0.9991
vn 0.0247 0.0353 -0.9991
vn 0.0003 0.0198 -0.9998
vn 0.0003 0.0198 -0.9998
vn -0.0127 0.0093 -0.9999
vn -0.0127 0.0093 -0.9999
vn -0.1049 0.1409 -0.9844
vn -0.1266 0.1507 -0.9804
vn -0.1027 0.1529 -0.9829
vn -0.3111 0.0817 -0.9469
vn -0.168 0.1136 -0.9792
vn -0.3038 0.0609 -0.9508
vn -0.6194 -0.058 -0.7829
vn -0.338 0.1941 -0.9209
vn -0.338 0.1941 -0.9209
vn -0.3667 0.172 -0.9143
vn -0.3667 0.172 -0.9143
vn -0.4167 0.1432 -0.8977
vn -0.4167 0.1432 -0.8977
vn -0.4823 0.1099 -0.8691
vn -0.4823 0.1099 -0.8691
vn -0.2404 0.2089 -0.9479
vn -0.2404 0.2089 -0.9479
vn -0.2911 0.1977 -0.936
vn -0.2911 0.1977 -0.936
vn -0.4422 0.4725 -0.7624
vn -0.4013 0.4891 -0.7744
vn -0.5256 0.7531 -0.3957
vn -0.4935 0.4521 -0.743
vn -0.5484 0.7407 -0.3881
vn -0.5299 0.8442 0.0803
vn -0.5467 0.8363 -0.0408
vn -0.5297 0.8444 0.0802
vn -0.5293 0.8446 0.0803
vn -0.5297 0.8444 0.0802
vn -0.5408 0.84 -0.0436
vn -0.5734 0.7274 -0.3769
vn -0.5296 0.8444 0.0801
vn -0.5529 0.8324 -0.0377
vn -0.5299 0.8442 0.0803
vn -0.6006 0.7125 -0.3628
vn -0.541 0.4274 -0.7243
vn -0.5986 0.4036 -0.6919
vn -0.5606 0.0898 -0.8232
vn -0.5606 0.0898 -0.8232
vn -0.6609 0.3762 -0.6494
vn -0.6303 0.6951 -0.3456
vn -0.6633 0.6756 -0.3219
vn -0.5758 0.8172 -0.025
vn -0.5291 0.8448 0.0805
vn -0.5297 0.8443 0.0805
vn -0.5298 0.8443 0.0802
vn -0.5291 0.8448 0.0805
vn -0.5672 0.823 -0.0302
vn -0.5296 0.8444 0.0801
vn -0.5298 0.8443 0.0802
vn -0.5599 0.8278 -0.0349
vn -0.5298 0.8444 0.0802
vn -0.5295 0.8443 0.0825
vn -0.5298 0.8443 0.0802
vn -0.5295 0.8445 0.0799
vn -0.5298 0.8444 0.0802
vn -0.5297 0.8443 0.0805
vn -0.5291 0.8448 0.0805
vn -0.5297 0.8444 0.0805
vn -0.5295 0.8445 0.0799
vn -0.5966 0.8025 0.0042
vn -0.5966 0.8025 0.0042
vn -0.5966 0.8025 0.0042
vn -0.5284 0.8424 0.106
vn -0.5295 0.8445 0.0799
vn -0.5297 0.8444 0.0805
vn -0.5921 0.8058 -0.0082
vn -0.5297 0.8444 0.0805
vn -0.5297 0.8443 0.0805
vn -0.5843 0.8113 -0.0162
vn -0.5296 0.8445 0.0802
vn -0.5293 0.8446 0.0803
vn -0.5297 0.8444 0.0802
vn -0.5295 0.8442 0.083
vn -0.5299 0.8442 0.0803
vn -0.5296 0.8444 0.0801
vn -0.5298 0.8444 0.0802
vn -0.5296 0.8444 0.0801
vn -0.5357 0.8433 -0.0429
vn -0.5293 0.8446 0.0803
vn -0.5296 0.8444 0.0801
vn -0.5298 0.8443 0.0803
vn -0.5296 0.8445 0.0802
vn -0.5317 0.8458 -0.0444
vn -0.5295 0.8445 0.0802
vn -0.5294 0.8446 0.0802
vn -0.5298 0.8443 0.0803
vn -0.53 0.8442 0.08
vn -0.5296 0.8445 0.0802
vn -0.5295 0.8443 0.0825
vn -0.5296 0.8445 0.0803
vn -0.5283 0.8423 0.1064
vn -0.5212 0.8306 0.1959
vn -0.5283 0.8424 0.1064
vn -0.521 0.8307 0.1962
vn -0.5211 0.8307 0.1958
vn -0.4786 0.7635 0.4336
vn -0.4788 0.7633 0.4337
vn -0.3244 0.5176 0.7917
vn -0.3249 0.518 0.7913
vn -0.4789 0.7634 0.4334
vn -0.3246 0.5176 0.7916
vn -0.4787 0.7633 0.4339
vn -0.5211 0.8308 0.1958
vn -0.5284 0.8424 0.1059
vn -0.4307 0.8935 0.1272
vn -0.4307 0.8935 0.1272
vn -0.4352 0.8998 0.0318
vn -0.4352 0.8998 0.0318
vn -0.4423 0.8969 -0.0039
vn -0.4423 0.8969 -0.0039
vn -0.5297 0.8444 0.0802
vn -0.4423 0.8969 -0.0039
vn -0.6083 0.771 0.1883
vn -0.6083 0.771 0.1883
vn -0.4981 0.8651 0.0595
vn -0.4981 0.8651 0.0595
vn -0.1051 0.9816 -0.1591
vn -0.127 0.9683 -0.215
vn 0.3334 0.8536 -0.4002
vn -0.1766 0.9548 -0.239
vn -0.1766 0.9548 -0.239
vn 0.3037 0.8359 -0.4571
vn 0.0273 0.9292 -0.3685
vn 0.0273 0.9292 -0.3685
vn 0.1309 0.8889 -0.439
vn 0.1309 0.8889 -0.439
vn -0.1889 0.9366 -0.2951
vn -0.2402 0.9105 -0.3366
vn 0.094 0.7452 -0.6602
vn 0.1956 0.7862 -0.5862
vn -0.5295 0.8444 0.0807
vn -0.4534 0.8911 -0.0168
vn -0.5297 0.8444 0.0802
vn -0.5295 0.8444 0.0807
vn -0.466 0.8843 -0.0292
vn -0.5299 0.8443 0.0802
vn -0.5297 0.8444 0.0802
vn -0.5295 0.8443 0.0825
vn -0.5295 0.8444 0.0807
vn -0.5297 0.8444 0.0805
vn -0.5296 0.8445 0.0803
vn -0.5299 0.8443 0.0806
vn -0.5294 0.8445 0.0805
vn -0.5299 0.8443 0.0802
vn -0.53 0.8442 0.08
vn -0.5296 0.8445 0.0803
vn -0.5299 0.8443 0.0806
vn -0.5082 0.8601 -0.0441
vn -0.5297 0.8444 0.0805
vn -0.5299 0.8443 0.0806
vn -0.4997 0.8651 -0.0438
vn -0.5297 0.8444 0.0805
vn -0.5294 0.8445 0.0805
vn -0.4898 0.8709 -0.0409
vn -0.5299 0.8443 0.0802
vn -0.5294 0.8445 0.0805
vn -0.4787 0.8772 -0.0363
vn -0.288 0.8857 -0.3641
vn -0.33 0.863 -0.3825
vn -0.3668 0.8426 -0.3942
vn -0.0526 0.6679 -0.7424
vn -0.1157 0.6361 -0.7628
vn 0.0402 0.3695 -0.9284
vn 0.0402 0.3695 -0.9284
vn -0.3987 0.8251 -0.4003
vn -0.178 0.6045 -0.7764
vn 0.0994 0.3771 -0.9208
vn 0.0994 0.3771 -0.9208
vn 0.0978 0.2667 -0.9588
vn 0.1752 0.4041 -0.8978
vn 0.1752 0.4041 -0.8978
vn 0.2496 0.4499 -0.8575
vn 0.2496 0.4499 -0.8575
vn 0.0202 0.7054 -0.7085
vn 0.4263 0.4415 -0.7895
vn 0.6941 0.5505 -0.4638
vn 0.3646 0.5355 -0.7617
vn 0.3646 0.5355 -0.7617
vn 0.5622 0.5582 -0.6101
vn 0.5622 0.5582 -0.6101
vn 0.5622 0.5582 -0.6101
vn 0.3995 0.4632 -0.7911
vn 0.2027 0.3587 -0.9112
vn 0.5806 0.5627 -0.5885
vn 0.3212 0.4927 -0.8087
vn 0.3212 0.4927 -0.8087
vn 0.458 0.5443 -0.7028
vn 0.458 0.5443 -0.7028
vn 0.3354 0.7672 -0.5467
vn 0.3354 0.7672 -0.5467
vn 0.8163 0.0805 -0.572
vn 0.8163 0.0805 -0.572
vn 0.6944 0.506 -0.5117
vn 0.6944 0.506 -0.5117
vn 0.8007 0.2411 -0.5484
vn 0.8007 0.2411 -0.5484
vn 0.7162 0.5466 -0.4341
vn 0.7162 0.5466 -0.4341
vn 0.6022 0.7353 -0.311
vn 0.3588 0.8769 -0.3199
vn 0.7507 0.5523 -0.3626
vn 0.7507 0.5523 -0.3626
vn 0.7893 0.563 -0.2451
vn 0.7893 0.563 -0.2451
vn 0.7893 0.563 -0.2451
vn 0.738 0.5632 -0.3717
vn 0.738 0.5632 -0.3717
vn 0.7901 0.5706 -0.2239
vn 0.7901 0.5706 -0.2239
vn 0.7726 0.5465 -0.3233
vn 0.7726 0.5465 -0.3233
vn 0.7813 0.6178 -0.0884
vn 0.6846 0.7119 -0.1566
vn 0.5595 0.8216 0.1089
vn 0.4262 0.8927 -0.1465
vn 0.2153 0.9762 0.0276
vn -0.0836 0.9954 -0.0464
vn 0.3761 0.8519 0.3644
vn -0.039 0.9787 0.2016
vn -0.4373 0.8286 0.3495
vn -0.4373 0.8286 0.3495
vn -0.2483 0.9213 0.2993
vn 0.1569 0.7981 0.5818
vn 0.3787 0.5039 0.7763
vn 0.5835 0.6124 0.5333
vn -0.0438 0.6696 0.7414
vn -0.068 0.2454 0.967
vn -0.068 0.2454 0.967
vn -0.3011 0.5905 0.7488
vn -0.3011 0.5905 0.7488
vn 0.1515 0.3455 0.9261
vn -0.6181 -0.0162 0.7859
vn -0.6181 -0.0162 0.7859
vn 0.2056 0.1775 0.9624
vn 0.2056 0.1775 0.9624
vn 0.5049 0.3931 0.7685
vn 0.5049 0.3931 0.7685
vn -0.4691 -0.2507 0.8468
vn -0.4691 -0.2507 0.8468
vn 0.364 0.2964 0.883
vn 0.364 0.2964 0.883
vn 0.3732 0.2793 0.8847
vn 0.3592 0.2843 0.8889
vn 0.6631 0.4899 0.5659
vn 0.6439 0.5002 0.5789
vn -0.0039 0.0061 1
vn -0.0038 0.0061 1
vn -0.0042 0.0066 1
vn -0.0039 0.006 1
vn 0.0932 0.076 0.9927
vn 0.3289 0.479 0.8139
vn 0.1791 0.9838 0
vn -0.0039 0.0061 1
vn -0.0042 0.0066 1
vn -0.0038 0.0061 1
vn 0.0898 0.0782 0.9929
vn -0.0043 0.0062 1
vn 0.0484 0.0669 0.9966
vn 0.0484 0.0669 0.9966
vn 0.0484 0.0669 0.9966
vn -0.0037 0.0059 1
vn -0.0039 0.006 1
vn -0.0037 0.0059 1
vn -0.0036 0.0075 1
vn -0.2254 0.4373 0.8706
vn -0.0039 0.006 1
vn 0.1791 0.9838 0
vn -0.0042 0.0066 1
vn 0.6077 0.366 0.7048
vn -0.004 0.006 1
vn -0.0041 0.0065 1
vn -0.0038 0.0061 1
vn -0.0043 0.0062 1
vn -0.0039 0.0061 1
vn 0 0 1
vn 0.45 0.6392 0.6237
vn 0.1791 0.9838 0
vn 0 0 1
vn 0.6045 0.3611 0.71
vn -0.004 0.006 1
vn 0.0863 0.08 0.993
vn -0.0043 0.0062 1
vn 0.5952 0.3811 0.7074
vn -0.0041 0.0065 1
vn 0.5952 0.3811 0.7074
vn -0.004 0.006 1
vn 0.0441 0.0615 0.9971
vn 0.0441 0.0615 0.9971
vn 0.0441 0.0615 0.9971
vn -0.0041 0.0065 1
vn 0.5479 0.4308 0.7171
vn 0.5479 0.4308 0.7171
vn 0.0208 0.1033 0.9944
vn 0.0208 0.1033 0.9944
vn 0.1885 0.1814 0.9652
vn 0.1885 0.1814 0.9652
vn 0.1643 0.2751 0.9473
vn 0.3314 0.2991 0.8948
vn 0.3314 0.2991 0.8948
vn 0.3493 0.2911 0.8906
vn 0.6274 0.5106 0.588
vn 0.4581 0.4027 0.7925
vn 0.4581 0.4027 0.7925
vn 0.378 0.4459 0.8113
vn 0.6086 0.5227 0.597
vn 0.6086 0.5227 0.597
vn 0.7128 0.6031 0.358
vn 0.7128 0.6031 0.358
vn 0.5584 0.5868 0.5864
vn 0.1846 0.6107 0.7701
vn 0.691 0.6536 0.3085
vn 0.4328 0.7267 0.5334
vn 0.4858 0.8624 0.1421
vn 0.6239 0.7545 0.2037
vn 0.7026 0.6968 -0.1444
vn 0.7026 0.6968 -0.1444
vn 0.7228 0.6744 -0.1509
vn 0.7228 0.6744 -0.1509
vn 0.742 0.6283 -0.2338
vn 0.742 0.6283 -0.2338
vn 0.7485 0.663 0.0151
vn 0.7004 0.5967 -0.3916
vn 0.6945 0.6246 -0.3571
vn 0.5749 0.5806 -0.5765
vn 0.7882 0.5242 -0.3224
vn 0.7882 0.5242 -0.3224
vn 0.75 0.6409 -0.1635
vn 0.823 0.5337 -0.1944
vn 0.823 0.5337 -0.1944
vn 0.8078 0.5327 -0.2523
vn 0.8078 0.5327 -0.2523
vn 0.9638 0.1274 -0.2342
vn 0.9773 0.1287 -0.1682
vn 0.8831 -0.4286 -0.191
vn 0.9408 0.1144 -0.3191
vn 0.8946 -0.4237 -0.1418
vn 0.6456 -0.7627 -0.0376
vn 0.5286 -0.8489 0.0011
vn 0.9013 -0.4219 -0.0985
vn 0.9868 0.1304 -0.0962
vn 0.8421 0.5372 -0.0481
vn 0.8421 0.5372 -0.0481
vn 0.8387 0.5353 -0.1008
vn 0.8387 0.5353 -0.1008
vn 0.8459 0.513 -0.1455
vn 0.8459 0.513 -0.1455
vn 0.7397 0.6729 -0.0031
vn 0.7397 0.6729 -0.0031
vn 0.7299 0.6825 -0.0375
vn 0.7299 0.6825 -0.0375
vn 0.7551 0.6291 0.1843
vn 0.7551 0.6291 0.1843
vn 0.7144 0.6885 0.1246
vn 0.7144 0.6885 0.1246
vn 0.6903 0.7107 0.1353
vn 0.6903 0.7107 0.1353
vn 0.4146 0.91 0.004
vn -0.0405 0.9811 -0.1892
vn 0.3938 0.9174 0.0583
vn -0.0665 0.9976 -0.0181
vn 0.4494 0.8928 0.0319
vn 0.4494 0.8928 0.0319
vn 0.0703 0.9969 0.0348
vn 0.0703 0.9969 0.0348
vn 0.6446 0.7632 0.044
vn 0.6446 0.7632 0.044
vn 0.2973 0.9529 -0.0596
vn 0.2973 0.9529 -0.0596
vn 0.0516 0.9981 -0.0327
vn 0.0516 0.9981 -0.0327
vn 0.0952 0.9945 -0.043
vn 0.0952 0.9945 -0.043
vn -0.0684 0.9973 0.0262
vn 0.3933 0.9183 -0.0445
vn 0.689 0.7194 -0.0878
vn 0.689 0.7194 -0.0878
vn 0.6798 0.7241 -0.1161
vn 0.6798 0.7241 -0.1161
vn 0.4205 0.9072 0.0125
vn 0.6909 0.7209 -0.0536
vn 0.6909 0.7209 -0.0536
vn 0.6909 0.7209 -0.0536
vn 0.6351 0.7724 0.0056
vn 0.6351 0.7724 0.0056
vn 0.6351 0.7724 0.0056
vn 0.6902 0.7206 0.0662
vn 0.6902 0.7206 0.0662
vn 0.6902 0.7206 0.0662
vn -0.0404 0.9786 0.2018
vn 0.6836 0.7191 -0.1248
vn 0.6836 0.7191 -0.1248
vn 0.0552 0.874 0.4829
vn 0.1816 0.9764 0.1172
vn 0.1816 0.9764 0.1172
vn -0.3853 0.8945 0.2267
vn -0.3853 0.8945 0.2267
vn 0.1948 0.9503 0.243
vn 0.1948 0.9503 0.243
vn 0.205 0.9766 0.0655
vn 0.205 0.9766 0.0655
vn -0.2283 0.6999 0.6768
vn -0.2283 0.6999 0.6768
vn -0.4248 0.9007 0.0907
vn -0.4248 0.9007 0.0907
vn -0.5243 0.8496 0.0576
vn -0.5243 0.8496 0.0576
vn -0.5316 0.847 0.0079
vn -0.5314 0.8471 0.0102
vn -0.228 0.9214 0.3148
vn -0.228 0.9214 0.3148
vn 0 0 1
vn -0.5314 0.8471 -0.0001
vn -0.4237 0.9058 0.0057
vn -0.4237 0.9058 0.0057
vn -0.4237 0.9058 0.0057
vn -0.5314 0.8471 0.0102
vn -0.1356 0.9907 -0.0111
vn -0.1356 0.9907 -0.0111
vn -0.4242 0.9056 -0.0044
vn -0.5313 0.8472 -0.0067
vn -0.4242 0.9056 -0.0044
vn -0.5313 0.8472 -0.0003
vn -0.4242 0.9056 -0.0044
vn -0.5314 0.8471 -0.0001
vn -0.1457 0.9888 0.0322
vn -0.1457 0.9888 0.0322
vn -0.4792 0.877 -0.0362
vn -0.4792 0.877 -0.0362
vn -0.5308 0.8457 -0.0548
vn -0.5308 0.8457 -0.0548
vn -0.4219 0.9029 -0.0821
vn -0.4219 0.9029 -0.0821
vn 0 0 -1
vn -0.5317 0.847 -0.003
vn -0.5313 0.8472 -0.0067
vn -0.2281 0.922 -0.3129
vn -0.2281 0.922 -0.3129
vn -0.5314 0.8471 -0.003
vn -0.5317 0.847 -0.003
vn -0.5313 0.8472 -0.0003
vn -0.5314 0.8471 0.0001
vn -0.5313 0.8472 -0.0067
vn -0.5313 0.8472 -0.0078
vn -0.5314 0.8471 -0.003
vn 0 0 -1
vn -0.5317 0.847 -0.003
vn -0.5313 0.8472 -0.0078
vn -0.5314 0.8471 -0.0016
vn 0 0 -1
vn -0.5313 0.8472 -0.0078
vn -0.5314 0.8471 -0.003
vn -0.5313 0.8472 0.0001
vn -0.5313 0.8472 0
vn -0.5314 0.8471 0.0001
vn -0.5314 0.8471 0
vn -0.5313 0.8472 0.0001
vn -0.5313 0.8472 0
vn -0.6159 0.7878 -0.0003
vn -0.615 0.7885 0
vn -0.5313 0.8472 0.003
vn -0.5313 0.8472 0.0001
vn -0.5314 0.8471 0.003
vn -0.5314 0.8471 0.0001
vn -0.5313 0.8472 -0.0003
vn -0.5313 0.8472 0.0079
vn -0.5313 0.8472 0.003
vn -0.4977 0.8671 -0.0198
vn -0.4977 0.8671 -0.0198
vn -0.5314 0.8471 -0.0016
vn -0.5313 0.8472 -0.0003
vn -0.5313 0.8472 -0.0078
vn -0.6159 0.7878 -0.0003
vn -0.5313 0.8472 0
vn -0.3753 0.599 -0.7074
vn -0.5314 0.8471 -0.0016
vn 0 0 -1
vn -0.5314 0.8471 0
vn -0.5313 0.8472 0
vn -0.5313 0.8472 -0.0003
vn -0.6159 0.7878 -0.0003
vn -0.5314 0.8471 0.0037
vn -0.615 0.7885 0
vn -0.4531 0.8805 -0.1393
vn -0.4531 0.8805 -0.1393
vn -0.5314 0.8471 0
vn -0.5314 0.8471 0
vn -0.5313 0.8472 -0.0003
vn -0.5313 0.8472 0
vn -0.5314 0.8471 -0.0003
vn -0.5313 0.8472 0.0016
vn -0.5313 0.8472 0.0003
vn -0.5313 0.8472 0.0031
vn -0.5313 0.8472 -0.0003
vn -0.5314 0.8471 0
vn -0.5314 0.8471 0.0031
vn -0.5314 0.8471 0
vn -0.5314 0.8471 0.0037
vn -0.5313 0.8472 0.0031
vn -0.5313 0.8472 0
vn 0 0 1
vn -0.5314 0.8471 0
vn -0.5314 0.8471 0
vn -0.5313 0.8472 0
vn -0.5313 0.8472 -0.0003
vn -0.5314 0.8471 0
vn -0.5313 0.8472 0
vn 0 0 -1
vn -0.5314 0.8471 0
vn -0.5313 0.8472 0
vn -0.5315 0.847 0
vn -0.5314 0.8471 0.0015
vn -0.5313 0.8472 -0.0003
vn -0.5314 0.8471 -0.0003
vn -0.6251 0.7805 0.0001
vn -0.5314 0.8471 -0.0003
vn -0.5313 0.8472 0.0003
vn -0.6251 0.7805 0.0001
vn -0.5314 0.8471 0.0015
vn -0.5315 0.847 0
vn -0.7294 0.6276 -0.2721
vn -0.7294 0.6276 -0.2721
vn 0 0 -1
vn -0.5315 0.847 0
vn 0 0 -1
vn -0.5313 0.8472 0
vn -0.5314 0.8471 -0.0003
vn -0.5314 0.8471 0.0015
vn -0.6262 0.7797 -0.0024
vn -0.6262 0.7797 -0.0024
vn -0.6196 0.7834 -0.0497
vn -0.6196 0.7834 -0.0497
vn -0.7072 0.707 0.0017
vn -0.7072 0.707 0.0017
vn -0.8523 0.521 -0.0466
vn -0.8493 0.5279 0.0001
vn -0.8493 0.5279 0.0001
vn -0.8504 0.5259 0.0177
vn -0.8504 0.5259 0.0177
vn -0.9856 0.1628 0.045
vn -0.9856 0.1628 0.045
vn -0.9943 0.0925 0.0522
vn -0.9967 -0.0584 0.0571
vn -0.9967 -0.0584 0.0571
vn -0.9946 0.1041 0
vn -0.9946 0.1041 0
vn -0.9965 -0.0585 -0.06
vn -0.9965 -0.0585 -0.06
vn -0.9856 0.1626 -0.0474
vn -0.9856 0.1626 -0.0474
vn -0.9658 -0.2497 0.0704
vn -0.9658 -0.2497 0.0704
vn -0.9658 -0.2497 0.0704
vn -0.9633 -0.2569 -0.078
vn -0.9633 -0.2569 -0.078
vn -0.9633 -0.2569 -0.078
vn -0.9715 -0.237 0
vn -0.9715 -0.237 0
vn -0.9715 -0.237 0
vn -0.9715 -0.237 0
vn -0.946 -0.3221 -0.0372
vn -0.946 -0.3221 -0.0372
vn -0.8243 -0.5473 -0.1449
vn -0.8243 -0.5473 -0.1449
vn -0.9066 -0.3702 -0.2025
vn -0.8035 -0.5658 -0.1851
vn -0.8035 -0.5658 -0.1851
vn -0.9099 -0.3705 0.1863
vn -0.9611 -0.2476 -0.1227
vn -0.9611 -0.2476 -0.1227
vn -0.9499 -0.2694 -0.1585
vn -0.9499 -0.2694 -0.1585
vn -0.8191 -0.5598 0.1249
vn -0.8191 -0.5598 0.1249
vn -0.8225 -0.5641 0.0725
vn -0.8225 -0.5641 0.0725
vn -0.8227 -0.563 -0.0791
vn -0.8227 -0.563 -0.0791
vn -0.8207 -0.5714 -0.0003
vn -0.8207 -0.5714 -0.0003
vn -0.8207 -0.5714 -0.0003
vn -0.4978 -0.8673 -0.0003
vn -0.4978 -0.8673 -0.0003
vn -0.4987 -0.8646 0.0619
vn -0.4987 -0.8642 -0.0673
vn 0.0153 -0.9991 -0.0395
vn 0.0175 -0.9965 -0.082
vn -0.4913 -0.8607 -0.1337
vn 0.0195 -0.9915 -0.1283
vn -0.4868 -0.8457 -0.2188
vn -0.4737 -0.8308 -0.2922
vn 0.0279 -0.9839 -0.1764
vn -0.8041 -0.5391 -0.2507
vn -0.8041 -0.5391 -0.2507
vn -0.792 -0.519 -0.3216
vn -0.792 -0.519 -0.3216
vn -0.8598 -0.3031 -0.411
vn -0.7585 -0.532 -0.3764
vn -0.7585 -0.532 -0.3764
vn -0.7604 -0.4764 -0.4414
vn -0.7604 -0.4764 -0.4414
vn -0.4518 -0.804 -0.3865
vn 0.0559 -0.9579 -0.2815
vn -0.4263 -0.7751 -0.4662
vn 0.0398 -0.973 -0.2273
vn 0.5297 -0.8482 -0.0016
vn 0.421 -0.9039 -0.0754
vn 0.5305 -0.8477 -0.0002
vn 0.5324 -0.8465 0.0009
vn 0.4156 -0.9075 -0.0611
vn 0.5305 -0.8477 -0.0002
vn 0.5305 -0.8477 -0.0002
vn 0.4137 -0.9092 -0.0469
vn 0.5317 -0.847 0.0003
vn 0.5324 -0.8465 0.0009
vn 0.5376 -0.8432 0.0018
vn 0.5314 -0.8471 0
vn 0.5317 -0.847 0.0003
vn 0.531 -0.8474 -0.0011
vn 0.5324 -0.8465 0.0009
vn 0.5309 -0.8475 -0.0013
vn 0.4369 -0.8931 -0.1071
vn 0.5297 -0.8482 -0.0016
vn 0.4105 -0.9116 -0.0217
vn 0.5314 -0.8471 0
vn 0.5315 -0.8471 0.0001
vn 0.5332 -0.846 0
vn 0.533 -0.8461 -0.0001
vn 0.5316 -0.847 0
vn 0.5376 -0.8432 0.0018
vn 0.4137 -0.9098 -0.0335
vn 0.5376 -0.8432 0.0018
vn 0.5314 -0.8471 0
vn 0.5312 -0.8472 -0.0021
vn 0.5315 -0.847 0.0006
vn 0.5317 -0.847 0.001
vn 0.5309 -0.8475 -0.0013
vn 0.5317 -0.847 0.0003
vn 0.4917 -0.8589 -0.1431
vn 0.5317 -0.847 0.001
vn 0.5098 -0.8479 -0.1456
vn 0.5312 -0.8472 -0.0021
vn 0.532 -0.8467 0.0104
vn 0.5023 -0.8525 -0.1449
vn 0.5317 -0.847 0.001
vn 0.5315 -0.847 0.0006
vn 0.4782 -0.8672 -0.1388
vn 0.5309 -0.8475 -0.0013
vn 0.531 -0.8474 -0.0011
vn 0.5315 -0.847 0.0006
vn 0.4647 -0.8759 -0.1298
vn 0.3569 -0.7623 -0.5399
vn 0.3171 -0.7852 -0.5319
vn 0.0044 -0.4709 -0.8822
vn 0.0688 -0.4371 -0.8968
vn 0.2677 -0.8149 -0.5141
vn 0.2152 -0.8479 -0.4844
vn -0.1654 -0.573 -0.8027
vn -0.0771 -0.5196 -0.8509
vn -0.2444 -0.1082 -0.9636
vn -0.2444 -0.1082 -0.9636
vn -0.3199 -0.1611 -0.9336
vn -0.3199 -0.1611 -0.9336
vn -0.3688 -0.1869 -0.9105
vn -0.3688 -0.1869 -0.9105
vn -0.4293 -0.0055 -0.9031
vn -0.4403 -0.2189 -0.8707
vn -0.4403 -0.2189 -0.8707
vn -0.5016 -0.2651 -0.8235
vn -0.5016 -0.2651 -0.8235
vn -0.6148 -0.117 -0.78
vn -0.5439 -0.326 -0.7732
vn -0.5439 -0.326 -0.7732
vn -0.2376 -0.6314 -0.7382
vn 0.1642 -0.8808 -0.444
vn -0.3228 -0.6876 -0.6504
vn 0.1177 -0.9116 -0.3938
vn -0.3741 -0.7353 -0.5652
vn 0.0824 -0.938 -0.3367
vn 0.5297 -0.8482 -0.0016
vn 0.4267 -0.8997 -0.0918
vn -0.6654 -0.388 -0.6377
vn -0.6654 -0.388 -0.6377
vn -0.6827 -0.4544 -0.5722
vn -0.6827 -0.4544 -0.5722
vn -0.7359 -0.4459 -0.5096
vn -0.7359 -0.4459 -0.5096
vn -0.7702 -0.2094 -0.6024
vn -0.8432 -0.1934 -0.5015
vn -0.628 -0.0556 -0.7762
vn -0.8301 -0.1569 -0.5352
vn -0.9344 -0.1948 -0.2982
vn -0.9344 -0.1948 -0.2982
vn -0.9332 -0.1845 -0.3085
vn -0.9332 -0.1845 -0.3085
vn -0.9308 -0.2041 -0.3034
vn -0.9308 -0.2041 -0.3034
vn -0.8716 -0.1131 -0.4771
vn -0.8716 -0.1131 -0.4771
vn -0.9089 -0.1671 -0.3821
vn -0.9089 -0.1671 -0.3821
vn -0.9089 -0.1671 -0.3821
vn -0.9113 -0.1513 -0.383
vn -0.9113 -0.1513 -0.383
vn -0.9705 -0.1705 -0.1704
vn -0.9705 -0.1705 -0.1704
vn -0.9783 -0.1947 0.0705
vn -0.983 -0.119 -0.1396
vn -0.9803 -0.0648 0.1863
vn -0.9851 -0.1675 0.0385
vn -0.9851 -0.1675 0.0385
vn -0.9543 -0.1611 0.2518
vn -0.9543 -0.1611 0.2518
vn -0.8673 -0.0031 0.4977
vn -0.8385 -0.1341 0.5282
vn -0.8385 -0.1341 0.5282
vn -0.8264 -0.1624 0.5392
vn -0.4721 -0.0901 0.8769
vn -0.645 -0.0907 0.7588
vn -0.645 -0.0907 0.7588
vn -0.9732 -0.2114 0.0903
vn -0.8168 -0.174 0.5501
vn -0.9673 -0.2298 0.1074
vn -0.8071 -0.1879 0.5597
vn -0.4676 -0.0955 0.8788
vn -0.1264 -0.0194 0.9918
vn -0.0037 0.0062 1
vn -0.0038 0.0062 1
vn -0.004 0.0065 1
vn -0.0039 0.0061 1
vn -0.4584 -0.1017 0.8829
vn -0.1244 -0.0201 0.992
vn -0.0039 0.0061 1
vn -0.004 0.0061 1
vn -0.1207 -0.0207 0.9925
vn -0.004 0.0063 1
vn -0.004 0.0061 1
vn -0.004 0.0063 1
vn -0.6623 -0.2259 0.7144
vn -0.0038 0.0062 1
vn -0.0039 0.0063 1
vn -0.0039 0.0061 1
vn -0.004 0.0061 1
vn 0 0 1
vn -0.6728 -0.2467 0.6975
vn -0.9015 0.4328 0
vn 0 0 1
vn -0.7719 0.0564 0.6333
vn -0.0038 0.0062 1
vn -0.004 0.0065 1
vn -0.6006 0.0496 0.798
vn -0.9015 0.4328 0
vn -0.0039 0.0063 1
vn -0.0825 -0.0016 0.9966
vn -0.0825 -0.0016 0.9966
vn -0.0825 -0.0016 0.9966
vn -0.004 0.0063 1
vn -0.0039 0.0063 1
vn -0.6494 -0.2559 0.7161
vn -0.6494 -0.2559 0.7161
vn -0.6547 -0.2125 0.7254
vn -0.6547 -0.2125 0.7254
vn -0.9491 0.3069 0.0713
vn -0.9491 0.3069 0.0713
vn -0.718 -0.0572 0.6937
vn -0.718 -0.0572 0.6937
vn -0.0775 0.0432 0.9961
vn -0.0775 0.0432 0.9961
vn -0.1508 0.1137 0.982
vn -0.1508 0.1137 0.982
vn -0.3357 0.0629 0.9399
vn -0.2667 -0.0471 0.9626
vn -0.2667 -0.0471 0.9626
vn -0.4497 -0.0936 0.8882
vn -0.4497 -0.0936 0.8882
vn -0.6126 -0.1379 0.7783
vn -0.6126 -0.1379 0.7783
vn -0.6236 -0.0225 0.7814
vn -0.4937 0.3151 0.8105
vn -0.7212 0.2236 0.6556
vn -0.7997 -0.1912 0.5692
vn -0.7997 -0.1912 0.5692
vn -0.8291 -0.1058 0.549
vn -0.9495 -0.1806 0.2566
vn -0.9008 0.1009 0.4224
vn -0.9207 -0.2287 0.3163
vn -0.9207 -0.2287 0.3163
vn -0.9644 -0.2393 0.1124
vn -0.9644 -0.2393 0.1124
vn -0.9666 -0.244 -0.0782
vn -0.9666 -0.244 -0.0782
vn -0.9392 -0.2403 -0.2453
vn -0.9392 -0.2403 -0.2453
vn -0.9356 -0.2224 -0.2741
vn -0.9356 -0.2224 -0.2741
vn -0.9192 -0.2503 -0.304
vn -0.9192 -0.2503 -0.304
vn -0.9192 -0.2503 -0.304
vn -0.9706 -0.2346 -0.053
vn -0.9181 -0.2561 -0.3026
vn -0.9181 -0.2561 -0.3026
vn -0.9242 -0.2738 -0.2661
vn -0.9242 -0.2738 -0.2661
vn -0.9797 -0.1868 -0.0726
vn -0.9825 -0.0411 0.1815
vn -0.9981 0.057 0.0227
vn -0.9936 0.0952 -0.0601
vn -0.8261 0.4754 0.3025
vn -0.9498 -0.241 -0.1994
vn -0.9498 -0.241 -0.1994
vn -0.5298 0.8012 0.2783
vn -0.5298 0.8012 0.2783
vn -0.3934 0.633 0.6668
vn -0.3934 0.633 0.6668
vn -0.9288 0.3391 0.1495
vn -0.9288 0.3391 0.1495
vn -0.8495 0.5259 0.0424
vn -0.7066 0.7076 -0.002
vn -0.7066 0.7076 -0.002
vn -0.9045 0.4264 0.0026
vn -0.9045 0.4264 0.0026
vn -0.8504 0.5258 -0.0184
vn -0.8504 0.5258 -0.0184
vn -0.6142 0.7875 0.05
vn -0.6142 0.7875 0.05
vn -0.5313 0.8472 0.0003
vn -0.6262 0.7797 0.0016
vn -0.5313 0.8472 0.0016
vn -0.6262 0.7797 0.0016
vn -0.7291 0.6273 0.2738
vn -0.5313 0.8472 0.0016
vn 0 0 1
vn -0.5314 0.8471 0.0031
vn -0.7291 0.6273 0.2738
vn 0 0 1
vn -0.5314 0.8471 0.0031
vn -0.5313 0.8472 0.0031
vn -0.3352 0.4169 0.8449
vn -0.3352 0.4169 0.8449
vn -0.9266 0.2903 0.239
vn -0.9266 0.2903 0.239
vn -0.8343 0.1755 0.5227
vn -0.8343 0.1755 0.5227
vn -0.0878 0.2706 0.9587
vn -0.0878 0.2706 0.9587
vn -0.0038 0.006 1
vn -0.0039 0.0061 1
vn -0.004 0.0065 1
vn -0.2816 0.4505 0.8472
vn -0.9015 0.4328 0
vn -0.0037 0.0062 1
vn -0.0037 0.0052 1
vn -0.4224 0.6757 0.6042
vn 0 0 1
vn -0.9015 0.4328 0
vn 0 0 1
vn -0.1158 0.651 0.7502
vn -0.0037 0.0052 1
vn -0.1321 0.7338 0.6664
vn -0.3153 0.6567 0.685
vn -0.0036 0.006 1
vn -0.0037 0.0052 1
vn -0.0039 0.0061 1
vn -0.3711 0.608 0.7019
vn -0.0036 0.006 1
vn -0.5314 0.8471 0
vn -0.0038 0.006 1
vn -0.0165 0.0266 0.9995
vn -0.0039 0.0061 1
vn -0.0036 0.006 1
vn -0.0038 0.006 1
vn -0.2964 0.6186 0.7276
vn 0 0 1
vn -0.5314 0.8471 0
vn 0 0 1
vn -0.367 0.6012 0.7099
vn 0 0 1
vn -0.615 0.7885 0
vn -0.5314 0.8471 0
vn -0.5314 0.8471 0.0037
vn 0 0 1
vn -0.3758 0.599 0.7071
vn -0.5316 0.847 0
vn -0.5313 0.8472 0.0002
vn -0.5315 0.847 0
vn -0.5314 0.8471 0
vn 0 0 1
vn -0.3855 0.5871 0.7119
vn 0 0 1
vn -0.5313 0.8472 0.0002
vn -0.5314 0.8471 0
vn -0.3757 0.599 0.7071
vn 0 0 1
vn -0.4405 0.5227 0.7299
vn 0 0 1
vn 0 0 1
vn -0.547 0.3793 0.7463
vn -0.5313 0.8472 0.003
vn -0.5314 0.8471 0
vn -0.5314 0.8471 0.003
vn 0 0 1
vn -0.5316 0.847 0.0079
vn 0 0 1
vn -0.5313 0.8472 0.0079
vn -0.5314 0.8471 0.003
vn -0.5313 0.8472 0.0079
vn -0.5313 0.8472 -0.0003
vn -0.5314 0.8471 -0.0001
vn -0.5314 0.8471 0.0102
vn -0.5316 0.847 0.0079
vn 0.1791 0.9838 0
vn -0.3687 0.7164 0.5923
vn 0 0 1
vn -0.6097 0.4253 0.6689
vn -0.0041 0.0057 1
vn -0.0036 0.0075 1
vn -0.004 0.0058 1
vn -0.0041 0.0057 1
vn -0.4702 0.5588 0.6831
vn -0.5316 0.847 0
vn -0.3918 0.5969 0.7001
vn -0.004 0.0058 1
vn -0.0038 0.006 1
vn -0.5313 0.8472 0.0002
vn -0.0168 0.0264 0.9995
vn -0.004 0.0058 1
vn -0.0041 0.0057 1
vn -0.0036 0.0075 1
vn -0.0037 0.0059 1
vn -0.0038 0.006 1
vn -0.5316 0.847 0
vn -0.0038 0.006 1
vn -0.5315 0.847 0
vn -0.0167 0.0266 0.9995
vn -0.0038 0.006 1
vn -0.0038 0.006 1
vn -0.5311 0.8473 0
vn -0.5315 0.847 0
vn -0.5315 0.847 0
vn -0.0038 0.006 1
vn -0.5311 0.8473 0
vn -0.1137 0.1813 0.9768
vn -0.1135 0.181 0.9769
vn -0.1135 0.181 0.9769
vn -0.3245 0.5178 0.7916
vn -0.1137 0.1813 0.9768
vn -0.0167 0.0266 0.9995
vn -0.0038 0.006 1
vn -0.5314 0.8471 0
vn -0.0038 0.006 1
vn -0.0038 0.006 1
vn -0.5314 0.8471 0
vn -0.0038 0.006 1
vn -0.5314 0.8471 0
vn -0.0038 0.006 1
vn -0.5314 0.8471 0
vn -0.5314 0.8471 0
vn -0.376 0.599 0.707
vn -0.5314 0.8471 0
vn -0.3763 0.5979 0.7077
vn -0.5312 0.8473 0
vn -0.5314 0.8471 0
vn -0.3758 0.5991 0.707
vn -0.5315 0.847 0
vn -0.5311 0.8473 0
vn -0.3756 0.5994 -0.7068
vn -0.5312 0.8473 0
vn -0.0038 0.006 1
vn -0.5314 0.8471 0
vn -0.0038 0.006 1
vn -0.5315 0.847 0
vn -0.5312 0.8473 0
vn -0.3758 0.5991 -0.707
vn -0.5315 0.847 0
vn -0.5312 0.8473 0
vn -0.5315 0.847 0
vn -0.0038 0.006 1
vn -0.3757 0.599 -0.7071
vn -0.5315 0.847 0
vn -0.5315 0.847 0
vn -0.3757 0.599 0.7071
vn -0.5311 0.8473 0
vn -0.1977 0.1966 0.9603
vn -0.1977 0.1966 0.9603
vn -0.3906 0.548 0.7397
vn -0.3906 0.548 0.7397
vn -0.123 0.0587 0.9907
vn -0.123 0.0587 0.9907
vn -0.0038 0.006 1
vn -0.0037 0.0062 1
vn -0.0879 0.0074 0.9961
vn -0.0879 0.0074 0.9961
vn -0.3849 0.1063 0.9168
vn -0.279 -0.0256 0.9599
vn -0.279 -0.0256 0.9599
vn -0.4763 -0.0571 0.8774
vn -0.4763 -0.0571 0.8774
vn -0.5719 0.4525 0.6842
vn -0.656 0.0586 0.7525
vn -0.7508 0.3837 0.5377
vn -0.9179 0.2598 0.2999
vn -0.8256 0.5374 0.1718
vn -0.5622 0.7419 0.3655
vn -0.5622 0.7419 0.3655
vn -0.0341 0.7598 0.6492
vn -0.0341 0.7598 0.6492
vn -0.7975 0.6015 -0.0477
vn -0.9536 0.2417 -0.1793
vn -0.9756 -0.006 -0.2193
vn -0.9894 0.1372 0.0468
vn -0.8894 -0.084 -0.4493
vn -0.8894 -0.084 -0.4493
vn -0.9101 0.2658 -0.3179
vn -0.7799 0.6087 -0.1456
vn -0.8073 -0.1836 -0.5608
vn -0.8073 -0.1836 -0.5608
vn -0.8794 0.2695 -0.3925
vn -0.8543 0.2788 -0.4387
vn -0.7638 0.6154 -0.1949
vn -0.6553 -0.4222 -0.6264
vn -0.6553 -0.4222 -0.6264
vn -0.5054 -0.5619 -0.6549
vn -0.5054 -0.5619 -0.6549
vn -0.4808 -0.499 -0.721
vn -0.4808 -0.499 -0.721
vn -0.4808 -0.499 -0.721
vn -0.8253 0.2931 -0.4826
vn -0.8253 0.2931 -0.4826
vn -0.726 0.6379 -0.2571
vn -0.4509 0.8693 -0.2025
vn -0.4509 0.8693 -0.2025
vn -0.7814 0.3163 -0.5379
vn -0.6964 0.6558 -0.2915
vn -0.2361 -0.6755 -0.6986
vn -0.2361 -0.6755 -0.6986
vn -0.7257 0.3466 -0.5943
vn -0.2617 -0.578 -0.7729
vn -0.2617 -0.578 -0.7729
vn -0.6546 0.0348 -0.7552
vn -0.6546 0.0348 -0.7552
vn -0.3709 0.9272 -0.0528
vn -0.3709 0.9272 -0.0528
vn -0.523 0.847 0.0956
vn -0.523 0.847 0.0956
vn -0.5999 0.7991 0.0392
vn -0.5999 0.7991 0.0392
vn -0.5959 0.7928 0.1276
vn -0.5959 0.7928 0.1276
vn -0.3283 0.903 0.2772
vn -0.3283 0.903 0.2772
vn -0.1742 0.8903 0.4208
vn -0.1742 0.8903 0.4208
vn -0.9259 -0.1247 -0.3567
vn -0.9259 -0.1247 -0.3567
vn 0.3593 0.4435 0.8211
vn 0.3593 0.4435 0.8211
vn -0.618 -0.3426 -0.7076
vn -0.618 -0.3426 -0.7076
vn 0.531 -0.8474 -0.0011
vn 0.4499 -0.8849 -0.1206
vn -0.1629 -0.0691 -0.9842
vn -0.1629 -0.0691 -0.9842
vn -0.2665 0.0631 -0.9618
vn -0.0875 -0.034 -0.9956
vn -0.0875 -0.034 -0.9956
vn -0.118 -0.0459 -0.992
vn -0.118 -0.0459 -0.992
vn 0.1188 -0.4067 -0.9058
vn 0.3858 -0.7463 -0.5424
vn 0.1516 -0.3905 -0.908
vn 0.4058 -0.7343 -0.5441
vn 0.178 -0.3748 -0.9099
vn -0.0608 -0.0322 -0.9976
vn -0.0608 -0.0322 -0.9976
vn -0.0511 -0.0153 -0.9986
vn -0.0511 -0.0153 -0.9986
vn -0.0365 -0.0067 -0.9993
vn -0.0365 -0.0067 -0.9993
vn -0.0206 -0.0061 -0.9998
vn -0.0206 -0.0061 -0.9998
vn 0.1949 -0.366 -0.91
vn 0.4325 -0.7208 -0.5417
vn 0.421 -0.7265 -0.5431
vn 0.2128 -0.3544 -0.9106
vn 0.5161 -0.8452 -0.1392
vn 0.532 -0.8467 0.0104
vn -0.4781 0.4853 -0.732
vn -0.4781 0.4853 -0.732
vn 0.533 -0.8461 -0.0001
vn 0.4101 -0.912 -0.0106
vn 0.5315 -0.847 0.0001
vn 0.528 -0.8492 0.0004
vn 0.5271 -0.8498 0.0015
vn 0.4098 -0.912 0.0194
vn 0.5332 -0.846 0
vn 0.5316 -0.847 0
vn 0.5303 -0.8478 0.0089
vn 0.5314 -0.8471 0.0003
vn 0.5315 -0.847 0.0001
vn 0.5319 -0.8468 -0.0042
vn 0.5011 -0.8534 0.1433
vn 0.5316 -0.847 0
vn 0.5315 -0.8471 0.0001
vn 0.528 -0.8492 0.0004
vn 0.5332 -0.846 0
vn 0.533 -0.8461 -0.0001
vn 0.4094 -0.9124 -0.0001
vn 0.4094 -0.9124 -0.0001
vn 0.0143 -0.9999 -0.0002
vn 0.0143 -0.9999 -0.0002
vn 0.528 -0.8492 0.0004
vn 0.4079 -0.913 0.0099
vn 0.0157 -0.9992 0.0363
vn 0.0157 -0.9973 0.0723
vn 0.4095 -0.9118 0.0297
vn 0.5349 -0.8449 -0.0014
vn 0.5271 -0.8498 0.0015
vn 0.0191 -0.9938 0.1099
vn -0.4934 -0.8618 0.118
vn -0.4912 -0.8504 0.1884
vn -0.8038 -0.5711 0.1665
vn -0.8038 -0.5711 0.1665
vn -0.8102 -0.5448 0.2161
vn -0.8102 -0.5448 0.2161
vn -0.4845 -0.8372 0.2536
vn -0.8039 -0.5246 0.2804
vn -0.8039 -0.5246 0.2804
vn -0.7757 -0.5373 0.331
vn -0.7757 -0.5373 0.331
vn -0.8713 -0.3062 0.3834
vn -0.7775 -0.2039 0.5949
vn -0.8545 -0.1928 0.4823
vn -0.9489 -0.2518 0.1901
vn -0.9489 -0.2518 0.1901
vn -0.7778 -0.4862 0.3982
vn -0.7778 -0.4862 0.3982
vn -0.9265 -0.2589 0.273
vn -0.9265 -0.2589 0.273
vn -0.9714 -0.2362 0.0248
vn -0.8136 0.522 0.256
vn -0.8136 0.522 0.256
vn -0.8136 0.522 0.256
vn -0.8961 0.4414 0.0468
vn -0.8961 0.4414 0.0468
vn -0.6767 0.7236 0.1362
vn -0.6767 0.7236 0.1362
vn -0.6767 0.7236 0.1362
vn -0.9461 -0.2431 0.2141
vn -0.9461 -0.2431 0.2141
vn -0.8468 -0.3533 -0.3976
vn -0.8468 -0.3533 -0.3976
vn -0.8752 -0.4324 -0.2171
vn -0.8752 -0.4324 -0.2171
vn -0.8812 -0.2097 -0.4237
vn -0.8812 -0.2097 -0.4237
vn -0.8092 -0.072 -0.5831
vn -0.8092 -0.072 -0.5831
vn -0.8494 0.4668 -0.2462
vn -0.8494 0.4668 -0.2462
vn -0.7971 -0.1879 -0.5738
vn -0.9638 -0.2305 -0.1342
vn -0.9708 -0.2112 -0.1136
vn -0.9434 -0.2248 0.2438
vn -0.9434 -0.2248 0.2438
vn -0.8084 -0.1725 -0.5628
vn -0.8179 -0.1608 -0.5524
vn -0.466 -0.0889 -0.8803
vn -0.4593 -0.094 -0.8833
vn -0.0036 0.0062 -1
vn -0.0037 0.0066 -1
vn -0.124 -0.0189 -0.9921
vn -0.0035 0.0063 -1
vn -0.4534 -0.1027 -0.8854
vn -0.0036 0.0062 -1
vn -0.0034 0.0065 -1
vn -0.1224 -0.0197 -0.9923
vn -0.0035 0.0063 -1
vn -0.6621 -0.2258 -0.7146
vn -0.0036 0.0062 -1
vn -0.0034 0.0065 -1
vn -0.0034 0.0065 -1
vn -0.1209 -0.0218 -0.9924
vn -0.5173 -0.0289 -0.8553
vn -0.5173 -0.0289 -0.8553
vn -0.0034 0.0065 -1
vn -0.089 0.7086 -0.7
vn -0.089 0.7086 -0.7
vn -0.6492 -0.2558 -0.7163
vn -0.0034 0.0065 -1
vn -0.6492 -0.2558 -0.7163
vn -0.6545 -0.2123 -0.7256
vn -0.6545 -0.2123 -0.7256
vn -0.0591 0.7137 -0.698
vn -0.0591 0.7137 -0.698
vn -0.0591 0.7137 -0.698
vn -0.3613 0.6139 -0.7018
vn -0.3613 0.6139 -0.7018
vn -0.0769 0.0418 -0.9962
vn -0.0769 0.0418 -0.9962
vn -0.3311 0.0613 -0.9416
vn -0.4966 -0.008 -0.8679
vn -0.4966 -0.008 -0.8679
vn -0.6155 0.5475 -0.567
vn -0.6155 0.5475 -0.567
vn -0.6162 -0.0239 -0.7872
vn -0.654 0.0252 -0.756
vn -0.654 0.0252 -0.756
vn -0.8158 -0.094 -0.5706
vn -0.8158 -0.094 -0.5706
vn -0.4993 0.3077 -0.8099
vn -0.7134 0.2216 -0.6648
vn -0.8201 -0.1074 -0.5621
vn -0.9429 -0.1811 -0.2795
vn -0.8947 0.0962 -0.4363
vn -0.8186 0.4797 -0.316
vn -0.9866 -0.0847 -0.1396
vn -0.9977 0.0546 -0.0411
vn -0.9545 -0.2388 0.1784
vn -0.9545 -0.2388 0.1784
vn -0.9616 -0.2293 0.1507
vn -0.9616 -0.2293 0.1507
vn -0.9631 -0.2438 0.1139
vn -0.9631 -0.2438 0.1139
vn -0.9344 0.3218 -0.153
vn -0.9344 0.3218 -0.153
vn -0.3914 0.6216 -0.6786
vn -0.3914 0.6216 -0.6786
vn -0.5294 0.8002 -0.2816
vn -0.5294 0.8002 -0.2816
vn -0.9262 0.2912 -0.2394
vn -0.9262 0.2912 -0.2394
vn -0.949 0.3071 -0.0716
vn -0.949 0.3071 -0.0716
vn -0.9117 0.4107 -0.0049
vn -0.9117 0.4107 -0.0049
vn -0.7178 -0.0568 -0.6939
vn -0.7178 -0.0568 -0.6939
vn 0 0 -1
vn -0.6728 -0.2467 -0.6975
vn -0.7719 0.0564 -0.6333
vn -0.9015 0.4328 0
vn 0 0 -1
vn -0.1158 0.651 -0.7502
vn 0 0 -1
vn -0.9015 0.4328 0
vn -0.4224 0.6757 -0.6042
vn 0 0 -1
vn -0.2964 0.6186 -0.7276
vn 0 0 -1
vn -0.3153 0.6567 -0.685
vn -0.0036 0.006 -1
vn -0.0037 0.0052 -1
vn -0.0039 0.0061 -1
vn -0.0037 0.0052 -1
vn -0.1322 0.7338 -0.6664
vn -0.9015 0.4328 0
vn -0.2815 0.4506 -0.8472
vn -0.0038 0.006 -1
vn -0.0039 0.0061 -1
vn -0.0035 0.0063 -1
vn -0.0037 0.0052 -1
vn -0.0037 0.0066 -1
vn -0.0035 0.0063 -1
vn -0.9015 0.4328 0
vn -0.6004 0.0496 -0.7982
vn -0.0821 0.0074 -0.9966
vn -0.0038 0.006 -1
vn -0.0821 0.0074 -0.9966
vn -0.0037 0.0066 -1
vn -0.0164 0.0266 -0.9995
vn -0.0038 0.006 -1
vn -0.0036 0.006 -1
vn -0.0039 0.0061 -1
vn -0.5314 0.8471 0
vn -0.0038 0.006 -1
vn -0.0167 0.0266 -0.9995
vn -0.0038 0.006 -1
vn -0.1208 0.0477 -0.9915
vn -0.1208 0.0477 -0.9915
vn -0.1124 0.1809 -0.9771
vn -0.0038 0.006 -1
vn -0.5314 0.8471 0
vn -0.0036 0.006 -1
vn -0.3711 0.608 -0.7019
vn -0.367 0.6012 -0.7099
vn -0.5314 0.8471 0
vn 0 0 -1
vn 0 0 -1
vn -0.5314 0.8471 0
vn -0.3757 0.599 -0.7071
vn -0.5314 0.8471 0
vn 0 0 -1
vn -0.5314 0.8471 0
vn -0.0038 0.006 -1
vn -0.0038 0.006 -1
vn -0.5314 0.8471 0
vn -0.5314 0.8471 0
vn -0.375 0.6005 -0.7062
vn -0.5314 0.8471 0
vn -0.0038 0.006 -1
vn -0.5312 0.8473 0
vn -0.5314 0.8471 0
vn -0.0038 0.006 -1
vn -0.5314 0.8471 0
vn -0.3768 0.5957 -0.7093
vn 0 0 -1
vn -0.5313 0.8472 -0.0002
vn -0.5315 0.8471 0
vn -0.5316 0.847 0
vn -0.3758 0.599 -0.7071
vn -0.5315 0.847 0
vn -0.5311 0.8473 0
vn -0.3755 0.5991 0.7072
vn -0.5315 0.8471 0
vn -0.5314 0.8471 0
vn -0.3757 0.5991 -0.7071
vn -0.5312 0.8473 0
vn -0.5315 0.847 0
vn -0.5315 0.8471 0
vn -0.3757 0.5991 0.7071
vn -0.5312 0.8473 0
vn -0.3757 0.5993 -0.7069
vn -0.5315 0.847 0
vn -0.5311 0.8473 0
vn -0.376 0.5987 0.7072
vn -0.5315 0.847 0
vn -0.5315 0.8471 0
vn -0.5312 0.8473 0
vn -0.0038 0.006 -1
vn -0.0038 0.006 -1
vn -0.5315 0.8471 0
vn -0.5315 0.847 0
vn 0 0 -1
vn -0.3855 0.5871 -0.7119
vn -0.5313 0.8472 -0.0002
vn -0.4405 0.5227 -0.7299
vn 0 0 -1
vn -0.2024 0.1801 -0.9626
vn -0.2024 0.1801 -0.9626
vn -0.3856 0.1024 -0.917
vn -0.2779 -0.0261 -0.9602
vn -0.2779 -0.0261 -0.9602
vn -0.6343 -0.0901 -0.7678
vn -0.6343 -0.0901 -0.7678
vn -0.4703 -0.0575 -0.8806
vn -0.4703 -0.0575 -0.8806
vn -0.7065 -0.1073 -0.6995
vn -0.7065 -0.1073 -0.6995
vn -0.8128 -0.1272 -0.5684
vn -0.8128 -0.1272 -0.5684
vn -0.9495 -0.1612 -0.2693
vn -0.9495 -0.1612 -0.2693
vn -0.9839 -0.168 -0.061
vn -0.9839 -0.168 -0.061
vn -0.9765 -0.1942 -0.0931
vn -0.9747 -0.1717 0.1434
vn -0.9747 -0.1717 0.1434
vn -0.9409 -0.1854 0.2833
vn -0.9409 -0.1854 0.2833
vn -0.9423 -0.1965 0.2709
vn -0.9423 -0.1965 0.2709
vn -0.9397 -0.2062 0.2728
vn -0.9397 -0.2062 0.2728
vn -0.1188 0.2995 -0.9467
vn -0.1188 0.2995 -0.9467
vn -0.1469 0.1126 -0.9827
vn -0.1469 0.1126 -0.9827
vn -0.8344 0.1758 -0.5224
vn -0.8344 0.1758 -0.5224
vn -0.8963 0.1377 -0.4216
vn -0.8963 0.1377 -0.4216
vn -0.4425 -0.7833 0.4366
vn -0.4669 -0.8139 0.3458
vn -0.7538 -0.4521 0.4768
vn -0.7538 -0.4521 0.4768
vn -0.7011 -0.4496 0.5534
vn -0.7011 -0.4496 0.5534
vn -0.6749 -0.396 0.6227
vn -0.6749 -0.396 0.6227
vn -0.3852 -0.7398 0.5517
vn 0.0749 -0.9415 0.3285
vn 0.1147 -0.911 0.3962
vn -0.3258 -0.683 0.6537
vn 0.1684 -0.8758 0.4524
vn -0.239 -0.621 0.7465
vn -0.6097 -0.3333 0.7191
vn -0.6097 -0.3333 0.7191
vn -0.5117 -0.2221 0.83
vn -0.5117 -0.2221 0.83
vn -0.4716 -0.2218 0.8534
vn -0.4716 -0.2218 0.8534
vn -0.149 -0.5623 0.8134
vn -0.5983 -0.1019 0.7948
vn -0.4127 -0.2065 0.8872
vn -0.4127 -0.2065 0.8872
vn -0.3423 -0.1681 0.9244
vn -0.3423 -0.1681 0.9244
vn -0.2772 -0.1574 0.9478
vn -0.2772 -0.1574 0.9478
vn -0.4072 0.0057 0.9133
vn -0.0668 -0.5186 0.8524
vn 0.2753 -0.8106 0.5169
vn 0.0077 -0.4707 0.8822
vn 0.2245 -0.8413 0.4917
vn 0.4513 -0.8839 0.1226
vn 0.5314 -0.8471 0.0003
vn 0.5335 -0.8458 -0.0023
vn 0.5313 -0.8472 0.0002
vn 0.5315 -0.8471 0
vn 0.5315 -0.847 0.0001
vn 0.4671 -0.8743 0.1321
vn 0.5315 -0.8471 0
vn 0.5315 -0.8471 0.0001
vn 0.5315 -0.8471 0
vn 0.5314 -0.8471 0.0003
vn 0.4809 -0.8658 0.1382
vn 0.3185 -0.7856 0.5304
vn 0.4923 -0.8588 0.1417
vn 0.5315 -0.8471 0.0001
vn 0.3524 -0.7667 0.5366
vn 0.3779 -0.7524 0.5395
vn 0.1065 -0.4165 0.9029
vn 0.0608 -0.4444 0.8937
vn -0.1923 -0.0884 0.9773
vn -0.1923 -0.0884 0.9773
vn -0.1431 -0.0787 0.9866
vn -0.1431 -0.0787 0.9866
vn -0.4385 0.4993 0.7473
vn -0.4385 0.4993 0.7473
vn -0.0888 -0.0423 0.9951
vn -0.0888 -0.0423 0.9951
vn -0.2609 0.0641 0.9632
vn -0.4185 0.5138 0.7489
vn -0.4185 0.5138 0.7489
vn 0.1354 -0.4011 0.906
vn 0.396 -0.7411 0.5422
vn 0.5303 -0.8478 0.0089
vn 0.507 -0.8492 0.1478
vn 0.5303 -0.8478 0.0089
vn 0.5319 -0.8468 -0.0052
vn 0.5319 -0.8468 -0.0042
vn 0.513 -0.8465 0.1423
vn 0.5319 -0.8468 -0.0052
vn 0.5168 -0.8443 0.1414
vn -0.2399 -0.1113 0.9644
vn -0.2399 -0.1113 0.9644
vn 0.5335 -0.8458 -0.0023
vn 0.5313 -0.8472 0.0002
vn 0.425 -0.9007 0.0894
vn 0.5295 -0.8483 0.0015
vn 0.5335 -0.8458 -0.0023
vn 0.4375 -0.8929 0.1065
vn 0.5313 -0.8472 0.0002
vn 0.5349 -0.8449 -0.0014
vn 0.5271 -0.8498 0.0015
vn 0.4133 -0.9089 0.0547
vn 0.5315 -0.847 0.0001
vn 0.5295 -0.8483 0.0015
vn 0.4125 -0.9101 0.0406
vn 0.5349 -0.8449 -0.0014
vn 0.0218 -0.988 0.1529
vn 0.0287 -0.9786 0.2038
vn 0.417 -0.9061 0.0716
vn 0.5295 -0.8483 0.0015
vn 0.0454 -0.9635 0.2637
vn -0.6207 -0.0475 0.7826
vn 0.2637 0.8097 0.5242
vn 0.2637 0.8097 0.5242
vn 0.1939 0.9449 0.2639
vn 0.1939 0.9449 0.2639
vn -0.1225 0.4643 0.8772
vn -0.1225 0.4643 0.8772
vn -0.0225 0.327 0.9447
vn -0.0225 0.327 0.9447
vn -0.0187 0.1677 0.9857
vn -0.0187 0.1677 0.9857
vn 0.4293 0.5795 0.6927
vn 0.4293 0.5795 0.6927
vn 0.9059 0.1054 -0.4102
vn 0.7588 0.5445 -0.3573
vn 0.7588 0.5445 -0.3573
vn 0.8633 -0.4396 -0.248
vn 0.8342 -0.4543 -0.3125
vn 0.5334 -0.8459 -0.0011
vn 0.6397 -0.7657 -0.0672
vn 0.8597 0.073 -0.5055
vn 0.7922 -0.4796 -0.3774
vn 0.621 -0.7771 -0.1025
vn 0.533 -0.8461 -0.0018
vn 0.531 -0.8473 0.0012
vn 0.6065 -0.7862 -0.1181
vn 0.531 -0.8473 0.0012
vn 0.7394 -0.5116 -0.4376
vn 0.6825 -0.5488 -0.4827
vn 0.5995 -0.0811 -0.7962
vn 0.4839 0.3026 -0.8212
vn 0.4839 0.3026 -0.8212
vn 0.7033 -0.0169 -0.7107
vn 0.3205 0.2536 -0.9127
vn 0.3205 0.2536 -0.9127
vn 0.3929 0.3047 -0.8676
vn 0.3929 0.3047 -0.8676
vn 0.3847 0.4764 -0.7906
vn 0.5216 0.3877 -0.76
vn 0.5216 0.3877 -0.76
vn 0.5931 0.432 -0.6794
vn 0.5931 0.432 -0.6794
vn 0.7822 0.0356 -0.622
vn 0.6701 0.4391 -0.5984
vn 0.6701 0.4391 -0.5984
vn 0.697 0.4804 -0.5324
vn 0.697 0.4804 -0.5324
vn 0.7355 0.5145 -0.4409
vn 0.7355 0.5145 -0.4409
vn 0.7453 0.6227 -0.2383
vn 0.7453 0.6227 -0.2383
vn 0.7517 0.6177 -0.231
vn 0.7517 0.6177 -0.231
vn 0.7517 0.6177 -0.231
vn 0.7653 0.6135 -0.1947
vn 0.7653 0.6135 -0.1947
vn 0.7705 0.6369 -0.0262
vn 0.7705 0.6369 -0.0262
vn 0.7687 0.6197 0.1582
vn 0.7835 0.6062 0.1361
vn 0.7689 0.5968 -0.2294
vn 0.7689 0.5968 -0.2294
vn 0.7748 0.5826 -0.2455
vn 0.7748 0.5826 -0.2455
vn 0.8016 0.5868 0.1145
vn 0.8052 0.5804 -0.1219
vn 0.8052 0.5804 -0.1219
vn 0.8057 0.5873 0.0771
vn 0.8057 0.5873 0.0771
vn 0.773 0.565 0.2883
vn 0.773 0.565 0.2883
vn 0.7215 0.6523 0.2321
vn 0.6684 0.4982 0.5524
vn 0.6684 0.4982 0.5524
vn 0.757 0.6314 0.1681
vn 0.757 0.6314 0.1681
vn -0.7521 0.3172 0.5776
vn -0.7521 0.3172 0.5776
vn -0.6955 0.6237 0.3568
vn -0.6955 0.6237 0.3568
vn 0.012 0.3382 -0.941
vn 0.012 0.3382 -0.941
vn -0.0776 0.28 -0.9569
vn -0.0776 0.28 -0.9569
vn -0.0324 0.3088 -0.9506
vn -0.0324 0.3088 -0.9506
vn -0.2643 0.5535 -0.7898
vn -0.2211 0.5769 -0.7863
vn -0.4278 0.8097 -0.4018
vn -0.5295 0.8445 0.0802
vn -0.53 0.8442 0.08
vn -0.5161 0.8555 -0.0426
vn -0.4519 0.7954 -0.4038
vn -0.522 0.8518 -0.0434
vn -0.5295 0.8445 0.0802
vn -0.5294 0.8446 0.0802
vn -0.4719 0.7832 -0.4049
vn -0.301 0.5356 -0.789
vn -0.1209 0.2644 -0.9568
vn -0.1209 0.2644 -0.9568
vn -0.1552 0.2618 -0.9526
vn -0.1552 0.2618 -0.9526
vn -0.3363 0.5198 -0.7853
vn -0.3653 0.5056 -0.7816
vn -0.1706 0.2446 -0.9545
vn -0.1706 0.2446 -0.9545
vn -0.2018 0.23 -0.952
vn -0.2018 0.23 -0.952
vn -0.5064 0.7638 -0.4002
vn -0.4897 0.7736 -0.4021
vn -0.527 0.8486 -0.0453
vn -0.5294 0.8446 0.0802
vn -0.5298 0.8443 0.0803
vn -0.2919 0.5878 -0.7545
vn -0.2919 0.5878 -0.7545
vn -0.3304 0.5935 -0.7339
vn -0.3304 0.5935 -0.7339
vn -0.3215 0.6829 -0.6559
vn -0.3215 0.6829 -0.6559
vn 0.5222 -0.8415 0.1381
vn 0.5319 -0.8468 -0.01
vn 0.6472 -0.7615 0.037
vn 0.5328 -0.8462 0.0007
vn 0.5328 -0.8462 0.0007
vn 0.6445 -0.763 0.0485
vn 0.5336 -0.8458 0.0009
vn 0.5325 -0.8464 0.0002
vn 0.6943 0.5454 0.4695
vn 0.753 0.5628 0.341
vn 0.753 0.5628 0.341
vn 0.7884 0.5673 0.238
vn 0.7884 0.5673 0.238
vn 0.6378 0.6004 0.4823
vn 0.6378 0.6004 0.4823
vn 0.763 0.6102 0.2136
vn 0.763 0.6102 0.2136
vn 0.5606 0.5628 0.6075
vn 0.5606 0.5628 0.6075
vn 0.5606 0.5628 0.6075
vn 0.7667 0.5932 0.2455
vn 0.7667 0.5932 0.2455
vn 0.7723 0.579 0.2614
vn 0.7723 0.579 0.2614
vn 0.5059 0.6139 0.6059
vn 0.5059 0.6139 0.6059
vn 0.4718 0.5508 0.6885
vn 0.4718 0.5508 0.6885
vn 0.8144 0.0987 0.5718
vn 0.8144 0.0987 0.5718
vn 0.7935 0.2587 0.5509
vn 0.7935 0.2587 0.5509
vn 0.3071 0.8356 0.4554
vn 0.3227 0.7784 0.5385
vn 0.3227 0.7784 0.5385
vn 0.3339 0.8522 0.4029
vn -0.1243 0.9692 0.2127
vn -0.544 0.8327 -0.1038
vn -0.544 0.8327 -0.1038
vn 0.3581 0.8752 0.3253
vn 0.4241 0.8925 0.1533
vn 0.603 0.7296 0.3225
vn 0.2138 0.9766 -0.0246
vn 0.3806 0.8526 -0.358
vn 0.5617 0.8211 -0.1013
vn 0.7811 0.6167 0.0981
vn 0.7235 0.6531 -0.2238
vn 0.6848 0.7092 0.1676
vn 0.7347 0.5606 0.382
vn 0.7347 0.5606 0.382
vn 0.7135 0.5424 0.4435
vn 0.7135 0.5424 0.4435
vn 0.804 0.5787 0.1367
vn 0.804 0.5787 0.1367
vn 0.8063 0.5876 -0.0682
vn 0.8063 0.5876 -0.0682
vn 0.772 0.5437 0.3292
vn 0.772 0.5437 0.3292
vn 0.7893 0.5616 0.2482
vn 0.7893 0.5616 0.2482
vn 0.7893 0.5616 0.2482
vn 0.7481 0.6139 0.2519
vn 0.7481 0.6139 0.2519
vn 0.7481 0.6139 0.2519
vn 0.6135 0.5255 -0.5894
vn 0.6135 0.5255 -0.5894
vn 0.4648 0.407 -0.7863
vn 0.4648 0.407 -0.7863
vn 0.3329 0.2999 -0.894
vn 0.3329 0.2999 -0.894
vn -0.5329 0.845 0.0442
vn -0.5294 0.8445 -0.0805
vn -0.5296 0.8445 -0.0802
vn -0.5297 0.8444 -0.0802
vn -0.5297 0.8444 -0.0803
vn -0.5294 0.8446 -0.0804
vn -0.5172 0.8547 0.0456
vn -0.5299 0.8443 -0.0803
vn -0.5297 0.8444 -0.0803
vn -0.5231 0.8511 0.0455
vn -0.5296 0.8445 -0.0802
vn -0.5299 0.8443 -0.0803
vn -0.5284 0.8479 0.0434
vn -0.4763 0.7814 0.4033
vn -0.4948 0.7704 0.4021
vn -0.513 0.7599 0.3992
vn -0.3462 0.5149 0.7842
vn -0.3771 0.4996 0.7798
vn -0.4113 0.4847 0.772
vn -0.2154 0.2216 0.9511
vn -0.2154 0.2216 0.9511
vn -0.1824 0.2394 0.9536
vn -0.1824 0.2394 0.9536
vn -0.1647 0.259 0.9518
vn -0.1647 0.259 0.9518
vn -0.3085 0.5331 0.7878
vn -0.4562 0.7926 0.4046
vn -0.5503 0.7401 0.3866
vn -0.4456 0.4701 0.7619
vn -0.5314 0.7501 0.3937
vn -0.5294 0.8445 -0.0803
vn -0.53 0.8442 -0.0802
vn -0.5422 0.8392 0.0419
vn -0.5471 0.8361 0.0406
vn -0.5294 0.8445 -0.0803
vn -0.5297 0.8443 -0.0804
vn -0.5294 0.8445 -0.0805
vn -0.5377 0.842 0.0443
vn -0.53 0.8442 -0.0802
vn -0.4917 0.4521 0.7442
vn -0.5723 0.7278 0.3779
vn -0.3549 0.5408 0.7626
vn -0.3549 0.5408 0.7626
vn -0.3447 0.5505 0.7603
vn -0.3447 0.5505 0.7603
vt 0.02786100 0.13089700
vt 0.05572100 0.13089700
vt 0.00386800 1.00000000
vt 0.00000200 0.13089700
vt 0.99935000 0.58738600
vt 0.00000300 0.07443900
vt 0.99935000 0.58738600
vt 1.00000000 0.99995500
vt 0.98851200 0.27454400
vt 0.02786100 0.07401000
vt 0.02786100 0.13163200
vt 0.00029200 0.76474700
vt 0.05224100 0.07361900
vt 0.00449400 0.00000000
vt 0.96616600 0.00285900
vt 0.00028500 0.74727800
vt 0.02993400 0.13171900
vt 0.05572100 0.13338500
vt 0.00020300 0.53144700
vt 0.33333400 0.74727800
vt 0.33333400 0.49521500
vt 0.66666600 0.74727800
vt 0.33333400 0.99997800
vt 0.33911900 0.00004800
vt 0.66666600 0.99995600
vt 0.65958200 0.00002500
vt 0.34028800 0.00004800
vt 0.33453200 0.99997800
vt 0.01304000 0.81316100
vt 0.00003300 0.20243900
vt 0.34028800 0.20243900
vt 0.65976300 0.20243900
vt 0.34028800 0.40359700
vt 0.65976300 0.40359700
vt 0.65976300 0.00002500
vt 0.66685200 0.99995600
vt 1.00000000 0.00000000
vt 1.00000000 0.99993300
vt 0.17092300 0.00032900
vt 0.99987400 0.20243900
vt 0.09028800 0.01229800
vt 0.00100800 0.10316000
vt 0.99962200 0.60495000
vt 0.99974800 0.40359700
vt 0.02907500 0.04985800
vt 0.34720600 0.00769200
vt 0.99698600 0.74727800
vt 0.99993100 0.11152200
vt 0.20418900 0.26713200
vt 0.01442800 0.15760300
vt 0.99949900 0.80215100
vt 0.65976300 0.60495000
vt 0.06802600 0.19923700
vt 0.99937600 0.99946700
vt 1.00000000 0.00002100
vt 0.74944900 0.99966600
vt 0.74998700 0.00001600
vt 0.74998700 0.11152200
vt 0.66027000 0.00001400
vt 0.65976300 0.99973800
vt 0.49997500 0.22367300
vt 0.49997500 0.11152200
vt 0.74998700 0.22367300
vt 0.49997500 0.33532000
vt 0.99986100 0.22367300
vt 0.33157100 0.34286700
vt 0.99998800 0.10000000
vt 0.85666000 0.23904200
vt 0.99979100 0.33532000
vt 0.44795100 0.42638500
vt 0.52040600 0.02640700
vt 0.99703300 0.49521500
vt 0.66666600 0.49521500
vt 0.66666600 0.24714000
vt 0.68564800 0.06280900
vt 0.99700800 0.24714000
vt 0.66433400 1.00000000
vt 0.66666600 0.00000000
vt 0.99998800 0.00000000
vt 1.00000000 1.00000000
vt 0.99698300 0.00000000
vt 0.83470300 0.12248000
vt 0.65883700 0.96135400
vt 1.00000000 0.92270800
vt 0.69662000 0.08452800
vt 0.65883700 0.92270800
vt 1.00000000 0.90977000
vt 0.65813400 0.10000000
vt 0.65883700 0.88425500
vt 1.00000000 0.90790200
vt 0.65278400 0.10225300
vt 0.87861600 0.35560500
vt 0.99998800 0.20000000
vt 0.49734800 0.17949500
vt 1.00000000 0.84580200
vt 0.65278400 0.20000000
vt 0.34912700 0.27868200
vt 1.00000000 0.76889600
vt 0.65278400 0.30000000
vt 1.00000000 0.82975400
vt 0.46293500 0.20000000
vt 0.99998800 0.30000000
vt 0.90057300 0.47216700
vt 0.92253000 0.58872900
vt 0.99998800 0.40000000
vt 0.65288800 0.60862700
vt 0.99965300 0.55732000
vt 0.99972200 0.44620300
vt 0.55445000 0.51549600
vt 0.49997500 0.44620300
vt 0.00017400 0.35336600
vt 0.11144200 0.85412100
vt 0.00014900 0.44620300
vt 0.14083500 0.85419000
vt 0.00015100 0.44143000
vt 0.13932500 0.85417300
vt 0.00012700 0.52936800
vt 0.16720800 0.85462800
vt 0.49997500 0.55732000
vt 0.00010300 0.61728300
vt 0.19509100 0.85553300
vt 0.49997500 0.66834700
vt 0.74483000 0.70457900
vt 0.99958300 0.66834700
vt 0.17607300 0.85485400
vt 0.00011900 0.55732000
vt 0.19509100 0.86463200
vt 0.16720800 0.86463200
vt 0.97505600 0.16543700
vt 0.13932500 0.94995700
vt 0.16724200 0.00000000
vt 0.16720800 1.00000000
vt 0.13932500 0.86463200
vt 0.11144200 0.86463200
vt 0.94919800 0.00000000
vt 0.00000000 0.00000000
vt 0.13455000 0.92486800
vt 0.94700400 1.00000000
vt 0.13418600 0.07634800
vt 1.00000000 0.00000000
vt 0.97455500 0.82556700
vt 0.13926900 0.04995600
vt 0.11144200 0.92491900
vt 0.10163700 0.12765100
vt 0.14256400 0.09380600
vt 0.80694200 0.00000000
vt 0.34745700 0.17357300
vt 0.34745700 0.17357300
vt 0.34745700 0.17357300
vt 0.62085200 0.00000000
vt 0.80694200 1.00000000
vt 0.85923900 0.09226200
vt 0.08358200 0.92508300
vt 0.21936400 0.29050400
vt 0.08358200 0.86463200
vt 0.05572100 0.92532500
vt 0.33076500 0.46304200
vt 0.33076500 0.46304200
vt 0.05572100 0.86463200
vt 0.43521900 0.64461000
vt 0.02786100 0.92560000
vt 0.43521900 0.64461000
vt 0.43521900 0.64461000
vt 0.02786100 0.86463200
vt 0.76314000 0.06587000
vt 0.20098000 0.00000000
vt 0.20098000 0.00000000
vt 0.76314000 0.06587000
vt 0.76314000 0.06587000
vt 0.76314000 0.06587000
vt 0.76314000 0.06587000
vt 0.20098000 0.00000000
vt 0.76314000 0.06587000
vt 0.76314000 0.06587000
vt 0.02388300 0.92564400
vt 0.44955100 0.67122700
vt 0.44955100 0.67122700
vt 0.39288100 0.00000000
vt 0.55631100 0.13599500
vt 0.44441000 0.13449800
vt 0.39288100 1.00000000
vt 0.65381000 0.17211700
vt 0.65381000 0.17211700
vt 0.65381000 0.17211700
vt 0.62085200 1.00000000
vt 0.05569800 0.07587700
vt 0.67003200 0.46180500
vt 0.67003200 0.46180500
vt 0.08354800 0.07612400
vt 0.78160600 0.28908400
vt 0.02784900 0.07559600
vt 0.56549200 0.64360200
vt 0.56549200 0.64360200
vt 0.56549200 0.64360200
vt 0.02784900 0.13509900
vt 0.05569800 0.13509900
vt 0.55115200 0.67025100
vt 0.02387300 0.07555200
vt 0.23704100 0.06429500
vt 0.20098000 1.00000000
vt 0.23704100 0.06429500
vt 0.23704100 0.06429500
vt 0.23704100 0.06429500
vt 0.23704100 0.06429500
vt 0.23704100 0.06429500
vt 0.23704100 0.06429500
vt 0.20098000 1.00000000
vt 0.47174300 0.82708500
vt 0.00099900 0.07522400
vt 0.47174300 0.82708500
vt 0.00000000 0.99995500
vt 0.00032600 0.58644500
vt 0.00032600 0.58644500
vt 0.00000200 0.92408900
vt 0.48177900 0.80632200
vt 0.48177900 0.80632200
vt 0.00398000 0.07528900
vt 0.49534700 0.77867900
vt 0.00796300 0.07535400
vt 0.01194200 0.07540900
vt 0.50906000 0.75128700
vt 0.00000300 0.07517200
vt 0.46840000 0.83400900
vt 0.00014200 0.00002300
vt 0.01591900 0.07545800
vt 0.52292900 0.72410600
vt 0.52292900 0.72410600
vt 0.00000300 0.49559400
vt 0.00000300 0.49559400
vt 0.05212500 0.00000000
vt 0.05213600 1.00000000
vt 0.53696600 0.69708200
vt 0.01989800 0.07550600
vt 0.53696600 0.69708200
vt 0.05225600 0.92493000
vt 0.03362200 0.00125800
vt 0.00462700 1.00000000
vt 0.02784900 0.92453700
vt 0.01125000 0.27347100
vt 0.02784900 0.86884600
vt 0.00021200 0.50070600
vt 0.01578600 0.86850100
vt 0.99547900 1.00000000
vt 0.00000200 0.86884600
vt 0.00005000 0.88165600
vt 0.02784900 0.86814400
vt 0.00000000 0.00000000
vt 0.03160900 0.86798700
vt 0.00000000 1.00000000
vt 1.00000000 0.50000000
vt 1.00000000 0.00000000
vt 0.05569800 0.86884600
vt 0.05569800 1.00000000
vt 0.05568700 0.00000000
vt 0.08354800 0.86884600
vt 0.05422700 0.79743400
vt 0.00000100 0.20068800
vt 0.00000200 0.40043700
vt 0.08217700 0.79384000
vt 0.05569800 0.79726500
vt 0.00000100 0.21126100
vt 0.25000000 0.20068800
vt 0.50000000 0.20068800
vt 0.50000000 0.40043700
vt 0.08354800 0.79366200
vt 0.00000200 0.41015400
vt 0.50000000 0.59885600
vt 0.99999900 0.40043700
vt 0.84424100 0.54910700
vt 0.81789000 0.67041400
vt 1.00000000 0.75179400
vt 0.99999900 0.59885600
vt 0.68411800 0.34696900
vt 0.78803700 0.61495000
vt 1.00000000 0.70164700
vt 0.75000000 0.20068800
vt 0.94545200 0.76848900
vt 1.00000000 0.20068800
vt 0.75429000 0.56066500
vt 1.00000000 0.65150000
vt 1.00000000 0.60135300
vt 0.71642400 0.50762800
vt 1.00000000 0.55144400
vt 0.67453500 0.45611400
vt 0.65891900 0.55144400
vt 0.65891900 0.50153400
vt 1.00000000 0.50153400
vt 0.62841700 0.40588200
vt 1.00000000 0.45162500
vt 0.57811000 0.35704700
vt 0.65891900 0.45162500
vt 1.00000000 0.40171500
vt 0.52439600 0.31031500
vt 1.00000000 0.35133300
vt 0.46714100 0.26531900
vt 0.65891900 0.40171500
vt 0.34108100 0.40171500
vt 0.34108100 0.45162500
vt 0.65891900 0.35133300
vt 0.34108100 0.35133300
vt 0.40704700 0.22234900
vt 1.00000000 0.30095100
vt 0.65891900 0.30095100
vt 0.65891900 0.25056900
vt 0.34108100 0.30095100
vt 0.34429700 0.18127600
vt 1.00000000 0.25056900
vt 1.00000000 0.20018700
vt 0.27907700 0.14196600
vt 0.46628000 0.16946800
vt 0.99999900 0.79848500
vt 0.00006400 0.50000000
vt 0.00814600 0.00070900
vt 0.00006400 0.00000000
vt 0.20544800 0.01787500
vt 0.00000000 1.00000000
vt 0.99999800 1.00000000
vt 0.66080100 1.00000000
vt 0.33920000 1.00000000
vt 0.50000000 0.79848500
vt 1.00000000 0.15014100
vt 0.21206800 0.10450400
vt 1.00000000 0.10009400
vt 0.14307800 0.06845600
vt 1.00000000 0.05004700
vt 0.07233000 0.03366100
vt 0.65891900 0.15014100
vt 0.65891900 0.10009400
vt 0.65891900 0.05004700
vt 0.66202500 0.00000000
vt 0.33797700 0.00000000
vt 0.00000000 0.00000000
vt 1.00000000 0.00000000
vt 0.00006400 0.52064200
vt 0.00000000 0.00000000
vt 0.34108300 0.00000000
vt 0.65891900 0.00000000
vt 0.34108100 0.05004700
vt 0.34108100 0.10009400
vt 0.00000000 0.10009400
vt 0.88678000 0.99319300
vt 0.00000000 0.15014100
vt 0.83756900 0.99319300
vt 0.34108100 0.15014100
vt 0.00000000 0.18844300
vt 0.80002200 0.99319300
vt 0.34108100 0.20018700
vt 0.00000000 0.20018700
vt 0.78852600 0.99319300
vt 0.00000000 0.25056900
vt 0.73927600 0.99319300
vt 0.34108100 0.25056900
vt 0.65891900 0.20018700
vt 0.69008000 0.99319300
vt 0.00000000 0.30095100
vt 0.87504900 1.00000000
vt 0.62741500 0.00000100
vt 1.00000000 1.00000000
vt 0.71733500 0.00000000
vt 1.00000000 0.00000000
vt 0.64082400 0.99319300
vt 0.00000000 0.35133300
vt 0.00000000 0.39292700
vt 0.60003100 0.99319300
vt 0.60003100 0.00000100
vt 0.83683200 1.00000000
vt 0.59138700 0.99319300
vt 0.00000000 0.40171500
vt 0.54210500 0.99319300
vt 0.00000000 0.45162500
vt 0.53795200 0.00000100
vt 0.75009900 1.00000000
vt 0.00000000 0.50153400
vt 0.49256800 0.99319300
vt 0.44333800 0.99319300
vt 0.00000000 0.55144400
vt 0.34108100 0.50153400
vt 0.40370800 0.00000200
vt 0.56323200 1.00000000
vt 0.62552100 1.00000000
vt 0.44864500 0.00000200
vt 0.40001600 0.00000200
vt 0.55813600 1.00000000
vt 0.00000000 0.59559200
vt 0.40001600 0.99319300
vt 0.50094300 1.00000000
vt 0.35852000 0.00000200
vt 0.50094300 0.65891900
vt 0.56323200 0.65891900
vt 0.62552100 0.34108100
vt 0.62552100 0.65891900
vt 0.50094300 0.34108100
vt 0.50094300 0.00000000
vt 0.37749700 0.10958700
vt 0.37581400 0.65891900
vt 0.37581400 0.34108100
vt 0.44404000 0.09084300
vt 0.37581400 0.00000000
vt 0.25068400 0.34108100
vt 0.25068400 0.65891900
vt 0.12534200 1.00000000
vt 0.08971900 0.00000400
vt 0.12534200 0.65891900
vt 0.25068400 1.00000000
vt 0.17917400 0.00000400
vt 0.20001300 0.00000300
vt 0.27990500 1.00000000
vt 0.20001300 0.99319300
vt 0.00000000 0.79920800
vt 0.37581400 1.00000000
vt 0.26850400 0.00000300
vt 0.24685700 0.99319300
vt 0.00000000 0.75179400
vt 0.00000000 0.70164700
vt 0.29615000 0.99319300
vt 0.34108100 0.75179400
vt 0.34108100 0.70164700
vt 0.34108100 0.80194100
vt 0.65891900 0.75179400
vt 0.65891900 0.80194100
vt 1.00000000 0.80194100
vt 0.84406500 0.72699300
vt 0.65891900 0.85145600
vt 1.00000000 0.85145600
vt 0.86646200 0.78383500
vt 0.88555000 0.84122700
vt 1.00000000 0.90097000
vt 1.00000000 0.95048500
vt 0.90162800 0.89900300
vt 0.65891900 0.90097000
vt 0.65891900 0.95048500
vt 0.34108100 0.85145600
vt 0.34108100 0.90097000
vt 0.14806400 0.99319300
vt 0.00000000 0.85145600
vt 0.00000000 0.90097000
vt 0.09875100 0.99319300
vt 0.34108100 0.95048500
vt 0.04941500 0.99319300
vt 0.00000000 0.95048500
vt 0.34108100 1.00000000
vt 0.34108100 0.00000000
vt 0.65891900 1.00000000
vt 0.65891900 0.00000000
vt 0.65891900 0.33331700
vt 0.92868800 0.97960400
vt 0.99999300 0.33331700
vt 1.00000000 0.00000000
vt 1.00000000 1.00000000
vt 0.91504100 0.95712800
vt 0.99997900 0.97514700
vt 0.98940600 0.99982100
vt 0.00000000 0.80697500
vt 0.00000000 0.00000000
vt 1.00000000 0.00000000
vt 1.00000000 0.99711600
vt 0.95662700 0.99503300
vt 0.99998600 0.66682400
vt 0.65891900 0.66682400
vt 0.66925300 0.98850900
vt 0.34033800 0.91305700
vt 0.00436600 0.33630200
vt 0.34033800 0.00000000
vt 0.00443100 0.33941500
vt 0.34333900 0.00000000
vt 0.32533500 0.33941500
vt 0.22418500 0.00448600
vt 0.75000000 0.00636300
vt 0.50000000 0.01637900
vt 0.47363200 0.01672900
vt 0.64578400 0.01014400
vt 0.32533500 0.00746500
vt 0.25000000 0.02870800
vt 0.73890300 0.04542800
vt 0.65716800 0.33941500
vt 0.65716800 0.03477000
vt 0.32647200 0.02481500
vt 0.21137500 0.73406100
vt 0.73994200 0.33941500
vt 0.34068400 0.79956600
vt 0.57553800 0.49114000
vt 0.27649300 0.76732700
vt 0.65716800 0.41635800
vt 0.59418800 0.00000000
vt 0.34068400 0.28139600
vt 0.36563100 0.67903800
vt 0.50778600 0.87770500
vt 0.40108300 0.32974500
vt 0.52078600 0.00000000
vt 0.65930300 0.50636400
vt 0.22565700 0.00000000
vt 0.61723000 0.48210500
vt 0.27070100 0.00000000
vt 0.54098700 0.89166200
vt 0.32533500 0.71509000
vt 0.32533500 0.67903800
vt 0.01464700 0.67903800
vt 0.66969300 0.00000000
vt 0.67834100 0.97977100
vt 0.34108100 0.99676800
vt 0.35918400 0.99647200
vt 0.65966100 0.97736200
vt 0.65930300 0.93551700
vt 0.18685700 0.84171000
vt 0.65966100 0.00000000
vt 0.01424500 0.66871500
vt 1.00000000 0.00000000
vt 0.02972700 1.00000000
vt 0.80359400 0.97460600
vt 0.89403600 0.60118000
vt 1.00000000 0.00000000
vt 0.00000000 0.00000000
vt 0.00000000 1.00000000
vt 0.07361400 1.00000000
vt 0.92302500 0.99498000
vt 0.03050400 0.99925500
vt 1.00000000 1.00000000
vt 0.92084100 1.00000000
vt 0.35082900 1.00000000
vt 0.00000000 0.71604700
vt 1.00000000 0.68831500
vt 0.00000000 0.15819900
vt 0.00000000 0.00000000
vt 0.35082900 0.00000100
vt 0.66468400 0.00003300
vt 0.39607200 1.00000000
vt 0.00000000 0.66682400
vt 0.34108100 0.66682400
vt 0.67033300 1.00000000
vt 0.00000000 0.35816900
vt 0.34108100 0.33331700
vt 0.65891900 0.98885800
vt 0.35097000 0.91585800
vt 0.00000000 0.33331700
vt 0.69224500 1.00000000
vt 0.00000000 0.00000000
vt 0.00000000 1.00000000
vt 0.00000000 0.99319300
vt 1.00000000 1.00000000
vt 0.00000000 0.00000500
vt 1.00000000 0.00000000
vt 0.00000000 1.00000000
vt 0.31832900 0.00003300
vt 0.67033300 0.00000000
vt 0.31832900 0.34108100
vt 0.00000000 0.65891900
vt 0.00000000 0.34108100
vt 0.00000000 0.65891700
vt 0.00000000 0.34108100
vt 0.12534200 0.34108100
vt 0.51228900 0.07617300
vt 0.25068400 0.00000000
vt 0.12534200 0.00000000
vt 0.58213000 0.06499800
vt 0.00028400 0.22347600
vt 0.66834300 0.34271900
vt 0.65321200 0.05678400
vt 0.00000000 0.00000000
vt 0.00000000 0.99995700
vt 0.68058500 0.04869700
vt 0.31832900 0.99995700
vt 0.31832900 0.65891700
vt 0.69824700 0.03216500
vt 0.66468400 0.99995700
vt 0.73578700 0.00286600
vt 0.99997300 0.50070600
vt 0.66468400 0.65891700
vt 0.66468400 0.34108100
vt 1.00000000 0.65891700
vt 0.34108100 1.00000000
vt 0.70133200 0.01174300
vt 0.00000000 1.00000000
vt 1.00000000 0.99995700
vt 0.34108100 0.00000000
vt 0.00000000 0.65913000
vt 0.65891900 1.00000000
vt 1.00000000 0.34108100
vt 0.00000000 0.34087200
vt 0.65891900 0.00000000
vt 1.00000000 1.00000000
vt 1.00000000 0.00003200
vt 0.00000000 0.00000100
vt 0.00000000 0.99999900
vt 1.00000000 1.00000000
vt 1.00000000 0.00000000
vt 0.99997000 0.62765400
vt 0.00000000 0.00000000
vt 0.00000000 0.25000000
vt 1.00000000 0.25000000
vt 0.27070100 0.25000000
vt 1.00000000 0.34087200
vt 0.00000000 0.34087200
vt 0.00000000 0.50000000
vt 1.00000000 0.50000000
vt 0.27070100 0.50000000
vt 0.29552000 1.00000000
vt 0.66035100 0.76135900
vt 0.52078600 0.50000000
vt 0.27070100 0.75000000
vt 0.00000000 0.65913000
vt 1.00000000 0.65913000
vt 1.00000000 0.75000000
vt 0.00000000 0.75000000
vt 0.00000000 1.00000000
vt 0.00000000 0.00000000
vt 0.70107000 0.01063800
vt 0.69899600 0.00465100
vt 0.99996200 0.69850700
vt 0.00000000 1.00000000
vt 1.00000000 1.00000000
vt 0.27070100 1.00000000
vt 0.68587800 0.75450200
vt 0.66035100 0.50070600
vt 0.66035100 0.00002900
vt 0.66404800 0.99994800
vt 0.33967900 0.50070600
vt 0.66289200 0.00002900
vt 0.66666600 0.99994800
vt 0.33333400 0.79841300
vt 0.90968700 0.01214900
vt 0.99998400 0.79841300
vt 0.82909900 0.00002800
vt 0.99684500 0.99992200
vt 1.00000000 0.00000000
vt 0.66666600 0.79841300
vt 0.66666600 0.59737000
vt 0.66666600 0.39601900
vt 0.33333400 0.59737000
vt 0.99989300 0.59737000
vt 0.97090400 0.04972400
vt 0.99989100 0.39601900
vt 0.99898400 0.10303800
vt 0.00000000 0.00000500
vt 0.93194300 0.19911800
vt 0.99988800 0.00041000
vt 0.98559000 0.15749200
vt 0.99989500 0.19922600
vt 0.79575800 0.26700600
vt 0.00014200 0.11145700
vt 0.25002600 0.11145700
vt 0.25002600 0.22347600
vt 0.50005200 0.22347600
vt 0.50005200 0.33491000
vt 0.55193900 0.42623100
vt 0.00042600 0.33491000
vt 0.50005200 0.44585400
vt 0.44542700 0.51535000
vt 0.00056700 0.44585400
vt 0.99978600 0.26426100
vt 0.08354800 0.14491000
vt 0.99981200 0.35271800
vt 0.11139700 0.14568400
vt 0.99980600 0.33491000
vt 0.10576700 0.14561400
vt 0.08354800 0.13509900
vt 0.11139700 0.13509900
vt 0.13926900 0.13509900
vt 0.11139700 0.07629300
vt 0.89954700 0.12608400
vt 0.99983700 0.44081700
vt 0.13926900 0.14565400
vt 0.99983900 0.44585400
vt 0.14086300 0.14563800
vt 0.16714200 0.13509900
vt 0.16714200 0.14522300
vt 0.99986300 0.52879000
vt 0.50005200 0.55707100
vt 0.17610400 0.14500300
vt 0.99987100 0.55707100
vt 0.19501500 0.13509900
vt 0.99988800 0.61673300
vt 0.19501500 0.14434300
vt 0.50005200 0.66817900
vt 0.21134500 0.14351900
vt 0.99990300 0.66817900
vt 0.99991400 0.70446000
vt 0.22288700 0.14277000
vt 0.22288700 0.13509900
vt 0.22301900 0.00000000
vt 0.22297400 1.00000000
vt 0.22284300 1.00000000
vt 0.22288700 0.00000000
vt 0.19513000 0.00000000
vt 0.19509100 1.00000000
vt 0.25074600 0.13509900
vt 0.24663800 0.14078900
vt 0.99993600 0.77899600
vt 0.50005200 0.77899600
vt 0.99993900 0.79188500
vt 0.25074600 0.14038900
vt 0.50005200 0.88956800
vt 0.99996500 0.87904900
vt 0.27860400 0.13734600
vt 0.27860400 0.13734600
vt 0.28198100 0.13694800
vt 0.99996800 0.88956800
vt 0.28198100 0.13694800
vt 0.75002600 0.88956800
vt 0.27860400 0.13509900
vt 0.27860400 0.13509900
vt 0.25084300 1.00000000
vt 0.25089300 0.00000000
vt 0.27860400 0.00000000
vt 0.27854900 1.00000000
vt 0.29724000 0.13509900
vt 0.99998200 0.93710100
vt 0.74970700 0.00000000
vt 0.75002600 1.00000000
vt 0.30640200 1.00000000
vt 0.30646300 0.00000000
vt 0.27876700 0.00000000
vt 0.27871100 1.00000000
vt 0.99999000 0.96590100
vt 0.30646300 0.13395600
vt 0.31733400 0.13259700
vt 1.00000000 1.00000000
vt 1.00000000 0.00000000
vt 1.00000000 0.04264700
vt 0.33432100 0.13251500
vt 0.30664000 0.00000000
vt 0.30657900 1.00000000
vt 0.33432100 0.00000000
vt 0.33425500 1.00000000
vt 0.33451400 0.00000000
vt 0.33444800 1.00000000
vt 0.31731200 0.86730500
vt 0.00000000 1.00000000
vt 0.00000000 0.00000000
vt 0.30657900 0.86597000
vt 0.00000900 0.96635500
vt 0.33444800 0.86735800
vt 0.00000000 0.03455500
vt 0.24998700 1.00000000
vt 0.25014300 0.00000000
vt 0.24998700 0.88961800
vt 0.00001800 0.93254100
vt 0.29574100 0.86463200
vt 0.34095000 1.00000000
vt 0.34116300 0.00000000
vt 0.34116300 0.03903000
vt 0.49997500 1.00000000
vt 0.50028600 0.00000000
vt 0.49997500 0.88961800
vt 0.65883700 0.00000000
vt 0.65842700 1.00000000
vt 0.27871100 0.86258400
vt 0.00003200 0.87952600
vt 0.25084300 0.85953100
vt 0.00005600 0.79238800
vt 0.49997500 0.77910100
vt 0.74998700 0.88961800
vt 0.99998800 0.75283500
vt 0.99999900 0.00000000
vt 1.00000000 1.00000000
vt 0.99937600 1.00000000
vt 0.74998700 1.00000000
vt 0.75045500 0.00000000
vt 0.99944500 0.88961800
vt 0.91695700 0.90082600
vt 0.83225400 0.80223500
vt 0.99951400 0.77910100
vt 0.99998800 0.50000000
vt 0.94448600 0.70529100
vt 0.99998800 0.60000000
vt 0.96644300 0.82185300
vt 0.98839900 0.93841500
vt 0.99998800 0.70000000
vt 0.65278400 0.50000000
vt 0.65278400 0.60000000
vt 0.33132400 0.60000000
vt 0.33132400 0.70000000
vt 0.65278400 0.70000000
vt 0.33132400 0.80000000
vt 0.65278400 0.80000000
vt 1.00000000 0.11756300
vt 0.68405300 0.90000000
vt 0.33132400 0.90000000
vt 0.65278400 0.90000000
vt 0.90127500 0.80000000
vt 1.00000000 0.03724200
vt 1.00000000 0.07806000
vt 0.79294000 0.85125500
vt 0.65883700 0.07806000
vt 0.34116300 0.07806000
vt 0.65883700 0.11719300
vt 0.34116300 0.11719300
vt 0.65883700 0.15632700
vt 0.65278400 0.91306700
vt 1.00000000 0.12834700
vt 1.00000000 0.15632700
vt 0.56575700 0.94617600
vt 1.00000000 0.19542000
vt 0.41615400 0.98732100
vt 0.65883700 0.19542000
vt 1.00000000 0.21170100
vt 0.33132400 0.99852000
vt 0.65883700 0.21496700
vt 0.31202300 0.99954700
vt 1.00000000 0.21496700
vt 1.00000000 0.27200900
vt 0.08514100 0.94756100
vt 1.00000000 0.23451400
vt 0.20087400 0.99186800
vt 1.00000000 0.22474000
vt 0.25296500 0.99860300
vt 0.65883700 0.22474000
vt 0.65883700 0.23451400
vt 0.34116300 0.22474000
vt 0.34116300 0.23451400
vt 0.00000000 0.22474000
vt 0.41305300 0.71790600
vt 0.00000000 0.23451400
vt 0.41172700 0.69270300
vt 0.34116300 0.27200900
vt 0.65883700 0.27200900
vt 0.65883700 0.30950300
vt 0.03336900 0.90000000
vt 1.00000000 0.30786000
vt 1.00000000 0.30950300
vt 0.03173900 0.89778800
vt 1.00000000 0.38133300
vt 0.00030800 0.80000000
vt 0.65883700 0.38516200
vt 1.00000000 0.38516200
vt 0.00029400 0.79478000
vt 1.00000000 0.45477600
vt 0.01867700 0.70000000
vt 0.65883700 0.46154500
vt 0.02198900 0.69079400
vt 1.00000000 0.46154500
vt 1.00000000 0.52840200
vt 0.06555200 0.60000000
vt 0.65883700 0.53819000
vt 1.00000000 0.53819000
vt 0.07320100 0.58674500
vt 1.00000000 0.60243100
vt 0.13145700 0.50000000
vt 0.33132400 0.50000000
vt 0.33132400 0.40000000
vt 0.65278400 0.40000000
vt 1.00000000 0.61502600
vt 0.14426000 0.48304100
vt 0.65883700 0.61502600
vt 1.00000000 0.67696100
vt 0.21531500 0.40000000
vt 0.65883700 0.69187100
vt 1.00000000 0.69187100
vt 0.23446500 0.38014400
vt 1.00000000 0.75258700
vt 0.32245500 0.30000000
vt 0.33132400 0.30000000
vt 0.65883700 0.76889600
vt 0.33132400 0.29278400
vt 1.00000000 0.75810100
vt 0.34116300 0.76889600
vt 0.34116300 0.80734900
vt 0.65883700 0.84580200
vt 0.34116300 0.73038400
vt 0.22297400 0.28376800
vt 0.00000000 0.73053400
vt 0.23685000 0.30792800
vt 0.00000000 0.69187100
vt 0.00000000 0.73038400
vt 0.22302800 0.28386600
vt 0.34116300 0.69187100
vt 0.25084300 0.33164800
vt 0.00000000 0.65315900
vt 0.34116300 0.61502600
vt 0.25622200 0.34060300
vt 0.00000000 0.63837900
vt 0.34116300 0.53819000
vt 0.00000000 0.57726700
vt 0.27871100 0.37715100
vt 0.26476600 0.35464300
vt 0.00000000 0.61502600
vt 0.27871100 0.34060300
vt 0.27871100 0.26767500
vt 0.30657900 0.26767500
vt 0.30657900 0.34060300
vt 0.00000000 0.53819000
vt 0.29333700 0.40052800
vt 0.30147400 0.41353000
vt 0.00000000 0.51674700
vt 0.30657900 0.42172500
vt 0.00000000 0.50340000
vt 0.30657900 0.41353000
vt 0.33444800 0.34060300
vt 0.33444800 0.41353000
vt 0.00000000 0.46154500
vt 0.32279500 0.44832600
vt 0.36223300 0.41353000
vt 0.34799500 0.49227500
vt 0.00000000 0.39806400
vt 0.33444800 0.46827400
vt 0.00000000 0.43191900
vt 0.34116300 0.46154500
vt 0.34116300 0.38516200
vt 0.34116300 0.34733300
vt 0.36223300 0.52096000
vt 0.00000000 0.36330400
vt 0.35323500 0.50225300
vt 0.00000000 0.38516200
vt 0.36223300 0.49227500
vt 0.39001800 0.41353000
vt 0.36891000 0.53579200
vt 0.00000000 0.34733300
vt 0.39001800 0.49227500
vt 0.00000000 0.31285300
vt 0.38340300 0.57102100
vt 0.39001800 0.57102100
vt 0.34116300 0.30950300
vt 0.38478900 0.57477600
vt 0.00000000 0.30950300
vt 0.00000000 0.29672400
vt 0.39001800 0.58980500
vt 0.00000000 0.27200900
vt 0.39971000 0.62285700
vt 0.41780300 0.57102100
vt 0.41780300 0.72245900
vt 0.41310600 0.72245900
vt 0.00000000 0.22304900
vt 0.44558900 0.49227500
vt 0.44558900 0.57102100
vt 0.41780300 0.49227500
vt 0.41780300 0.41353000
vt 0.44558900 0.41353000
vt 0.44558900 0.26767500
vt 0.47331000 0.26767500
vt 0.47331000 0.41353000
vt 0.50103200 0.41353000
vt 0.47331000 0.49227500
vt 0.50103200 0.26767500
vt 0.50103200 0.13089700
vt 0.52875300 0.26767500
vt 0.52875300 0.13089700
vt 0.55647400 0.13089700
vt 0.52854200 0.00000000
vt 0.52864700 1.00000000
vt 0.55626500 0.00000000
vt 0.55637600 1.00000000
vt 0.52875300 0.00000000
vt 0.52885800 1.00000000
vt 0.52864700 0.86884600
vt 0.55637600 0.86884600
vt 0.50091900 0.86884600
vt 0.50091900 0.73199200
vt 0.52864700 0.73199200
vt 0.55637600 0.73199200
vt 0.50091900 0.58588700
vt 0.52864700 0.58588700
vt 0.50091900 0.50709100
vt 0.52864700 0.50709100
vt 0.55637600 0.58588700
vt 0.58410200 0.58588700
vt 0.58410200 0.73199200
vt 0.55637600 0.50709100
vt 0.55637600 0.42829500
vt 0.52864700 0.42829500
vt 0.58410200 0.50709100
vt 0.58410200 0.42829500
vt 0.61182800 0.50709100
vt 0.61182800 0.58588700
vt 0.61182800 0.73199200
vt 0.63955500 0.58588700
vt 0.63955500 0.73199200
vt 0.63955500 0.86884600
vt 0.66728100 0.73199200
vt 0.66728100 0.86884600
vt 0.66714800 0.00000000
vt 0.66728100 1.00000000
vt 0.69500800 1.00000000
vt 0.69487000 0.00000000
vt 0.69500800 0.86884600
vt 0.66734900 0.00000000
vt 0.66748100 1.00000000
vt 0.66734900 0.13089700
vt 0.63963000 0.13089700
vt 0.61191200 0.26767500
vt 0.63963000 0.26767500
vt 0.61191200 0.13089700
vt 0.63975700 1.00000000
vt 0.63963000 0.00000000
vt 0.63942800 0.00000000
vt 0.63955500 1.00000000
vt 0.61191200 0.00000000
vt 0.61203300 1.00000000
vt 0.61182800 0.86884600
vt 0.61182800 1.00000000
vt 0.61170700 0.00000000
vt 0.58410200 0.86884600
vt 0.58410200 1.00000000
vt 0.58398600 0.00000000
vt 0.58419300 0.00000000
vt 0.58430900 1.00000000
vt 0.58419300 0.13089700
vt 0.58419300 0.26767500
vt 0.55647400 0.26767500
vt 0.55647400 0.41353000
vt 0.52875300 0.41353000
vt 0.50103200 0.49227500
vt 0.52875300 0.49227500
vt 0.55647400 0.49227500
vt 0.50103200 0.57102100
vt 0.52875300 0.57102100
vt 0.55647400 0.57102100
vt 0.50103200 0.72245900
vt 0.52875300 0.72245900
vt 0.52875300 0.86463200
vt 0.55647400 0.72245900
vt 0.50103200 0.86463200
vt 0.47331000 0.86463200
vt 0.50081900 1.00000000
vt 0.50091900 0.00000000
vt 0.47331000 1.00000000
vt 0.47340400 0.00000000
vt 0.50103200 1.00000000
vt 0.50113100 0.00000000
vt 0.52864700 0.13509900
vt 0.50091900 0.13509900
vt 0.52864700 0.00000000
vt 0.52854200 1.00000000
vt 0.52875300 1.00000000
vt 0.52885800 0.00000000
vt 0.55626500 1.00000000
vt 0.55637600 0.00000000
vt 0.55637600 0.13509900
vt 0.55647400 0.86463200
vt 0.58419300 0.72245900
vt 0.58419300 0.86463200
vt 0.55647400 1.00000000
vt 0.55658500 0.00000000
vt 0.58410200 0.00000000
vt 0.58398600 1.00000000
vt 0.58410200 0.13509900
vt 0.58419300 1.00000000
vt 0.58430900 0.00000000
vt 0.61182800 0.13509900
vt 0.58410200 0.27706700
vt 0.61182800 0.27706700
vt 0.63955500 0.27706700
vt 0.61182800 0.42829500
vt 0.63955500 0.42829500
vt 0.66728100 0.50709100
vt 0.63955500 0.50709100
vt 0.66728100 0.42829500
vt 0.66728100 0.27706700
vt 0.69500800 0.42829500
vt 0.69500800 0.50709100
vt 0.72273500 0.58588700
vt 0.69500800 0.58588700
vt 0.72273500 0.50709100
vt 0.72273500 0.42829500
vt 0.75046200 0.50709100
vt 0.75046200 0.58588700
vt 0.75046200 0.73199200
vt 0.77818900 0.58588700
vt 0.77818900 0.73199200
vt 0.77818900 0.86884600
vt 0.80591800 0.86884600
vt 0.80591800 0.73199200
vt 0.83364700 0.86884600
vt 0.80591800 0.58588700
vt 0.83364700 0.73199200
vt 0.86137600 0.86884600
vt 0.83364700 0.58588700
vt 0.86137600 0.73199200
vt 0.88910500 0.65893900
vt 0.88910500 0.73199200
vt 0.88910500 0.80041900
vt 0.86137600 0.58588700
vt 0.88910500 0.58588700
vt 0.83364700 0.42829500
vt 0.86137600 0.42829500
vt 0.88910500 0.50709100
vt 0.91682900 0.50709100
vt 0.91682900 0.58588700
vt 0.88910500 0.42829500
vt 0.88910500 0.35268100
vt 0.91682900 0.42829500
vt 0.91682900 0.35268100
vt 0.92432100 0.37099800
vt 1.00000000 0.70100400
vt 0.92340000 0.43070300
vt 1.00000000 0.60067800
vt 0.92260400 0.49092300
vt 1.00000000 0.49976400
vt 0.92343500 0.42829500
vt 1.00000000 0.60472200
vt 0.65792000 0.60067800
vt 0.65792000 0.70100400
vt 0.34196500 0.70100400
vt 0.65792000 0.80133000
vt 0.92462700 0.35268100
vt 1.00000000 0.73180000
vt 1.00000000 0.80133000
vt 0.92537100 0.31117300
vt 0.82896000 0.80133000
vt 0.82896000 0.85099800
vt 0.65792000 0.85099800
vt 0.49994300 0.85099800
vt 0.49994300 0.90066500
vt 0.65792000 0.90066500
vt 0.49994300 0.95033300
vt 0.65792000 0.95033300
vt 0.82896000 0.90066500
vt 1.00000000 0.85818300
vt 0.92604400 0.27706700
vt 0.92658100 0.25151400
vt 1.00000000 0.90066500
vt 0.82896000 0.95033300
vt 1.00000000 0.97570500
vt 0.92759100 0.20608300
vt 1.00000000 0.95033300
vt 0.92724100 0.22150700
vt 0.65792000 0.99999900
vt 0.65747200 0.00000500
vt 0.82896000 1.00000000
vt 0.82873600 0.00000700
vt 0.82873600 0.15477500
vt 0.65747200 0.15477500
vt 0.92793300 0.19126000
vt 1.00000000 1.00000000
vt 1.00000000 0.00000800
vt 0.91682900 0.20608300
vt 0.92839500 0.17176500
vt 1.00000000 0.15477500
vt 0.91682900 0.13509900
vt 0.92902900 0.15199100
vt 1.00000000 0.31261100
vt 0.82873600 0.31261100
vt 0.65747200 0.31261100
vt 0.92989900 0.13509900
vt 1.00000000 0.45015600
vt 0.91682900 0.06754900
vt 0.65747200 0.47682500
vt 0.93012800 0.13192000
vt 1.00000000 0.47682500
vt 0.93246500 0.11337300
vt 1.00000000 0.65273200
vt 0.65747200 0.65273200
vt 0.34217500 0.65273200
vt 0.65747200 0.83278800
vt 0.34217500 0.83278800
vt 0.00000000 0.83278800
vt 0.01209700 0.19417700
vt 0.00000000 0.68090200
vt 0.02570100 0.35607600
vt 0.00000000 0.85945500
vt 0.00999000 0.16445400
vt 0.34217500 1.00000000
vt 0.34217500 0.00000000
vt 0.65747200 1.00000000
vt 0.65747300 0.00000000
vt 0.33818400 0.00000000
vt 0.33818500 1.00000000
vt 0.94618900 0.85239700
vt 0.94618900 0.85239700
vt 0.94618900 0.85239700
vt 0.00000000 0.12504100
vt 0.33818400 0.12504100
vt 0.00000000 0.00000000
vt 0.00000000 1.00000000
vt 1.00000000 0.83025800
vt 0.20000000 0.00000000
vt 0.90136100 0.66420700
vt 0.90136100 0.66420700
vt 0.90136100 0.66420700
vt 0.20000000 0.16445400
vt 0.83757900 0.89601600
vt 0.83757900 0.89601600
vt 0.00000000 0.37512300
vt 0.83757900 0.89601600
vt 0.83757900 0.89601600
vt 0.83757900 0.89601600
vt 0.83757900 0.89601600
vt 0.80272300 0.49815500
vt 0.40000000 0.00000000
vt 0.80272300 0.49815500
vt 0.40000000 0.16445400
vt 0.50000000 1.00000000
vt 0.28406900 0.53682500
vt 0.28406900 0.53682500
vt 0.70408400 0.33210300
vt 0.70408400 0.33210300
vt 0.70408400 0.33210300
vt 0.70408400 0.33210300
vt 0.70408400 0.33210300
vt 0.60000000 0.00000000
vt 0.60000000 0.16445400
vt 0.60544600 0.16605200
vt 0.60544600 0.16605200
vt 0.80000000 0.00000000
vt 0.60544600 0.16605200
vt 0.18492000 0.36991400
vt 0.18492000 0.36991400
vt 0.18492000 0.36991400
vt 0.66666700 1.00000000
vt 0.25458200 0.03221800
vt 0.25458200 0.03221800
vt 0.25458200 0.03221800
vt 0.25458200 0.03221800
vt 0.00000000 0.49986000
vt 0.31790700 0.02474200
vt 0.31790700 0.02474200
vt 0.00000000 0.62489500
vt 0.38106200 0.01688900
vt 0.38106200 0.01688900
vt 0.00000000 0.74993000
vt 0.38106200 0.01688900
vt 0.33872800 0.74993000
vt 0.44403300 0.00864700
vt 0.44403300 0.00864700
vt 0.00000000 0.87496500
vt 0.33872800 0.87496500
vt 0.66155900 0.87496500
vt 0.33872700 0.00000000
vt 0.33872800 1.00000000
vt 0.33979200 0.14200600
vt 0.00000000 0.14200600
vt 0.99883100 0.16378800
vt 0.50680700 0.00000000
vt 0.00000000 1.00000000
vt 0.00000000 0.00000000
vt 1.00000000 0.00000000
vt 0.33979200 0.00000000
vt 0.33987100 1.00000000
vt 0.66038000 1.00000000
vt 0.66038100 0.00000000
vt 0.66155900 1.00000000
vt 0.66156000 0.00000000
vt 1.00000000 0.14200600
vt 0.92901900 0.89704100
vt 1.00000000 0.00000000
vt 1.00000000 1.00000000
vt 0.93270400 0.89933400
vt 0.94455300 0.93442300
vt 1.00000000 0.87496500
vt 0.93864000 0.90169500
vt 0.91682900 0.93442300
vt 0.91682900 0.86884600
vt 0.91682900 1.00000000
vt 0.91664700 0.00000000
vt 0.88929500 1.00000000
vt 0.88911800 0.00000000
vt 0.88910500 0.86884600
vt 0.88910500 1.00000000
vt 0.88892800 0.00000000
vt 0.88910500 0.93442300
vt 0.92248400 0.86884600
vt 1.00000000 0.49140800
vt 1.00000000 0.45584400
vt 0.92283900 0.87294300
vt 0.92532000 0.88852000
vt 1.00000000 0.29899000
vt 0.66038100 0.14200600
vt 0.66038100 0.29899000
vt 0.33979200 0.29899000
vt 0.66038100 0.45586000
vt 0.33979200 0.45586000
vt 0.66038100 0.59978400
vt 0.92134500 0.83884800
vt 1.00000000 0.73534800
vt 1.00000000 0.59978400
vt 0.92178000 0.85566500
vt 0.33979200 0.59978400
vt 0.66038100 0.73534800
vt 0.33979200 0.73534800
vt 0.66038100 0.86995400
vt 0.34196600 0.99998700
vt 0.34196500 0.00000500
vt 0.92114700 0.82245000
vt 1.00000000 0.86995400
vt 0.65792000 0.99997500
vt 0.65792000 0.00000200
vt 0.33979200 0.86995400
vt 0.33980000 0.00000500
vt 0.33979200 0.99998700
vt 0.66038100 0.99997500
vt 0.66038200 0.00000200
vt 0.92104200 0.80041900
vt 1.00000000 0.00898900
vt 1.00000000 0.99996300
vt 1.00000000 0.00000000
vt 0.92106700 0.80631600
vt 0.91682900 0.80041900
vt 1.00000000 0.09907500
vt 0.92093000 0.74159400
vt 0.91682900 0.73199200
vt 0.91682900 0.65893900
vt 1.00000000 0.19815000
vt 0.92106900 0.67781000
vt 1.00000000 0.11390200
vt 0.92093400 0.73199200
vt 0.65792000 0.09907500
vt 0.65792000 0.19815000
vt 0.65792000 0.29850000
vt 0.34196500 0.09907500
vt 0.92115700 0.65893900
vt 1.00000000 0.22778500
vt 0.34196500 0.19815000
vt 0.00000000 0.09907500
vt 0.07971100 0.58394300
vt 0.07971100 0.58394300
vt 0.17536500 0.29846300
vt 0.17536500 0.29846300
vt 0.00000000 0.19815000
vt 0.34196500 0.29850000
vt 0.34196500 0.39885000
vt 0.65792000 0.39885000
vt 0.00000000 0.29850000
vt 0.28021100 0.12232100
vt 0.28021100 0.12232100
vt 0.16507400 0.99999400
vt 0.16507400 0.99999400
vt 0.16507400 0.99999400
vt 0.80000000 0.99996400
vt 0.16507400 0.99999400
vt 0.38838300 0.03269500
vt 0.38838300 0.03269500
vt 0.38838300 0.03269500
vt 0.00000000 0.39885000
vt 0.64434400 0.99997700
vt 0.64434400 0.99997700
vt 0.64434400 0.99997700
vt 0.64434400 0.99997700
vt 0.40000000 0.99998000
vt 0.64434400 0.99997700
vt 0.60000000 0.99997200
vt 0.40470900 0.99998600
vt 0.40470900 0.99998600
vt 0.34196500 0.49976400
vt 0.49821800 0.00855700
vt 0.00000000 0.49976400
vt 0.49821800 0.00855700
vt 0.60797300 0.04277600
vt 0.00000000 0.60067800
vt 0.60797300 0.04277600
vt 0.71600600 0.13927700
vt 0.71600600 0.13927700
vt 0.71600600 0.13927700
vt 0.00000000 0.70100400
vt 0.34196500 0.60067800
vt 0.65792000 0.49976400
vt 0.92241600 0.50709100
vt 1.00000000 0.47293500
vt 1.00000000 0.39885000
vt 0.92194700 0.55223000
vt 0.92165000 0.58588700
vt 1.00000000 0.34424300
vt 1.00000000 0.29850000
vt 0.92143400 0.61436200
vt 0.82053900 0.32056100
vt 0.82053900 0.32056100
vt 0.00000000 0.80133000
vt 0.34196500 0.80133000
vt 0.17098300 0.80133000
vt 0.88398000 0.99996900
vt 0.88398000 0.99996900
vt 0.88398000 0.99996900
vt 0.88398000 0.99996900
vt 0.88398000 0.99996900
vt 0.88398000 0.99996900
vt 0.20000000 0.99998700
vt 1.00000000 0.99996500
vt 0.00000000 0.00000000
vt 0.00000000 0.99999800
vt 0.10316900 0.99999100
vt 0.00000000 0.85099800
vt 0.86987900 0.44879300
vt 0.86987900 0.44879300
vt 0.91670200 0.60436200
vt 0.00000000 0.90066500
vt 0.91670200 0.60436200
vt 0.96028200 0.78837300
vt 0.00000000 0.95033300
vt 0.96028200 0.78837300
vt 0.20000000 0.86026300
vt 0.20000000 0.86026300
vt 0.40000000 0.86026300
vt 0.08368200 0.86651400
vt 0.08368200 0.86651400
vt 0.00000000 0.15477500
vt 0.08283600 0.86026300
vt 0.00000000 0.16176900
vt 0.08283600 0.86026300
vt 0.20000000 0.71424800
vt 0.20000000 0.55009700
vt 0.06422900 0.71424800
vt 0.00000000 0.32082800
vt 0.40000000 0.71424800
vt 0.00000000 0.31261100
vt 0.06516200 0.72204200
vt 0.17108800 0.31261100
vt 0.17108800 0.15477500
vt 0.34217500 0.15477500
vt 0.34217500 0.31261100
vt 0.49982400 0.15477500
vt 0.34217500 0.47682500
vt 0.49982400 0.31261100
vt 0.00000000 0.48911400
vt 0.04565400 0.55009700
vt 0.04698200 0.56240400
vt 0.00000000 0.47682500
vt 0.20000000 0.35607600
vt 0.02848600 0.38503300
vt 0.00000000 0.65273200
vt 0.40000000 0.35607600
vt 0.40000000 0.55009700
vt 0.60000000 0.71424800
vt 0.60000000 0.55009700
vt 0.60000000 0.35607600
vt 0.80000000 0.55009700
vt 0.80000000 0.71424800
vt 0.00000100 0.67255200
vt 0.96973700 0.71424800
vt 0.80000000 0.86026300
vt 0.95487700 0.86026300
vt 0.00000200 0.83483700
vt 0.00000200 0.86995400
vt 0.95143200 0.89063200
vt 0.00000100 0.73534800
vt 0.96416500 0.77201400
vt 0.00000000 1.00000000
vt 0.00000000 0.00000700
vt 0.93777100 0.99995900
vt 0.00000000 1.00000000
vt 0.60000000 0.86026300
vt 0.97584800 0.64475300
vt 0.00000100 0.59978400
vt 0.98308400 0.55009700
vt 0.00000100 0.50458500
vt 0.80000000 0.35607600
vt 0.99394500 0.35607600
vt 0.00000100 0.31804700
vt 0.98641100 0.50041400
vt 0.00000100 0.45586000
vt 0.80000000 0.16445400
vt 0.00000000 0.14260400
vt 0.99882300 0.16445400
vt 0.99474000 0.33569400
vt 0.00000100 0.29899000
vt 0.49982400 0.00000400
vt 0.49994300 0.99999900
vt 0.34217500 0.00000300
vt 0.34196500 0.99999900
vt 0.34196500 0.95033300
vt 0.17098300 0.99999900
vt 0.17108800 0.00000100
vt 0.17098300 0.95033300
vt 0.17098300 0.90066500
vt 0.34196500 0.90066500
vt 0.34196500 0.85099800
vt 0.17098300 0.85099800
vt 0.49994300 0.80133000
vt 0.86139400 0.00000000
vt 0.86156500 1.00000000
vt 0.86120500 0.00000000
vt 0.86137600 1.00000000
vt 0.86139400 0.13089700
vt 0.88911800 0.06544800
vt 0.88911800 0.19928600
vt 0.83366900 0.26767500
vt 0.83366900 0.13089700
vt 0.88911800 0.13089700
vt 0.86139400 0.26767500
vt 0.88911800 0.34060300
vt 0.83366900 0.41353000
vt 0.86139400 0.41353000
vt 0.88911800 0.26767500
vt 0.91683800 0.19928600
vt 0.91683800 0.26767500
vt 0.91683800 0.34060300
vt 0.92074400 0.26767500
vt 1.00000000 0.88686700
vt 0.92074400 0.25853400
vt 1.00000000 0.90093300
vt 0.92086100 0.32260400
vt 1.00000000 0.80186600
vt 0.65800900 0.80186600
vt 1.00000000 0.77382200
vt 0.92094300 0.34060300
vt 0.65800900 0.70161400
vt 1.00000000 0.70161400
vt 0.92124000 0.38635300
vt 1.00000000 0.65808200
vt 0.92146200 0.41353000
vt 0.91683800 0.41353000
vt 0.88911800 0.41353000
vt 0.91683800 0.49227500
vt 0.88911800 0.49227500
vt 0.92178700 0.44858200
vt 1.00000000 0.60136100
vt 0.65800900 0.60136100
vt 0.92224000 0.49227500
vt 1.00000000 0.52984600
vt 0.65800900 0.50040200
vt 1.00000000 0.50040200
vt 0.92245100 0.51006300
vt 0.92326500 0.57041700
vt 1.00000000 0.39944200
vt 0.65800900 0.39944200
vt 0.91683800 0.57102100
vt 0.91683800 0.64674000
vt 1.00000000 0.39842900
vt 0.92327400 0.57102100
vt 0.88911800 0.57102100
vt 0.88911800 0.64674000
vt 1.00000000 0.29891600
vt 0.92419400 0.63025300
vt 0.65800900 0.29891600
vt 0.92447200 0.64674000
vt 1.00000000 0.27121700
vt 0.82900400 0.19838900
vt 0.65800900 0.19838900
vt 1.00000000 0.19838900
vt 0.92525000 0.69017900
vt 0.92582300 0.71996700
vt 1.00000000 0.14879200
vt 0.82900400 0.14879200
vt 1.00000000 0.14465500
vt 0.92587300 0.72245900
vt 0.82900400 0.09919400
vt 0.65800900 0.09919400
vt 0.65800900 0.14879200
vt 0.50009100 0.09919400
vt 0.50009100 0.14879200
vt 0.50009100 0.19838900
vt 0.34217300 0.09919400
vt 0.34217300 0.14879200
vt 0.34217300 0.19838900
vt 0.17108700 0.09919400
vt 0.17108700 0.14879200
vt 0.17108700 0.19838900
vt 0.91656800 0.39518700
vt 0.00000000 0.09919400
vt 0.91656800 0.39518700
vt 0.86927200 0.54703400
vt 0.00000000 0.14879200
vt 0.86927200 0.54703400
vt 0.20000000 0.00000000
vt 0.87988100 0.00000000
vt 0.87988100 0.00000000
vt 0.87988100 0.00000000
vt 0.87988100 0.00000000
vt 0.87988100 0.00000000
vt 0.87988100 0.00000000
vt 0.00000000 0.19838900
vt 0.81957300 0.67090100
vt 0.81957300 0.67090100
vt 0.00000000 0.29891600
vt 0.71445700 0.84814400
vt 0.71445700 0.84814400
vt 0.71445700 0.84814400
vt 0.64110900 0.00000000
vt 0.64110900 0.00000000
vt 0.40000000 0.00000000
vt 0.64110900 0.00000000
vt 0.64110900 0.00000000
vt 0.64110900 0.00000000
vt 0.00000000 0.39944200
vt 0.60633400 0.95066800
vt 0.60633400 0.95066800
vt 0.34217300 0.29891600
vt 0.34217300 0.39944200
vt 0.34217300 0.50040200
vt 0.00000000 0.50040200
vt 0.49655600 0.99255300
vt 0.49655600 0.99255300
vt 0.00000000 0.60136100
vt 0.38655100 0.97620600
vt 0.38655100 0.97620600
vt 0.38655100 0.97620600
vt 0.38655100 0.97620600
vt 0.34217300 0.60136100
vt 0.00000000 0.70161400
vt 0.27820800 0.89648600
vt 0.27820800 0.89648600
vt 0.34217300 0.70161400
vt 0.00000000 0.80186600
vt 0.17312700 0.72399800
vt 0.34217300 0.80186600
vt 0.34217300 0.90093300
vt 0.00000000 0.90093300
vt 0.07826600 0.42956400
vt 0.07826600 0.42956400
vt 0.33999700 0.00000000
vt 0.33999200 1.00000000
vt 0.16356600 0.00000000
vt 0.16356600 0.00000000
vt 0.80000000 0.00000000
vt 0.16356600 0.00000000
vt 0.16356600 0.00000000
vt 0.93700700 0.00000000
vt 0.00000000 1.00000000
vt 0.00000000 0.00000000
vt 0.00000000 0.00000000
vt 0.80000000 0.13973200
vt 0.95390100 0.13973200
vt 0.00000000 0.16445700
vt 0.95063200 0.11098900
vt 0.00000000 0.13120300
vt 0.33999700 0.13120300
vt 0.66058000 0.13120300
vt 0.33999700 0.26424700
vt 0.00000000 0.26424700
vt 0.96332500 0.22837500
vt 0.66058000 0.26424700
vt 0.00000000 0.32627100
vt 0.96891600 0.28574200
vt 0.33999700 0.40052600
vt 0.97522400 0.35663100
vt 0.00000000 0.40052600
vt 0.00000000 0.49490000
vt 0.98250800 0.44988500
vt 0.66058000 0.40052600
vt 0.33999700 0.54459800
vt 0.98598400 0.50015400
vt 0.00000000 0.54459800
vt 0.33999700 0.70063000
vt 0.66058000 0.54459800
vt 0.99380500 0.64390000
vt 0.00000000 0.68215000
vt 0.80000000 0.64390000
vt 0.00000000 0.85746300
vt 0.99872100 0.83553000
vt 0.99460600 0.66366300
vt 0.00000000 0.70063000
vt 0.80000000 0.83553000
vt 0.29584300 0.33210500
vt 0.29584300 0.33210500
vt 0.60000000 1.00000000
vt 0.39445700 0.16605300
vt 0.80000000 1.00000000
vt 0.60000000 0.83553000
vt 0.60000000 0.64390000
vt 0.40000000 0.44988500
vt 0.60000000 0.44988500
vt 0.40000000 0.64390000
vt 0.20000000 0.44988500
vt 0.20000000 0.64390000
vt 0.40000000 0.83553000
vt 0.09861400 0.66421000
vt 0.20000000 1.00000000
vt 0.09861400 0.66421000
vt 0.19722800 0.49815800
vt 0.19722800 0.49815800
vt 0.19722800 0.49815800
vt 0.40000000 1.00000000
vt 0.20000000 0.83553000
vt 0.00000000 0.32181000
vt 0.02526600 0.64390000
vt 0.00000000 0.14192600
vt 0.00989700 0.83553000
vt 0.00000000 1.00000000
vt 0.00000000 0.83026300
vt 0.00000000 0.00000000
vt 0.33837700 0.00000000
vt 0.33837700 1.00000000
vt 0.01180800 0.80843300
vt 0.00000000 0.16655200
vt 0.34266500 0.16655200
vt 0.65772000 0.16655200
vt 0.65772000 0.34846400
vt 0.34266500 0.34846400
vt 0.65771900 1.00000000
vt 0.65772000 0.00000000
vt 0.34266500 0.00000000
vt 0.34266700 1.00000000
vt 0.33837700 0.87495900
vt 0.00000000 0.74991700
vt 0.10800500 0.87433300
vt 0.05384100 0.85240400
vt 0.00000000 0.87495900
vt 0.05384100 0.85240400
vt 0.05384100 0.85240400
vt 0.33837700 0.74991700
vt 0.66169200 0.87495900
vt 1.00000000 0.90782900
vt 0.94455900 0.90297900
vt 0.66169200 0.74991700
vt 0.66169200 1.00000000
vt 0.66169400 0.00000000
vt 0.94603900 0.90350600
vt 1.00000000 0.87495900
vt 0.94455900 0.93231600
vt 0.95167000 0.90547400
vt 1.00000000 0.74991700
vt 0.95730500 0.90738300
vt 1.00000000 0.62487600
vt 0.66169200 0.62487600
vt 0.33837700 0.49983500
vt 0.33837700 0.62487600
vt 0.66169200 0.49983500
vt 0.33837700 0.37487600
vt 0.66169200 0.37487600
vt 1.00000000 0.49983500
vt 0.96294400 0.90923200
vt 0.97227900 0.93231600
vt 0.96858200 0.91102000
vt 1.00000000 0.37487600
vt 1.00000000 0.29298300
vt 0.97227900 0.91215800
vt 1.00000000 0.24991700
vt 0.97422400 0.91274700
vt 0.66169200 0.24991700
vt 0.33837700 0.24991700
vt 0.33837700 0.12495900
vt 0.66169200 0.12495900
vt 1.00000000 0.12495900
vt 0.97987000 0.91441100
vt 0.65820100 1.00000000
vt 0.65820000 0.00000000
vt 0.66169200 0.00000000
vt 0.66169400 1.00000000
vt 0.65820100 0.82106000
vt 0.98990600 0.91766500
vt 1.00000000 0.82106000
vt 1.00000000 0.00000000
vt 1.00000000 1.00000000
vt 0.98552100 0.91601300
vt 0.99768500 0.93231500
vt 1.00000000 0.46289300
vt 0.65820100 0.49474400
vt 0.65820100 0.34023700
vt 0.97227900 1.00000000
vt 0.97247300 0.00000000
vt 1.00000000 1.00000000
vt 0.99978200 0.97778000
vt 1.00000000 0.00000000
vt 0.99397500 0.92147800
vt 1.00000000 0.65149100
vt 0.99719500 0.92988500
vt 1.00000000 0.49474400
vt 1.00000000 0.34023700
vt 0.99900800 0.94347700
vt 0.99966700 0.95988100
vt 1.00000000 0.17720800
vt 0.73689400 1.00000000
vt 0.73689400 0.00000000
vt 0.65820100 0.17720800
vt 0.34093400 0.17720800
vt 0.34093400 1.00000000
vt 0.34093400 0.00000000
vt 0.34093400 0.34023700
vt 0.65820100 1.00000000
vt 0.65820100 0.00000000
vt 0.50000000 1.00000000
vt 0.50000000 0.00000000
vt 0.26310700 1.00000000
vt 0.26310600 0.00000000
vt 0.50000000 1.00000000
vt 0.50000000 0.00000000
vt 0.49896600 1.00000000
vt 0.49896600 0.00000000
vt 0.65767200 1.00000000
vt 0.65767200 0.00000000
vt 0.50000000 0.00000000
vt 0.50000000 1.00000000
vt 0.73689400 0.00000000
vt 0.73689300 1.00000000
vt 1.00000000 1.00000000
vt 1.00000000 0.00000000
vt 0.99979400 1.00000000
vt 0.73689300 0.00000000
vt 0.73689300 1.00000000
vt 1.00000000 1.00000000
vt 1.00000000 0.00000000
vt 0.99998100 0.02228300
vt 1.00000000 0.82542900
vt 0.99985500 0.04014500
vt 0.65767200 0.82542900
vt 0.34026100 0.65957200
vt 0.65767200 0.65957200
vt 0.49896600 0.82542900
vt 0.99919100 0.05687200
vt 1.00000000 0.65957200
vt 1.00000000 0.54366200
vt 0.99798400 0.06754900
vt 0.99739300 0.07059700
vt 1.00000000 0.50492300
vt 0.99420000 0.07907800
vt 1.00000000 0.35072600
vt 0.99010200 0.08300100
vt 1.00000000 0.17943000
vt 0.98569800 0.08463300
vt 1.00000000 0.00000000
vt 1.00000000 1.00000000
vt 0.65767200 0.50492300
vt 0.97227600 0.06754900
vt 0.97227600 0.00000000
vt 0.97208300 1.00000000
vt 0.94455900 1.00000000
vt 0.94474700 0.00000000
vt 0.94455300 0.00000000
vt 0.94436500 1.00000000
vt 0.94455300 0.06754900
vt 0.91702100 0.00000000
vt 0.91683800 1.00000000
vt 0.91664700 1.00000000
vt 0.91682900 0.00000000
vt 0.91683800 0.93231600
vt 0.91683800 0.86463200
vt 0.88911800 0.93231600
vt 1.00000000 0.52375400
vt 0.92995000 0.86929900
vt 1.00000000 0.34846400
vt 0.93234200 0.88755100
vt 1.00000000 0.16655200
vt 0.93623700 0.89851000
vt 0.92960400 0.86463200
vt 1.00000000 0.56348000
vt 0.88929500 0.00000000
vt 0.88911800 1.00000000
vt 0.88892800 1.00000000
vt 0.88910500 0.00000000
vt 0.86139400 0.86463200
vt 0.83366900 0.86463200
vt 0.88911800 0.79354600
vt 0.86139400 0.72245900
vt 0.88911800 0.86463200
vt 0.86139400 1.00000000
vt 0.86156500 0.00000000
vt 0.83383500 0.00000000
vt 0.83366900 1.00000000
vt 0.86120500 1.00000000
vt 0.86137600 0.00000000
vt 0.86137600 0.13509900
vt 0.88910500 0.06754900
vt 0.83364700 0.13509900
vt 0.88910500 0.13509900
vt 0.88910500 0.20608300
vt 0.86137600 0.27706700
vt 0.83348100 1.00000000
vt 0.83364700 0.00000000
vt 0.80610500 0.00000000
vt 0.80594500 1.00000000
vt 0.80591800 0.00000000
vt 0.80575800 1.00000000
vt 0.80594500 0.86463200
vt 0.77822000 0.86463200
vt 0.80594500 0.72245900
vt 0.83366900 0.72245900
vt 0.77822000 1.00000000
vt 0.77837500 0.00000000
vt 0.77803400 1.00000000
vt 0.77818900 0.00000000
vt 0.80591800 0.13509900
vt 0.77818900 0.13509900
vt 0.75046200 0.13509900
vt 0.77818900 0.27706700
vt 0.80591800 0.27706700
vt 0.75065200 0.00000000
vt 0.75050300 1.00000000
vt 0.75050300 0.86463200
vt 0.75046200 0.00000000
vt 0.75031300 1.00000000
vt 0.72292800 0.00000000
vt 0.72278500 1.00000000
vt 0.72273500 0.13509900
vt 0.72273500 0.00000000
vt 0.72259100 1.00000000
vt 0.72278500 0.86463200
vt 0.69506700 0.86463200
vt 0.72278500 0.72245900
vt 0.75050300 0.72245900
vt 0.69520500 0.00000000
vt 0.69506700 1.00000000
vt 0.69487000 1.00000000
vt 0.69500800 0.00000000
vt 0.69500800 0.13509900
vt 0.66728100 0.13509900
vt 0.69500800 0.27706700
vt 0.72273500 0.27706700
vt 0.66734900 1.00000000
vt 0.66748100 0.00000000
vt 0.66734900 0.86463200
vt 0.66728100 0.00000000
vt 0.66714800 1.00000000
vt 0.63963000 1.00000000
vt 0.63975700 0.00000000
vt 0.63963000 0.86463200
vt 0.63955500 0.13509900
vt 0.63942800 1.00000000
vt 0.63955500 0.00000000
vt 0.61191200 1.00000000
vt 0.61203300 0.00000000
vt 0.61191200 0.86463200
vt 0.61170700 1.00000000
vt 0.61182800 0.00000000
vt 0.63963000 0.72245900
vt 0.61191200 0.72245900
vt 0.61191200 0.57102100
vt 0.63963000 0.57102100
vt 0.63963000 0.49227500
vt 0.66734900 0.57102100
vt 0.66734900 0.49227500
vt 0.66734900 0.41353000
vt 0.69506700 0.41353000
vt 0.69506700 0.49227500
vt 0.69506700 0.57102100
vt 0.72278500 0.41353000
vt 0.72278500 0.49227500
vt 0.72278500 0.57102100
vt 0.75050300 0.49227500
vt 0.75050300 0.41353000
vt 0.77822000 0.26767500
vt 0.77822000 0.41353000
vt 0.75050300 0.26767500
vt 0.77822000 0.13089700
vt 0.75050300 0.13089700
vt 0.72278500 0.26767500
vt 0.69506700 0.26767500
vt 0.72278500 0.13089700
vt 0.72278500 0.00000000
vt 0.72292800 1.00000000
vt 0.75050300 0.00000000
vt 0.75065200 1.00000000
vt 0.75031300 0.00000000
vt 0.75046200 1.00000000
vt 0.69506700 0.13089700
vt 0.66734900 0.26767500
vt 0.72273500 1.00000000
vt 0.72259100 0.00000000
vt 0.69520500 1.00000000
vt 0.69506700 0.00000000
vt 0.72273500 0.86884600
vt 0.75046200 0.86884600
vt 0.69500800 0.73199200
vt 0.72273500 0.73199200
vt 0.66728100 0.58588700
vt 0.77818900 1.00000000
vt 0.77803400 0.00000000
vt 0.77822000 0.00000000
vt 0.77837500 1.00000000
vt 0.80591800 1.00000000
vt 0.80575800 0.00000000
vt 0.80594500 0.13089700
vt 0.80594500 0.00000000
vt 0.80610500 1.00000000
vt 0.83348100 0.00000000
vt 0.83364700 1.00000000
vt 0.83383500 1.00000000
vt 0.83366900 0.00000000
vt 0.80594500 0.26767500
vt 0.80594500 0.41353000
vt 0.80594500 0.57102100
vt 0.77822000 0.49227500
vt 0.77822000 0.57102100
vt 0.77822000 0.72245900
vt 0.75050300 0.57102100
vt 0.83366900 0.57102100
vt 0.86139400 0.57102100
vt 0.63963000 0.41353000
vt 0.61191200 0.41353000
vt 0.61191200 0.49227500
vt 0.58419300 0.57102100
vt 0.58419300 0.49227500
vt 0.58419300 0.41353000
vt 0.69506700 0.72245900
vt 0.66734900 0.72245900
vt 0.75046200 0.27706700
vt 0.75046200 0.42829500
vt 0.77818900 0.42829500
vt 0.77818900 0.50709100
vt 0.80591800 0.42829500
vt 0.83364700 0.27706700
vt 0.88910500 0.27706700
vt 0.91682900 0.27706700
vt 0.92595600 0.28138400
vt 1.00000000 0.85099800
vt 0.91683800 0.79354600
vt 1.00000000 0.09919400
vt 0.92643200 0.74991600
vt 1.00000000 0.04959700
vt 0.92707800 0.78003100
vt 1.00000000 0.84595100
vt 0.92823200 0.82970900
vt 0.92737900 0.79354600
vt 1.00000000 0.02748000
vt 1.00000000 1.00000000
vt 1.00000000 0.00000000
vt 0.92776500 0.81043800
vt 0.91683800 0.72245900
vt 0.88911800 0.72245900
vt 0.82886000 0.84595100
vt 0.82886000 1.00000000
vt 0.82900400 0.00000000
vt 0.65772000 1.00000000
vt 0.65800900 0.00000000
vt 0.82900400 0.04959700
vt 0.65772000 0.84595100
vt 0.65772000 0.68906400
vt 0.50019300 0.84595100
vt 0.50019300 0.68906400
vt 0.34266500 0.52375400
vt 0.50019300 0.52375400
vt 0.34266500 0.68906400
vt 0.06197400 0.28574200
vt 0.00000000 0.68055800
vt 0.17133300 0.68906400
vt 0.34266500 0.84595100
vt 0.17133300 0.84595100
vt 0.50009100 0.00000000
vt 0.50019300 1.00000000
vt 0.34266500 1.00000000
vt 0.34217300 0.00000000
vt 0.50009100 0.04959700
vt 0.34217300 0.04959700
vt 0.17108700 0.00000000
vt 0.17133300 1.00000000
vt 1.00000000 0.00000000
vt 0.00000000 1.00000000
vt 0.00000000 0.00000000
vt 0.09938500 0.00000000
vt 0.08055700 0.13336500
vt 0.08055700 0.13336500
vt 0.00000000 0.84595100
vt 0.17108700 0.04959700
vt 0.96045900 0.21323400
vt 0.96045900 0.21323400
vt 0.00000000 0.04959700
vt 0.07972100 0.13973200
vt 0.07972100 0.13973200
vt 0.00000000 0.83879100
vt 0.20000000 0.13973200
vt 0.20000000 0.13973200
vt 0.40000000 0.13973200
vt 0.20000000 0.28574200
vt 0.40000000 0.28574200
vt 0.60000000 0.28574200
vt 0.80000000 0.28574200
vt 0.80000000 0.44988500
vt 0.60000000 0.13973200
vt 0.40233800 0.00000000
vt 0.40233800 0.00000000
vt 0.60000000 0.00000000
vt 0.06289200 0.27760400
vt 0.00000000 0.68906400
vt 0.65800900 0.04959700
vt 0.04445900 0.44988500
vt 0.00000000 0.51376200
vt 0.04548900 0.43989200
vt 0.00000000 0.52375400
vt 0.00000000 0.34846400
vt 0.02780400 0.61650200
vt 0.65772000 0.52375400
vt 0.82886000 0.68906400
vt 1.00000000 0.68906400
vt 0.92885600 0.84926400
vt 1.00000000 1.00000000
vt 1.00000000 0.00000000
vt 0.94040900 0.90147900
vt 0.94455300 0.09773200
vt 1.00000000 0.08794900
vt 1.00000000 0.00000000
vt 1.00000000 1.00000000
vt 0.94059300 0.09916100
vt 0.95185300 0.09517200
vt 1.00000000 0.25008200
vt 1.00000000 0.50016400
vt 0.96312500 0.09141500
vt 0.95748700 0.09326400
vt 1.00000000 0.37512300
vt 1.00000000 0.12504100
vt 0.94622300 0.09713700
vt 1.00000000 0.83278800
vt 0.93636700 0.10221200
vt 0.66190900 1.00000000
vt 0.66190900 0.00000000
vt 0.66190900 0.12504100
vt 0.33818400 0.25008200
vt 0.66190900 0.25008200
vt 0.33818400 0.37512300
vt 0.66190900 0.37512300
vt 0.33818400 0.50016400
vt 0.66190900 0.50016400
vt 0.33818400 0.62512300
vt 0.66190900 0.62512300
vt 0.97227600 0.08854500
vt 1.00000000 0.70297100
vt 0.33818400 0.75008200
vt 1.00000000 0.62512300
vt 0.96876200 0.08962800
vt 0.66190900 0.75008200
vt 1.00000000 0.75008200
vt 0.97440300 0.08790100
vt 0.33818400 0.87504100
vt 0.66190900 0.87504100
vt 0.98004800 0.08623600
vt 1.00000000 0.87504100
vt 0.66191100 0.00000000
vt 0.66190900 1.00000000
vt 0.65767100 1.00000000
vt 0.65767200 0.00000000
vt 0.34026100 1.00000000
vt 0.34026100 0.00000000
vt 0.65767200 0.17943000
vt 0.34026100 0.17943000
vt 0.65767200 0.35072600
vt 0.34026100 0.35072600
vt 0.00000000 0.35072600
vt 0.02209500 0.69233500
vt 0.34026100 0.50492300
vt 0.02967300 0.85193100
vt 0.00000000 0.18357700
vt 0.02967300 0.85193100
vt 0.16666700 0.68774600
vt 0.16666700 0.85193100
vt 0.16666700 0.85193100
vt 0.02985200 0.85551500
vt 0.02985200 0.85551500
vt 0.00000000 0.17943000
vt 0.33818300 0.00000000
vt 0.33818400 1.00000000
vt 0.00000000 0.00000000
vt 0.03750300 1.00000000
vt 0.00000000 1.00000000
vt 0.55920600 1.00000000
vt 0.61577700 0.97987900
vt 0.00000000 0.87504100
vt 0.61577700 0.97987900
vt 0.16666700 1.00000000
vt 0.48236700 0.87064700
vt 0.48236700 0.87064700
vt 0.48236700 0.87064700
vt 0.48236700 0.87064700
vt 0.48236700 0.87064700
vt 0.38321800 0.70373600
vt 0.33333300 1.00000000
vt 0.38321800 0.70373600
vt 0.38321800 0.70373600
vt 0.78272700 0.91744700
vt 0.00000000 0.50016400
vt 0.78272700 0.91744700
vt 0.78272700 0.91744700
vt 0.72751100 0.93857700
vt 0.00000000 0.62512300
vt 0.72751100 0.93857700
vt 0.67187000 0.95939700
vt 0.67187000 0.95939700
vt 0.00000000 0.75008200
vt 0.33333300 0.85193100
vt 0.50000000 0.85193100
vt 0.33333300 0.68774600
vt 0.33333300 0.49807800
vt 0.16666700 0.49807800
vt 0.50000000 0.68774600
vt 0.66666700 0.68774600
vt 0.50000000 0.49807800
vt 0.66666700 0.85193100
vt 0.83333300 1.00000000
vt 0.08577100 0.20300300
vt 0.08577100 0.20300300
vt 0.08577100 0.20300300
vt 0.83333300 0.85193100
vt 0.83333300 0.85193100
vt 0.83333300 0.68774600
vt 0.98104500 0.85193100
vt 0.00000000 0.81780800
vt 0.98104500 0.85193100
vt 0.00000000 0.82015600
vt 0.98099500 0.85396700
vt 0.98099500 0.85396700
vt 0.97751200 1.00000000
vt 0.00000000 1.00000000
vt 0.00000000 0.00000000
vt 0.00000000 0.05861300
vt 0.12754800 0.04608600
vt 0.12754800 0.04608600
vt 0.00000000 0.24993000
vt 0.33872800 0.24993000
vt 0.33872700 1.00000000
vt 0.33872800 0.00000000
vt 0.34039600 0.00000000
vt 0.34039500 1.00000000
vt 0.34039500 0.82015600
vt 0.65878400 1.00000000
vt 0.65878300 0.00000000
vt 0.65878400 0.82015600
vt 0.66155900 0.24993000
vt 1.00000000 0.16644100
vt 0.97227600 0.91365100
vt 0.95644400 0.90832800
vt 1.00000000 0.49986000
vt 0.66155900 0.49986000
vt 0.66156000 1.00000000
vt 0.66155900 0.00000000
vt 1.00000000 0.24993000
vt 0.96831100 0.91237000
vt 0.97227600 0.93442300
vt 0.94474700 1.00000000
vt 0.94455900 0.00000000
vt 0.97227600 1.00000000
vt 0.97208300 0.00000000
vt 0.94455300 1.00000000
vt 0.94436500 0.00000000
vt 0.98018500 0.91610400
vt 1.00000000 0.00000000
vt 1.00000000 1.00000000
vt 0.99349900 0.93442300
vt 1.00000000 0.44987400
vt 1.00000000 0.82015600
vt 0.98495800 0.91790800
vt 1.00000000 0.77748500
vt 0.98608500 0.91860100
vt 0.98608500 0.91860100
vt 0.98720200 0.91949200
vt 0.98720200 0.91949200
vt 1.00000000 0.73481300
vt 1.00000000 0.64947000
vt 0.98937700 0.92206700
vt 1.00000000 0.49649200
vt 0.99276800 0.93069700
vt 0.65878400 0.77748500
vt 0.34039500 0.77748500
vt 0.65878400 0.76681700
vt 0.34039500 0.76681700
vt 0.65878400 0.75614900
vt 0.98664400 0.91901900
vt 1.00000000 0.75614900
vt 0.65878400 0.73481300
vt 0.65878400 0.64947000
vt 0.34039500 0.73481300
vt 0.34039500 0.75614900
vt 0.34039500 0.76148300
vt 0.98241400 0.79648200
vt 0.00000000 0.75614900
vt 0.98229900 0.80116400
vt 0.00000000 0.76148300
vt 0.98216600 0.80642000
vt 0.00000000 0.76681700
vt 0.98192800 0.81605600
vt 0.00000000 0.77748500
vt 0.98512700 0.68774600
vt 0.00000000 0.64829000
vt 0.83333300 0.49807800
vt 0.98974400 0.49807800
vt 0.00000000 0.50104900
vt 0.98509500 0.68904100
vt 0.00000000 0.64947000
vt 0.00000000 0.73481300
vt 0.98292000 0.77621400
vt 0.34039500 0.49649200
vt 0.00000000 0.49649200
vt 0.98989200 0.49192700
vt 0.65878400 0.34175300
vt 0.65878400 0.49649200
vt 0.34039500 0.64947000
vt 0.99429800 0.30984900
vt 0.00000000 0.34896600
vt 0.34039500 0.34175300
vt 0.00000000 0.18126300
vt 0.99781900 0.14725800
vt 0.34039500 0.17577800
vt 0.00000000 0.34175300
vt 0.99448700 0.30183000
vt 0.00000000 0.17577800
vt 0.99790300 0.14267300
vt 0.34039500 0.00000000
vt 0.34039500 1.00000000
vt 0.65878400 0.17577800
vt 0.65878400 0.00000000
vt 0.65878400 1.00000000
vt 0.34244300 0.00000000
vt 0.34244300 1.00000000
vt 0.65755700 0.00000000
vt 0.65755700 1.00000000
vt 0.65755700 0.00000000
vt 0.65755900 1.00000000
vt 1.00000000 0.00000000
vt 0.99513400 0.00000000
vt 0.99533200 1.00000000
vt 1.00000000 1.00000000
vt 0.97227900 0.00000000
vt 0.97247300 1.00000000
vt 1.00000000 1.00000000
vt 0.99514100 0.02209600
vt 1.00000000 0.00000000
vt 0.65755900 0.00000000
vt 0.65755900 1.00000000
vt 0.65816000 0.00000000
vt 0.65816000 1.00000000
vt 0.99533900 0.97798000
vt 1.00000000 1.00000000
vt 1.00000000 0.00000000
vt 1.00000000 0.17577800
vt 0.99525600 0.96060900
vt 0.99461500 0.94431900
vt 1.00000000 0.34175300
vt 0.65816000 0.82471900
vt 1.00000000 0.82471900
vt 0.99507400 0.03942500
vt 0.99334200 0.06544800
vt 1.00000000 0.55248200
vt 0.99441300 0.05569300
vt 1.00000000 0.65889600
vt 0.65816000 0.65889600
vt 0.33960900 0.65889600
vt 0.33960900 0.82471900
vt 0.33960900 0.50325000
vt 0.65816000 0.50325000
vt 1.00000000 0.50325000
vt 0.99258500 0.06939200
vt 0.33960900 0.34996900
vt 0.65816000 0.34996900
vt 0.33960900 0.17960400
vt 1.00000000 0.34996900
vt 0.98919900 0.07809900
vt 0.65816000 0.17960400
vt 0.66171400 1.00000000
vt 0.66171600 0.00000000
vt 0.65816000 0.00000000
vt 0.65815900 1.00000000
vt 0.33961000 1.00000000
vt 0.33960900 0.00000000
vt 1.00000000 0.17960400
vt 0.98478300 0.08226000
vt 0.97227900 0.06544800
vt 1.00000000 0.00000000
vt 0.98001400 0.08411200
vt 1.00000000 1.00000000
vt 1.00000000 0.83725800
vt 0.97227900 0.08652100
vt 0.66171400 0.75007200
vt 0.96813700 0.08786400
vt 1.00000000 0.75007200
vt 0.96220200 0.08985500
vt 1.00000000 0.62510800
vt 0.94455900 0.06544800
vt 0.95626900 0.09192200
vt 1.00000000 0.50014400
vt 0.66171400 0.62510800
vt 0.33855700 0.62510800
vt 0.66171400 0.50014400
vt 0.33855700 0.75007200
vt 0.80881000 0.03948800
vt 0.00000000 0.62510800
vt 0.80881000 0.03948800
vt 0.80881000 0.03948800
vt 0.00000000 0.00000000
vt 1.00000000 0.05884900
vt 0.00000000 1.00000000
vt 0.97608700 0.00000000
vt 0.87241500 0.04627400
vt 0.00000000 0.75007200
vt 0.87241500 0.04627400
vt 0.33855600 0.00000000
vt 0.33855700 1.00000000
vt 0.00000000 0.17960400
vt 0.97958100 0.14632600
vt 0.97958100 0.14632600
vt 0.83333300 0.14809800
vt 0.83333300 0.14809800
vt 0.00000000 0.18163400
vt 0.97962400 0.14809800
vt 0.97962400 0.14809800
vt 0.83333300 0.31232100
vt 0.98378100 0.31182500
vt 0.00000000 0.34996900
vt 0.98379300 0.31232100
vt 0.00000000 0.35041100
vt 0.83333300 0.50200000
vt 0.00000000 0.49761700
vt 0.98860400 0.50200000
vt 0.00000000 0.50325000
vt 0.98879600 0.50949600
vt 0.99352900 0.69018400
vt 0.00000000 0.65102400
vt 0.83333300 0.69018400
vt 0.66666700 0.69018400
vt 0.83333300 0.85274700
vt 0.66666700 0.50200000
vt 0.50000000 0.50200000
vt 0.50000000 0.31232100
vt 0.66666700 0.31232100
vt 0.50000000 0.14809800
vt 0.66666700 0.14809800
vt 0.81598100 0.36871100
vt 0.66666700 0.00000000
vt 0.81598100 0.36871100
vt 0.81598100 0.36871100
vt 0.71686100 0.53561600
vt 0.50000000 0.00000000
vt 0.71686100 0.53561600
vt 0.71686100 0.53561600
vt 0.00000000 0.62487600
vt 0.16251800 0.89602600
vt 0.16251800 0.89602600
vt 0.16251800 0.89602600
vt 0.16251800 0.89602600
vt 0.16251800 0.89602600
vt 0.16251800 0.89602600
vt 0.61774000 0.70252100
vt 0.61774000 0.70252100
vt 0.33333300 0.00000000
vt 0.61774000 0.70252100
vt 0.33333300 0.14809800
vt 0.51862000 0.86942500
vt 0.16666700 0.00000000
vt 0.51862000 0.86942500
vt 0.00000000 0.49983500
vt 0.21740600 0.91745600
vt 0.21740600 0.91745600
vt 0.27265700 0.93858500
vt 0.00000000 0.37487600
vt 0.32833600 0.95940300
vt 0.00000000 0.24991700
vt 0.00000000 0.12495900
vt 0.38446600 0.97988200
vt 0.38446600 0.97988200
vt 0.44107500 1.00000000
vt 0.00000000 1.00000000
vt 0.03627800 0.00000000
vt 0.00000000 0.00000000
vt 0.16666700 0.14809800
vt 0.16666700 0.14809800
vt 0.02868200 0.14434700
vt 0.00000000 0.82106000
vt 0.02868200 0.14434700
vt 0.33837600 1.00000000
vt 0.33837700 0.00000000
vt 0.34093400 0.82106000
vt 0.34093500 0.00000000
vt 0.34093400 1.00000000
vt 0.02849100 0.14809800
vt 0.00000000 0.81650600
vt 0.02849100 0.14809800
vt 0.34093400 0.65149100
vt 0.65820100 0.65149100
vt 0.02109000 0.30790600
vt 0.00000000 0.65149100
vt 0.34093400 0.49474400
vt 0.00730300 0.69018400
vt 0.00000000 0.34327900
vt 0.00000000 0.49474400
vt 0.01360400 0.50247600
vt 0.00000000 0.64765300
vt 0.02090600 0.31232100
vt 0.01362100 0.50200000
vt 0.00000000 0.49511500
vt 0.16666700 0.50200000
vt 0.16666700 0.69018400
vt 0.16666700 0.85274700
vt 0.33333300 0.85274700
vt 0.33333300 0.69018400
vt 0.33333300 0.50200000
vt 0.50000000 0.85274700
vt 0.50000000 0.69018400
vt 0.66666700 0.85274700
vt 0.50001800 1.00000000
vt 0.33374900 1.00000000
vt 0.66666700 1.00000000
vt 0.33374900 1.00000000
vt 0.33374900 1.00000000
vt 0.49983000 0.00000000
vt 0.50000000 0.00000000
vt 0.49983000 0.00000000
vt 0.33349800 0.00000000
vt 0.66666700 0.00000000
vt 0.33349800 0.00000000
vt 0.33349800 0.00000000
vt 0.16748000 1.00000000
vt 0.16748000 1.00000000
vt 0.83333300 1.00000000
vt 0.16748000 1.00000000
vt 0.00000000 0.81905000
vt 0.99746800 0.85274700
vt 0.00000000 1.00000000
vt 0.00121200 1.00000000
vt 1.00000000 1.00000000
vt 0.00000000 0.00000000
vt 0.00003000 0.49891400
vt 0.00003000 0.49891400
vt 0.00000000 0.00000000
vt 0.00000000 1.00000000
vt 0.00003000 0.49891400
vt 0.16716600 0.00000000
vt 0.83333300 0.00000000
vt 0.16716600 0.00000000
vt 0.83333300 0.14725800
vt 0.00083400 0.00000000
vt 1.00000000 0.00000000
vt 0.00000000 0.00000000
vt 0.00000000 1.00000000
vt 0.66666700 0.14725800
vt 0.83333300 0.30984900
vt 0.66666700 0.30984900
vt 0.50000000 0.30984900
vt 0.50000000 0.14725800
vt 0.66666700 0.49807800
vt 0.33333300 0.14725800
vt 0.49982900 0.00000000
vt 0.50000000 0.00000000
vt 0.33333300 0.00000000
vt 0.66616200 0.00000000
vt 0.66616200 0.00000000
vt 0.83249300 0.00000000
vt 0.83249300 0.00000000
vt 0.16666700 0.00000000
vt 0.83249300 0.00000000
vt 0.66628600 1.00000000
vt 0.33333300 1.00000000
vt 0.66628600 1.00000000
vt 0.66628600 1.00000000
vt 0.50000000 1.00000000
vt 0.83255500 1.00000000
vt 0.16666700 1.00000000
vt 0.83255500 1.00000000
vt 0.00000000 0.17956700
vt 0.00273800 0.85274700
vt 0.00000000 0.00000000
vt 0.99999700 0.49993100
vt 0.00000000 1.00000000
vt 0.99999700 0.49993100
vt 0.99999700 0.49993100
vt 0.00000000 0.00000000
vt 0.00000000 1.00000000
vt 0.99882300 1.00000000
vt 0.00000000 0.17720800
vt 0.00269000 0.85475600
vt 0.26310600 1.00000000
vt 0.26310600 0.00000000
vt 0.99882500 0.00000000
vt 0.00000000 1.00000000
vt 0.00000000 0.00000000
vt 0.00287300 0.14725800
vt 0.00000000 0.82294300
vt 0.26310700 0.00000000
vt 0.26310700 1.00000000
vt 0.00000000 0.82542900
vt 0.00282000 0.14512300
vt 0.34026100 0.82542900
vt 0.34026000 0.00000000
vt 0.34026100 1.00000000
vt 0.00000000 0.65620800
vt 0.00772200 0.30984900
vt 0.00000000 0.65957200
vt 0.00759700 0.30607800
vt 0.16666700 0.14725800
vt 0.16666700 0.30984900
vt 0.33333300 0.30984900
vt 0.00000000 0.50368300
vt 0.01442000 0.49807800
vt 0.01436000 0.49643900
vt 0.00000000 0.50492300
vt 0.00000000 0.35489700
vt 0.02189400 0.68774600
vt 0.00000000 0.34023700
vt 0.00719500 0.69368600
vt 0.34244100 1.00000000
vt 0.34244300 0.00000000
vt 0.33960900 1.00000000
vt 0.33960900 0.00000000
vt 0.34244100 1.00000000
vt 0.34244100 0.00000000
vt 0.99757000 0.85755800
vt 0.00000000 0.82471900
vt 0.99375400 0.69889500
vt 0.00000000 0.65889600
vt 0.16666700 0.31232100
vt 0.33333300 0.31232100
vt 0.83333300 0.00000000
vt 0.91510100 0.20180600
vt 0.91510100 0.20180600
vt 0.91510100 0.20180600
vt 0.00000000 0.25007200
vt 0.61883900 0.01696100
vt 0.61883900 0.01696100
vt 0.61883900 0.01696100
vt 0.00000000 0.50014400
vt 0.74534800 0.03235100
vt 0.68200800 0.02484500
vt 0.00000000 0.37510800
vt 0.33855700 0.37510800
vt 0.33855700 0.50014400
vt 0.33855700 0.25007200
vt 0.33855700 0.12503600
vt 0.66171400 0.12503600
vt 0.66171400 0.25007200
vt 1.00000000 0.25346700
vt 0.94455900 0.09622200
vt 0.66171400 0.37510800
vt 1.00000000 0.25007200
vt 0.94439800 0.09628300
vt 0.93846200 0.09857500
vt 1.00000000 0.12503600
vt 1.00000000 0.00000000
vt 0.93252600 0.10094000
vt 1.00000000 1.00000000
vt 0.91683800 0.06544800
vt 0.92884300 0.10337800
vt 1.00000000 0.85776600
vt 1.00000000 0.54459800
vt 0.92268500 0.12731700
vt 0.91683800 0.13089700
vt 0.91702100 1.00000000
vt 0.91683800 0.00000000
vt 0.92235400 0.13089700
vt 1.00000000 0.51366000
vt 1.00000000 0.70063000
vt 0.92515100 0.11174000
vt 0.66058000 0.70063000
vt 0.66058000 0.85776600
vt 0.33999700 0.85776600
vt 0.66058000 1.00000000
vt 0.66057900 0.00000000
vt 0.66171400 0.00000000
vt 0.66171500 1.00000000
vt 0.33987100 0.00000000
vt 0.33999700 1.00000000
vt 0.33855700 0.00000000
vt 0.33855700 1.00000000
vt 0.00000000 1.00000000
vt 0.00000000 0.00000000
vt 1.00000000 1.00000000
vt 0.49307100 0.00000000
vt 0.00000000 0.85776600
vt 0.99872500 0.83586900
vt 0.55585500 0.00868400
vt 0.00000000 0.12503600
vt 0.92156500 0.14445900
vt 1.00000000 0.40052600
vt 0.92119500 0.16122800
vt 1.00000000 0.26424700
vt 0.92100500 0.17756900
vt 1.00000000 0.13120300
vt 0.92090200 0.19367700
vt 1.00000000 0.00000000
vt 1.00000000 1.00000000
vt 0.66058000 0.00000000
vt 0.66058500 1.00000000
vt 1.00000000 0.99144500
vt 0.92087700 0.19928600
vt 0.65800400 0.00000000
vt 0.65800900 1.00000000
vt 0.34217800 0.00000000
vt 0.34217300 1.00000000
vt 0.65800900 0.90093300
vt 1.00000000 0.37510800
vt 0.95033300 0.09406500
vt 0.66155900 0.62489500
vt 0.95050900 0.90619200
vt 1.00000000 0.62489500
vt 0.33872800 0.49986000
vt 0.33872800 0.62489500
vt 0.66155900 0.74993000
vt 1.00000000 0.74993000
vt 0.94457400 0.90398100
vt 1.00000000 0.75038800
vt 0.94455300 0.90397300
vt 0.89205700 0.87432500
vt 0.00000000 0.25008200
vt 0.55637600 0.27706700
vt 0.52864700 0.27706700
vt 0.50091900 0.27706700
vt 0.47319000 0.13509900
vt 0.47319000 0.27706700
vt 0.50091900 0.42829500
vt 0.47319000 0.42829500
vt 0.44546200 0.27706700
vt 0.44546200 0.42829500
vt 0.47319000 0.50709100
vt 0.44546200 0.50709100
vt 0.47319000 0.58588700
vt 0.44546200 0.58588700
vt 0.47319000 0.73199200
vt 0.44546200 0.73199200
vt 0.47319000 0.86884600
vt 0.50091900 1.00000000
vt 0.50081900 0.00000000
vt 0.44546200 0.86884600
vt 0.47340400 1.00000000
vt 0.47331000 0.00000000
vt 0.47309600 0.00000000
vt 0.47319000 1.00000000
vt 0.47331000 0.13089700
vt 0.44567700 1.00000000
vt 0.44558900 0.00000000
vt 0.44558900 0.13089700
vt 0.41780300 0.13089700
vt 0.41780300 0.26767500
vt 0.44537300 0.00000000
vt 0.44546200 1.00000000
vt 0.41767700 0.86884600
vt 0.41788700 1.00000000
vt 0.41780300 0.00000000
vt 0.41759300 0.00000000
vt 0.41767700 1.00000000
vt 0.38989100 0.86884600
vt 0.39009600 1.00000000
vt 0.39001800 0.00000000
vt 0.39001800 0.13089700
vt 0.36223300 0.13089700
vt 0.39001800 0.26767500
vt 0.38981400 0.00000000
vt 0.38989100 1.00000000
vt 0.36223300 0.26767500
vt 0.33444800 0.26767500
vt 0.33444800 0.13089700
vt 0.33444800 0.00000000
vt 0.33451400 1.00000000
vt 0.36203400 0.00000000
vt 0.36210600 1.00000000
vt 0.33425500 0.00000000
vt 0.33432100 1.00000000
vt 0.30657900 0.13089700
vt 0.30646300 1.00000000
vt 0.30640200 0.00000000
vt 0.27871100 0.13089700
vt 0.30657900 0.00000000
vt 0.30664000 1.00000000
vt 0.30646300 0.86884600
vt 0.33432100 0.86884600
vt 0.27860400 0.86884600
vt 0.30646300 0.73199200
vt 0.27860400 0.73199200
vt 0.25074600 0.73199200
vt 0.27860400 0.65893900
vt 0.25596700 0.65921600
vt 1.00000000 0.79947300
vt 1.00000000 0.79889700
vt 0.25613400 0.65893900
vt 0.66091900 0.74937800
vt 0.66091900 0.79947300
vt 0.27062100 0.63531600
vt 1.00000000 0.74937800
vt 0.27860400 0.62248600
vt 1.00000000 0.72237600
vt 0.66091900 0.69928300
vt 0.28547600 0.61149000
vt 1.00000000 0.69928300
vt 1.00000000 0.64928300
vt 0.30051300 0.58745000
vt 1.00000000 0.64608200
vt 0.30148600 0.58588700
vt 0.30646300 0.65893900
vt 0.66091900 0.64928300
vt 1.00000000 0.62976500
vt 0.30646300 0.57788500
vt 0.33908100 0.64928300
vt 0.66091900 0.59928200
vt 0.33908100 0.69928300
vt 0.33908100 0.74937800
vt 0.00000000 0.66568100
vt 0.06965000 0.44444400
vt 0.00000000 0.69928300
vt 0.09184500 0.48416900
vt 0.00000000 0.74937800
vt 0.12918600 0.54323000
vt 0.13765500 0.55555600
vt 0.00000000 0.75985500
vt 0.33136800 0.55555600
vt 0.33136800 0.44444400
vt 0.65281100 0.55555600
vt 0.33136800 0.66666700
vt 0.65281100 0.66666700
vt 0.00000000 0.79947300
vt 0.17139100 0.60209700
vt 0.00000000 0.84953800
vt 0.21895300 0.66070300
vt 0.33908100 0.79947300
vt 0.33908100 0.84953800
vt 0.66091900 0.84953800
vt 0.33908100 0.89960200
vt 0.22421100 0.66666700
vt 0.00000000 0.85465400
vt 0.27264000 0.71887100
vt 0.00000000 0.89960200
vt 0.33136800 0.77451900
vt 0.00000000 0.94799000
vt 0.65281100 0.77777800
vt 0.33368700 0.77659100
vt 0.00000000 0.94980100
vt 0.33908100 0.94980100
vt 0.33505700 0.77777800
vt 0.00000000 0.95084000
vt 0.00000000 0.00000000
vt 0.00000000 1.00000000
vt 0.57198600 0.87509800
vt 0.00000000 1.00000000
vt 1.00000000 1.00000000
vt 1.00000000 0.00000000
vt 1.00000000 0.50000000
vt 0.40328000 0.83179900
vt 0.40328000 0.83364600
vt 0.00000000 1.00000000
vt 1.00000000 0.98429900
vt 0.00000000 0.00000000
vt 0.33908100 1.00000000
vt 0.33920000 0.00000000
vt 0.65281100 0.88888900
vt 1.00000000 0.77777800
vt 0.10153600 0.46077500
vt 0.10842700 1.00000000
vt 0.61338200 0.88888900
vt 0.21078800 1.00000000
vt 0.65281100 0.90188300
vt 0.62003700 0.89109500
vt 0.12578600 1.00000000
vt 0.25157300 1.00000000
vt 0.66867000 0.90705300
vt 1.00000000 0.88888900
vt 0.12380200 0.34252600
vt 0.19824100 0.19014100
vt 0.87504900 0.00000000
vt 0.50314600 1.00000000
vt 0.76965800 0.93879700
vt 0.87810300 0.96980600
vt 0.75157300 1.00000000
vt 0.14606800 0.22427700
vt 1.00000000 1.00000000
vt 1.00000000 0.00000000
vt 1.00000000 0.65891900
vt 1.00000000 0.34108100
vt 1.00000000 0.33873000
vt 1.00000000 0.66127000
vt 0.75157300 0.66127000
vt 0.75157300 0.33873000
vt 0.50314600 0.66127000
vt 1.00000000 0.34108100
vt 1.00000000 0.65891900
vt 0.87504900 0.34108100
vt 0.87504900 0.65891900
vt 1.00000000 0.66127000
vt 1.00000000 0.33873000
vt 0.75009900 0.65891900
vt 0.75009900 0.34108100
vt 0.25411800 0.15946800
vt 0.75009900 0.00000000
vt 0.62552100 0.00000000
vt 0.31379200 0.13259800
vt 0.50314600 0.33873000
vt 0.25157300 0.66127000
vt 0.12578600 0.66127000
vt 0.25157300 0.33873000
vt 0.50314600 0.00000000
vt 0.85990600 0.27584200
vt 0.12578600 0.33873000
vt 0.25157300 0.00000000
vt 0.93044600 0.58781700
vt 0.12578600 0.00000000
vt 0.96533900 0.78146900
vt 0.93620900 0.99319300
vt 0.00000000 0.05004700
vt 0.33797700 0.00000000
vt 0.66202400 0.00000000
vt 0.00000000 0.00000000
vt 0.98586900 0.99319300
vt 1.00000000 0.00000000
vt 0.99963100 0.11553600
vt 0.00000000 0.00000000
vt 1.00000000 1.00000000
vt 0.00000000 1.00000000
vt 0.66202400 0.50000000
vt 0.00000000 0.66127000
vt 0.00000000 0.33873000
vt 0.69131600 0.50000000
vt 0.44436600 1.00000000
vt 0.00000000 0.50000000
vt 0.47990800 1.00000000
vt 0.66202400 0.53140200
vt 0.79253300 1.00000000
vt 0.33797700 0.81064500
vt 0.33797700 0.50000000
vt 0.51976100 0.77349300
vt 0.00000100 0.52211400
vt 0.49863800 0.76287600
vt 0.00000100 0.50000000
vt 0.51976100 0.50000000
vt 0.51976100 0.42789800
vt 0.00000000 0.55672700
vt 0.58948200 0.50000000
vt 0.00000000 0.48350300
vt 0.57681500 0.48664200
vt 0.00000000 0.49703500
vt 0.33920000 0.49703500
vt 0.66080100 0.49703500
vt 0.66080100 0.00000000
vt 0.66091900 1.00000000
vt 0.66091900 0.94980100
vt 1.00000000 0.94980100
vt 0.21275400 0.73400600
vt 1.00000000 0.10966300
vt 0.19501500 0.76558800
vt 0.19836700 0.75979400
vt 1.00000000 0.00000000
vt 1.00000000 1.00000000
vt 0.22288700 0.86884600
vt 0.21388000 0.73199200
vt 1.00000000 0.94586100
vt 0.22288700 0.73199200
vt 0.22288700 0.71594200
vt 1.00000000 0.91433100
vt 0.22710000 0.70849500
vt 1.00000000 0.89960200
vt 0.66091900 0.89960200
vt 1.00000000 0.84953800
vt 0.24146400 0.68355400
vt 0.25074600 0.66788500
vt 1.00000000 0.81744500
vt 0.25074600 0.86884600
vt 0.25089300 1.00000000
vt 0.25084300 0.00000000
vt 0.25074600 1.00000000
vt 0.25069600 0.00000000
vt 0.27860400 1.00000000
vt 0.27854900 0.00000000
vt 0.27876700 1.00000000
vt 0.27871100 0.00000000
vt 0.25084300 0.13089700
vt 0.22297400 0.13089700
vt 0.22297400 0.26767500
vt 0.25084300 0.26767500
vt 0.00000000 0.75580900
vt 0.21392800 0.26767500
vt 0.20924100 0.25926100
vt 0.00000000 0.76889600
vt 0.00000000 0.80734900
vt 0.19540100 0.23446200
vt 0.19509100 0.23391200
vt 0.00000000 0.80820300
vt 0.19509100 0.13089700
vt 0.19497600 0.00000000
vt 0.19501500 1.00000000
vt 0.22284300 0.00000000
vt 0.22288700 1.00000000
vt 0.16720800 0.13089700
vt 0.19509100 0.00000000
vt 0.19513000 1.00000000
vt 0.18135400 0.20981800
vt 0.00000000 0.84580200
vt 0.34116300 0.84580200
vt 0.34116300 0.88425500
vt 0.16720800 0.18633500
vt 0.00000000 0.88381700
vt 0.16704400 0.18607500
vt 0.00000000 0.88425500
vt 0.00000000 0.92270800
vt 0.15239000 0.16460600
vt 0.34116300 0.92270800
vt 0.34116300 0.96135400
vt 0.00000000 0.95570700
vt 0.13932500 0.14945900
vt 0.13932500 0.13089700
vt 0.00000000 0.96135400
vt 0.13705500 0.14737100
vt 0.12126000 0.13954800
vt 0.00000000 0.00000000
vt 0.00000000 1.00000000
vt 0.34116300 1.00000000
vt 0.33590800 0.00000000
vt 0.33863200 1.00000000
vt 0.33333400 0.00000000
vt 0.66107500 0.00000000
vt 0.65883700 1.00000000
vt 0.33333400 0.12357000
vt 0.00003000 0.07888500
vt 0.11144200 0.13904200
vt 0.10589100 0.13862500
vt 0.00004700 0.12357000
vt 0.11144200 0.13089700
vt 0.08358200 0.13089700
vt 0.11144200 0.00000000
vt 0.11146500 1.00000000
vt 0.08358200 0.00000000
vt 0.08359800 1.00000000
vt 0.13924200 0.00000000
vt 0.13926900 1.00000000
vt 0.11139700 1.00000000
vt 0.11137500 0.00000000
vt 0.09057500 0.13713400
vt 0.00009400 0.24714000
vt 0.33333400 0.24714000
vt 0.08358200 0.13635400
vt 0.00011600 0.30366100
vt 0.33333400 0.37117700
vt 0.07523400 0.13540300
vt 0.00014200 0.37117700
vt 0.00018900 0.49521500
vt 0.06009900 0.13378800
vt 0.11139700 0.86884600
vt 0.08354800 1.00000000
vt 0.08353100 0.00000000
vt 0.13926900 0.86884600
vt 0.00000300 0.60645500
vt 0.11139700 0.79101200
vt 0.00000400 0.79848500
vt 0.13837100 0.79079400
vt 0.00000300 0.59885600
vt 0.11032500 0.79106600
vt 0.13926900 0.79082200
vt 0.00000400 0.80487600
vt 0.16714200 0.86884600
vt 0.33920200 1.00000000
vt 0.66080100 1.00000000
vt 1.00000000 1.00000000
vt 0.16630100 0.79251400
vt 0.00000500 1.00000000
vt 1.00000000 0.97561500
vt 0.16714200 0.79255100
vt 1.00000000 0.49703500
vt 0.18292000 0.78265400
vt 0.19501500 0.86884600
vt 0.50000000 1.00000000
vt 0.16710900 0.00000000
vt 0.16714200 1.00000000
vt 0.16724200 1.00000000
vt 0.16720800 0.00000000
vt 0.13932500 0.00000000
vt 0.13935300 1.00000000
vt 0.05573200 1.00000000
vt 0.05572100 0.00000000
vt 0.22297400 0.00000000
vt 0.22301900 1.00000000
vt 0.00000000 0.66127000
vt 0.00000000 0.33873000
vt 0.65892000 0.00000000
vt 0.34108100 0.00000000
vt 0.71324500 0.00000000
vt 0.80002200 0.09769800
vt 0.75157300 0.00000000
vt 0.78901500 0.07415200
vt 0.07926900 0.57902300
vt 1.00000000 0.66666700
vt 0.34698900 0.60849600
vt 0.00070900 0.55707100
vt 0.00085000 0.66817900
vt 0.25505500 0.70447400
vt 1.00000000 0.55555600
vt 0.05700300 0.69727200
vt 0.00099100 0.77899600
vt 0.16765700 0.80215800
vt 1.00000000 0.44444400
vt 0.03473700 0.81552100
vt 0.25002600 0.88956800
vt 0.08299300 0.90078400
vt 0.00113200 0.88956800
vt 1.00000000 0.27110100
vt 0.00127200 1.00000000
vt 0.00000000 1.00000000
vt 0.00000000 0.00000000
vt 0.01247100 0.93377000
vt 1.00000000 0.33333300
vt 0.65281100 0.33333300
vt 0.65281100 0.44444400
vt 0.33136800 0.33333300
vt 0.33136800 0.22222200
vt 0.02105300 0.33333300
vt 0.00000000 0.57205100
vt 0.01297800 0.30643800
vt 0.00000000 0.54942100
vt 0.03279900 0.36569300
vt 0.00000000 0.59928200
vt 0.33908100 0.59928200
vt 0.00000000 0.64928300
vt 0.05958900 0.42502800
vt 0.33908100 0.54942100
vt 0.66091900 0.54942100
vt 1.00000000 0.54017800
vt 0.33432100 0.53136900
vt 0.66091900 0.49955900
vt 0.33141000 0.53643100
vt 1.00000000 0.54942100
vt 1.00000000 0.59928200
vt 0.31584600 0.56263900
vt 0.33432100 0.58588700
vt 0.30646300 0.58588700
vt 0.36210600 0.58588700
vt 0.33432100 0.65893900
vt 0.34726000 0.50838800
vt 1.00000000 0.49955900
vt 1.00000000 0.49736800
vt 0.34796200 0.50709100
vt 1.00000000 0.45395500
vt 0.36210600 0.47879500
vt 0.36210600 0.50709100
vt 1.00000000 0.45004800
vt 0.36339900 0.47599800
vt 0.37996700 0.43730000
vt 1.00000000 0.40053600
vt 0.38989100 0.50709100
vt 0.38989100 0.58588700
vt 0.41767700 0.58588700
vt 0.38989100 0.73199200
vt 0.41767700 0.73199200
vt 0.36210600 0.73199200
vt 0.36210600 0.86884600
vt 0.33432100 0.73199200
vt 0.36223300 0.00000000
vt 0.36230500 1.00000000
vt 0.41767700 0.50709100
vt 0.41767700 0.42829500
vt 0.38989100 0.42829500
vt 0.38989100 0.41016400
vt 1.00000000 0.37065100
vt 0.38344600 0.42829500
vt 1.00000000 0.39014100
vt 0.39591200 0.39082800
vt 1.00000000 0.35181400
vt 1.00000000 0.30309200
vt 0.40964200 0.32633600
vt 0.66091900 0.35181400
vt 0.33908100 0.35181400
vt 0.66091900 0.30309200
vt 0.33908100 0.40053600
vt 0.66091900 0.40053600
vt 0.33908100 0.45004800
vt 0.66091900 0.45004800
vt 0.33908100 0.49955900
vt 0.00000000 0.47855100
vt 0.00105900 0.22222200
vt 0.00000000 0.49955900
vt 0.00224500 0.24718700
vt 0.00345600 0.18835000
vt 0.00000000 0.45004800
vt 0.00000000 0.40053600
vt 0.02240700 0.12951300
vt 0.33136800 0.11111100
vt 0.65281100 0.11111100
vt 0.65281100 0.22222200
vt 0.03325900 0.11111100
vt 0.00000000 0.38505400
vt 0.00000000 0.26386600
vt 0.33136800 0.00152200
vt 0.65281100 0.09524200
vt 0.00000000 0.16000600
vt 0.06759400 0.07204600
vt 0.00000000 0.35181400
vt 0.00000000 0.20233600
vt 0.54566300 0.05139200
vt 0.00000000 0.25271400
vt 0.38028400 0.00718400
vt 0.33908100 0.20233600
vt 0.33908100 0.25271400
vt 0.66091900 0.20233600
vt 0.33908100 0.26530800
vt 0.66091900 0.25271400
vt 1.00000000 0.26530800
vt 0.41232900 0.25117300
vt 1.00000000 0.25271400
vt 0.40992800 0.23004100
vt 0.66091900 0.26530800
vt 0.66091900 0.27790300
vt 1.00000000 0.27787900
vt 0.41320700 0.27706700
vt 1.00000000 0.27790300
vt 0.41320600 0.27711900
vt 1.00000000 0.29049800
vt 0.41209500 0.30340900
vt 0.41767700 0.27706700
vt 0.66091900 0.29049800
vt 0.33908100 0.27790300
vt 0.33908100 0.29049800
vt 0.20828600 0.00761200
vt 0.00000000 0.29049800
vt 0.33908100 0.30309200
vt 0.00000000 0.27790300
vt 0.26356400 0.00084300
vt 0.32463000 0.00106200
vt 0.00000000 0.26530800
vt 0.16501400 0.01861400
vt 0.00000000 0.30309200
vt 0.41767700 0.13509900
vt 0.38989100 0.13509900
vt 1.00000000 0.20233600
vt 0.39561900 0.18001900
vt 0.39009600 0.00000000
vt 0.39001800 1.00000000
vt 0.44546200 0.13509900
vt 0.41767700 0.00000000
vt 0.41759300 1.00000000
vt 0.38981400 1.00000000
vt 0.38989100 0.00000000
vt 0.39001800 0.86463200
vt 0.36223300 1.00000000
vt 0.36230500 0.00000000
vt 0.36210600 0.13509900
vt 0.36223300 0.86463200
vt 0.00000000 0.07806000
vt 0.35650700 0.86095600
vt 0.00000000 0.05956500
vt 0.34702600 0.86463200
vt 0.00000000 0.08924400
vt 0.36223300 0.85802600
vt 0.37600500 0.84789300
vt 0.00000000 0.11719300
vt 0.39001800 0.83011000
vt 0.00000000 0.14877600
vt 0.00000000 0.15632700
vt 0.39311100 0.82456900
vt 0.34116300 0.15632700
vt 0.00000000 0.19542000
vt 0.40754500 0.78214200
vt 0.34116300 0.19542000
vt 0.41254900 0.74350100
vt 0.00000000 0.21496700
vt 0.34116300 0.21496700
vt 0.41780300 0.86463200
vt 0.44558900 0.86463200
vt 0.44558900 0.72245900
vt 0.41788700 0.00000000
vt 0.41780300 1.00000000
vt 0.44546200 0.00000000
vt 0.44537300 1.00000000
vt 0.44567700 0.00000000
vt 0.44558900 1.00000000
vt 0.47309600 1.00000000
vt 0.47319000 0.00000000
vt 0.47331000 0.57102100
vt 0.47331000 0.72245900
vt 0.33668000 0.86705400
vt 0.00000000 0.03903000
vt 0.36210600 0.00000000
vt 0.36203400 1.00000000
vt 1.00000000 0.07313900
vt 0.34663300 0.13509900
vt 1.00000000 0.05051000
vt 0.33747400 0.13295600
vt 0.66091900 0.05051000
vt 0.33908100 0.10102100
vt 0.66091900 0.10102100
vt 0.66091900 0.00000000
vt 0.66135000 1.00000000
vt 0.33908100 0.05051000
vt 0.49941500 0.00000000
vt 0.50005200 1.00000000
vt 0.89262500 0.21480300
vt 0.00000000 0.05051000
vt 0.00000000 0.10102100
vt 0.78495200 0.15900900
vt 0.00000000 0.04383100
vt 0.90676600 0.22222200
vt 0.33908100 0.00000000
vt 0.33992200 1.00000000
vt 0.24907100 0.00000000
vt 0.25002600 1.00000000
vt 0.00000000 0.14513700
vt 0.68734200 0.11111100
vt 0.67229600 0.10411000
vt 0.00000000 0.15167800
vt 0.33908100 0.15167800
vt 0.66091900 0.15167800
vt 1.00000000 0.18474900
vt 0.38989100 0.16925700
vt 1.00000000 0.15167800
vt 0.37820200 0.15398600
vt 1.00000000 0.11074100
vt 0.36210600 0.14167800
vt 1.00000000 0.10102100
vt 0.35811400 0.13960400
vt 0.50113100 1.00000000
vt 0.50103200 0.00000000
vt 0.55647400 0.00000000
vt 0.55658500 1.00000000
vt 0.00007900 0.70498700
vt 0.22297400 0.85713000
vt 0.24660600 0.85911600
vt 0.00006000 0.77910100
vt 0.25084300 0.86463200
vt 0.22297400 0.86463200
vt 0.00008900 0.66834700
vt 0.21131000 0.85636500
vt 0.25074600 0.00000000
vt 0.25069600 1.00000000
vt 0.27871100 0.86463200
vt 0.00003000 0.88961800
vt 0.28195300 0.86296600
vt 0.19497600 1.00000000
vt 0.19501500 0.00000000
vt 0.16714200 0.00000000
vt 0.16710900 1.00000000
vt 0.14241500 0.02696700
vt 0.99132900 0.67371900
vt 0.14404100 1.00000000
vt 0.14406900 0.00000000
vt 1.00000000 0.49559700
vt 0.14241800 0.97304000
vt 0.99151600 0.31771900
vt 0.07078900 0.14398700
vt 0.99977400 0.22347600
vt 0.05569800 0.14220500
vt 0.99976000 0.17529000
vt 0.75002600 0.22347600
vt 0.75002600 0.11145700
vt 0.50005200 0.11145700
vt 0.50005200 0.00000200
vt 0.49977500 0.00037300
vt 0.66666600 0.00025200
vt 0.33958300 0.00000300
vt 0.33333400 0.19922600
vt 0.66666600 0.19922600
vt 0.25002600 0.00000300
vt 0.75809000 0.00021600
vt 0.33333400 0.39601900
vt 0.94659400 0.39957900
vt 0.00009800 0.39601900
vt 0.00006500 0.59737000
vt 0.97612500 0.60853900
vt 0.00006500 0.59653300
vt 0.97603900 0.60768400
vt 0.11460700 0.93119900
vt 0.00880900 0.60768400
vt 0.00003300 0.79844600
vt 0.98662800 0.81316600
vt 0.00000000 1.00000000
vt 0.00042400 0.00008600
vt 0.00000200 0.86871400
vt 0.99786100 1.00000000
vt 0.33144900 0.99997400
vt 0.33967900 0.00005700
vt 0.00319700 0.81316600
vt 0.02817500 0.78185200
vt 0.00003300 0.79841300
vt 0.98662700 0.81313300
vt 0.33333400 0.99997400
vt 0.34150800 0.00005700
vt 0.23807800 0.99773400
vt 0.01269400 0.39721100
vt 0.23807800 0.99773400
vt 0.36766200 0.96366800
vt 0.01041100 0.18872500
vt 0.94622900 0.39721100
vt 0.00009800 0.39378500
vt 0.00013000 0.19922600
vt 0.93490600 0.19022400
vt 0.33333400 0.00045600
vt 0.66012300 0.00000200
vt 0.00013000 0.19779100
vt 0.93508000 0.18872500
vt 0.24158900 0.00044000
vt 0.75002600 0.00000100
vt 0.00000000 0.13010000
vt 0.99970900 0.00000000
vt 1.00000000 0.00000000
vt 0.00016200 0.00000000
vt 0.02008400 0.13509900
vt 0.99972700 0.06273500
vt 0.00000300 0.07517200
vt 0.46840100 0.83400900
vt 0.00000300 0.07517300
vt 0.46840100 0.83400900
vt 0.00000300 0.07517300
vt 0.46840200 0.83400800
vt 0.00000500 0.07518400
vt 0.46841700 0.83398300
vt 0.46845900 0.83390300
vt 0.00001200 0.07522800
vt 0.00000400 0.07517500
vt 0.46840600 0.83400300
vt 0.46861900 0.83358000
vt 0.00006600 0.07518500
vt 0.00025300 0.07519700
vt 0.46924500 0.83228700
vt 0.99973400 0.08712300
vt 0.02784900 0.13696100
vt 0.99974100 0.11145700
vt 0.03557200 0.13867300
vt 0.33967900 0.86943000
vt 0.63419600 1.00000000
vt 0.44342100 0.83104600
vt 0.52078600 1.00000000
vt 0.76216200 0.50000000
vt 0.22339500 0.91431400
vt 0.76216200 1.00000000
vt 0.76216200 0.00000000
vt 0.20287200 0.16693500
vt 1.00000000 0.08937400
vt 0.03226700 0.79948200
vt 0.00000000 0.04133900
vt 0.00000800 0.62762600
vt 0.19730200 0.99319300
vt 0.00000000 0.80194100
vt 0.65891900 0.70164700
vt 0.65891900 0.65150000
vt 0.34108100 0.65150000
vt 0.00000000 0.65150000
vt 0.34528500 0.99319300
vt 0.34108100 0.60135300
vt 0.39437300 0.99319300
vt 0.00000000 0.60135300
vt 0.65891900 0.60135300
vt 0.34108100 0.55144400
vt 0.46373400 0.69803200
vt 0.46373400 0.69803200
vt 0.01990600 0.92568900
vt 0.01592600 0.92573600
vt 0.47776000 0.72501500
vt 0.00025300 0.06269900
vt 0.02005600 0.86463200
vt 0.24998700 0.00000500
vt 0.24967800 0.99995000
vt 0.24998700 0.11152200
vt 0.00026900 0.00000000
vt 0.00016400 0.99988400
vt 0.00000000 0.00000000
vt 0.00000000 0.86967500
vt 0.02786100 0.86277800
vt 0.00024600 0.08723200
vt 0.49163000 0.75217500
vt 0.01194700 0.92578500
vt 0.50533300 0.77952500
vt 0.00796700 0.92583900
vt 0.51889900 0.80714000
vt 0.00398100 0.92590300
vt 0.51889900 0.80714000
vt 0.52893300 0.82787900
vt 0.00100000 0.92596700
vt 0.52893300 0.82787900
vt 0.00025400 0.92599500
vt 0.53143000 0.83307500
vt 0.53221500 0.83468900
vt 0.00001200 0.92596400
vt 0.53227300 0.83479500
vt 0.99985900 0.00002400
vt 0.00000300 0.92602000
vt 0.63285000 0.96425800
vt 0.98989200 0.18867400
vt 0.76214400 0.99832900
vt 0.98768400 0.39711900
vt 0.76214400 0.99832900
vt 0.53205500 0.83436700
vt 0.00006700 0.92600700
vt 0.00000500 0.92600900
vt 0.53225600 0.83476900
vt 0.53227200 0.83479500
vt 0.00000300 0.92602000
vt 0.53226800 0.83478900
vt 0.53226800 0.83478900
vt 0.00000400 0.92601700
vt 0.00000300 0.92601900
vt 0.53227100 0.83479400
vt 0.53227200 0.83479500
vt 0.00000300 0.92602000
vt 0.05239300 0.39711900
vt 0.00009900 0.60719100
vt 0.99143200 0.60762600
vt 0.88534500 0.93189000
vt 0.97157800 0.78265600
vt 0.99682600 0.81316100
vt 0.00013100 0.80215100
vt 0.06338100 0.19011400
vt 0.05204100 0.39947000
vt 0.00009900 0.60495000
vt 0.02335700 0.60762600
vt 0.00006600 0.40443000
vt 0.34028800 0.60495000
vt 0.34028800 0.80215100
vt 0.65976300 0.80215100
vt 0.34065400 0.00000700
vt 0.34028800 0.99993000
vt 0.49997500 0.00001100
vt 0.49953700 0.99985200
vt 0.00013100 0.80352300
vt 0.06321600 0.18867400
vt 0.02327200 0.60848500
vt 0.00006600 0.40359700
vt 0.00038200 1.00000000
vt 0.00000200 0.13100100
vt 0.00000000 0.00007300
vt 0.00204200 1.00000000
vt 0.03556200 0.86108600
vt 0.00023900 0.11152200
vt 0.00022200 0.17553900
vt 0.05572100 0.85755200
vt 0.00020900 0.22367300
vt 0.07077200 0.85578000
vt 0.24998700 0.22367300
vt 0.00019800 0.26469800
vt 0.08358200 0.85486000
vt 0.00017900 0.33532000
vt 0.10574300 0.85418600
vt 0.60134000 0.01421300
vt 0.99997500 1.00000000
vt 0.00000000 0.00000000
vt 0.00000000 1.00000000
vt 0.56023100 0.00000000
vt 0.00000000 1.00000000
vt 0.00000000 0.07701300
vt 0.59101600 0.03634600
vt 0.00002500 0.00120600
vt 0.42035300 0.08683400
vt 0.42035300 0.08683400
vt 1.00000000 1.00000000
vt 0.46043700 0.09918300
vt 1.00000000 0.00000000
vt 0.46043700 0.09918300
vt 0.46043700 0.09918300
vt 0.46043700 0.09918300
vt 1.00000000 0.00000000
vt 0.45037000 0.11841500
vt 0.45037000 0.11841500
vt 0.99990100 0.07701300
vt 0.45290200 0.13967100
vt 0.99980100 0.15402600
vt 0.45290200 0.13967100
vt 1.00000000 0.80000000
vt 0.61116900 0.16482700
vt 0.61116900 0.16482700
vt 0.61116900 0.16482700
vt 0.61116900 0.16482700
vt 0.61116900 0.16482700
vt 0.83553000 0.80000000
vt 0.47315500 0.17983200
vt 0.99962800 0.28817300
vt 0.99962800 0.28817300
vt 0.47315500 0.17983200
vt 0.99962800 0.28817300
vt 0.99944600 0.42891300
vt 0.49639200 0.21923400
vt 0.99944600 0.42891300
vt 0.99944600 0.42891300
vt 0.99926200 0.57168500
vt 0.99926200 0.57168500
vt 0.51972000 0.25879200
vt 0.70837600 0.32965400
vt 1.00000000 0.60000000
vt 0.99907700 0.71445600
vt 0.54304800 0.29834900
vt 0.99907700 0.71445600
vt 0.83553000 0.99862500
vt 0.83928100 0.00000000
vt 0.51396100 0.00000000
vt 1.00000000 1.00000000
vt 1.00000000 0.00000000
vt 0.51396100 0.00000000
vt 0.00000000 0.00000000
vt 0.83553000 0.60000000
vt 0.83553000 0.40000000
vt 0.64390000 0.40000000
vt 0.64390000 0.60000000
vt 0.44988500 0.60000000
vt 0.64390000 0.80000000
vt 0.44988500 0.40000000
vt 0.44988500 0.20000000
vt 0.28574200 0.40000000
vt 0.28574200 0.20000000
vt 0.13973200 0.20000000
vt 0.78475900 0.00000000
vt 0.13973200 0.05726300
vt 0.58895900 0.00000000
vt 0.28574200 0.04088700
vt 0.68888300 0.33831900
vt 0.33004700 0.03673300
vt 0.53687100 0.00000000
vt 0.53687100 0.33831900
vt 0.41737700 0.00000000
vt 0.44988500 0.02726400
vt 0.68888300 0.00000000
vt 0.20809100 0.04910200
vt 0.64390000 0.20000000
vt 0.39405900 0.33831900
vt 0.64390000 0.01722500
vt 0.28797700 0.00000000
vt 0.39405900 0.00000000
vt 0.47798100 0.02543800
vt 0.27254100 0.16915900
vt 0.67108000 0.01607200
vt 0.27254100 0.00000000
vt 0.27254100 0.33831900
vt 0.14868000 0.33831900
vt 0.14868000 0.49918200
vt 0.27254100 0.49918200
vt 0.39405900 0.66004500
vt 0.14868000 0.66004500
vt 0.27254100 0.66004500
vt 0.14868000 0.83002300
vt 0.27254100 0.83002300
vt 0.29215200 1.00000000
vt 0.08829200 0.87276400
vt 0.07885200 0.86541800
vt 0.39405900 1.00000000
vt 0.06086400 0.81159700
vt 0.00000000 1.00000000
vt 1.00000000 1.00000000
vt 0.27254100 1.00000000
vt 0.09067000 0.87388900
vt 0.24999500 0.74778500
vt 0.24999500 0.87276400
vt 0.07174200 0.85314500
vt 0.53687100 1.00000000
vt 0.10872400 0.87816100
vt 0.14868000 1.00000000
vt 0.13247800 0.87992400
vt 1.00000000 1.00000000
vt 0.00000000 1.00000000
vt 0.04848500 0.74778500
vt 0.10410200 1.00000000
vt 0.04365100 0.72043500
vt 0.14935300 1.00000000
vt 0.09956800 1.00000000
vt 0.04898900 0.75053000
vt 0.09956800 0.65972400
vt 0.14935300 0.65972400
vt 0.05475900 0.78080200
vt 0.04978400 1.00000000
vt 0.04978400 0.65972400
vt 0.09956800 0.33996300
vt 1.00000000 0.66004500
vt 0.00000000 0.65972400
vt 0.04978400 0.33996300
vt 0.09956800 0.00000000
vt 0.08344800 0.39952200
vt 0.08344800 0.39952200
vt 0.04978400 0.00000000
vt 0.03954600 0.21658100
vt 1.00000000 0.33984300
vt 0.00000000 0.33996300
vt 1.00000000 0.33831900
vt 0.00000000 0.33831900
vt 0.84377600 0.33831900
vt 0.00000000 0.00000000
vt 0.00000000 0.00000000
vt 1.00000000 0.00000000
vt 0.00000000 0.07669800
vt 0.84377600 0.66004500
vt 0.68888300 0.66004500
vt 0.68888300 1.00000000
vt 0.06713200 0.83961500
vt 0.06379500 0.82566900
vt 0.84377600 1.00000000
vt 0.53687100 0.66004500
vt 0.14151100 0.00000000
vt 0.14151100 0.00000000
vt 0.00000000 0.20000000
vt 0.14151100 0.00000000
vt 0.14151100 0.00000000
vt 0.14151100 0.00000000
vt 0.14151100 0.00000000
vt 0.09983100 0.06241200
vt 0.84377600 0.00000000
vt 0.37104700 0.00000000
vt 0.37104700 0.00000000
vt 0.37104700 0.00000000
vt 0.37104700 0.00000000
vt 0.37104700 0.00000000
vt 0.37104700 0.00000000
vt 0.00000000 0.40000000
vt 0.29966600 0.00000000
vt 0.28621700 0.85301600
vt 0.28621700 0.85301600
vt 0.28621700 0.85301600
vt 0.23303000 0.77573700
vt 0.24940200 0.00000000
vt 0.23303000 0.77573700
vt 0.18081500 0.67584100
vt 0.18081500 0.67584100
vt 0.19913700 0.00000000
vt 0.13083000 0.55166300
vt 0.13083000 0.55166300
vt 0.14935300 0.00000000
vt 0.19913700 0.33996300
vt 0.14935300 0.33996300
vt 0.24940200 0.33996300
vt 0.19913700 0.65972400
vt 0.24940200 0.65972400
vt 0.19913700 1.00000000
vt 0.03871000 0.69036800
vt 0.24940200 1.00000000
vt 0.03405200 0.66008800
vt 0.24999500 0.62492700
vt 0.30822900 1.00000000
vt 0.02893700 0.62492700
vt 0.24999500 0.50156400
vt 0.34993100 1.00000000
vt 0.02550800 0.60004900
vt 0.40019600 1.00000000
vt 0.02162000 0.57003000
vt 0.02966100 0.63003700
vt 0.29966600 1.00000000
vt 0.49989900 0.62492700
vt 0.49989900 0.50156400
vt 0.74982700 0.43958600
vt 0.49989900 0.43958600
vt 0.74982700 0.56324500
vt 0.74982700 0.50156400
vt 0.99712900 0.55270000
vt 0.55608900 1.00000000
vt 0.99659700 0.43958600
vt 0.43979500 1.00000000
vt 0.99694800 0.50156400
vt 0.50435700 1.00000000
vt 0.99704200 0.52479900
vt 0.52793300 1.00000000
vt 0.55608900 0.65740500
vt 0.52793300 0.65740500
vt 0.55608900 0.34268300
vt 0.52793300 0.34268300
vt 0.49977700 0.34268300
vt 0.49977700 0.65740500
vt 0.47162100 0.65740500
vt 0.49977700 1.00000000
vt 0.99692800 0.49711100
vt 0.47162100 0.34268300
vt 0.46143000 0.99935600
vt 0.46143000 0.99935600
vt 0.46143000 0.99935600
vt 0.46143000 0.99935600
vt 0.46143000 0.99935600
vt 0.46143000 0.99935600
vt 0.47162100 0.00000000
vt 0.44346600 0.00000000
vt 0.41933700 0.99963900
vt 0.44346600 0.34268300
vt 0.41555000 0.34268300
vt 0.44346600 0.65740500
vt 0.37763200 0.99842300
vt 0.37763200 0.99842300
vt 0.41555000 0.00000000
vt 0.37763200 0.99842300
vt 0.38763400 0.00000000
vt 0.33603300 0.99513900
vt 0.29466800 0.98886000
vt 0.29466800 0.98886000
vt 0.29466800 0.98886000
vt 0.29466800 0.98886000
vt 0.35971800 0.00000000
vt 0.29466800 0.98886000
vt 0.00904800 0.61489700
vt 0.00904800 0.61489700
vt 0.00904800 0.61489700
vt 0.00904800 0.61489700
vt 0.05568100 0.00000000
vt 0.00904800 0.61489700
vt 0.00904800 0.61489700
vt 0.25376900 0.97858100
vt 0.25376900 0.97858100
vt 0.33180200 0.00000000
vt 0.17743400 0.94256100
vt 0.17743400 0.94256100
vt 0.17743400 0.94256100
vt 0.17743400 0.94256100
vt 0.27685200 0.00000000
vt 0.17743400 0.94256100
vt 0.06341700 0.80280200
vt 0.16663200 0.00000000
vt 0.06341700 0.80280200
vt 0.06341700 0.80280200
vt 0.06341700 0.80280200
vt 0.06341700 0.80280200
vt 0.06341700 0.80280200
vt 0.35971800 0.34268300
vt 0.38763400 0.34268300
vt 0.38763400 0.65740500
vt 0.41555000 0.65740500
vt 0.41555000 1.00000000
vt 0.99642900 0.41621700
vt 0.38763400 1.00000000
vt 0.99622300 0.38923800
vt 0.99612800 0.37760800
vt 0.37564600 1.00000000
vt 0.74982700 0.37760800
vt 0.99599600 0.36209700
vt 0.35971800 1.00000000
vt 0.49989900 0.37760800
vt 0.74982700 0.31481200
vt 0.99535400 0.25306900
vt 0.24937600 1.00000000
vt 0.99535400 0.25201600
vt 0.24831500 1.00000000
vt 0.30432700 1.00000000
vt 0.99557000 0.30762300
vt 0.99576900 0.33471900
vt 0.33180200 1.00000000
vt 0.27685200 1.00000000
vt 0.99540900 0.28037300
vt 0.99562100 0.31481200
vt 0.31160300 1.00000000
vt 0.74982700 0.25201600
vt 0.49989900 0.31481200
vt 0.49989900 0.25201600
vt 0.24999500 0.25201600
vt 0.24999500 0.37760800
vt 0.00097200 0.32142800
vt 0.80209200 1.00000000
vt 0.00232300 0.35359500
vt 0.75202200 1.00000000
vt 0.70195200 1.00000000
vt 0.00416300 0.38535900
vt 0.71422700 1.00000000
vt 0.00367400 0.37760800
vt 0.65188100 1.00000000
vt 0.00636400 0.41675100
vt 0.00886200 0.44779200
vt 0.60181100 1.00000000
vt 0.60181100 0.65972400
vt 0.01157000 0.47873700
vt 0.55140800 1.00000000
vt 0.65188100 0.65972400
vt 0.65188100 0.33996300
vt 0.70195200 0.33996300
vt 0.70195200 0.65972400
vt 0.75202200 0.65972400
vt 0.75202200 0.33996300
vt 0.82771300 0.72813300
vt 0.82771300 0.72813300
vt 0.80209200 0.00000000
vt 0.77581700 0.82794900
vt 0.77581700 0.82794900
vt 0.75202200 0.00000000
vt 0.80209200 0.33996300
vt 0.85156900 0.00000000
vt 0.87671300 0.59766500
vt 0.87671300 0.59766500
vt 0.85156900 0.33996300
vt 0.80209200 0.65972400
vt 0.85156900 0.65972400
vt 0.85156900 1.00000000
vt 0.00022900 0.28939700
vt 0.90104600 0.33996300
vt 0.90104600 0.65972400
vt 0.95052300 0.65972400
vt 0.00013000 0.25714300
vt 0.90104600 1.00000000
vt 0.00017500 0.25201600
vt 0.90887700 1.00000000
vt 0.95052300 0.33996300
vt 1.00000000 0.00000000
vt 0.00000000 0.00000000
vt 1.00000000 0.00000000
vt 0.00000000 0.94802100
vt 1.00000000 0.33984200
vt 0.00000000 0.33984200
vt 1.00000000 0.34182800
vt 0.00000000 0.34182800
vt 0.95052300 0.00000000
vt 0.96371400 0.23080400
vt 0.96371400 0.23080400
vt 0.90104600 0.00000000
vt 0.92235600 0.43166400
vt 0.92235600 0.43166400
vt 0.00000000 0.80000000
vt 0.83011900 0.00000000
vt 0.83011900 0.00000000
vt 0.83011900 0.00000000
vt 0.83011900 0.00000000
vt 0.83011900 0.00000000
vt 0.83011900 0.00000000
vt 0.83011900 0.00000000
vt 0.72261300 0.89970300
vt 0.70195200 0.00000000
vt 0.72261300 0.89970300
vt 0.72261300 0.89970300
vt 0.00000000 0.60000000
vt 0.60058300 0.00000000
vt 0.60058300 0.00000000
vt 0.60058300 0.00000000
vt 0.60058300 0.00000000
vt 0.60058300 0.00000000
vt 0.60058300 0.00000000
vt 0.13973200 0.60000000
vt 0.13973200 0.80000000
vt 0.13973200 0.96468600
vt 0.21857700 0.00000000
vt 0.28574200 0.80000000
vt 0.44988500 0.80000000
vt 0.41981900 0.00000000
vt 0.28574200 0.97862600
vt 0.28574200 0.60000000
vt 0.13973200 0.40000000
vt 0.31902700 0.34182800
vt 0.47341100 0.34182800
vt 0.59009300 0.00000000
vt 0.44988500 0.98913000
vt 0.31902700 0.00000000
vt 0.20944800 0.97183600
vt 0.47341100 0.00000000
vt 0.33106300 0.98205000
vt 0.71878600 0.00000000
vt 0.64390000 0.99557300
vt 0.61457400 0.00000000
vt 0.48000400 0.99051900
vt 0.61457400 0.34182800
vt 0.61457400 0.17091400
vt 0.73070600 0.34182800
vt 0.73070600 0.17091400
vt 0.84819800 0.17091400
vt 0.84819800 0.34182800
vt 0.73070600 0.00000000
vt 0.66641300 0.99603200
vt 0.84819800 0.49992700
vt 0.00000000 0.34182800
vt 1.00000000 0.34182800
vt 1.00000000 0.49992700
vt 0.00000000 0.49998300
vt 1.00000000 0.26511300
vt 0.00000000 0.26511200
vt 0.25007200 0.26511200
vt 0.25007200 0.49998300
vt 1.00000000 0.65802600
vt 0.00000000 0.65802600
vt 0.25007200 0.73486400
vt 0.50014400 0.73486400
vt 0.50014400 0.49998300
vt 0.75007200 0.73486400
vt 0.75007200 0.49998300
vt 0.50014400 0.26511200
vt 0.75007200 0.26511200
vt 0.25805000 0.03143100
vt 0.50014400 0.00000000
vt 0.25805000 0.03143100
vt 0.38634000 0.01647500
vt 0.38634000 0.01647500
vt 0.38634000 0.01647500
vt 0.38634000 0.01647500
vt 0.25007200 0.00000000
vt 0.14866100 0.13701200
vt 0.14866100 0.13701200
vt 0.14866100 0.13701200
vt 0.14866100 0.13701200
vt 0.98895200 0.49764700
vt 0.14866100 0.13701200
vt 1.00000000 0.17091400
vt 0.00000000 0.17091500
vt 0.84819800 0.00000000
vt 0.84628100 0.99874300
vt 0.00042400 0.96596500
vt 0.00000000 0.00000000
vt 0.99999900 0.00000000
vt 0.00000000 0.05716000
vt 0.00000000 0.05716000
vt 0.12926200 0.04495700
vt 0.75007200 0.00000000
vt 0.12926200 0.04495700
vt 0.28160100 0.05774900
vt 0.00000000 0.49764700
vt 0.05660500 0.15285800
vt 0.98523300 0.32971000
vt 0.00000000 0.87287600
vt 0.97685100 0.23515000
vt 0.14808400 0.87272200
vt 0.85273400 0.87295900
vt 0.85273400 0.87295900
vt 0.24243900 0.00185500
vt 0.69013800 0.87290600
vt 0.52687800 0.01721100
vt 0.92446200 0.14248300
vt 0.31225900 0.87270500
vt 0.15182400 0.00000000
vt 0.14808400 0.96990200
vt 1.00000000 0.17093700
vt 0.00000000 0.17093800
vt 0.16048800 0.17093800
vt 0.15656500 0.97015200
vt 0.16048800 0.00000000
vt 0.31225900 0.97565500
vt 0.31727300 0.00000000
vt 0.32910400 0.17093800
vt 0.32910400 0.00000000
vt 0.32426600 0.97615100
vt 0.50191100 0.87280300
vt 0.77686700 0.06256600
vt 0.50191100 0.98408700
vt 0.50171000 0.00000000
vt 0.68481500 0.00000000
vt 0.69013800 0.99228700
vt 0.50717400 0.00000000
vt 0.50755800 0.98434800
vt 0.68063500 0.00000000
vt 0.68589700 0.99212200
vt 0.50717400 0.34187500
vt 0.32910400 0.34187500
vt 0.16048800 0.34187500
vt 0.16048800 0.50016000
vt 0.50717400 0.65844500
vt 0.32910400 0.50016000
vt 0.32910400 0.65844500
vt 0.16048800 0.65844500
vt 0.00000100 0.82922300
vt 1.00000000 0.82922200
vt 1.00000000 0.73486400
vt 0.00000100 0.73486400
vt 0.00000100 0.65844500
vt 1.00000000 0.65844500
vt 0.16048800 0.82922300
vt 0.06411100 1.00000000
vt 0.49989900 0.10146800
vt 0.32910400 0.82922300
vt 0.52824500 0.09986500
vt 0.16048800 1.00000000
vt 0.49989900 0.12599500
vt 0.32910400 1.00000000
vt 0.57661400 0.09373200
vt 0.50717400 1.00000000
vt 0.61936200 0.08044600
vt 0.74982700 0.12599500
vt 0.99548900 0.11714500
vt 0.11136300 1.00000000
vt 0.99546800 0.12599500
vt 0.12041800 1.00000000
vt 0.74982700 0.06299700
vt 0.74982700 0.18900600
vt 0.49989900 0.18900600
vt 0.13899700 1.00000000
vt 0.99542300 0.14417300
vt 0.16663200 0.65740500
vt 0.13899700 0.65740500
vt 0.99535600 0.17128300
vt 0.16663200 1.00000000
vt 0.18462100 1.00000000
vt 0.99532500 0.18900600
vt 0.19426600 0.65740500
vt 0.19426600 1.00000000
vt 0.99531800 0.19853400
vt 0.99533400 0.22586000
vt 0.22190100 1.00000000
vt 0.22190100 0.65740500
vt 0.22190100 0.34268300
vt 0.24937600 0.65740500
vt 0.24937600 0.34268300
vt 0.27685200 0.65740500
vt 0.27685200 0.34268300
vt 0.30432700 0.65740500
vt 0.30432700 0.34268300
vt 0.33180200 0.65740500
vt 0.35971800 0.65740500
vt 0.33180200 0.34268300
vt 0.30432700 0.00000000
vt 0.21463800 0.96351100
vt 0.24937600 0.00000000
vt 0.14307700 0.91553300
vt 0.11251200 0.88266300
vt 0.11251200 0.88266300
vt 0.11251200 0.88266300
vt 0.22190100 0.00000000
vt 0.08594000 0.84457600
vt 0.19426600 0.00000000
vt 0.19426600 0.34268300
vt 0.16663200 0.34268300
vt 0.13899700 0.34268300
vt 0.04473500 0.75840000
vt 0.13899700 0.00000000
vt 0.11136300 0.34268300
vt 0.11136300 0.65740500
vt 0.99555100 0.08995300
vt 0.08352200 1.00000000
vt 0.08352200 0.65740500
vt 0.08352200 0.34268300
vt 0.05568100 0.65740500
vt 0.99560300 0.06299700
vt 0.05590700 1.00000000
vt 0.05568100 1.00000000
vt 0.99560400 0.06277700
vt 0.99136100 1.00000000
vt 0.99564300 1.00000000
vt 0.99565100 0.00000000
vt 0.02784100 1.00000000
vt 0.99563600 0.03564800
vt 0.02784100 0.65740500
vt 0.00000000 1.00000000
vt 1.00000000 1.00000000
vt 0.99565000 0.00853900
vt 0.00000000 0.65740500
vt 1.00000000 0.65738800
vt 0.97212800 0.65738800
vt 0.97212800 0.34265100
vt 1.00000000 0.34265100
vt 0.00000000 0.34268300
vt 0.02784100 0.34268300
vt 0.05568100 0.34268300
vt 0.00345600 0.56517500
vt 0.02784100 0.00000000
vt 0.00083900 0.51509200
vt 1.00000000 0.00000000
vt 0.00083900 0.51509200
vt 0.00000000 0.00000000
vt 0.00083900 0.51509200
vt 0.00111000 0.46409800
vt 0.97212800 0.00000000
vt 0.00427300 0.41324300
vt 0.00427300 0.41324300
vt 0.00427300 0.41324300
vt 0.00427300 0.41324300
vt 0.00427300 0.41324300
vt 0.00427300 0.41324300
vt 0.94425500 0.00000000
vt 0.00427300 0.41324300
vt 0.94425500 0.34265100
vt 0.91638300 0.00000000
vt 0.01032200 0.36276600
vt 0.01032200 0.36276600
vt 0.86092400 0.00000000
vt 0.03190900 0.26479100
vt 0.03190900 0.26479100
vt 0.03190900 0.26479100
vt 0.03190900 0.26479100
vt 0.06913300 0.17463000
vt 0.06913300 0.17463000
vt 0.80575200 0.00000000
vt 0.06913300 0.17463000
vt 0.06913300 0.17463000
vt 0.06913300 0.17463000
vt 0.61231100 0.00000000
vt 0.31854400 0.01047800
vt 0.31854400 0.01047800
vt 0.31854400 0.01047800
vt 0.31854400 0.01047800
vt 0.31854400 0.01047800
vt 0.31854400 0.01047800
vt 0.31854400 0.01047800
vt 0.48825600 0.00022300
vt 0.48825600 0.00022300
vt 0.48825600 0.00022300
vt 0.48825600 0.00022300
vt 0.48825600 0.00022300
vt 0.50019600 0.00000000
vt 0.48825600 0.00022300
vt 0.48825600 0.00022300
vt 0.44556400 0.00023500
vt 0.52833700 0.00000000
vt 0.54551800 0.99568100
vt 0.52793300 0.00000000
vt 0.54551800 0.99568100
vt 0.54551800 0.99568100
vt 0.54551800 0.99568100
vt 0.54551800 0.99568100
vt 0.54551800 0.99568100
vt 0.52833700 0.34265100
vt 0.50019600 0.34265100
vt 0.47205500 0.00000000
vt 0.53095300 0.00128200
vt 0.57361200 0.00343900
vt 0.44391400 0.00000000
vt 0.57361200 0.00343900
vt 0.57361200 0.00343900
vt 0.57361200 0.00343900
vt 0.57361200 0.00343900
vt 0.57361200 0.00343900
vt 0.40290000 0.00158300
vt 0.40290000 0.00158300
vt 0.40290000 0.00158300
vt 0.55647800 0.00000000
vt 0.58439500 0.00000000
vt 0.36063300 0.00482800
vt 0.55647800 0.34265100
vt 0.55647800 0.65738800
vt 0.52833700 0.65738800
vt 0.58439500 0.34265100
vt 0.58439500 0.65738800
vt 0.61231100 0.34265100
vt 0.64022700 0.34265100
vt 0.61231100 0.65738800
vt 0.64022700 0.00000000
vt 0.27684400 0.01923200
vt 0.23581200 0.03188100
vt 0.66814300 0.00000000
vt 0.23581200 0.03188100
vt 0.23581200 0.03188100
vt 0.72315500 0.00000000
vt 0.15935800 0.07169100
vt 0.15935800 0.07169100
vt 0.15935800 0.07169100
vt 0.15935800 0.07169100
vt 0.15935800 0.07169100
vt 0.19661000 0.04902500
vt 0.69564900 0.00000000
vt 0.66814300 0.34265100
vt 0.69564900 0.34265100
vt 0.64022700 0.65738800
vt 0.66814300 0.65738800
vt 0.69564900 0.65738800
vt 0.99598000 0.64929800
vt 0.64022700 1.00000000
vt 0.99568500 0.68525200
vt 0.67637600 1.00000000
vt 0.66814300 1.00000000
vt 0.99575100 0.67705000
vt 0.74982600 0.68525200
vt 0.74982600 0.62246000
vt 0.49989700 0.62246000
vt 0.49989700 0.56055100
vt 0.99619300 0.62246000
vt 0.61308700 1.00000000
vt 0.74982600 0.56055100
vt 0.99661700 0.56055100
vt 0.55003800 1.00000000
vt 0.99674100 0.53934100
vt 0.52833700 1.00000000
vt 0.50019600 1.00000000
vt 0.99688400 0.51198200
vt 0.74982600 0.49864300
vt 0.49989700 0.49864300
vt 0.24999500 0.49864300
vt 0.49989700 0.37518700
vt 0.74982600 0.43691500
vt 0.24999500 0.37518700
vt 0.24999500 0.25222500
vt 0.02918100 0.37518700
vt 0.69359600 1.00000000
vt 0.02974800 0.37116900
vt 0.70031300 1.00000000
vt 0.75046800 1.00000000
vt 0.03412900 0.34113800
vt 0.03885600 0.31102600
vt 0.80062300 1.00000000
vt 0.60000400 1.00000000
vt 0.02180100 0.43111000
vt 0.65015900 1.00000000
vt 0.02563600 0.40114900
vt 0.65015900 0.66006600
vt 0.60000400 0.66006600
vt 0.60000400 0.34034400
vt 0.70031300 0.66006600
vt 0.65015900 0.34034400
vt 0.33839100 0.07423600
vt 0.65015900 0.00000000
vt 0.33839100 0.07423600
vt 0.39267000 0.03540900
vt 0.39267000 0.03540900
vt 0.60000400 0.00000000
vt 0.70031300 0.34034400
vt 0.28455300 0.13180300
vt 0.70031300 0.00000000
vt 0.28455300 0.13180300
vt 0.75046800 0.34034400
vt 0.75046800 0.66006600
vt 0.80062300 0.66006600
vt 0.85046700 1.00000000
vt 0.04394800 0.28106000
vt 0.85046700 0.66006600
vt 0.80062300 0.34034400
vt 0.85046700 0.34034400
vt 0.85046700 0.00000000
vt 0.13022200 0.44048000
vt 0.13022200 0.44048000
vt 0.17975900 0.31241900
vt 0.17975900 0.31241900
vt 0.80062300 0.00000000
vt 0.23152900 0.21036800
vt 0.23152900 0.21036800
vt 0.75046800 0.00000000
vt 0.23152900 0.21036800
vt 1.00000000 0.20000000
vt 0.13843300 1.00000000
vt 0.13843300 1.00000000
vt 0.13843300 1.00000000
vt 0.13843300 1.00000000
vt 0.13843300 1.00000000
vt 0.13843300 1.00000000
vt 0.00000000 1.00000000
vt 0.00000000 0.00000000
vt 1.00000000 0.00000000
vt 1.00000000 0.07976200
vt 0.86026300 0.20000000
vt 0.03969800 0.78628900
vt 0.03969800 0.78628900
vt 0.95015600 0.00000000
vt 0.08331200 0.59851500
vt 0.08331200 0.59851500
vt 0.90031100 0.00000000
vt 0.36869800 1.00000000
vt 0.36869800 1.00000000
vt 0.36869800 1.00000000
vt 1.00000000 0.40000000
vt 0.36869800 1.00000000
vt 0.36869800 1.00000000
vt 0.36869800 1.00000000
vt 0.44744200 0.01286600
vt 0.54960500 0.00000000
vt 0.44744200 0.01286600
vt 0.50238400 0.00429300
vt 0.50238400 0.00429300
vt 0.50238400 0.00429300
vt 0.49920500 0.00000000
vt 0.59896300 1.00000000
vt 0.59896300 1.00000000
vt 0.59896300 1.00000000
vt 0.59896300 1.00000000
vt 0.59896300 1.00000000
vt 1.00000000 0.60000000
vt 0.59896300 1.00000000
vt 0.86026300 0.40000000
vt 0.71424800 0.20000000
vt 0.86026300 0.60000000
vt 0.71424800 0.40000000
vt 0.71424800 0.60000000
vt 0.55009700 0.20000000
vt 0.55009700 0.40000000
vt 0.35607600 0.20000000
vt 0.35607600 0.40000000
vt 0.55009700 0.60000000
vt 0.35607600 0.60000000
vt 0.55009700 0.80000000
vt 0.71424800 0.80000000
vt 0.86026300 0.80000000
vt 0.71424800 0.97889900
vt 0.58139300 0.00000000
vt 0.77990100 0.00000000
vt 0.86026300 0.96523400
vt 1.00000000 0.00000000
vt 1.00000000 0.94832600
vt 1.00000000 1.00000000
vt 0.00000000 0.00000000
vt 0.68167500 0.00000000
vt 0.79164300 0.97217000
vt 0.89989500 0.96082900
vt 0.84008100 0.00000000
vt 0.68167500 0.34168200
vt 0.84008100 0.34168200
vt 0.68167500 0.65802300
vt 1.00000000 0.34034400
vt 0.00000000 0.34034400
vt 0.84008100 0.65802300
vt 1.00000000 0.34168200
vt 0.00000000 0.34168200
vt 0.00000000 0.65802300
vt 1.00000000 0.65802300
vt 0.04949500 0.34034400
vt 0.09898900 0.34034400
vt 0.09898900 0.66006600
vt 0.04949500 0.66006600
vt 0.96296200 0.77138900
vt 0.04949500 0.00000000
vt 0.96296200 0.77138900
vt 0.92082000 0.57942300
vt 0.09898900 0.00000000
vt 0.92082000 0.57942300
vt 0.82922800 1.00000000
vt 1.00000000 0.80000000
vt 0.82922800 1.00000000
vt 0.82922800 1.00000000
vt 0.82922800 1.00000000
vt 0.82922800 1.00000000
vt 0.82922800 1.00000000
vt 0.82922800 1.00000000
vt 0.72041100 0.11513700
vt 0.72041100 0.11513700
vt 0.72041100 0.11513700
vt 0.29819300 0.00000000
vt 0.77343600 0.19164100
vt 0.77343600 0.19164100
vt 0.24808500 0.00000000
vt 0.82534600 0.29315900
vt 0.82534600 0.29315900
vt 0.19797800 0.00000000
vt 0.87460300 0.42103600
vt 0.87460300 0.42103600
vt 0.14848400 0.00000000
vt 0.14848400 0.34034400
vt 0.19797800 0.34034400
vt 0.24808500 0.34034400
vt 0.19797800 0.66006600
vt 0.24808500 0.66006600
vt 0.00456100 0.62246000
vt 0.28675700 1.00000000
vt 0.29819300 0.34034400
vt 0.29819300 0.66006600
vt 0.24808500 1.00000000
vt 0.00325100 0.64694800
vt 0.24999500 0.62246000
vt 0.19797800 1.00000000
vt 0.00191600 0.67905200
vt 0.00112200 0.71093600
vt 0.14848400 1.00000000
vt 0.14848400 0.66006600
vt 0.24999500 0.74804400
vt 0.24999500 0.87403900
vt 0.09106900 1.00000000
vt 0.00091800 0.74804400
vt 0.00000000 1.00000000
vt 1.00000000 1.00000000
vt 0.00237100 0.80781600
vt 0.49989700 0.74804400
vt 0.49989700 0.68525200
vt 0.49989700 0.81104100
vt 0.00089800 0.74291700
vt 0.09898900 1.00000000
vt 0.04949500 1.00000000
vt 0.00129100 0.77507300
vt 0.00000000 0.66006600
vt 1.00000000 0.66015800
vt 0.00308500 0.82205600
vt 0.84008100 1.00000000
vt 0.00703800 0.84988400
vt 0.52760200 1.00000000
vt 0.00438300 0.83617400
vt 0.68167500 1.00000000
vt 0.01279900 0.86228200
vt 0.38571300 1.00000000
vt 0.38571300 0.82901100
vt 0.52760200 0.65802300
vt 0.20191700 1.00000000
vt 0.03345500 0.87403900
vt 0.06652000 0.87744500
vt 1.00000000 1.00000000
vt 0.00000000 1.00000000
vt 0.02355700 0.87089500
vt 0.27002400 1.00000000
vt 0.74992900 1.00000000
vt 0.17017900 0.88316200
vt 0.15240600 1.00000000
vt 0.04136800 0.87539500
vt 0.15240600 0.82901100
vt 0.27002400 0.82901100
vt 0.27002400 0.65802300
vt 0.38571300 0.65802300
vt 0.38571300 0.49985300
vt 0.52760200 0.34168200
vt 0.27002400 0.49985300
vt 0.38571300 0.34168200
vt 0.40773900 0.00000000
vt 0.55009700 0.98943400
vt 0.38571300 0.17084100
vt 0.27002400 0.34168200
vt 0.15240600 0.34168200
vt 0.15240600 0.49985300
vt 0.27002400 0.17084100
vt 0.16445400 0.99861900
vt 0.16119900 0.00000000
vt 0.35607600 0.99561500
vt 0.28161900 0.00000000
vt 0.15240600 0.17084100
vt 0.33478000 0.99604400
vt 0.27002400 0.00000000
vt 1.00000000 0.17084200
vt 0.00000000 0.17084100
vt 1.00000000 0.34168300
vt 0.00000000 0.34168200
vt 0.15389900 0.99873500
vt 0.15240600 0.00000000
vt 1.00000000 0.26479600
vt 0.00000000 0.26479500
vt 0.74992900 0.26479600
vt 0.49985800 0.26479600
vt 0.74992900 0.49998100
vt 0.49985800 0.49998100
vt 0.61364500 0.01637500
vt 0.61364500 0.01637500
vt 0.61364500 0.01637500
vt 0.61364500 0.01637500
vt 0.74992900 0.00000000
vt 1.00000000 1.00000000
vt 0.00002500 0.99879400
vt 0.57835200 0.08896300
vt 0.57835200 0.08896300
vt 0.74194700 0.03124600
vt 0.49985800 0.00000000
vt 0.74194700 0.03124600
vt 1.00000000 0.00000000
vt 0.00000000 1.00000000
vt 0.00000000 0.00000000
vt 0.48600300 0.00000000
vt 0.48600300 0.00000000
vt 0.53826500 0.10131200
vt 0.53826500 0.10131200
vt 0.00000000 1.00000000
vt 0.53826500 0.10131200
vt 1.00000000 1.00000000
vt 0.53826500 0.10131200
vt 0.49764700 0.98895200
vt 0.85005500 0.13914200
vt 0.85005500 0.13914200
vt 0.85005500 0.13914200
vt 0.85005500 0.13914200
vt 0.85005500 0.13914200
vt 0.43976900 0.00000000
vt 1.00000000 0.00000000
vt 0.00000000 0.00009200
vt 0.71839900 0.05774900
vt 0.49764700 0.00000000
vt 0.87073900 0.04470000
vt 0.24992900 0.00000000
vt 0.87073900 0.04470000
vt 0.32971000 0.98523300
vt 0.94211500 0.15498800
vt 1.00000000 0.87254300
vt 1.00000000 0.05683900
vt 1.00000000 0.96795400
vt 1.00000000 0.00000000
vt 0.00000000 0.00000000
vt 1.00000000 0.05683900
vt 0.23513200 0.97690500
vt 0.85193100 0.87238000
vt 0.84744500 0.00000000
vt 0.85193100 0.97195000
vt 1.00000000 0.17071100
vt 0.00000000 0.17071100
vt 0.84003200 0.17071100
vt 0.00000000 0.26479600
vt 1.00000000 0.26479600
vt 0.24992900 0.26479600
vt 0.24992900 0.49998100
vt 0.00000000 0.34142200
vt 1.00000000 0.34142200
vt 0.84003200 0.34142200
vt 1.00000000 0.49988200
vt 0.00000000 0.49998100
vt 1.00000000 0.65834200
vt 0.00000000 0.65834200
vt 0.84003200 0.49988200
vt 0.67085600 0.34142200
vt 0.84003200 0.65834200
vt 0.67085600 0.49988200
vt 0.49351400 0.65834200
vt 0.67085600 0.65834200
vt 0.49351400 1.00000000
vt 0.61929600 0.91970400
vt 0.57657100 0.90646100
vt 0.67085600 1.00000000
vt 0.84003200 1.00000000
vt 0.52821700 0.90047400
vt 0.84003200 0.82917100
vt 0.49989700 0.87403900
vt 0.74982600 0.87403900
vt 0.74982600 0.81104100
vt 0.99535800 0.87403900
vt 0.86417800 1.00000000
vt 0.74982600 0.93702000
vt 0.99551500 0.92584400
vt 0.91638300 1.00000000
vt 0.99543200 0.89824900
vt 0.88851100 1.00000000
vt 0.88851100 0.65738800
vt 0.91638300 0.65738800
vt 0.86092400 0.34265100
vt 0.86092400 0.65738800
vt 0.88851100 0.34265100
vt 0.88851100 0.00000000
vt 0.01947500 0.31298700
vt 0.91638300 0.34265100
vt 0.94425500 0.65738800
vt 0.97212800 1.00000000
vt 0.99563200 0.98096600
vt 0.94425500 1.00000000
vt 0.99558600 0.95339600
vt 0.92768900 1.00000000
vt 0.99554600 0.93702000
vt 0.74999600 1.00000000
vt 0.74982700 0.00000000
vt 0.74982600 1.00000000
vt 0.74965600 0.00000000
vt 0.64339800 0.06120800
vt 0.68063500 1.00000000
vt 0.84404900 1.00000000
vt 0.65148800 0.04112700
vt 0.66581400 1.00000000
vt 0.64202300 0.06299700
vt 0.68063500 0.65844500
vt 0.68063500 0.34187500
vt 0.84404900 0.65844500
vt 0.84404900 0.34187500
vt 1.00000000 0.65844500
vt 0.00000000 0.65844500
vt 1.00000000 0.34187500
vt 0.00000000 0.34187500
vt 1.00000000 0.66015800
vt 0.00000000 0.66021100
vt 1.00000000 0.66015800
vt 0.00000000 0.66015800
vt 1.00000000 0.34142200
vt 0.00000000 0.34142200
vt 1.00000000 0.65834200
vt 0.00000000 0.65834200
vt 0.15635200 0.34142200
vt 0.15635200 0.65834200
vt 0.65159600 0.95890200
vt 0.15635200 1.00000000
vt 0.64366500 0.93887300
vt 0.31952700 1.00000000
vt 0.31952700 0.65834200
vt 0.65259300 0.97827200
vt 0.00000000 1.00000000
vt 1.00000000 1.00000000
vt 0.50124000 1.00000000
vt 0.65254400 1.00000000
vt 0.65230500 0.00000000
vt 0.65235500 0.02180800
vt 0.00000000 1.00000000
vt 1.00000000 1.00000000
vt 0.31952700 0.34142200
vt 0.33507600 1.00000000
vt 0.64226200 0.93702000
vt 0.49351400 0.34142200
vt 0.31952700 0.00000000
vt 0.31460300 0.99305400
vt 0.30984900 0.99321700
vt 0.31486000 0.00000000
vt 0.01715700 0.52719200
vt 0.30984900 0.87257400
vt 0.00182800 0.24265100
vt 0.14725800 0.87262700
vt 0.49770400 0.00000000
vt 0.49807800 0.98561300
vt 0.15635200 0.00000000
vt 0.15213400 0.99764100
vt 0.15136400 0.00000000
vt 0.14725800 0.99774400
vt 0.02314900 0.87263700
vt 0.02314900 0.87263700
vt 0.00000000 0.00000000
vt 0.02314900 0.87263700
vt 1.00000000 0.11023300
vt 0.99916900 0.00000000
vt 1.00000000 0.00000000
vt 0.00000000 0.00000000
vt 0.00000000 1.00000000
vt 0.00000000 1.00000000
vt 1.00000000 0.33978800
vt 0.00000000 0.33984200
vt 1.00000000 0.00000000
vt 1.00000000 1.00000000
vt 0.00000000 0.00000000
vt 0.99878800 1.00000000
vt 1.00000000 1.00000000
vt 0.99878800 1.00000000
vt 1.00000000 0.33984200
vt 0.00000000 0.33978800
vt 0.84881800 0.00000000
vt 0.85273400 0.99737200
vt 0.85273400 0.99737200
vt 0.84807900 0.99726300
vt 0.84807900 0.99726300
vt 0.84404900 0.00000000
vt 0.00000000 0.11023300
vt 0.97678300 0.87297000
vt 0.97678300 0.87297000
vt 0.00000000 0.00000000
vt 0.97678300 0.87297000
vt 1.00000000 0.83333300
vt 1.00000000 0.83333300
vt 0.83251200 1.00000000
vt 0.83251200 1.00000000
vt 1.00000000 0.83333300
vt 0.97678300 0.83333300
vt 0.97678300 0.83333300
vt 0.02465100 0.15714000
vt 0.97678300 0.83333300
vt 0.97678200 0.66666700
vt 0.97678200 0.66666700
vt 0.12830600 0.35438100
vt 1.00000000 0.66666700
vt 1.00000000 0.66666700
vt 0.66623600 1.00000000
vt 0.66623600 1.00000000
vt 0.66623600 1.00000000
vt 0.00000000 0.50000000
vt 0.50014800 0.00000000
vt 0.50014800 0.00000000
vt 0.50014800 0.00000000
vt 0.00000000 0.50000000
vt 0.00000000 0.50000000
vt 0.66648800 0.00000000
vt 0.00000000 0.66666700
vt 0.66648800 0.00000000
vt 0.66648800 0.00000000
vt 0.00000000 0.66666700
vt 0.00000000 0.66666700
vt 0.50000000 1.00000000
vt 1.00000000 0.50004100
vt 1.00000000 0.50004100
vt 0.50000000 1.00000000
vt 1.00000000 0.50004100
vt 0.50000000 1.00000000
vt 0.50000000 1.00000000
vt 0.97678100 0.50000000
vt 0.97678100 0.50000000
vt 0.23196000 0.55162100
vt 0.97678100 0.50000000
vt 0.00000000 0.49985200
vt 0.50000000 0.00000000
vt 0.50000000 0.00000000
vt 0.00000000 0.49985200
vt 0.00000000 0.49985200
vt 1.00000000 0.50000000
vt 0.49996000 1.00000000
vt 0.00000000 0.33333300
vt 0.33380800 0.00000000
vt 0.33380800 0.00000000
vt 0.00000000 0.33333300
vt 0.16746700 0.00000000
vt 0.00000000 0.16666700
vt 0.16746700 0.00000000
vt 0.00000000 0.16666700
vt 0.16746700 0.00000000
vt 0.16746700 0.00000000
vt 0.00000000 0.16666700
vt 0.00000000 0.16666700
vt 0.02315100 0.33333300
vt 0.02315100 0.33333300
vt 0.02315100 0.33333300
vt 0.66446300 0.74871400
vt 0.02315100 0.33333300
vt 1.00000000 0.33333300
vt 1.00000000 0.33333300
vt 0.33368300 1.00000000
vt 0.33368300 1.00000000
vt 0.97678000 0.33333300
vt 0.33561500 0.74886200
vt 0.97678000 0.33333300
vt 1.00000000 0.16666700
vt 1.00000000 0.16666700
vt 1.00000000 0.16666700
vt 0.16740700 1.00000000
vt 0.16740700 1.00000000
vt 0.00000000 0.00000000
vt 0.00000300 0.49988300
vt 0.00000300 0.49988300
vt 1.00000000 0.00000000
vt 0.97678000 0.12112400
vt 0.97678000 0.12112400
vt 0.97678000 0.12112400
vt 0.00000000 1.00000000
vt 0.46759400 1.00000000
vt 0.97678000 0.16666700
vt 0.43926900 0.94610300
vt 0.97678000 0.16666700
vt 0.00113100 1.00000000
vt 1.00000000 0.00000000
vt 1.00000000 0.00000000
vt 0.00000000 0.00000000
vt 0.14817600 0.00000000
vt 0.85273400 0.00280800
vt 0.00000000 0.33906700
vt 1.00000000 0.33906700
vt 0.18940000 0.34107100
vt 0.00000000 0.33906700
vt 1.00000000 0.33906600
vt 1.00000000 0.34107100
vt 0.00000000 0.34107100
vt 1.00000000 0.65875600
vt 0.00000000 0.65875600
vt 0.18940000 0.65875600
vt 1.00000000 0.66093300
vt 0.00000000 0.66093300
vt 0.00000000 0.66093300
vt 1.00000000 0.66093400
vt 0.00000000 0.66093400
vt 1.00000000 0.66093400
vt 0.00000000 0.65827700
vt 1.00000000 0.65827700
vt 0.00000000 1.00000000
vt 0.68964400 0.97801800
vt 1.00000000 1.00000000
vt 1.00000000 1.00000000
vt 0.00000000 1.00000000
vt 0.68985700 0.02204100
vt 0.68995300 0.00000000
vt 0.68974100 1.00000000
vt 1.00000000 1.00000000
vt 0.00000000 1.00000000
vt 0.74982600 0.00000000
vt 0.74965600 1.00000000
vt 0.05563700 1.00000000
vt 0.99978900 0.05694300
vt 0.74982600 0.06362100
vt 0.99974200 0.06362100
vt 0.06214400 1.00000000
vt 0.74982700 0.93638200
vt 0.81061800 1.00000000
vt 0.68762300 0.04645400
vt 0.74982700 1.00000000
vt 0.74999600 0.00000000
vt 0.99980600 0.94412400
vt 0.94424600 1.00000000
vt 0.99995000 0.97205800
vt 0.97212300 1.00000000
vt 0.99993800 0.02842600
vt 0.02781800 1.00000000
vt 1.00000000 1.00000000
vt 0.99998900 0.00000000
vt 0.00000000 1.00000000
vt 1.00000000 0.65740500
vt 0.00000000 0.65738800
vt 0.97212300 0.65740500
vt 0.02781800 0.65738800
vt 0.02781800 0.34265100
vt 0.05563700 0.34265100
vt 0.05563700 0.65738800
vt 0.08345500 0.34265100
vt 0.08345500 0.65738800
vt 0.11127400 0.65738800
vt 0.11127400 0.34265100
vt 0.99956100 0.08550200
vt 0.08345500 1.00000000
vt 0.11127400 1.00000000
vt 0.99927100 0.11406600
vt 0.74982600 0.12724200
vt 0.99912200 0.12724200
vt 0.12410000 1.00000000
vt 0.13890700 1.00000000
vt 0.99894100 0.14247100
vt 0.13890700 0.65738800
vt 0.16654000 0.34265100
vt 0.16654000 0.65738800
vt 0.13890700 0.34265100
vt 0.93742400 0.20794600
vt 0.16654000 0.00000000
vt 0.93742400 0.20794600
vt 0.93742400 0.20794600
vt 0.13890700 0.00000000
vt 0.95720200 0.25256700
vt 0.97304300 0.29935200
vt 0.11127400 0.00000000
vt 0.97304300 0.29935200
vt 0.97304300 0.29935200
vt 0.97304300 0.29935200
vt 0.97304300 0.29935200
vt 0.88579600 0.12857200
vt 0.88579600 0.12857200
vt 0.88579600 0.12857200
vt 0.88579600 0.12857200
vt 0.22180600 0.00000000
vt 0.88579600 0.12857200
vt 0.05563700 0.00000000
vt 0.99354400 0.39794900
vt 0.99354400 0.39794900
vt 0.99354400 0.39794900
vt 0.99354400 0.39794900
vt 0.99354400 0.39794900
vt 0.99354400 0.39794900
vt 0.08345500 0.00000000
vt 0.98514900 0.34809100
vt 0.74144600 0.03124100
vt 0.74144600 0.03124100
vt 0.74144600 0.03124100
vt 0.74144600 0.03124100
vt 0.74144600 0.03124100
vt 0.74144600 0.03124100
vt 0.33204500 0.00000000
vt 0.65810100 0.01210100
vt 0.38798000 0.00000000
vt 0.65810100 0.01210100
vt 0.65810100 0.01210100
vt 0.36001300 0.00000000
vt 0.70006700 0.01989200
vt 0.78105300 0.04715700
vt 0.30448500 0.00000000
vt 0.81885400 0.06872200
vt 0.81885400 0.06872200
vt 0.81885400 0.06872200
vt 0.27692600 0.00000000
vt 0.36001300 0.34265100
vt 0.33204500 0.34265100
vt 0.33204500 0.65738800
vt 0.36001300 0.65738800
vt 0.30448500 0.34265100
vt 0.27692600 0.34265100
vt 0.27692600 0.65738800
vt 0.30448500 0.65738800
vt 0.99719100 0.34221500
vt 0.33204500 1.00000000
vt 0.30448500 1.00000000
vt 0.99723700 0.31389600
vt 0.99723700 0.31370600
vt 0.30430100 1.00000000
vt 0.74982600 0.31370600
vt 0.99734800 0.28536200
vt 0.27692600 1.00000000
vt 0.24936600 1.00000000
vt 0.99756400 0.25673000
vt 0.74982600 0.25222500
vt 0.24502500 1.00000000
vt 0.99761100 0.25222500
vt 0.24936600 0.65738800
vt 0.24936600 0.34265100
vt 0.22180600 0.65738800
vt 0.22180600 0.34265100
vt 0.19417300 0.65738800
vt 0.19417300 0.34265100
vt 0.91362900 0.16627000
vt 0.19417300 0.00000000
vt 0.19417300 1.00000000
vt 0.99822600 0.19958200
vt 0.99835000 0.18973400
vt 0.18465600 1.00000000
vt 0.99858700 0.17098800
vt 0.16654000 1.00000000
vt 0.74982600 0.18973400
vt 0.49989700 0.12724200
vt 0.49989700 0.25222500
vt 0.24999500 0.12724200
vt 0.24999500 0.11518000
vt 0.29667700 1.00000000
vt 0.23162000 0.11606300
vt 0.25009900 1.00000000
vt 0.50019800 1.00000000
vt 0.33032400 0.11143700
vt 0.09069500 0.12724200
vt 0.72639600 1.00000000
vt 1.00000000 1.00000000
vt 0.00000000 1.00000000
vt 0.13305400 0.12098800
vt 0.85071000 1.00000000
vt 0.10898300 0.12281600
vt 0.00000000 0.83043900
vt 1.00000000 0.83044200
vt 0.25009900 0.73418300
vt 0.85071000 0.83044200
vt 0.85071000 0.66088400
vt 1.00000000 0.73418700
vt 0.00000000 0.73418300
vt 1.00000000 0.66088400
vt 0.00000000 0.66088100
vt 0.85071000 0.50015200
vt 1.00000000 0.50015200
vt 0.00000000 0.49999400
vt 0.25009900 0.49999400
vt 0.25009900 0.26580900
vt 1.00000000 0.33941900
vt 0.00000000 0.33942200
vt 0.50019800 0.73418300
vt 0.50019800 0.49999400
vt 0.75009900 0.73418300
vt 0.75009900 0.49999400
vt 0.50019800 0.26580900
vt 0.25009900 0.00000000
vt 0.10858700 0.86971000
vt 0.10858700 0.86971000
vt 0.10858700 0.86971000
vt 0.10858700 0.86971000
vt 0.75009900 0.26580900
vt 0.50019800 0.00000000
vt 0.21864700 0.91438600
vt 0.21864700 0.91438600
vt 0.75009900 0.00000000
vt 0.33027700 0.95786400
vt 0.33027700 0.95786400
vt 0.40906500 0.89217800
vt 0.49582300 0.98926900
vt 0.40906500 0.89217800
vt 0.40906500 0.89217800
vt 0.40906500 0.89217800
vt 0.40906500 0.89217800
vt 0.26617100 0.92440600
vt 0.49582300 0.00000000
vt 0.00000300 0.99995700
vt 0.01578500 0.83167600
vt 0.00000000 0.00000000
vt 0.16493400 0.81161300
vt 0.16493400 0.81161300
vt 0.00000000 1.00000000
vt 0.00000000 0.00122400
vt 0.44374900 1.00000000
vt 1.00000000 0.05110200
vt 0.00000000 0.00000000
vt 1.00000000 0.00000000
vt 0.44374900 1.00000000
vt 0.49335000 0.91589900
vt 0.66300600 0.98565700
vt 1.00000000 0.13285700
vt 0.75742700 0.97728100
vt 0.85193100 0.12868000
vt 0.99802700 0.24272600
vt 0.14725800 0.12112500
vt 0.85168000 0.92524100
vt 0.68774600 0.12516000
vt 0.85193100 0.04252800
vt 0.15423200 0.00000000
vt 0.81411000 0.04026900
vt 0.19344600 0.00000000
vt 0.19344600 0.17050200
vt 0.00000000 0.17050200
vt 1.00000000 0.17050200
vt 0.00000000 0.26580800
vt 1.00000000 0.26580900
vt 0.00000000 0.34100400
vt 1.00000000 0.34100400
vt 0.19344600 0.34100400
vt 0.39895100 0.17050200
vt 0.39895100 0.34100400
vt 0.00000000 0.49964100
vt 1.00000000 0.49999400
vt 0.19344600 0.49964100
vt 0.19344600 0.65827700
vt 0.39895100 0.49964100
vt 0.00000000 0.65827700
vt 1.00000000 0.65827700
vt 0.00000000 0.73418300
vt 1.00000000 0.73418300
vt 1.00000000 0.82913800
vt 0.00000000 0.82913800
vt 0.49989700 0.10420700
vt 0.92892200 1.00000000
vt 0.42909900 0.10711500
vt 0.75009900 1.00000000
vt 0.52806300 0.10309400
vt 1.00000000 1.00000000
vt 0.00000000 1.00000000
vt 0.19344600 0.82913800
vt 0.58072000 0.10014300
vt 0.19344600 1.00000000
vt 0.63354500 0.09110100
vt 0.39895100 1.00000000
vt 0.39895100 0.82913800
vt 0.39895100 0.65827700
vt 0.61017000 0.65827700
vt 0.81061800 0.65827700
vt 0.61017000 0.34100400
vt 0.61017000 1.00000000
vt 0.67279500 0.07129200
vt 0.69103600 0.00000000
vt 0.30984900 0.00905900
vt 0.49807800 0.01980200
vt 0.50861500 0.00000000
vt 0.61017000 0.00000000
vt 0.39322200 0.01339700
vt 0.81061800 0.34100400
vt 1.00000000 0.33906600
vt 0.00000000 0.33906600
vt 0.81061800 0.00000000
vt 0.18884400 0.00422900
vt 1.00000000 0.34100400
vt 0.00000000 0.34100400
vt 0.85221900 0.00000000
vt 0.14725800 0.00297500
vt 0.00112700 0.00000000
vt 0.00000000 0.00000000
vt 0.00000000 0.00000000
vt 1.00000000 0.00000000
vt 1.00000000 0.00000000
vt 0.02315200 0.12108100
vt 0.53240600 1.00000000
vt 0.02315200 0.12108100
vt 0.02315200 0.12108100
vt 0.56076800 0.94603100
vt 0.02315200 0.16666700
vt 0.02315200 0.16666700
vt 0.60994800 0.02721700
vt 0.39895100 0.00000000
vt 0.30984900 0.12146700
vt 0.98188000 0.52741800
vt 0.93436200 0.77757700
vt 0.49807800 0.12263500
vt 0.68774600 0.03234800
vt 0.32167200 0.00000000
vt 0.14954000 0.78127800
vt 0.14954000 0.78127800
vt 0.14954000 0.78127800
vt 1.00000000 1.00000000
vt 0.99999700 0.00000000
vt 0.14954000 0.78127800
vt 0.14954000 0.78127800
vt 1.00000000 0.00000000
vt 0.00000000 0.79676400
vt 1.00000000 1.00000000
vt 0.02037400 0.78655100
vt 0.96399300 0.00000000
vt 0.16940800 0.77240300
vt 0.96399300 0.99997000
vt 0.92798600 0.99994000
vt 0.18418300 0.75826500
vt 0.18418300 0.75826500
vt 0.18418300 0.75826500
vt 0.85597100 0.99987900
vt 0.20294800 0.72897500
vt 0.85597100 0.99987900
vt 0.20294800 0.72897500
vt 0.00000000 0.20000000
vt 0.09720100 0.65924000
vt 0.09720100 0.65924000
vt 0.09720100 0.65924000
vt 0.92798600 0.00000000
vt 0.03552800 0.77027800
vt 0.85597100 0.00000000
vt 0.05477800 0.73655900
vt 0.85597100 0.00000000
vt 0.76815700 0.55139800
vt 0.02315000 0.50000000
vt 0.02315000 0.50000000
vt 0.02315000 0.50000000
vt 0.36178300 0.15237800
vt 0.36178300 0.15237800
vt 0.42891300 0.00000000
vt 0.42891300 0.00000000
vt 0.42891300 0.00000000
vt 0.71331000 0.00000000
vt 0.08999600 0.66954600
vt 0.28817300 0.00000000
vt 0.38571000 0.10684700
vt 0.28817300 0.00000000
vt 0.57064800 0.00000000
vt 0.12521300 0.60253400
vt 0.12521300 0.60253400
vt 0.15402600 0.00000000
vt 0.40638700 0.06080700
vt 0.40898400 0.03634600
vt 0.07701300 0.00000000
vt 0.02314900 0.66666700
vt 0.02314900 0.66666700
vt 0.02314900 0.66666700
vt 0.87185200 0.35408100
vt 0.02314900 0.83333300
vt 0.97554600 0.15676500
vt 0.02314900 0.83333300
vt 0.02314900 0.83333300
vt 0.00000000 0.83333300
vt 0.83282900 0.00000000
vt 0.83282900 0.00000000
vt 0.00000000 0.83333300
vt 0.00000000 0.83333300
vt 0.99997500 0.00000000
vt 0.00000000 0.00000000
vt 0.39866000 0.01421300
vt 0.07701300 0.99990100
vt 0.54833300 0.12054400
vt 0.54833300 0.12054400
vt 0.54580100 0.14180100
vt 0.54580100 0.14180100
vt 0.15402600 0.99980100
vt 0.28817300 0.99962800
vt 0.28817300 0.99962800
vt 0.52554700 0.18196300
vt 0.52554700 0.18196300
vt 0.28817300 0.99962800
vt 0.00000000 0.80000000
vt 0.38880200 0.16481000
vt 0.38880200 0.16481000
vt 0.38880200 0.16481000
vt 0.38880200 0.16481000
vt 0.38880200 0.16481000
vt 0.42891300 0.99944600
vt 0.50230900 0.22136500
vt 0.42891300 0.99944600
vt 0.00000000 0.60000000
vt 0.29160200 0.32962000
vt 0.47898000 0.26092300
vt 0.57168500 0.99926200
vt 0.57168500 0.99926200
vt 0.71445600 0.99907700
vt 0.45565100 0.30048200
vt 0.71445600 0.99907700
vt 0.16445400 0.80000000
vt 0.16445400 0.60000000
vt 0.16445400 0.40000000
vt 0.35607600 0.80000000
vt 0.16445400 0.20000000
vt 0.00000000 0.40000000
vt 0.19440100 0.49443000
vt 0.57064800 0.99963900
vt 0.27163400 0.61250900
vt 0.23729400 0.67073700
vt 0.71331000 0.99975900
vt 0.34031300 0.49605300
vt 0.28532400 0.99940000
vt 0.30597300 0.55428100
vt 0.42798600 0.99952000
vt 0.42798600 0.00000000
vt 0.16043000 0.53552100
vt 0.28532400 0.00000000
vt 0.19564700 0.46850800
vt 0.14266200 0.00000000
vt 0.14266200 0.00000000
vt 0.23086400 0.40149600
vt 0.57168500 0.00000000
vt 0.57168500 0.00000000
vt 0.33785800 0.19790500
vt 0.14266200 0.99928000
vt 0.37465200 0.43782600
vt 0.14266200 0.99928000
vt 0.40899200 0.37959800
vt 1.00000000 0.99870800
vt 0.00000000 0.99916000
vt 0.26608100 0.33448300
vt 1.00000000 0.00000000
vt 0.00000000 0.00000000
vt 0.85722800 0.99889300
vt 0.43232100 0.34004000
vt 0.29000700 0.28895700
vt 0.85722800 0.00000000
vt 0.71445600 0.00000000
vt 0.31393200 0.24343100
vt 0.71445600 0.00000000
vt 0.16445400 0.00881700
vt 0.83986500 0.00000000
vt 0.35606500 0.01745500
vt 0.71473100 0.00000000
vt 0.15067300 0.00815500
vt 0.85071000 0.00000000
vt 0.00000000 0.82405100
vt 0.00000000 0.82405100
vt 0.00000000 0.00000000
vt 1.00000000 0.00000000
vt 0.85071000 0.16971000
vt 1.00000000 0.16971000
vt 0.00000000 0.16971300
vt 0.00000000 0.26580900
vt 1.00000000 0.26580500
vt 0.72891000 0.16971000
vt 0.85071000 0.33941900
vt 0.72891000 0.33941900
vt 0.72891000 0.50015200
vt 0.60719300 0.33941900
vt 0.58672000 0.00000000
vt 0.55009700 0.02789800
vt 0.52487900 0.02620600
vt 0.60719300 0.00000000
vt 0.46315600 0.33941900
vt 0.60719300 0.66088400
vt 0.72891000 0.83044200
vt 0.72891000 0.66088400
vt 0.07928900 0.13578700
vt 0.60719300 1.00000000
vt 0.46315600 0.66088400
vt 0.31145700 0.33941900
vt 0.07223600 0.14825900
vt 0.46315600 1.00000000
vt 0.31145700 0.66088400
vt 0.15642600 0.66088400
vt 0.15642600 0.33941900
vt 0.06769200 0.16189300
vt 0.31145700 1.00000000
vt 0.06433800 0.17595800
vt 0.15642600 1.00000000
vt 0.00000000 1.00000000
vt 0.06137900 0.19015700
vt 1.00000000 1.00000000
vt 0.00000000 0.66088400
vt 1.00000000 0.66006600
vt 0.95015600 0.34034400
vt 0.00000000 0.34034400
vt 1.00000000 0.34034400
vt 0.95015600 0.66006600
vt 0.90031100 0.34034400
vt 0.95015600 1.00000000
vt 0.05524600 0.22060400
vt 0.90031100 0.66006600
vt 0.90031100 1.00000000
vt 0.04941700 0.25094500
vt 0.89820000 1.00000000
vt 0.04917800 0.25222500
vt 0.00000000 0.33941900
vt 1.00000000 0.33941900
vt 0.90021100 0.06499500
vt 0.15642600 0.00000000
vt 0.86026300 0.05960300
vt 0.21577300 0.00000000
vt 0.71424800 0.04247900
vt 0.41198300 0.00000000
vt 0.31145700 0.00000000
vt 0.79246500 0.05113000
vt 0.46315600 0.00000000
vt 0.67092700 0.03815200
vt 0.09101000 0.12710500
vt 0.72891000 1.00000000
vt 0.33214500 0.01637100
vt 0.72891000 0.00000000
vt 0.99787900 0.22817400
vt 0.22180600 1.00000000
vt 0.85404600 0.09592900
vt 0.24936600 0.00000000
vt 0.36428900 1.00000000
vt 0.99716700 0.37518700
vt 0.74982600 0.37518700
vt 0.41594700 1.00000000
vt 0.99711500 0.42751700
vt 0.99714400 0.39927500
vt 0.38798000 1.00000000
vt 0.38798000 0.65738800
vt 0.38798000 0.34265100
vt 0.41594700 0.65738800
vt 0.41594700 0.34265100
vt 0.44391400 0.65738800
vt 0.99710300 0.43691500
vt 0.42526300 1.00000000
vt 0.99707100 0.45576500
vt 0.44391400 1.00000000
vt 0.47205500 1.00000000
vt 0.99699700 0.48419700
vt 0.99694400 0.49864300
vt 0.48660000 1.00000000
vt 0.47205500 0.65738800
vt 0.47205500 0.34265100
vt 0.44391400 0.34265100
vt 0.50019600 0.65738800
vt 0.41594700 0.00000000
vt 0.61592400 0.00684500
vt 0.99717000 0.37082100
vt 0.36001300 1.00000000
vt 0.99841100 0.44850000
vt 0.02781800 0.00000000
vt 0.99413500 0.59955800
vt 0.99413500 0.59955800
vt 0.99413500 0.59955800
vt 0.94424600 0.00000000
vt 0.99413500 0.59955800
vt 0.99413500 0.59955800
vt 0.71193900 0.97307000
vt 0.71193900 0.97307000
vt 0.71193900 0.97307000
vt 0.71193900 0.97307000
vt 0.64009200 0.00000000
vt 0.71193900 0.97307000
vt 0.71193900 0.97307000
vt 0.99995400 0.49936900
vt 0.99995400 0.49936900
vt 0.99995400 0.49936900
vt 1.00000000 0.00000000
vt 0.00000000 0.00000000
vt 0.00000000 0.34265100
vt 1.00000000 0.34268300
vt 0.99846300 0.54958200
vt 0.97212300 0.00000000
vt 0.97212300 0.34268300
vt 0.94424600 0.34268300
vt 0.91636800 0.00000000
vt 0.98696400 0.64905500
vt 0.98696400 0.64905500
vt 0.91636800 0.34268300
vt 0.94424600 0.65740500
vt 0.91636800 0.65740500
vt 0.93652300 1.00000000
vt 0.99975100 0.93638200
vt 0.91636800 1.00000000
vt 0.99957800 0.91617500
vt 0.88849100 0.65740500
vt 0.99927300 0.88816200
vt 0.88849100 1.00000000
vt 0.87323000 1.00000000
vt 0.99908300 0.87276400
vt 0.74982700 0.87276400
vt 0.74982700 0.81027500
vt 0.49989900 0.87276400
vt 0.63306100 0.90963300
vt 0.60264800 1.00000000
vt 0.99892300 0.86033800
vt 0.86094000 1.00000000
vt 0.58042800 0.90069000
vt 0.80635200 1.00000000
vt 0.80635200 0.82937800
vt 1.00000000 1.00000000
vt 0.99998900 0.98649800
vt 0.52791100 0.89781600
vt 0.83799400 0.99218400
vt 1.00000000 0.82937800
vt 0.00000000 1.00000000
vt 0.99999900 0.07434800
vt 0.52788900 0.89781500
vt 0.07039300 1.00000000
vt 0.49989900 0.89671400
vt 0.73740400 0.05657000
vt 0.00000100 0.73550300
vt 0.73740400 0.99499000
vt 1.00000000 0.73550600
vt 0.00000100 0.73470900
vt 0.73655900 0.05650400
vt 0.49149300 0.03515900
vt 0.00000200 0.49999600
vt 1.00000000 0.65875600
vt 0.65618100 0.99693600
vt 0.24990400 0.49999600
vt 0.24990400 0.73470900
vt 0.49980900 0.73470900
vt 0.42881700 0.89381400
vt 0.24990400 1.00000000
vt 0.49980900 0.49999600
vt 0.74990400 0.49999600
vt 0.74990400 0.26528400
vt 0.49980900 0.26528400
vt 0.89138700 0.86979100
vt 0.89138700 0.86979100
vt 0.74990400 0.00000000
vt 0.89138700 0.86979100
vt 0.24990400 0.26528400
vt 0.78127800 0.91444600
vt 0.78127800 0.91444600
vt 0.49980900 0.00000000
vt 0.58963100 0.89003600
vt 0.98926900 0.49582300
vt 0.58963100 0.89003600
vt 0.58963100 0.89003600
vt 0.66958400 0.95789500
vt 0.24990400 0.00000000
vt 0.00000300 0.26449100
vt 0.25501000 0.01481700
vt 0.55605000 1.00000000
vt 0.00000000 0.00000000
vt 0.00041400 0.04905700
vt 0.00000000 0.13290500
vt 0.50535100 0.91375600
vt 0.98565700 0.66300600
vt 0.97722800 0.75740600
vt 0.14808400 0.12873500
vt 1.00000000 0.00000000
vt 0.00000000 0.99385500
vt 0.00049800 0.04905200
vt 0.16317300 0.99767600
vt 1.00000000 0.17053500
vt 0.14808400 0.04057700
vt 0.84593300 0.00000000
vt 0.80635200 0.17053500
vt 0.25501000 0.99912200
vt 1.00000000 0.26449400
vt 0.33090000 0.99980600
vt 1.00000000 0.34107100
vt 0.80635200 0.34107100
vt 0.25578500 0.01487500
vt 0.00000300 0.26528400
vt 1.00000000 0.49991400
vt 0.49149300 0.99953100
vt 0.60264800 0.17053500
vt 0.60264800 0.34107100
vt 0.80635200 0.49991400
vt 0.80635200 0.65875600
vt 0.60264800 0.49991400
vt 0.39023900 0.34107100
vt 0.60264800 0.65875600
vt 0.39023900 0.65875600
vt 0.39023900 1.00000000
vt 0.67229800 0.92917000
vt 0.67905000 0.93638200
vt 0.32926700 1.00000000
vt 0.18940000 1.00000000
vt 0.68760400 0.95388500
vt 0.39023900 0.00000000
vt 0.60697600 0.01266700
vt 0.50191100 0.01862800
vt 0.49171000 0.00000000
vt 0.30959900 0.00000000
vt 0.69013800 0.00857400
vt 0.69013800 0.12151700
vt 0.52710700 0.98181400
vt 0.85273400 0.12117000
vt 0.24254900 0.99798800
vt 0.81162500 0.00396300
vt 0.18940000 0.00000000
vt 0.31225900 0.12521700
vt 0.92504500 0.85165400
vt 0.73382900 0.92440600
vt 0.00000000 0.49582300
vt 0.00000000 0.00000000
vt 0.00000000 0.00000000
vt 0.98421500 0.83167600
vt 0.00000000 0.96399300
vt 0.97962600 0.78655100
vt 1.00000000 0.00000000
vt 0.00000000 1.00000000
vt 1.00000000 0.79676400
vt 0.00000000 0.92798600
vt 0.96447200 0.77027800
vt 0.99994000 0.92798600
vt 0.81450400 0.75612600
vt 0.81450400 0.75612600
vt 0.81450400 0.75612600
vt 0.82927900 0.77026300
vt 0.99997000 0.96399300
vt 0.99999700 1.00000000
vt 0.99999700 1.00000000
vt 0.84914500 0.77913700
vt 0.84914500 0.77913700
vt 0.84914500 0.77913700
vt 0.84914500 0.77913700
vt 0.84914500 0.77913700
vt 0.83375300 0.80947200
vt 0.00000000 0.99877600
vt 1.00000000 0.00000000
vt 1.00000000 0.00000000
vt 1.00000000 0.82413500
vt 0.00000000 0.00000000
vt 1.00000000 0.82413500
vt 1.00000000 0.20000000
vt 0.90279200 0.65930800
vt 0.90279200 0.65930800
vt 0.90279200 0.65930800
vt 0.99975900 0.71331000
vt 0.76139500 0.66859800
vt 1.00000000 0.40000000
vt 0.80558400 0.49448100
vt 0.14868000 0.00000000
vt 0.85026400 0.00794900
vt 0.83553000 0.20000000
vt 0.79574000 0.72683600
vt 0.99987900 0.85597100
vt 0.79574000 0.72683600
vt 0.99987900 0.85597100
vt 0.00000000 0.85597100
vt 0.00000000 0.85597100
vt 0.94522200 0.73655900
vt 0.91000400 0.66954600
vt 0.00000000 0.71331000
vt 0.87478700 0.60253400
vt 0.00000000 0.57064800
vt 0.87478700 0.60253400
vt 0.99963900 0.57064800
vt 0.72705700 0.61037200
vt 0.69271900 0.55214500
vt 0.99952000 0.42798600
vt 0.00000000 0.42798600
vt 0.83957000 0.53552100
vt 0.99940000 0.28532400
vt 0.65838100 0.49391800
vt 0.99928000 0.14266200
vt 0.99928000 0.14266200
vt 0.62404300 0.43569100
vt 0.00000000 0.28532400
vt 0.80435300 0.46850800
vt 0.63821700 0.15237800
vt 0.00000000 0.42891300
vt 0.00000000 0.42891300
vt 0.00000000 0.42891300
vt 0.63821700 0.15237800
vt 0.00000000 0.57168500
vt 0.00000000 0.57168500
vt 0.66214200 0.19790500
vt 0.00000000 0.57168500
vt 0.00000000 0.14266200
vt 0.76913600 0.40149600
vt 0.00000000 0.14266200
vt 0.00000000 1.00000000
vt 0.00000000 1.00000000
vt 0.73391900 0.33448300
vt 0.00000000 0.00000000
vt 0.68606800 0.24343100
vt 0.00000000 0.71445600
vt 0.00000000 0.71445600
vt 0.70999300 0.28895700
vt 0.00000000 0.85722800
vt 0.99870800 1.00000000
vt 0.99916000 0.00000000
vt 0.58970500 0.37746400
vt 0.56637700 0.33790700
vt 0.99889300 0.85722800
vt 0.99889300 0.85722800
vt 0.61429000 0.10684700
vt 0.00000000 0.28817300
vt 0.00000000 0.28817300
vt 0.00000000 0.15402600
vt 0.59361300 0.06080700
vt 0.83553000 0.00867200
vt 0.16085700 0.00000000
vt 0.14868000 0.16915900
vt 1.00000000 0.16915900
vt 0.00000000 0.16915900
vt 0.00000000 0.33831900
vt 1.00000000 0.33831900
vt 1.00000000 0.26528400
vt 0.00000000 0.26528600
vt 1.00000000 0.49918200
vt 0.00000000 0.49918200
vt 1.00000000 0.49999600
vt 0.00000000 0.50000000
vt 0.00000000 0.66004500
vt 1.00000000 0.66004500
vt 0.00000000 0.73470800
vt 1.00000000 0.73470900
vt 0.74990400 0.73470900
vt 1.00000000 0.83002300
vt 0.00000000 0.83002300
vt 0.74990400 1.00000000
vt 0.23113300 0.88486600
vt 0.24999500 0.88577600
vt 0.70213600 1.00000000
vt 0.32993300 0.88950400
vt 0.49980900 1.00000000
vt 0.31225900 0.03060400
vt 0.67807000 0.00000000
vt 0.18622400 0.03835800
vt 0.80635200 0.00000000
vt 0.50191100 0.12268300
vt 0.77722000 0.93431700
vt 0.60264800 0.00000000
vt 0.38833600 0.02573000
vt 0.83338900 0.65740500
vt 0.86094000 0.65740500
vt 0.83338900 1.00000000
vt 0.99853700 0.83239700
vt 0.99821600 0.81027500
vt 0.81172400 1.00000000
vt 0.80583800 1.00000000
vt 0.99813200 0.80424300
vt 0.80583800 0.65740500
vt 0.80583800 0.34268300
vt 0.77828600 0.34268300
vt 0.77828600 0.65740500
vt 0.75073800 0.34268300
vt 0.75073800 0.65740500
vt 0.77828600 1.00000000
vt 0.99779800 0.77601000
vt 0.99754000 0.74784000
vt 0.75073800 1.00000000
vt 0.99754000 0.74778500
vt 0.75068500 1.00000000
vt 0.72319000 0.65740500
vt 0.74982700 0.74778500
vt 0.72319000 1.00000000
vt 0.99737700 0.71972000
vt 0.69564100 1.00000000
vt 0.99730100 0.69179300
vt 0.99729000 0.68635600
vt 0.69025100 1.00000000
vt 0.74982700 0.68635600
vt 0.69564100 0.65740500
vt 0.69564100 0.34268300
vt 0.66809300 0.65740500
vt 0.72319000 0.34268300
vt 0.75073800 0.00000000
vt 0.86464000 0.90035800
vt 0.86464000 0.90035800
vt 0.86464000 0.90035800
vt 0.86464000 0.90035800
vt 0.86464000 0.90035800
vt 0.72319000 0.00000000
vt 0.82945100 0.92611800
vt 0.79182800 0.94625400
vt 0.79182800 0.94625400
vt 0.79182800 0.94625400
vt 0.69564100 0.00000000
vt 0.66809300 0.34268300
vt 0.66809300 0.00000000
vt 0.75266700 0.96150600
vt 0.64009200 0.34268300
vt 0.61209100 0.34268300
vt 0.61209100 0.65740500
vt 0.64009200 0.65740500
vt 0.99723400 0.63606100
vt 0.64009200 1.00000000
vt 0.99722900 0.62492700
vt 0.62892900 1.00000000
vt 0.61209100 1.00000000
vt 0.99721700 0.60816200
vt 0.99715400 0.56324500
vt 0.56676300 1.00000000
vt 0.74982700 0.62492700
vt 0.58409000 1.00000000
vt 0.99718400 0.58037900
vt 0.58409000 0.65740500
vt 0.58409000 0.34268300
vt 0.67070800 0.98159000
vt 0.61209100 0.00000000
vt 0.62918200 0.98782100
vt 0.62918200 0.98782100
vt 0.62918200 0.98782100
vt 0.58409000 0.00000000
vt 0.58750400 0.99236900
vt 0.55608900 0.00000000
vt 0.66809300 1.00000000
vt 0.99725700 0.66407400
vt 0.92322500 0.83122100
vt 0.92322500 0.83122100
vt 0.80583800 0.00000000
vt 0.92322500 0.83122100
vt 0.89618500 0.86862800
vt 0.77828600 0.00000000
vt 0.96311300 0.74462300
vt 0.96311300 0.74462300
vt 0.96311300 0.74462300
vt 0.86094000 0.00000000
vt 0.96311300 0.74462300
vt 0.96311300 0.74462300
vt 0.88849100 0.00000000
vt 0.97668900 0.69773600
vt 0.88849100 0.34268300
vt 0.86094000 0.34268300
vt 0.83338900 0.00000000
vt 0.94550800 0.78945700
vt 0.83338900 0.34268300
vt 0.49989900 0.74778500
vt 0.49807800 0.87247000
vt 0.06252700 0.77721600
vt 0.49351400 0.00000000
vt 0.49374100 0.98580600
vt 0.67085600 0.00000000
vt 0.67666100 0.97796900
vt 0.68176500 0.00000000
vt 0.68774600 0.97753700
vt 0.84003200 0.00000000
vt 0.84471500 0.97216500
vt 0.68774600 0.87236600
vt 0.14246300 0.92465500
vt 0.83333800 0.65738800
vt 0.86092400 1.00000000
vt 0.99534800 0.87079500
vt 0.83333800 0.34265100
vt 0.80575200 0.34265100
vt 0.04825100 0.21837400
vt 0.83333800 0.00000000
vt 0.80575200 0.65738800
vt 0.77816600 0.34265100
vt 0.77816600 0.00000000
vt 0.09478500 0.13476500
vt 0.09478500 0.13476500
vt 0.75066000 0.00000000
vt 0.12504000 0.10026400
vt 0.75066000 0.34265100
vt 0.72315500 0.34265100
vt 0.72315500 0.65738800
vt 0.99529600 0.74804400
vt 0.73890800 1.00000000
vt 0.75066000 0.65738800
vt 0.69564900 1.00000000
vt 0.99553900 0.70449700
vt 0.72315500 1.00000000
vt 0.99536700 0.73214300
vt 0.74982600 0.74804400
vt 0.99526000 0.75990800
vt 0.75066000 1.00000000
vt 0.99522000 0.78764200
vt 0.77816600 1.00000000
vt 0.77816600 0.65738800
vt 0.99522500 0.81104100
vt 0.80134500 1.00000000
vt 0.99523000 0.81549200
vt 0.80575200 1.00000000
vt 0.99527700 0.84324100
vt 0.83333800 1.00000000
vt 0.49989700 0.89881000
vt 0.93614500 1.00000000
vt 0.48109300 0.89799300
vt 1.00000000 1.00000000
vt 0.00000000 1.00000000
vt 0.24992900 1.00000000
vt 0.37742800 0.89343500
vt 1.00000000 0.82917100
vt 0.00000000 0.82917100
vt 0.24992900 0.73517700
vt 0.49985800 0.73517700
vt 0.49985800 1.00000000
vt 0.27382100 0.88849300
vt 0.55734300 1.00000000
vt 0.24999500 0.88730100
vt 0.74992900 0.73517700
vt 1.00000000 0.82901100
vt 0.00000000 0.82901100
vt 1.00000000 0.73517700
vt 0.00000000 0.73517700
vt 1.00000000 0.65802200
vt 0.00000000 0.65802300
vt 0.15240600 0.65802300
vt 0.00000000 0.49985300
vt 1.00000000 0.49998100
vt 1.00000000 0.73517700
vt 0.00000000 0.73517700
vt 0.52173600 0.99067400
vt 0.38571300 0.00000000
vt 0.52760200 0.00000000
vt 0.67001900 0.98230600
vt 0.29819300 1.00000000
vt 0.00498100 0.61527300
vt 0.00933100 0.55306300
vt 0.39840700 1.00000000
vt 0.00700500 0.58401900
vt 0.34830000 1.00000000
vt 0.39840700 0.66006600
vt 0.34830000 0.66006600
vt 0.34830000 0.34034400
vt 0.66664300 0.06085300
vt 0.66664300 0.06085300
vt 0.34830000 0.00000000
vt 0.39840700 0.34034400
vt 0.39840700 0.00000000
vt 0.61234600 0.02608300
vt 0.61234600 0.02608300
vt 0.44880600 0.34034400
vt 0.44880600 0.66006600
vt 0.01198700 0.52216800
vt 0.44880600 1.00000000
vt 0.48747000 1.00000000
vt 0.01424100 0.49864300
vt 0.49920500 0.66006600
vt 0.54960500 0.66006600
vt 0.01496100 0.49154100
vt 0.49920500 1.00000000
vt 0.54960500 1.00000000
vt 0.01823600 0.46124800
vt 0.54960500 0.34034400
vt 0.49920500 0.34034400
vt 0.44880600 0.00000000
vt 0.55741600 0.00806200
vt 0.55741600 0.00806200
vt 0.58439500 1.00000000
vt 0.99639800 0.59423100
vt 0.99657800 0.56685900
vt 0.55647800 1.00000000
vt 0.99619900 0.62169400
vt 0.61231100 1.00000000
vt 0.49977700 0.00000000
vt 0.50349500 0.99799400
vt 0.08352200 0.00000000
vt 0.01773600 0.66397000
vt 0.02961800 0.71205300
vt 0.11136300 0.00000000
vt 0.02961800 0.71205300
vt 0.02961800 0.71205300
vt 0.24999500 0.12599500
vt 0.80611300 1.00000000
vt 0.03406800 0.12599500
vt 0.25007200 1.00000000
vt 0.16971500 0.11717900
vt 0.47341100 1.00000000
vt 0.00646300 0.15028400
vt 0.37717300 0.10689500
vt 0.75007200 1.00000000
vt 0.00000000 1.00000000
vt 0.00182300 0.19220600
vt 1.00000000 1.00000000
vt 0.50014400 1.00000000
vt 0.27346200 0.11184100
vt 0.44358600 1.00000000
vt 0.24999500 0.11301500
vt 0.00000000 0.65972400
vt 1.00000000 0.65972400
vt 0.00067900 0.22468100
vt 0.95052300 1.00000000
vt 0.00256000 0.17800500
vt 0.16034900 1.00000000
vt 0.31902700 1.00000000
vt 0.00382700 0.16394900
vt 0.16034900 0.65802600
vt 1.00000000 0.65802600
vt 0.00000000 0.65802600
vt 0.31902700 0.65802600
vt 0.16034900 0.34182800
vt 0.10105800 0.96041100
vt 0.16034900 0.00000000
vt 0.47341100 0.65802600
vt 0.61457400 0.65802600
vt 0.61457400 0.82901300
vt 0.61457400 0.49992700
vt 0.73070600 0.49992700
vt 0.73070600 0.65802600
vt 0.84819800 0.82901300
vt 0.84819800 0.65802600
vt 0.73070600 0.82901300
vt 0.02300900 0.12938600
vt 0.73070600 1.00000000
vt 0.61457400 1.00000000
vt 0.01222400 0.13800800
vt 0.00000000 0.82901100
vt 1.00000000 0.82901300
vt 1.00000000 0.73486300
vt 0.00000000 0.73486400
vt 0.04085800 0.12491700
vt 0.84819800 1.00000000
vt 1.00000000 1.00000000
vt 0.06595300 0.12289700
vt 0.00000000 1.00000000
vt 1.00000000 1.00000000
vt 0.48094300 0.10233200
vt 0.00000100 1.00000000
vt 0.00000000 0.50016000
vt 1.00000000 0.49998300
vt 1.00000000 0.34187500
vt 0.00000000 0.34187500
vt 0.00000000 0.26511000
vt 1.00000000 0.26511200
vt 0.50100400 0.00000000
vt 0.50426900 0.99443800
vt 0.50426900 0.99443800
vt 0.50426900 0.99443800
vt 0.66862300 0.94829200
vt 0.66862300 0.94829200
vt 0.65188100 0.00000000
vt 0.61422200 0.97869300
vt 0.61422200 0.97869300
vt 0.60181100 0.00000000
vt 0.55928600 0.99391200
vt 0.55928600 0.99391200
vt 0.55140800 0.00000000
vt 0.55140800 0.33996300
vt 0.50100400 0.33996300
vt 0.45060000 0.33996300
vt 0.50100400 0.65972400
vt 0.45060000 0.65972400
vt 0.40019600 0.65972400
vt 0.45060000 1.00000000
vt 0.01798100 0.53978000
vt 0.01455200 0.50940100
vt 0.50100400 1.00000000
vt 0.51394000 1.00000000
vt 0.01373800 0.50156400
vt 0.55140800 0.65972400
vt 0.60181100 0.33996300
vt 0.34993100 0.33996300
vt 0.34993100 0.65972400
vt 0.40019600 0.33996300
vt 0.39443200 0.95297900
vt 0.39443200 0.95297900
vt 0.40019600 0.00000000
vt 0.34993100 0.00000000
vt 0.34007600 0.91099000
vt 0.34007600 0.91099000
vt 0.44926700 0.98078400
vt 0.45060000 0.00000000
vt 0.44926700 0.98078400
vt 0.29966600 0.65972400
vt 0.29966600 0.33996300
vt 0.47162100 1.00000000
vt 0.99678700 0.47015600
vt 0.99662100 0.44312200
vt 0.44346600 1.00000000
f 42/42/42 39/39/39 41/41/41
f 42/42/42 41/41/41 45/45/45
f 42/42/42 46/46/46 39/39/39
f 49/49/49 46/46/46 42/42/42
f 49/49/49 42/42/42 53/53/53
f 53/53/53 42/42/42 50/50/50
f 71/71/71 66/66/66 68/68/68
f 68/68/68 66/66/66 70/70/70
f 66/66/66 71/71/71 49/49/49
f 49/49/49 71/71/71 46/46/46
f 71/71/71 68/68/68 75/75/75
f 75/75/75 68/68/68 82/82/82
f 92/92/92 109/109/109 103/103/103
f 103/103/103 106/106/106 104/104/104
f 103/103/103 109/109/109 106/106/106
f 92/92/92 70/70/70 109/109/109
f 144/144/144 145/145/145 136/136/136
f 154/154/154 148/148/148 145/145/145
f 154/154/154 145/145/145 144/144/144
f 158/158/158 148/148/148 154/154/154
f 160/160/160 147/147/147 157/157/157
f 163/163/163 170/170/170 179/179/179
f 177/177/177 165/165/165 162/162/162
f 163/163/163 179/179/179 149/149/149
f 182/182/182 190/190/190 152/152/152
f 182/182/182 188/188/188 190/190/190
f 183/183/183 192/192/192 187/187/187
f 180/180/180 193/193/193 184/184/184
f 203/203/203 197/197/197 194/194/194
f 205/205/205 193/193/193 180/180/180
f 199/199/199 210/210/210 216/216/216
f 212/212/212 202/202/202 239/239/239
f 206/206/206 215/215/215 218/218/218
f 206/206/206 218/218/218 221/221/221
f 206/206/206 221/221/221 227/227/227
f 204/204/204 226/226/226 232/232/232
f 207/207/207 166/166/166 228/228/228
f 207/207/207 228/228/228 237/237/237
f 203/203/203 234/234/234 197/197/197
f 239/239/239 202/202/202 236/236/236
f 269/269/269 270/270/270 277/277/277
f 269/269/269 274/274/274 270/270/270
f 273/273/273 284/284/284 269/269/269
f 269/269/269 279/279/279 274/274/274
f 269/269/269 282/282/282 279/279/279
f 269/269/269 284/284/284 282/282/282
f 273/273/273 288/288/288 284/284/284
f 273/273/273 290/290/290 288/288/288
f 273/273/273 293/293/293 290/290/290
f 273/273/273 295/295/295 293/293/293
f 310/310/310 306/306/306 301/301/301
f 310/310/310 309/309/309 306/306/306
f 313/313/313 310/310/310 315/315/315
f 324/324/324 310/310/310 313/313/313
f 310/310/310 295/295/295 273/273/273
f 310/310/310 301/301/301 295/295/295
f 310/310/310 322/322/322 309/309/309
f 310/310/310 324/324/324 322/322/322
f 324/324/324 313/313/313 326/326/326
f 277/277/277 425/425/425 426/426/426
f 277/277/277 422/422/422 425/425/425
f 277/277/277 426/426/426 429/429/429
f 452/452/452 450/450/450 446/446/446
f 452/452/452 429/429/429 450/450/450
f 456/456/456 429/429/429 452/452/452
f 452/452/452 446/446/446 457/457/457
f 556/556/556 554/554/554 397/397/397
f 556/556/556 557/557/557 554/554/554
f 397/397/397 554/554/554 551/551/551
f 556/556/556 560/560/560 557/557/557
f 556/556/556 565/565/565 560/560/560
f 560/560/560 565/565/565 563/563/563
f 583/583/583 584/584/584 523/523/523
f 620/620/620 632/632/632 630/630/630
f 622/622/622 632/632/632 620/620/620
f 565/565/565 632/632/632 622/622/622
f 632/632/632 634/634/634 636/636/636
f 632/632/632 638/638/638 634/634/634
f 565/565/565 638/638/638 632/632/632
f 565/565/565 556/556/556 638/638/638
f 697/697/697 699/699/699 693/693/693
f 763/763/763 123/123/123 760/760/760
f 763/763/763 760/760/760 765/765/765
f 765/765/765 760/760/760 759/759/759
f 765/765/765 759/759/759 766/766/766
f 1166/1166/1166 1158/1158/1158 1163/1163/1163
f 1165/1165/1165 1170/1170/1170 1156/1156/1156
f 1178/1178/1178 1173/1173/1173 1167/1167/1167
f 1176/1176/1176 1181/1181/1181 1175/1175/1175
f 1184/1184/1184 1181/1181/1181 1176/1176/1176
f 1209/1209/1209 1186/1186/1186 1193/1193/1193
f 1184/1184/1184 1194/1194/1194 1181/1181/1181
f 1183/1183/1183 1198/1198/1198 1196/1196/1196
f 1199/1199/1199 1185/1185/1185 1203/1203/1203
f 1204/1204/1204 1187/1187/1187 1206/1206/1206
f 1207/1207/1207 1191/1191/1191 1212/1212/1212
f 1317/1317/1317 1318/1318/1318 1312/1312/1312
f 1315/1315/1315 1311/1311/1311 1305/1305/1305
f 1320/1320/1320 1327/1327/1327 1332/1332/1332
f 1323/1323/1323 1319/1319/1319 1329/1329/1329
f 1330/1330/1330 1318/1318/1318 1317/1317/1317
f 1334/1334/1334 1325/1325/1325 1335/1335/1335
f 1337/1337/1337 1324/1324/1324 1340/1340/1340
f 1339/1339/1339 1322/1322/1322 1357/1357/1357
f 1338/1338/1338 1361/1361/1361 1353/1353/1353
f 1376/1376/1376 1362/1362/1362 1364/1364/1364
f 1352/1352/1352 1358/1358/1358 1370/1370/1370
f 1369/1369/1369 1359/1359/1359 1373/1373/1373
f 1371/1371/1371 1360/1360/1360 1374/1374/1374
f 1380/1380/1380 1378/1378/1378 1383/1383/1383
f 1313/1313/1313 1302/1302/1302 1423/1423/1423
f 1314/1314/1314 1304/1304/1304 1303/1303/1303
f 1542/1542/1542 1539/1539/1539 1534/1534/1534
f 1543/1543/1543 1548/1548/1548 1537/1537/1537
f 1544/1544/1544 1551/1551/1551 1549/1549/1549
f 1559/1559/1559 1553/1553/1553 1546/1546/1546
f 1557/1557/1557 1561/1561/1561 1552/1552/1552
f 1580/1580/1580 1589/1589/1589 1585/1585/1585
f 1584/1584/1584 1591/1591/1591 1596/1596/1596
f 1545/1545/1545 1536/1536/1536 2020/2020/2020
f 1541/1541/1541 2019/2019/2019 2011/2011/2011
f 2022/2022/2022 2026/2026/2026 2015/2015/2015
f 2034/2034/2034 1570/1570/1570 1558/1558/1558
f 1572/1572/1572 2035/2035/2035 1588/1588/1588
f 2111/2111/2111 2109/2109/2109 2106/2106/2106
f 2121/2121/2121 2124/2124/2124 2118/2118/2118
f 2134/2134/2134 2131/2131/2131 2123/2123/2123
f 2135/2135/2135 2126/2126/2126 2136/2136/2136
f 2138/2138/2138 2127/2127/2127 2139/2139/2139
f 2140/2140/2140 2125/2125/2125 2119/2119/2119
f 1169/1169/1169 2128/2128/2128 2132/2132/2132
f 1172/1172/1172 1182/1182/1182 2130/2130/2130
f 2160/2160/2160 2156/2156/2156 2162/2162/2162
f 2154/2154/2154 2169/2169/2169 2167/2167/2167
f 2205/2205/2205 2207/2207/2207 2219/2219/2219
f 2350/2350/2350 2353/2353/2353 2356/2356/2356
f 2378/2378/2378 1629/1629/1629 2385/2385/2385
f 2385/2385/2385 1629/1629/1629 1645/1645/1645
f 2382/2382/2382 1646/1646/1646 2389/2389/2389
f 2384/2384/2384 2390/2390/2390 2393/2393/2393
f 2394/2394/2394 2403/2403/2403 2398/2398/2398
f 2396/2396/2396 2387/2387/2387 2402/2402/2402
f 2398/2398/2398 2403/2403/2403 2404/2404/2404
f 2398/2398/2398 2404/2404/2404 2406/2406/2406
f 2398/2398/2398 2406/2406/2406 2410/2410/2410
f 2400/2400/2400 2409/2409/2409 2411/2411/2411
f 2454/2454/2454 2457/2457/2457 2460/2460/2460
f 2453/2453/2453 2461/2461/2461 2462/2462/2462
f 2463/2463/2463 2472/2472/2472 2469/2469/2469
f 2465/2465/2465 2479/2479/2479 2473/2473/2473
f 2465/2465/2465 2458/2458/2458 2479/2479/2479
f 2476/2476/2476 2477/2477/2477 2481/2481/2481
f 2495/2495/2495 2501/2501/2501 2500/2500/2500
f 2498/2498/2498 2504/2504/2504 2508/2508/2508
f 2498/2498/2498 2508/2508/2508 2514/2514/2514
f 2512/2512/2512 2506/2506/2506 2518/2518/2518
f 2497/2497/2497 2515/2515/2515 2523/2523/2523
f 2427/2427/2427 2416/2416/2416 2419/2419/2419
f 2392/2392/2392 1674/1674/1674 1671/1671/1671
f 2391/2391/2391 1642/1642/1642 1675/1675/1675
f 2388/2388/2388 1647/1647/1647 1644/1644/1644
f 2336/2336/2336 2380/2380/2380 2564/2564/2564
f 2378/2378/2378 2569/2569/2569 1629/1629/1629
f 2568/2568/2568 2381/2381/2381 2572/2572/2572
f 2572/2572/2572 2381/2381/2381 2571/2571/2571
f 2571/2571/2571 2381/2381/2381 2339/2339/2339
f 1632/1632/1632 2619/2619/2619 2616/2616/2616
f 1632/1632/1632 2567/2567/2567 2619/2619/2619
f 1630/1630/1630 2567/2567/2567 1632/1632/1632
f 2338/2338/2338 2565/2565/2565 2346/2346/2346
f 2344/2344/2344 2563/2563/2563 2341/2341/2341
f 2152/2152/2152 1201/1201/1201 2168/2168/2168
f 1195/1195/1195 1200/1200/1200 2153/2153/2153
f 1157/1157/1157 1174/1174/1174 2651/2651/2651
f 1672/1672/1672 1644/1644/1644 1655/1655/1655
f 1573/1573/1573 1592/1592/1592 1577/1577/1577
f 1576/1576/1576 1589/1589/1589 1580/1580/1580
f 1555/1555/1555 1571/1571/1571 1567/1567/1567
f 1554/1554/1554 1568/1568/1568 1562/1562/1562
f 1211/1211/1211 1190/1190/1190 1221/1221/1221
f 556/556/556 2803/2803/2803 644/644/644
f 556/556/556 2804/2804/2804 2803/2803/2803
f 644/644/644 2803/2803/2803 647/647/647
f 647/647/647 2803/2803/2803 2793/2793/2793
f 2803/2803/2803 2804/2804/2804 2810/2810/2810
f 2804/2804/2804 2831/2831/2831 2828/2828/2828
f 556/556/556 2831/2831/2831 2804/2804/2804
f 556/556/556 397/397/397 2831/2831/2831
f 2831/2831/2831 397/397/397 394/394/394
f 3025/3025/3025 2793/2793/2793 3023/3023/3023
f 647/647/647 2793/2793/2793 3025/3025/3025
f 3025/3025/3025 3023/3023/3023 3028/3028/3028
f 3028/3028/3028 3030/3030/3030 3032/3032/3032
f 3028/3028/3028 3023/3023/3023 3030/3030/3030
f 3032/3032/3032 3034/3034/3034 3036/3036/3036
f 3032/3032/3032 3030/3030/3030 3034/3034/3034
f 3036/3036/3036 3042/3042/3042 3040/3040/3040
f 3036/3036/3036 3034/3034/3034 3042/3042/3042
f 766/766/766 759/759/759 754/754/754
f 104/104/104 123/123/123 763/763/763
f 152/152/152 190/190/190 659/659/659
f 152/152/152 659/659/659 140/140/140
f 3319/3319/3319 212/212/212 3312/3312/3312
f 3319/3319/3319 3312/3312/3312 3301/3301/3301
f 606/606/606 565/565/565 607/607/607
f 571/571/571 565/565/565 606/606/606
f 563/563/563 565/565/565 571/571/571
f 277/277/277 429/429/429 456/456/456
f 277/277/277 270/270/270 422/422/422
f 326/326/326 313/313/313 335/335/335
f 229/229/229 172/172/172 14/14/14
f 3384/3384/3384 169/169/169 176/176/176
f 3387/3387/3387 171/171/171 3383/3383/3383
f 3401/3401/3401 171/171/171 3399/3399/3399
f 3405/3405/3405 171/171/171 3401/3401/3401
f 3408/3408/3408 173/173/173 3403/3403/3403
f 3432/3432/3432 3427/3427/3427 3431/3431/3431
f 3425/3425/3425 3427/3427/3427 3432/3432/3432
f 5/5/5 3420/3420/3420 3438/3438/3438
f 3438/3438/3438 3420/3420/3420 3437/3437/3437
f 3399/3399/3399 171/171/171 3387/3387/3387
f 174/174/174 5/5/5 9/9/9
f 174/174/174 9/9/9 15/15/15
f 104/104/104 106/106/106 123/123/123
f 68/68/68 70/70/70 92/92/92
f 3473/3473/3473 3480/3480/3480 3475/3475/3475
f 3476/3476/3476 3479/3479/3479 3472/3472/3472
f 3480/3480/3480 3473/3473/3473 3489/3489/3489
f 3493/3493/3493 3500/3500/3500 3490/3490/3490
f 3491/3491/3491 3497/3497/3497 3488/3488/3488
f 3503/3503/3503 3501/3501/3501 3495/3495/3495
f 3509/3509/3509 3499/3499/3499 3506/3506/3506
f 3514/3514/3514 3499/3499/3499 3509/3509/3509
f 3518/3518/3518 3499/3499/3499 3514/3514/3514
f 3518/3518/3518 3515/3515/3515 3499/3499/3499
f 3487/3487/3487 3498/3498/3498 3525/3525/3525
f 3605/3605/3605 3623/3623/3623 3611/3611/3611
f 3603/3603/3603 3623/3623/3623 3605/3605/3605
f 3649/3649/3649 3626/3626/3626 3602/3602/3602
f 3639/3639/3639 3636/3636/3636 3625/3625/3625
f 3641/3641/3641 3622/3622/3622 3644/3644/3644
f 3642/3642/3642 3627/3627/3627 3645/3645/3645
f 3646/3646/3646 3628/3628/3628 3648/3648/3648
f 3697/3697/3697 3717/3717/3717 3706/3706/3706
f 3696/3696/3696 3707/3707/3707 3702/3702/3702
f 3709/3709/3709 3715/3715/3715 3711/3711/3711
f 3695/3695/3695 3718/3718/3718 3714/3714/3714
f 3714/3714/3714 3718/3718/3718 3740/3740/3740
f 3713/3713/3713 3733/3733/3733 3725/3725/3725
f 3712/3712/3712 3734/3734/3734 3731/3731/3731
f 3832/3832/3832 3826/3826/3826 3817/3817/3817
f 3833/3833/3833 3830/3830/3830 3827/3827/3827
f 3838/3838/3838 3802/3802/3802 3829/3829/3829
f 3836/3836/3836 3794/3794/3794 3803/3803/3803
f 3834/3834/3834 3798/3798/3798 3795/3795/3795
f 3837/3837/3837 3839/3839/3839 3797/3797/3797
f 3846/3846/3846 3842/3842/3842 3835/3835/3835
f 3909/3909/3909 3903/3903/3903 3900/3900/3900
f 3481/3481/3481 3901/3901/3901 3907/3907/3907
f 3486/3486/3486 3902/3902/3902 3482/3482/3482
f 3484/3484/3484 3522/3522/3522 3904/3904/3904
f 3911/3911/3911 3923/3923/3923 3920/3920/3920
f 3906/3906/3906 3919/3919/3919 3926/3926/3926
f 3908/3908/3908 3898/3898/3898 3921/3921/3921
f 3726/3726/3726 3728/3728/3728 4018/4018/4018
f 3730/3730/3730 4021/4021/4021 4020/4020/4020
f 3729/3729/3729 3737/3737/3737 4022/4022/4022
f 4023/4023/4023 3738/3738/3738 4025/4025/4025
f 3721/3721/3721 4066/4066/4066 4060/4060/4060
f 4064/4064/4064 4069/4069/4069 4067/4067/4067
f 3719/3719/3719 4071/4071/4071 4062/4062/4062
f 4073/4073/4073 4085/4085/4085 4080/4080/4080
f 4070/4070/4070 4086/4086/4086 4084/4084/4084
f 4072/4072/4072 4099/4099/4099 4087/4087/4087
f 4076/4076/4076 4104/4104/4104 4098/4098/4098
f 3694/3694/3694 4101/4101/4101 4074/4074/4074
f 3694/3694/3694 4074/4074/4074 3720/3720/3720
f 4128/4128/4128 4102/4102/4102 4108/4108/4108
f 4100/4100/4100 3699/3699/3699 4113/4113/4113
f 4106/4106/4106 4112/4112/4112 4125/4125/4125
f 4107/4107/4107 4126/4126/4126 4120/4120/4120
f 4096/4096/4096 4103/4103/4103 4129/4129/4129
f 4094/4094/4094 4130/4130/4130 4133/4133/4133
f 4147/4147/4147 4093/4093/4093 4143/4143/4143
f 4149/4149/4149 4144/4144/4144 4154/4154/4154
f 4150/4150/4150 4097/4097/4097 4146/4146/4146
f 4237/4237/4237 4226/4226/4226 4223/4223/4223
f 4233/4233/4233 4229/4229/4229 4225/4225/4225
f 4234/4234/4234 4244/4244/4244 4239/4239/4239
f 4238/4238/4238 4247/4247/4247 4245/4245/4245
f 4236/4236/4236 4224/4224/4224 4248/4248/4248
f 4256/4256/4256 4231/4231/4231 4235/4235/4235
f 4255/4255/4255 4211/4211/4211 4228/4228/4228
f 4254/4254/4254 4204/4204/4204 4213/4213/4213
f 4252/4252/4252 4208/4208/4208 4206/4206/4206
f 4251/4251/4251 4259/4259/4259 4207/4207/4207
f 4255/4255/4255 4260/4260/4260 4257/4257/4257
f 4262/4262/4262 4250/4250/4250 4268/4268/4268
f 4314/4314/4314 4319/4319/4319 4311/4311/4311
f 4313/4313/4313 4317/4317/4317 4291/4291/4291
f 4326/4326/4326 4270/4270/4270 4321/4321/4321
f 4327/4327/4327 4322/4322/4322 4330/4330/4330
f 4329/4329/4329 4320/4320/4320 4332/4332/4332
f 4333/4333/4333 4323/4323/4323 4336/4336/4336
f 4335/4335/4335 4324/4324/4324 4316/4316/4316
f 4426/4426/4426 4433/4433/4433 4454/4454/4454
f 4428/4428/4428 4448/4448/4448 4434/4434/4434
f 4427/4427/4427 4452/4452/4452 4435/4435/4435
f 4442/4442/4442 4446/4446/4446 4429/4429/4429
f 4460/4460/4460 4450/4450/4450 4466/4466/4466
f 4437/4437/4437 4453/4453/4453 4462/4462/4462
f 4470/4470/4470 4451/4451/4451 4464/4464/4464
f 3932/3932/3932 4610/4610/4610 4609/4609/4609
f 4622/4622/4622 4615/4615/4615 4600/4600/4600
f 4614/4614/4614 4619/4619/4619 4626/4626/4626
f 4625/4625/4625 3924/3924/3924 4613/4613/4613
f 4630/4630/4630 4627/4627/4627 4623/4623/4623
f 4629/4629/4629 3924/3924/3924 4625/4625/4625
f 4631/4631/4631 4624/4624/4624 4618/4618/4618
f 4636/4636/4636 4632/4632/4632 4641/4641/4641
f 4637/4637/4637 4653/4653/4653 4633/4633/4633
f 4651/4651/4651 4627/4627/4627 4630/4630/4630
f 4643/4643/4643 4634/4634/4634 4621/4621/4621
f 4649/4649/4649 4655/4655/4655 4628/4628/4628
f 4660/4660/4660 4652/4652/4652 4638/4638/4638
f 4667/4667/4667 4650/4650/4650 4659/4659/4659
f 4685/4685/4685 4666/4666/4666 4674/4674/4674
f 4681/4681/4681 4676/4676/4676 4665/4665/4665
f 4658/4658/4658 4679/4679/4679 4668/4668/4668
f 4689/4689/4689 4686/4686/4686 4683/4683/4683
f 4682/4682/4682 4688/4688/4688 4657/4657/4657
f 4684/4684/4684 4673/4673/4673 4692/4692/4692
f 4689/4689/4689 4705/4705/4705 4686/4686/4686
f 4693/4693/4693 4669/4669/4669 4695/4695/4695
f 4693/4693/4693 4695/4695/4695 4706/4706/4706
f 4690/4690/4690 4699/4699/4699 4703/4703/4703
f 4707/4707/4707 4698/4698/4698 4691/4691/4691
f 4787/4787/4787 4791/4791/4791 4790/4790/4790
f 4799/4799/4799 4794/4794/4794 4788/4788/4788
f 4817/4817/4817 4793/4793/4793 4797/4797/4797
f 4121/4121/4121 4796/4796/4796 4812/4812/4812
f 4121/4121/4121 4804/4804/4804 4796/4796/4796
f 4795/4795/4795 4809/4809/4809 4811/4811/4811
f 4124/4124/4124 4813/4813/4813 4821/4821/4821
f 4819/4819/4819 4815/4815/4815 4824/4824/4824
f 4814/4814/4814 4829/4829/4829 4825/4825/4825
f 4816/4816/4816 4800/4800/4800 4827/4827/4827
f 4802/4802/4802 4785/4785/4785 4859/4859/4859
f 4922/4922/4922 4913/4913/4913 4916/4916/4916
f 4921/4921/4921 4909/4909/4909 4912/4912/4912
f 4928/4928/4928 4907/4907/4907 4919/4919/4919
f 4917/4917/4917 4915/4915/4915 4936/4936/4936
f 4920/4920/4920 4932/4932/4932 4937/4937/4937
f 5012/5012/5012 4675/4675/4675 5015/5015/5015
f 5014/5014/5014 4923/4923/4923 5011/5011/5011
f 5010/5010/5010 5007/5007/5007 4670/4670/4670
f 5016/5016/5016 4672/4672/4672 4678/4678/4678
f 4680/4680/4680 4923/4923/4923 5014/5014/5014
f 4696/4696/4696 4671/4671/4671 5005/5005/5005
f 5027/5027/5027 4908/4908/4908 4929/4929/4929
f 4931/4931/4931 5034/5034/5034 5029/5029/5029
f 4931/4931/4931 4925/4925/4925 5034/5034/5034
f 4926/4926/4926 5035/5035/5035 5033/5033/5033
f 5041/5041/5041 5031/5031/5031 5037/5037/5037
f 5049/5049/5049 5040/5040/5040 5044/5044/5044
f 5026/5026/5026 5042/5042/5042 5048/5048/5048
f 5056/5056/5056 5052/5052/5052 5035/5035/5035
f 5056/5056/5056 5054/5054/5054 5052/5052/5052
f 5058/5058/5058 4635/4635/4635 5078/5078/5078
f 5057/5057/5057 4662/4662/4662 4639/4639/4639
f 4677/4677/4677 4661/4661/4661 5059/5059/5059
f 5056/5056/5056 5035/5035/5035 4680/4680/4680
f 5056/5056/5056 5066/5066/5066 5054/5054/5054
f 5056/5056/5056 5060/5060/5060 5072/5072/5072
f 5056/5056/5056 5068/5068/5068 5060/5060/5060
f 5056/5056/5056 5072/5072/5072 5066/5066/5066
f 5056/5056/5056 5074/5074/5074 5068/5068/5068
f 5074/5074/5074 5056/5056/5056 5075/5075/5075
f 5075/5075/5075 5056/5056/5056 5080/5080/5080
f 5075/5075/5075 5080/5080/5080 4458/4458/4458
f 4458/4458/4458 5080/5080/5080 5082/5082/5082
f 5079/5079/5079 4642/4642/4642 5084/5084/5084
f 5077/5077/5077 4640/4640/4640 4646/4646/4646
f 5089/5089/5089 4587/4587/4587 5081/5081/5081
f 4458/4458/4458 5082/5082/5082 4591/4591/4591
f 5083/5083/5083 4645/4645/4645 5085/5085/5085
f 5087/5087/5087 4604/4604/4604 4592/4592/4592
f 4588/4588/4588 5088/5088/5088 4596/4596/4596
f 4644/4644/4644 4620/4620/4620 5086/5086/5086
f 5086/5086/5086 4620/4620/4620 4602/4602/4602
f 5075/5075/5075 4455/4455/4455 5092/5092/5092
f 5075/5075/5075 4458/4458/4458 4455/4455/4455
f 5105/5105/5105 5101/5101/5101 5096/5096/5096
f 5106/5106/5106 5097/5097/5097 5094/5094/5094
f 5109/5109/5109 5111/5111/5111 5102/5102/5102
f 5109/5109/5109 5115/5115/5115 5111/5111/5111
f 5114/5114/5114 5119/5119/5119 5109/5109/5109
f 5109/5109/5109 5119/5119/5119 5115/5115/5115
f 5108/5108/5108 4443/4443/4443 4441/4441/4441
f 5107/5107/5107 5095/5095/5095 4444/4444/4444
f 5127/5127/5127 5129/5129/5129 5134/5134/5134
f 5127/5127/5127 5130/5130/5130 5129/5129/5129
f 5050/5050/5050 5130/5130/5130 5127/5127/5127
f 5127/5127/5127 5132/5132/5132 5114/5114/5114
f 5127/5127/5127 5134/5134/5134 5132/5132/5132
f 5136/5136/5136 5135/5135/5135 5070/5070/5070
f 5070/5070/5070 5135/5135/5135 5128/5128/5128
f 5136/5136/5136 5133/5133/5133 5135/5135/5135
f 5138/5138/5138 5133/5133/5133 5136/5136/5136
f 5141/5141/5141 5148/5148/5148 5138/5138/5138
f 5138/5138/5138 5148/5148/5148 5133/5133/5133
f 5114/5114/5114 5147/5147/5147 5149/5149/5149
f 5146/5146/5146 5140/5140/5140 5151/5151/5151
f 5114/5114/5114 5132/5132/5132 5147/5147/5147
f 5151/5151/5151 5140/5140/5140 5154/5154/5154
f 5153/5153/5153 5155/5155/5155 5150/5150/5150
f 5114/5114/5114 5149/5149/5149 5156/5156/5156
f 5158/5158/5158 5155/5155/5155 5153/5153/5153
f 5114/5114/5114 5156/5156/5156 5119/5119/5119
f 5158/5158/5158 5118/5118/5118 5155/5155/5155
f 5159/5159/5159 5118/5118/5118 5158/5158/5158
f 5144/5144/5144 5116/5116/5116 5161/5161/5161
f 5161/5161/5161 5116/5116/5116 5120/5120/5120
f 5064/5064/5064 5112/5112/5112 5143/5143/5143
f 5143/5143/5143 5112/5112/5112 5117/5117/5117
f 5065/5065/5065 5128/5128/5128 5131/5131/5131
f 5065/5065/5065 5131/5131/5131 5053/5053/5053
f 5053/5053/5053 5131/5131/5131 5045/5045/5045
f 5050/5050/5050 5046/5046/5046 5130/5130/5130
f 5070/5070/5070 5128/5128/5128 5065/5065/5065
f 5030/5030/5030 5169/5169/5169 4906/4906/4906
f 5025/5025/5025 5050/5050/5050 5168/5168/5168
f 5062/5062/5062 5099/5099/5099 5110/5110/5110
f 5069/5069/5069 5103/5103/5103 5063/5063/5063
f 4432/4432/4432 5090/5090/5090 4457/4457/4457
f 4447/4447/4447 5090/5090/5090 4432/4432/4432
f 4923/4923/4923 5035/5035/5035 4926/4926/4926
f 4680/4680/4680 5035/5035/5035 4923/4923/4923
f 4828/4828/4828 4798/4798/4798 5238/5238/5238
f 4123/4123/4123 4822/4822/4822 5265/5265/5265
f 4807/4807/4807 5285/5285/5285 5268/5268/5268
f 4806/4806/4806 5274/5274/5274 5284/5284/5284
f 4808/4808/4808 5281/5281/5281 5275/5275/5275
f 4805/4805/4805 4116/4116/4116 5282/5282/5282
f 4127/4127/4127 4116/4116/4116 4805/4805/4805
f 5283/5283/5283 5271/5271/5271 5290/5290/5290
f 5348/5348/5348 5358/5358/5358 5353/5353/5353
f 5354/5354/5354 5359/5359/5359 5360/5360/5360
f 5360/5360/5360 5359/5359/5359 5364/5364/5364
f 5364/5364/5364 5359/5359/5359 5368/5368/5368
f 5423/5423/5423 5417/5417/5417 5421/5421/5421
f 5417/5417/5417 4704/4704/4704 4702/4702/4702
f 5423/5423/5423 4687/4687/4687 5417/5417/5417
f 5417/5417/5417 4687/4687/4687 4704/4704/4704
f 5423/5423/5423 5421/5421/5421 5426/5426/5426
f 5428/5428/5428 4656/4656/4656 5423/5423/5423
f 5423/5423/5423 4656/4656/4656 4687/4687/4687
f 5440/5440/5440 5431/5431/5431 5433/5433/5433
f 5424/5424/5424 5443/5443/5443 5435/5435/5435
f 5432/5432/5432 5438/5438/5438 5452/5452/5452
f 5351/5351/5351 5439/5439/5439 5442/5442/5442
f 5448/5448/5448 5441/5441/5441 5349/5349/5349
f 5450/5450/5450 5437/5437/5437 5446/5446/5446
f 5460/5460/5460 5450/5450/5450 5454/5454/5454
f 5454/5454/5454 5450/5450/5450 5456/5456/5456
f 5430/5430/5430 5451/5451/5451 5462/5462/5462
f 5465/5465/5465 5461/5461/5461 5453/5453/5453
f 5465/5465/5465 5453/5453/5453 5468/5468/5468
f 5467/5467/5467 4656/4656/4656 5466/5466/5466
f 5466/5466/5466 4656/4656/4656 5428/5428/5428
f 5468/5468/5468 5472/5472/5472 5470/5470/5470
f 5471/5471/5471 4656/4656/4656 5467/5467/5467
f 5468/5468/5468 5453/5453/5453 5472/5472/5472
f 5473/5473/5473 5456/5456/5456 5474/5474/5474
f 5470/5470/5470 5472/5472/5472 5475/5475/5475
f 5454/5454/5454 5456/5456/5456 5473/5473/5473
f 5474/5474/5474 5456/5456/5456 5479/5479/5479
f 5476/5476/5476 5475/5475/5475 5478/5478/5478
f 5470/5470/5470 5475/5475/5475 5476/5476/5476
f 5476/5476/5476 5478/5478/5478 5483/5483/5483
f 5479/5479/5479 3515/3515/3515 5482/5482/5482
f 5483/5483/5483 5478/5478/5478 5481/5481/5481
f 5479/5479/5479 5456/5456/5456 3515/3515/3515
f 5483/5483/5483 5481/5481/5481 5494/5494/5494
f 5496/5496/5496 5507/5507/5507 5500/5500/5500
f 5496/5496/5496 5480/5480/5480 5507/5507/5507
f 5510/5510/5510 5498/5498/5498 5506/5506/5506
f 5508/5508/5508 3515/3515/3515 5509/5509/5509
f 5482/5482/5482 3515/3515/3515 5508/5508/5508
f 5511/5511/5511 5505/5505/5505 5497/5497/5497
f 5509/5509/5509 3515/3515/3515 3518/3518/3518
f 5505/5505/5505 5511/5511/5511 3519/3519/3519
f 5505/5505/5505 3519/3519/3519 5502/5502/5502
f 5503/5503/5503 3513/3513/3513 5491/5491/5491
f 5503/5503/5503 3517/3517/3517 3513/3513/3513
f 5493/5493/5493 3510/3510/3510 5487/5487/5487
f 5490/5490/5490 3512/3512/3512 3508/3508/3508
f 5486/5486/5486 3504/3504/3504 5514/5514/5514
f 5512/5512/5512 4656/4656/4656 5485/5485/5485
f 5485/5485/5485 4656/4656/4656 5471/5471/5471
f 5488/5488/5488 3511/3511/3511 3505/3505/3505
f 5516/5516/5516 4656/4656/4656 5512/5512/5512
f 3479/3479/3479 4656/4656/4656 5516/5516/5516
f 5424/5424/5424 5420/5420/5420 5443/5443/5443
f 5351/5351/5351 5442/5442/5442 5356/5356/5356
f 5588/5588/5588 5593/5593/5593 5591/5591/5591
f 5585/5585/5585 5277/5277/5277 5594/5594/5594
f 5592/5592/5592 5282/5282/5282 5598/5598/5598
f 5276/5276/5276 5618/5618/5618 5616/5616/5616
f 5619/5619/5619 4114/4114/4114 5622/5622/5622
f 5279/5279/5279 4115/4115/4115 5620/5620/5620
f 5632/5632/5632 5587/5587/5587 5627/5627/5627
f 5626/5626/5626 5586/5586/5586 5630/5630/5630
f 5636/5636/5636 5278/5278/5278 5589/5589/5589
f 5272/5272/5272 5634/5634/5634 5296/5296/5296
f 5270/5270/5270 5278/5278/5278 5636/5636/5636
f 5295/5295/5295 5633/5633/5633 5639/5639/5639
f 5637/5637/5637 5629/5629/5629 5643/5643/5643
f 4656/4656/4656 3479/3479/3479 4629/4629/4629
f 4629/4629/4629 3479/3479/3479 3924/3924/3924
f 4079/4079/4079 4083/4083/4083 4518/4518/4518
f 4082/4082/4082 4090/4090/4090 5663/5663/5663
f 4091/4091/4091 4153/4153/4153 5668/5668/5668
f 5669/5669/5669 4151/4151/4151 5671/5671/5671
f 4261/4261/4261 4266/4266/4266 5757/5757/5757
f 5756/5756/5756 4265/4265/4265 5740/5740/5740
f 5739/5739/5739 4264/4264/4264 5734/5734/5734
f 5735/5735/5735 4267/4267/4267 4325/4325/4325
f 4089/4089/4089 4095/4095/4095 4152/4152/4152
f 4110/4110/4110 3698/3698/3698 5765/5765/5765
f 5768/5768/5768 3724/3724/3724 5767/5767/5767
f 3736/3736/3736 5771/5771/5771 4030/4030/4030
f 3739/3739/3739 3723/3723/3723 5770/5770/5770
f 3924/3924/3924 3479/3479/3479 3476/3476/3476
f 3849/3849/3849 5836/5836/5836 5844/5844/5844
f 5837/5837/5837 3844/3844/3844 3633/3633/3633
f 3847/3847/3847 5839/5839/5839 3841/3841/3841
f 3845/3845/3845 5842/5842/5842 5838/5838/5838
f 3848/3848/3848 5845/5845/5845 5841/5841/5841
f 5864/5864/5864 3631/3631/3631 5868/5868/5868
f 5869/5869/5869 3635/3635/3635 3640/3640/3640
f 5872/5872/5872 3634/3634/3634 5865/5865/5865
f 5835/5835/5835 3632/3632/3632 5870/5870/5870
f 2/2/2 13/13/13 1/1/1
f 17/17/17 2/2/2 1/1/1
f 11/11/11 1/1/1 4/4/4
f 4/4/4 1/1/1 6/6/6
f 6/6/6 1/1/1 10/10/10
f 1/1/1 13/13/13 10/10/10
f 17/17/17 1/1/1 11/11/11
f 2/2/2 17/17/17 18/18/18
f 20/20/20 19/19/19 16/16/16
f 12/12/12 20/20/20 16/16/16
f 19/19/19 20/20/20 21/21/21
f 23/23/23 20/20/20 12/12/12
f 21/21/21 20/20/20 22/22/22
f 20/20/20 25/25/25 22/22/22
f 28/28/28 20/20/20 23/23/23
f 25/25/25 20/20/20 28/28/28
f 27/27/27 30/30/30 31/31/31
f 30/30/30 27/27/27 24/24/24
f 31/31/31 26/26/26 27/27/27
f 35/35/35 31/31/31 32/32/32
f 31/31/31 34/34/34 32/32/32
f 30/30/30 33/33/33 31/31/31
f 31/31/31 33/33/33 34/34/34
f 26/26/26 31/31/31 35/35/35
f 36/36/36 22/22/22 25/25/25
f 35/35/35 40/40/40 37/37/37
f 38/38/38 22/22/22 36/36/36
f 35/35/35 32/32/32 40/40/40
f 40/40/40 34/34/34 44/44/44
f 40/40/40 32/32/32 34/34/34
f 44/44/44 34/34/34 43/43/43
f 43/43/43 52/52/52 51/51/51
f 43/43/43 34/34/34 52/52/52
f 51/51/51 56/56/56 54/54/54
f 57/57/57 58/58/58 55/55/55
f 55/55/55 58/58/58 48/48/48
f 59/59/59 58/58/58 57/57/57
f 59/59/59 62/62/62 58/58/58
f 48/48/48 58/58/58 63/63/63
f 62/62/62 61/61/61 58/58/58
f 58/58/58 61/61/61 63/63/63
f 64/64/64 63/63/63 61/61/61
f 64/64/64 65/65/65 63/63/63
f 48/48/48 63/63/63 65/65/65
f 65/65/65 64/64/64 69/69/69
f 72/72/72 22/22/22 47/47/47
f 72/72/72 73/73/73 22/22/22
f 72/72/72 74/74/74 73/73/73
f 76/76/76 74/74/74 72/72/72
f 78/78/78 74/74/74 76/76/76
f 78/78/78 76/76/76 81/81/81
f 83/83/83 77/77/77 80/80/80
f 83/83/83 80/80/80 84/84/84
f 67/67/67 85/85/85 79/79/79
f 85/85/85 67/67/67 88/88/88
f 87/87/87 86/86/86 84/84/84
f 83/83/83 84/84/84 86/86/86
f 87/87/87 89/89/89 86/86/86
f 90/90/90 89/89/89 87/87/87
f 67/67/67 91/91/91 88/88/88
f 91/91/91 67/67/67 93/93/93
f 91/91/91 93/93/93 96/96/96
f 89/89/89 90/90/90 95/95/95
f 96/96/96 94/94/94 91/91/91
f 94/94/94 96/96/96 101/101/101
f 99/99/99 97/97/97 96/96/96
f 96/96/96 97/97/97 101/101/101
f 96/96/96 102/102/102 99/99/99
f 96/96/96 93/93/93 102/102/102
f 99/99/99 102/102/102 105/105/105
f 108/108/108 110/110/110 107/107/107
f 69/69/69 64/64/64 108/108/108
f 108/108/108 64/64/64 110/110/110
f 110/110/110 111/111/111 115/115/115
f 111/111/111 110/110/110 64/64/64
f 110/110/110 115/115/115 113/113/113
f 117/117/117 110/110/110 113/113/113
f 117/117/117 119/119/119 110/110/110
f 107/107/107 110/110/110 119/119/119
f 119/119/119 117/117/117 126/126/126
f 120/120/120 119/119/119 126/126/126
f 120/120/120 122/122/122 119/119/119
f 124/124/124 119/119/119 122/122/122
f 107/107/107 119/119/119 124/124/124
f 125/125/125 127/127/127 121/121/121
f 125/125/125 128/128/128 127/127/127
f 128/128/128 125/125/125 118/118/118
f 132/132/132 127/127/127 128/128/128
f 114/114/114 133/133/133 128/128/128
f 114/114/114 128/128/128 118/118/118
f 130/130/130 132/132/132 128/128/128
f 130/130/130 128/128/128 133/133/133
f 133/133/133 114/114/114 116/116/116
f 116/116/116 134/134/134 133/133/133
f 137/137/137 133/133/133 134/134/134
f 133/133/133 137/137/137 130/130/130
f 135/135/135 141/141/141 129/129/129
f 135/135/135 138/138/138 141/141/141
f 146/146/146 138/138/138 135/135/135
f 137/137/137 134/134/134 143/143/143
f 151/151/151 146/146/146 150/150/150
f 138/138/138 146/146/146 151/151/151
f 153/153/153 155/155/155 156/156/156
f 153/153/153 134/134/134 155/155/155
f 143/143/143 134/134/134 153/153/153
f 156/156/156 155/155/155 159/159/159
f 156/156/156 159/159/159 161/161/161
f 161/161/161 159/159/159 164/164/164
f 164/164/164 175/175/175 161/161/161
f 181/181/181 178/178/178 167/167/167
f 185/185/185 178/178/178 181/181/181
f 185/185/185 150/150/150 178/178/178
f 151/151/151 150/150/150 185/185/185
f 191/191/191 195/195/195 196/196/196
f 198/198/198 195/195/195 191/191/191
f 191/191/191 196/196/196 186/186/186
f 208/208/208 201/201/201 223/223/223
f 223/223/223 201/201/201 213/213/213
f 181/181/181 167/167/167 200/200/200
f 235/235/235 240/240/240 238/238/238
f 238/238/238 240/240/240 214/214/214
f 242/242/242 240/240/240 246/246/246
f 244/244/244 240/240/240 242/242/242
f 214/214/214 240/240/240 244/244/244
f 240/240/240 248/248/248 246/246/246
f 248/248/248 240/240/240 252/252/252
f 235/235/235 252/252/252 240/240/240
f 253/253/253 255/255/255 252/252/252
f 252/252/252 235/235/235 253/253/253
f 255/255/255 259/259/259 252/252/252
f 248/248/248 252/252/252 256/256/256
f 256/256/256 252/252/252 260/260/260
f 252/252/252 259/259/259 260/260/260
f 261/261/261 263/263/263 262/262/262
f 261/261/261 262/262/262 257/257/257
f 261/261/261 264/264/264 263/263/263
f 258/258/258 264/264/264 261/261/261
f 266/266/266 267/267/267 264/264/264
f 266/266/266 264/264/264 258/258/258
f 268/268/268 263/263/263 264/264/264
f 268/268/268 264/264/264 267/267/267
f 268/268/268 267/267/267 272/272/272
f 276/276/276 268/268/268 278/278/278
f 263/263/263 268/268/268 276/276/276
f 283/283/283 285/285/285 281/281/281
f 283/283/283 286/286/286 285/285/285
f 287/287/287 286/286/286 283/283/283
f 289/289/289 286/286/286 287/287/287
f 292/292/292 291/291/291 289/289/289
f 289/289/289 291/291/291 286/286/286
f 294/294/294 296/296/296 292/292/292
f 292/292/292 296/296/296 291/291/291
f 294/294/294 299/299/299 296/296/296
f 299/299/299 297/297/297 296/296/296
f 297/297/297 298/298/298 296/296/296
f 296/296/296 298/298/298 291/291/291
f 303/303/303 300/300/300 299/299/299
f 300/300/300 297/297/297 299/299/299
f 302/302/302 299/299/299 294/294/294
f 302/302/302 303/303/303 299/299/299
f 304/304/304 305/305/305 303/303/303
f 307/307/307 304/304/304 303/303/303
f 305/305/305 300/300/300 303/303/303
f 307/307/307 303/303/303 302/302/302
f 308/308/308 304/304/304 307/307/307
f 311/311/311 318/318/318 317/317/317
f 272/272/272 320/320/320 311/311/311
f 311/311/311 320/320/320 318/318/318
f 323/323/323 327/327/327 321/321/321
f 325/325/325 329/329/329 323/323/323
f 323/323/323 328/328/328 327/327/327
f 323/323/323 329/329/329 328/328/328
f 329/329/329 333/333/333 330/330/330
f 329/329/329 330/330/330 337/337/337
f 333/333/333 329/329/329 325/325/325
f 337/337/337 338/338/338 329/329/329
f 338/338/338 339/339/339 329/329/329
f 329/329/329 339/339/339 328/328/328
f 340/340/340 339/339/339 338/338/338
f 342/342/342 339/339/339 340/340/340
f 342/342/342 344/344/344 339/339/339
f 339/339/339 344/344/344 328/328/328
f 345/345/345 344/344/344 342/342/342
f 345/345/345 347/347/347 344/344/344
f 344/344/344 347/347/347 327/327/327
f 328/328/328 344/344/344 327/327/327
f 347/347/347 345/345/345 348/348/348
f 350/350/350 347/347/347 348/348/348
f 350/350/350 352/352/352 347/347/347
f 347/347/347 352/352/352 353/353/353
f 327/327/327 347/347/347 353/353/353
f 353/353/353 352/352/352 304/304/304
f 308/308/308 353/353/353 304/304/304
f 321/321/321 327/327/327 353/353/353
f 321/321/321 353/353/353 308/308/308
f 355/355/355 352/352/352 350/350/350
f 355/355/355 305/305/305 352/352/352
f 352/352/352 305/305/305 304/304/304
f 357/357/357 354/354/354 359/359/359
f 354/354/354 357/357/357 361/361/361
f 359/359/359 354/354/354 351/351/351
f 362/362/362 300/300/300 355/355/355
f 355/355/355 300/300/300 305/305/305
f 361/361/361 357/357/357 364/364/364
f 363/363/363 300/300/300 362/362/362
f 364/364/364 357/357/357 365/365/365
f 365/365/365 367/367/367 364/364/364
f 363/363/363 297/297/297 300/300/300
f 297/297/297 363/363/363 368/368/368
f 365/365/365 369/369/369 367/367/367
f 370/370/370 298/298/298 368/368/368
f 368/368/368 298/298/298 297/297/297
f 371/371/371 369/369/369 365/365/365
f 371/371/371 374/374/374 369/369/369
f 373/373/373 298/298/298 370/370/370
f 374/374/374 382/382/382 375/375/375
f 376/376/376 377/377/377 373/373/373
f 373/373/373 377/377/377 298/298/298
f 378/378/378 374/374/374 381/381/381
f 382/382/382 374/374/374 378/378/378
f 381/381/381 374/374/374 371/371/371
f 389/389/389 383/383/383 379/379/379
f 387/387/387 385/385/385 382/382/382
f 375/375/375 382/382/382 385/385/385
f 383/383/383 388/388/388 386/386/386
f 383/383/383 389/389/389 388/388/388
f 390/390/390 389/389/389 391/391/391
f 392/392/392 389/389/389 390/390/390
f 380/380/380 391/391/391 389/389/389
f 392/392/392 388/388/388 389/389/389
f 380/380/380 389/389/389 379/379/379
f 393/393/393 392/392/392 390/390/390
f 393/393/393 396/396/396 392/392/392
f 392/392/392 395/395/395 388/388/388
f 396/396/396 395/395/395 392/392/392
f 398/398/398 396/396/396 393/393/393
f 398/398/398 399/399/399 396/396/396
f 399/399/399 400/400/400 396/396/396
f 396/396/396 400/400/400 395/395/395
f 404/404/404 400/400/400 401/401/401
f 401/401/401 400/400/400 403/403/403
f 399/399/399 403/403/403 400/400/400
f 407/407/407 400/400/400 404/404/404
f 407/407/407 395/395/395 400/400/400
f 405/405/405 408/408/408 406/406/406
f 412/412/412 406/406/406 408/408/408
f 395/395/395 407/407/407 410/410/410
f 412/412/412 411/411/411 406/406/406
f 415/415/415 411/411/411 412/412/412
f 413/413/413 416/416/416 414/414/414
f 409/409/409 416/416/416 413/413/413
f 414/414/414 416/416/416 417/417/417
f 417/417/417 416/416/416 419/419/419
f 409/409/409 418/418/418 416/416/416
f 416/416/416 418/418/418 420/420/420
f 416/416/416 420/420/420 419/419/419
f 421/421/421 420/420/420 424/424/424
f 271/271/271 420/420/420 421/421/421
f 271/271/271 419/419/419 420/420/420
f 418/418/418 423/423/423 420/420/420
f 424/424/424 420/420/420 423/423/423
f 424/424/424 423/423/423 427/427/427
f 427/427/427 430/430/430 428/428/428
f 427/427/427 423/423/423 430/430/430
f 433/433/433 431/431/431 430/430/430
f 428/428/428 430/430/430 431/431/431
f 432/432/432 430/430/430 423/423/423
f 432/432/432 433/433/433 430/430/430
f 436/436/436 433/433/433 435/435/435
f 435/435/435 433/433/433 432/432/432
f 436/436/436 438/438/438 433/433/433
f 433/433/433 438/438/438 431/431/431
f 440/440/440 438/438/438 436/436/436
f 441/441/441 438/438/438 440/440/440
f 443/443/443 431/431/431 438/438/438
f 443/443/443 438/438/438 441/441/441
f 449/449/449 431/431/431 443/443/443
f 442/442/442 445/445/445 444/444/444
f 444/444/444 445/445/445 447/447/447
f 444/444/444 447/447/447 448/448/448
f 428/428/428 431/431/431 449/449/449
f 453/453/453 463/463/463 454/454/454
f 459/459/459 451/451/451 458/458/458
f 459/459/459 460/460/460 451/451/451
f 461/461/461 463/463/463 453/453/453
f 462/462/462 467/467/467 454/454/454
f 461/461/461 465/465/465 463/463/463
f 464/464/464 466/466/466 462/462/462
f 462/462/462 466/466/466 467/467/467
f 468/468/468 278/278/278 455/455/455
f 468/468/468 276/276/276 278/278/278
f 469/469/469 468/468/468 471/471/471
f 469/469/469 276/276/276 468/468/468
f 467/467/467 466/466/466 472/472/472
f 466/466/466 470/470/470 472/472/472
f 473/473/473 263/263/263 469/469/469
f 276/276/276 469/469/469 263/263/263
f 473/473/473 469/469/469 477/477/477
f 470/470/470 466/466/466 475/475/475
f 470/470/470 475/475/475 476/476/476
f 475/475/475 474/474/474 476/476/476
f 479/479/479 474/474/474 475/475/475
f 479/479/479 475/475/475 483/483/483
f 475/475/475 481/481/481 483/483/483
f 481/481/481 475/475/475 466/466/466
f 480/480/480 478/478/478 482/482/482
f 478/478/478 480/480/480 485/485/485
f 487/487/487 485/485/485 480/480/480
f 481/481/481 466/466/466 486/486/486
f 485/485/485 487/487/487 488/488/488
f 488/488/488 487/487/487 492/492/492
f 490/490/490 487/487/487 494/494/494
f 492/492/492 487/487/487 490/490/490
f 486/486/486 496/496/496 495/495/495
f 486/486/486 466/466/466 496/496/496
f 466/466/466 497/497/497 496/496/496
f 495/495/495 496/496/496 497/497/497
f 498/498/498 499/499/499 507/507/507
f 498/498/498 502/502/502 499/499/499
f 502/502/502 498/498/498 505/505/505
f 495/495/495 497/497/497 504/504/504
f 504/504/504 497/497/497 508/508/508
f 497/497/497 466/466/466 506/506/506
f 509/509/509 510/510/510 503/503/503
f 509/509/509 515/515/515 510/510/510
f 515/515/515 509/509/509 518/518/518
f 507/507/507 499/499/499 517/517/517
f 516/516/516 520/520/520 513/513/513
f 520/520/520 516/516/516 500/500/500
f 519/519/519 524/524/524 522/522/522
f 519/519/519 522/522/522 514/514/514
f 524/524/524 519/519/519 526/526/526
f 520/520/520 528/528/528 527/527/527
f 520/520/520 500/500/500 528/528/528
f 528/528/528 530/530/530 527/527/527
f 530/530/530 528/528/528 531/531/531
f 531/531/531 528/528/528 445/445/445
f 445/445/445 528/528/528 459/459/459
f 528/528/528 532/532/532 459/459/459
f 501/501/501 528/528/528 500/500/500
f 528/528/528 501/501/501 532/532/532
f 505/505/505 533/533/533 502/502/502
f 465/465/465 533/533/533 505/505/505
f 465/465/465 461/461/461 533/533/533
f 460/460/460 459/459/459 532/532/532
f 530/530/530 531/531/531 534/534/534
f 534/534/534 531/531/531 536/536/536
f 536/536/536 531/531/531 442/442/442
f 442/442/442 531/531/531 445/445/445
f 441/441/441 440/440/440 537/537/537
f 439/439/439 540/540/540 538/538/538
f 541/541/541 535/535/535 539/539/539
f 544/544/544 535/535/535 541/541/541
f 540/540/540 545/545/545 543/543/543
f 547/547/547 545/545/545 540/540/540
f 542/542/542 403/403/403 546/546/546
f 401/401/401 403/403/403 542/542/542
f 439/439/439 402/402/402 540/540/540
f 548/548/548 545/545/545 547/547/547
f 546/546/546 550/550/550 549/549/549
f 546/546/546 403/403/403 550/550/550
f 553/553/553 550/550/550 552/552/552
f 552/552/552 550/550/550 399/399/399
f 549/549/549 550/550/550 553/553/553
f 550/550/550 403/403/403 399/399/399
f 549/549/549 553/553/553 558/558/558
f 561/561/561 548/548/548 559/559/559
f 561/561/561 567/567/567 562/562/562
f 561/561/561 562/562/562 548/548/548
f 564/564/564 567/567/567 561/561/561
f 569/569/569 568/568/568 567/567/567
f 568/568/568 562/562/562 567/567/567
f 569/569/569 567/567/567 564/564/564
f 574/574/574 570/570/570 572/572/572
f 569/569/569 564/564/564 573/573/573
f 574/574/574 576/576/576 570/570/570
f 577/577/577 568/568/568 569/569/569
f 576/576/576 579/579/579 580/580/580
f 579/579/579 576/576/576 574/574/574
f 525/525/525 568/568/568 577/577/577
f 525/525/525 577/577/577 581/581/581
f 580/580/580 579/579/579 585/585/585
f 522/522/522 524/524/524 582/582/582
f 510/510/510 521/521/521 586/586/586
f 578/578/578 589/589/589 587/587/587
f 587/587/587 589/589/589 511/511/511
f 588/588/588 590/590/590 491/491/491
f 592/592/592 590/590/590 588/588/588
f 588/588/588 491/491/491 512/512/512
f 589/589/589 578/578/578 591/591/591
f 578/578/578 594/594/594 591/591/591
f 595/595/595 592/592/592 593/593/593
f 592/592/592 595/595/595 590/590/590
f 596/596/596 595/595/595 599/599/599
f 596/596/596 598/598/598 595/595/595
f 489/489/489 590/590/590 595/595/595
f 489/489/489 595/595/595 598/598/598
f 600/600/600 599/599/599 595/595/595
f 600/600/600 595/595/595 593/593/593
f 594/594/594 575/575/575 601/601/601
f 575/575/575 602/602/602 601/601/601
f 599/599/599 600/600/600 603/603/603
f 602/602/602 575/575/575 604/604/604
f 602/602/602 604/604/604 610/610/610
f 611/611/611 603/603/603 609/609/609
f 611/611/611 599/599/599 603/603/603
f 612/612/612 613/613/613 597/597/597
f 596/596/596 599/599/599 611/611/611
f 613/613/613 612/612/612 608/608/608
f 614/614/614 616/616/616 613/613/613
f 614/614/614 613/613/613 617/617/617
f 613/613/613 608/608/608 566/566/566
f 616/616/616 597/597/597 613/613/613
f 617/617/617 613/613/613 566/566/566
f 619/619/619 618/618/618 625/625/625
f 618/618/618 619/619/619 615/615/615
f 621/621/621 618/618/618 623/623/623
f 621/621/621 625/625/625 618/618/618
f 617/617/617 566/566/566 624/624/624
f 626/626/626 619/619/619 625/625/625
f 621/621/621 626/626/626 625/625/625
f 627/627/627 628/628/628 626/626/626
f 631/631/631 627/627/627 626/626/626
f 628/628/628 619/619/619 626/626/626
f 629/629/629 626/626/626 621/621/621
f 631/631/631 626/626/626 629/629/629
f 637/637/637 627/627/627 631/631/631
f 639/639/639 640/640/640 633/633/633
f 639/639/639 641/641/641 640/640/640
f 555/555/555 641/641/641 639/639/639
f 641/641/641 643/643/643 642/642/642
f 640/640/640 641/641/641 642/642/642
f 555/555/555 643/643/643 641/641/641
f 645/645/645 643/643/643 555/555/555
f 648/648/648 643/643/643 645/645/645
f 649/649/649 642/642/642 643/643/643
f 648/648/648 646/646/646 643/643/643
f 651/651/651 643/643/643 646/646/646
f 649/649/649 643/643/643 653/653/653
f 643/643/643 651/651/651 653/653/653
f 654/654/654 655/655/655 650/650/650
f 654/654/654 656/656/656 655/655/655
f 656/656/656 654/654/654 652/652/652
f 139/139/139 656/656/656 657/657/657
f 661/661/661 657/657/657 656/656/656
f 189/189/189 655/655/655 656/656/656
f 656/656/656 139/139/139 658/658/658
f 189/189/189 656/656/656 658/658/658
f 661/661/661 656/656/656 652/652/652
f 663/663/663 657/657/657 661/661/661
f 660/660/660 646/646/646 662/662/662
f 651/651/651 646/646/646 660/660/660
f 646/646/646 666/666/666 662/662/662
f 663/663/663 664/664/664 657/657/657
f 664/664/664 663/663/663 665/665/665
f 668/668/668 664/664/664 665/665/665
f 666/666/666 646/646/646 667/667/667
f 666/666/666 667/667/667 669/669/669
f 667/667/667 671/671/671 669/669/669
f 670/670/670 668/668/668 672/672/672
f 668/668/668 670/670/670 664/664/664
f 674/674/674 670/670/670 672/672/672
f 671/671/671 673/673/673 675/675/675
f 671/671/671 667/667/667 673/673/673
f 673/673/673 676/676/676 675/675/675
f 674/674/674 678/678/678 670/670/670
f 678/678/678 674/674/674 677/677/677
f 679/679/679 678/678/678 685/685/685
f 682/682/682 678/678/678 679/679/679
f 683/683/683 678/678/678 682/682/682
f 683/683/683 670/670/670 678/678/678
f 686/686/686 685/685/685 678/678/678
f 686/686/686 678/678/678 677/677/677
f 676/676/676 688/688/688 687/687/687
f 688/688/688 689/689/689 687/687/687
f 685/685/685 686/686/686 690/690/690
f 689/689/689 691/691/691 692/692/692
f 689/689/689 688/688/688 691/691/691
f 694/694/694 685/685/685 690/690/690
f 692/692/692 698/698/698 696/696/696
f 692/692/692 691/691/691 698/698/698
f 694/694/694 700/700/700 685/685/685
f 702/702/702 685/685/685 700/700/700
f 702/702/702 700/700/700 703/703/703
f 705/705/705 703/703/703 700/700/700
f 705/705/705 700/700/700 695/695/695
f 698/698/698 706/706/706 696/696/696
f 706/706/706 698/698/698 708/708/708
f 706/706/706 708/708/708 713/713/713
f 710/710/710 705/705/705 714/714/714
f 711/711/711 705/705/705 710/710/710
f 703/703/703 705/705/705 711/711/711
f 715/715/715 710/710/710 714/714/714
f 713/713/713 708/708/708 716/716/716
f 707/707/707 718/718/718 717/717/717
f 722/722/722 715/715/715 719/719/719
f 710/710/710 715/715/715 720/720/720
f 720/720/720 715/715/715 722/722/722
f 719/719/719 724/724/724 722/722/722
f 726/726/726 723/723/723 725/725/725
f 723/723/723 726/726/726 721/721/721
f 726/726/726 725/725/725 731/731/731
f 733/733/733 730/730/730 727/727/727
f 721/721/721 726/726/726 729/729/729
f 732/732/732 734/734/734 728/728/728
f 738/738/738 735/735/735 733/733/733
f 733/733/733 735/735/735 736/736/736
f 733/733/733 736/736/736 730/730/730
f 734/734/734 732/732/732 739/739/739
f 739/739/739 732/732/732 740/740/740
f 740/740/740 742/742/742 739/739/739
f 743/743/743 738/738/738 741/741/741
f 738/738/738 743/743/743 735/735/735
f 745/745/745 751/751/751 743/743/743
f 745/745/745 743/743/743 741/741/741
f 743/743/743 747/747/747 735/735/735
f 743/743/743 749/749/749 747/747/747
f 749/749/749 743/743/743 750/750/750
f 751/751/751 750/750/750 743/743/743
f 758/758/758 751/751/751 755/755/755
f 755/755/755 751/751/751 756/756/756
f 751/751/751 745/745/745 756/756/756
f 761/761/761 751/751/751 758/758/758
f 761/761/761 750/750/750 751/751/751
f 124/124/124 122/122/122 761/761/761
f 761/761/761 122/122/122 750/750/750
f 768/768/768 762/762/762 764/764/764
f 769/769/769 764/764/764 767/767/767
f 768/768/768 764/764/764 769/769/769
f 770/770/770 768/768/768 769/769/769
f 771/771/771 770/770/770 769/769/769
f 769/769/769 767/767/767 772/772/772
f 771/771/771 769/769/769 772/772/772
f 773/773/773 771/771/771 772/772/772
f 752/752/752 772/772/772 767/767/767
f 772/772/772 752/752/752 774/774/774
f 773/773/773 772/772/772 774/774/774
f 777/777/777 773/773/773 774/774/774
f 776/776/776 774/774/774 782/782/782
f 774/774/774 776/776/776 778/778/778
f 777/777/777 774/774/774 778/778/778
f 774/774/774 752/752/752 779/779/779
f 782/782/782 774/774/774 779/779/779
f 780/780/780 783/783/783 781/781/781
f 781/781/781 783/783/783 775/775/775
f 744/744/744 783/783/783 780/780/780
f 775/775/775 783/783/783 785/785/785
f 740/740/740 783/783/783 744/744/744
f 783/783/783 740/740/740 784/784/784
f 784/784/784 785/785/785 783/783/783
f 784/784/784 786/786/786 785/785/785
f 786/786/786 787/787/787 785/785/785
f 789/789/789 785/785/785 787/787/787
f 775/775/775 785/785/785 789/789/789
f 778/778/778 776/776/776 788/788/788
f 788/788/788 777/777/777 778/778/778
f 791/791/791 777/777/777 788/788/788
f 789/789/789 787/787/787 790/790/790
f 790/790/790 787/787/787 792/792/792
f 793/793/793 777/777/777 791/791/791
f 792/792/792 787/787/787 794/794/794
f 777/777/777 793/793/793 796/796/796
f 794/794/794 795/795/795 792/792/792
f 795/795/795 794/794/794 797/797/797
f 795/795/795 797/797/797 799/799/799
f 777/777/777 796/796/796 798/798/798
f 801/801/801 798/798/798 803/803/803
f 777/777/777 798/798/798 801/801/801
f 803/803/803 798/798/798 805/805/805
f 799/799/799 806/806/806 804/804/804
f 799/799/799 797/797/797 806/806/806
f 806/806/806 809/809/809 807/807/807
f 804/804/804 806/806/806 807/807/807
f 797/797/797 808/808/808 806/806/806
f 808/808/808 809/809/809 806/806/806
f 812/812/812 809/809/809 810/810/810
f 810/810/810 809/809/809 808/808/808
f 812/812/812 814/814/814 809/809/809
f 809/809/809 814/814/814 815/815/815
f 809/809/809 815/815/815 807/807/807
f 802/802/802 815/815/815 800/800/800
f 815/815/815 818/818/818 800/800/800
f 802/802/802 807/807/807 815/815/815
f 814/814/814 816/816/816 815/815/815
f 818/818/818 815/815/815 816/816/816
f 817/817/817 773/773/773 777/777/777
f 773/773/773 817/817/817 820/820/820
f 818/818/818 816/816/816 819/819/819
f 777/777/777 801/801/801 817/817/817
f 773/773/773 820/820/820 822/822/822
f 816/816/816 821/821/821 819/819/819
f 773/773/773 822/822/822 825/825/825
f 821/821/821 816/816/816 823/823/823
f 821/821/821 823/823/823 824/824/824
f 771/771/771 825/825/825 827/827/827
f 773/773/773 825/825/825 771/771/771
f 823/823/823 826/826/826 824/824/824
f 771/771/771 827/827/827 829/829/829
f 826/826/826 823/823/823 828/828/828
f 826/826/826 828/828/828 830/830/830
f 771/771/771 829/829/829 770/770/770
f 828/828/828 831/831/831 830/830/830
f 770/770/770 829/829/829 832/832/832
f 831/831/831 828/828/828 833/833/833
f 831/831/831 833/833/833 834/834/834
f 835/835/835 770/770/770 832/832/832
f 833/833/833 836/836/836 834/834/834
f 838/838/838 835/835/835 837/837/837
f 770/770/770 835/835/835 838/838/838
f 838/838/838 839/839/839 840/840/840
f 838/838/838 842/842/842 839/839/839
f 838/838/838 840/840/840 768/768/768
f 842/842/842 838/838/838 837/837/837
f 770/770/770 838/838/838 768/768/768
f 836/836/836 843/843/843 841/841/841
f 843/843/843 844/844/844 841/841/841
f 839/839/839 842/842/842 845/845/845
f 848/848/848 839/839/839 845/845/845
f 844/844/844 843/843/843 846/846/846
f 844/844/844 846/846/846 847/847/847
f 846/846/846 849/849/849 847/847/847
f 850/850/850 839/839/839 848/848/848
f 851/851/851 850/850/850 853/853/853
f 839/839/839 850/850/850 851/851/851
f 849/849/849 846/846/846 852/852/852
f 849/849/849 852/852/852 854/854/854
f 851/851/851 853/853/853 99/99/99
f 99/99/99 853/853/853 97/97/97
f 854/854/854 852/852/852 98/98/98
f 852/852/852 100/100/100 98/98/98
f 856/856/856 852/852/852 855/855/855
f 852/852/852 858/858/858 855/855/855
f 852/852/852 856/856/856 857/857/857
f 100/100/100 852/852/852 857/857/857
f 846/846/846 858/858/858 852/852/852
f 858/858/858 860/860/860 855/855/855
f 860/860/860 858/858/858 863/863/863
f 863/863/863 858/858/858 862/862/862
f 862/862/862 858/858/858 865/865/865
f 858/858/858 846/846/846 865/865/865
f 868/868/868 867/867/867 865/865/865
f 865/865/865 867/867/867 862/862/862
f 868/868/868 865/865/865 846/846/846
f 870/870/870 868/868/868 875/875/875
f 867/867/867 868/868/868 870/870/870
f 872/872/872 868/868/868 871/871/871
f 871/871/871 868/868/868 843/843/843
f 868/868/868 872/872/872 875/875/875
f 868/868/868 846/846/846 843/843/843
f 874/874/874 876/876/876 869/869/869
f 876/876/876 874/874/874 873/873/873
f 877/877/877 869/869/869 876/876/876
f 877/877/877 876/876/876 878/878/878
f 878/878/878 876/876/876 879/879/879
f 881/881/881 879/879/879 876/876/876
f 881/881/881 876/876/876 873/873/873
f 871/871/871 883/883/883 880/880/880
f 879/879/879 881/881/881 882/882/882
f 872/872/872 871/871/871 880/880/880
f 883/883/883 871/871/871 885/885/885
f 884/884/884 886/886/886 882/882/882
f 879/879/879 882/882/882 886/886/886
f 879/879/879 886/886/886 887/887/887
f 887/887/887 886/886/886 888/888/888
f 884/884/884 888/888/888 886/886/886
f 891/891/891 887/887/887 888/888/888
f 888/888/888 884/884/884 890/890/890
f 888/888/888 890/890/890 894/894/894
f 892/892/892 891/891/891 888/888/888
f 892/892/892 888/888/888 894/894/894
f 895/895/895 897/897/897 893/893/893
f 895/895/895 896/896/896 897/897/897
f 896/896/896 895/895/895 889/889/889
f 900/900/900 897/897/897 898/898/898
f 823/823/823 898/898/898 897/897/897
f 897/897/897 828/828/828 823/823/823
f 893/893/893 897/897/897 902/902/902
f 897/897/897 900/900/900 902/902/902
f 897/897/897 896/896/896 828/828/828
f 903/903/903 901/901/901 899/899/899
f 901/901/901 903/903/903 892/892/892
f 891/891/891 903/903/903 904/904/904
f 891/891/891 892/892/892 903/903/903
f 904/904/904 903/903/903 907/907/907
f 905/905/905 903/903/903 899/899/899
f 909/909/909 903/903/903 905/905/905
f 909/909/909 907/907/907 903/903/903
f 907/907/907 909/909/909 910/910/910
f 912/912/912 910/910/910 909/909/909
f 908/908/908 911/911/911 913/913/913
f 908/908/908 898/898/898 911/911/911
f 898/898/898 908/908/908 906/906/906
f 911/911/911 914/914/914 913/913/913
f 910/910/910 912/912/912 915/915/915
f 917/917/917 910/910/910 915/915/915
f 911/911/911 916/916/916 914/914/914
f 916/916/916 814/814/814 812/812/812
f 813/813/813 918/918/918 917/917/917
f 916/916/916 911/911/911 814/814/814
f 917/917/917 918/918/918 910/910/910
f 924/924/924 910/910/910 918/918/918
f 918/918/918 920/920/920 919/919/919
f 918/918/918 919/919/919 923/923/923
f 920/920/920 918/918/918 811/811/811
f 924/924/924 918/918/918 922/922/922
f 922/922/922 918/918/918 923/923/923
f 811/811/811 918/918/918 813/813/813
f 926/926/926 924/924/924 922/922/922
f 925/925/925 907/907/907 924/924/924
f 925/925/925 924/924/924 926/926/926
f 907/907/907 910/910/910 924/924/924
f 927/927/927 926/926/926 928/928/928
f 927/927/927 925/925/925 926/926/926
f 928/928/928 926/926/926 929/929/929
f 926/926/926 922/922/922 929/929/929
f 932/932/932 929/929/929 930/930/930
f 929/929/929 931/931/931 930/930/930
f 929/929/929 922/922/922 931/931/931
f 928/928/928 929/929/929 932/932/932
f 933/933/933 932/932/932 935/935/935
f 933/933/933 928/928/928 932/932/932
f 932/932/932 930/930/930 934/934/934
f 935/935/935 932/932/932 934/934/934
f 935/935/935 934/934/934 936/936/936
f 936/936/936 939/939/939 935/935/935
f 935/935/935 937/937/937 933/933/933
f 937/937/937 935/935/935 941/941/941
f 935/935/935 939/939/939 941/941/941
f 943/943/943 942/942/942 940/940/940
f 942/942/942 943/943/943 938/938/938
f 945/945/945 938/938/938 943/943/943
f 943/943/943 940/940/940 944/944/944
f 947/947/947 943/943/943 944/944/944
f 946/946/946 945/945/945 943/943/943
f 946/946/946 943/943/943 947/947/947
f 950/950/950 947/947/947 948/948/948
f 947/947/947 944/944/944 948/948/948
f 949/949/949 946/946/946 947/947/947
f 949/949/949 947/947/947 950/950/950
f 950/950/950 948/948/948 953/953/953
f 951/951/951 950/950/950 952/952/952
f 951/951/951 949/949/949 950/950/950
f 952/952/952 950/950/950 953/953/953
f 953/953/953 955/955/955 954/954/954
f 956/956/956 953/953/953 954/954/954
f 953/953/953 948/948/948 955/955/955
f 952/952/952 953/953/953 956/956/956
f 957/957/957 956/956/956 959/959/959
f 958/958/958 956/956/956 957/957/957
f 958/958/958 952/952/952 956/956/956
f 956/956/956 954/954/954 959/959/959
f 957/957/957 959/959/959 960/960/960
f 960/960/960 959/959/959 961/961/961
f 959/959/959 962/962/962 961/961/961
f 959/959/959 954/954/954 962/962/962
f 954/954/954 963/963/963 962/962/962
f 962/962/962 963/963/963 965/965/965
f 961/961/961 962/962/962 964/964/964
f 962/962/962 965/965/965 964/964/964
f 964/964/964 965/965/965 967/967/967
f 963/963/963 966/966/966 965/965/965
f 965/965/965 966/966/966 968/968/968
f 965/965/965 968/968/968 967/967/967
f 966/966/966 970/970/970 968/968/968
f 975/975/975 968/968/968 970/970/970
f 968/968/968 971/971/971 973/973/973
f 968/968/968 975/975/975 971/971/971
f 967/967/967 968/968/968 973/973/973
f 976/976/976 972/972/972 974/974/974
f 974/974/974 977/977/977 976/976/976
f 969/969/969 977/977/977 974/974/974
f 977/977/977 979/979/979 976/976/976
f 980/980/980 978/978/978 977/977/977
f 977/977/977 978/978/978 979/979/979
f 977/977/977 969/969/969 982/982/982
f 982/982/982 980/980/980 977/977/977
f 983/983/983 980/980/980 982/982/982
f 981/981/981 966/966/966 984/984/984
f 966/966/966 981/981/981 970/970/970
f 980/980/980 983/983/983 985/985/985
f 987/987/987 986/986/986 984/984/984
f 987/987/987 984/984/984 966/966/966
f 963/963/963 987/987/987 966/966/966
f 955/955/955 990/990/990 987/987/987
f 955/955/955 987/987/987 963/963/963
f 986/986/986 987/987/987 988/988/988
f 990/990/990 988/988/988 987/987/987
f 944/944/944 991/991/991 990/990/990
f 948/948/948 944/944/944 990/990/990
f 990/990/990 994/994/994 988/988/988
f 994/994/994 990/990/990 991/991/991
f 948/948/948 990/990/990 955/955/955
f 993/993/993 936/936/936 995/995/995
f 995/995/995 989/989/989 993/993/993
f 992/992/992 936/936/936 993/993/993
f 995/995/995 997/997/997 996/996/996
f 995/995/995 996/996/996 980/980/980
f 989/989/989 995/995/995 985/985/985
f 936/936/936 997/997/997 995/995/995
f 985/985/985 995/995/995 980/980/980
f 936/936/936 934/934/934 997/997/997
f 997/997/997 998/998/998 996/996/996
f 997/997/997 999/999/999 998/998/998
f 934/934/934 999/999/999 997/997/997
f 930/930/930 1000/1000/1000 999/999/999
f 934/934/934 930/930/930 999/999/999
f 999/999/999 1001/1001/1001 998/998/998
f 999/999/999 1000/1000/1000 1001/1001/1001
f 998/998/998 1001/1001/1001 1002/1002/1002
f 1001/1001/1001 1004/1004/1004 1002/1002/1002
f 1000/1000/1000 1003/1003/1003 1001/1001/1001
f 1001/1001/1001 1003/1003/1003 1004/1004/1004
f 1002/1002/1002 1004/1004/1004 1005/1005/1005
f 1004/1004/1004 1007/1007/1007 1005/1005/1005
f 1003/1003/1003 1006/1006/1006 1004/1004/1004
f 1004/1004/1004 1006/1006/1006 1007/1007/1007
f 1007/1007/1007 1010/1010/1010 1008/1008/1008
f 1007/1007/1007 1008/1008/1008 1009/1009/1009
f 1005/1005/1005 1007/1007/1007 1009/1009/1009
f 1006/1006/1006 1010/1010/1010 1007/1007/1007
f 1006/1006/1006 1011/1011/1011 1010/1010/1010
f 1014/1014/1014 1010/1010/1010 1011/1011/1011
f 1012/1012/1012 1010/1010/1010 1014/1014/1014
f 1016/1016/1016 1010/1010/1010 1012/1012/1012
f 1016/1016/1016 1008/1008/1008 1010/1010/1010
f 1021/1021/1021 1008/1008/1008 1016/1016/1016
f 1017/1017/1017 1018/1018/1018 1020/1020/1020
f 1017/1017/1017 1019/1019/1019 1018/1018/1018
f 1013/1013/1013 1019/1019/1019 1017/1017/1017
f 1022/1022/1022 1008/1008/1008 1021/1021/1021
f 1020/1020/1020 1018/1018/1018 1023/1023/1023
f 1022/1022/1022 1027/1027/1027 1008/1008/1008
f 1024/1024/1024 1027/1027/1027 1022/1022/1022
f 1023/1023/1023 1026/1026/1026 1025/1025/1025
f 1023/1023/1023 1018/1018/1018 1026/1026/1026
f 1009/1009/1009 1027/1027/1027 1028/1028/1028
f 1028/1028/1028 1027/1027/1027 1029/1029/1029
f 1030/1030/1030 1029/1029/1029 1027/1027/1027
f 1009/1009/1009 1008/1008/1008 1027/1027/1027
f 1030/1030/1030 1027/1027/1027 1024/1024/1024
f 1033/1033/1033 1029/1029/1029 1030/1030/1030
f 1031/1031/1031 1034/1034/1034 1032/1032/1032
f 1025/1025/1025 1026/1026/1026 1031/1031/1031
f 1031/1031/1031 1026/1026/1026 1034/1034/1034
f 1032/1032/1032 1034/1034/1034 1036/1036/1036
f 1036/1036/1036 1034/1034/1034 1037/1037/1037
f 1026/1026/1026 1038/1038/1038 1034/1034/1034
f 1034/1034/1034 1039/1039/1039 1037/1037/1037
f 1034/1034/1034 1038/1038/1038 1039/1039/1039
f 1037/1037/1037 1039/1039/1039 1040/1040/1040
f 1038/1038/1038 1041/1041/1041 1039/1039/1039
f 1039/1039/1039 1042/1042/1042 1040/1040/1040
f 1039/1039/1039 1041/1041/1041 1042/1042/1042
f 1042/1042/1042 1044/1044/1044 1043/1043/1043
f 1042/1042/1042 1043/1043/1043 1045/1045/1045
f 1041/1041/1041 1044/1044/1044 1042/1042/1042
f 1040/1040/1040 1042/1042/1042 1045/1045/1045
f 1046/1046/1046 1045/1045/1045 1047/1047/1047
f 1040/1040/1040 1045/1045/1045 1046/1046/1046
f 1045/1045/1045 1043/1043/1043 1048/1048/1048
f 1045/1045/1045 1048/1048/1048 1047/1047/1047
f 1043/1043/1043 1050/1050/1050 1048/1048/1048
f 1048/1048/1048 1050/1050/1050 1049/1049/1049
f 1048/1048/1048 1049/1049/1049 1051/1051/1051
f 1047/1047/1047 1048/1048/1048 1051/1051/1051
f 1052/1052/1052 1051/1051/1051 1053/1053/1053
f 1047/1047/1047 1051/1051/1051 1052/1052/1052
f 1051/1051/1051 1054/1054/1054 1053/1053/1053
f 1051/1051/1051 1049/1049/1049 1054/1054/1054
f 1049/1049/1049 1055/1055/1055 1054/1054/1054
f 1054/1054/1054 1055/1055/1055 1057/1057/1057
f 1053/1053/1053 1054/1054/1054 1056/1056/1056
f 1054/1054/1054 1057/1057/1057 1056/1056/1056
f 1055/1055/1055 1058/1058/1058 1057/1057/1057
f 1057/1057/1057 1058/1058/1058 1059/1059/1059
f 1057/1057/1057 1059/1059/1059 1060/1060/1060
f 1056/1056/1056 1057/1057/1057 1060/1060/1060
f 1060/1060/1060 1059/1059/1059 1061/1061/1061
f 1060/1060/1060 1061/1061/1061 1063/1063/1063
f 1056/1056/1056 1060/1060/1060 1062/1062/1062
f 1062/1062/1062 1060/1060/1060 1063/1063/1063
f 1063/1063/1063 1061/1061/1061 1064/1064/1064
f 1063/1063/1063 1064/1064/1064 1066/1066/1066
f 1062/1062/1062 1063/1063/1063 1065/1065/1065
f 1065/1065/1065 1063/1063/1063 1066/1066/1066
f 1067/1067/1067 1066/1066/1066 1068/1068/1068
f 1070/1070/1070 1066/1066/1066 1067/1067/1067
f 1066/1066/1066 1069/1069/1069 1068/1068/1068
f 1066/1066/1066 1064/1064/1064 1069/1069/1069
f 1065/1065/1065 1066/1066/1066 1070/1070/1070
f 1074/1074/1074 1070/1070/1070 1071/1071/1071
f 1070/1070/1070 1067/1067/1067 1071/1071/1071
f 1072/1072/1072 1070/1070/1070 1073/1073/1073
f 1072/1072/1072 1065/1065/1065 1070/1070/1070
f 1073/1073/1073 1070/1070/1070 1074/1074/1074
f 1077/1077/1077 1074/1074/1074 1075/1075/1075
f 1074/1074/1074 1076/1076/1076 1075/1075/1075
f 1074/1074/1074 1071/1071/1071 1076/1076/1076
f 1073/1073/1073 1074/1074/1074 1077/1077/1077
f 1077/1077/1077 1075/1075/1075 1079/1079/1079
f 1078/1078/1078 1077/1077/1077 1079/1079/1079
f 1078/1078/1078 1073/1073/1073 1077/1077/1077
f 1078/1078/1078 1079/1079/1079 1080/1080/1080
f 1081/1081/1081 1080/1080/1080 1079/1079/1079
f 1081/1081/1081 1079/1079/1079 1087/1087/1087
f 1087/1087/1087 1079/1079/1079 1083/1083/1083
f 1083/1083/1083 1079/1079/1079 1085/1085/1085
f 1085/1085/1085 1079/1079/1079 1075/1075/1075
f 1088/1088/1088 1090/1090/1090 1082/1082/1082
f 1089/1089/1089 1088/1088/1088 1084/1084/1084
f 1088/1088/1088 1089/1089/1089 1090/1090/1090
f 1089/1089/1089 1091/1091/1091 1090/1090/1090
f 1091/1091/1091 1092/1092/1092 1090/1090/1090
f 1090/1090/1090 1094/1094/1094 1082/1082/1082
f 1094/1094/1094 1090/1090/1090 1092/1092/1092
f 1096/1096/1096 1080/1080/1080 1093/1093/1093
f 1094/1094/1094 1097/1097/1097 1095/1095/1095
f 1080/1080/1080 1081/1081/1081 1093/1093/1093
f 1094/1094/1094 1092/1092/1092 1097/1097/1097
f 1095/1095/1095 1097/1097/1097 1098/1098/1098
f 1092/1092/1092 1099/1099/1099 1097/1097/1097
f 1097/1097/1097 1099/1099/1099 1098/1098/1098
f 1092/1092/1092 1100/1100/1100 1099/1099/1099
f 1100/1100/1100 1101/1101/1101 1099/1099/1099
f 1099/1099/1099 1101/1101/1101 1102/1102/1102
f 1099/1099/1099 1102/1102/1102 1098/1098/1098
f 1101/1101/1101 1103/1103/1103 1102/1102/1102
f 1102/1102/1102 1103/1103/1103 1104/1104/1104
f 1102/1102/1102 1104/1104/1104 1105/1105/1105
f 1098/1098/1098 1102/1102/1102 1105/1105/1105
f 1106/1106/1106 1105/1105/1105 1109/1109/1109
f 1106/1106/1106 1098/1098/1098 1105/1105/1105
f 1105/1105/1105 1104/1104/1104 1110/1110/1110
f 1109/1109/1109 1105/1105/1105 1110/1110/1110
f 1110/1110/1110 1111/1111/1111 1113/1113/1113
f 1111/1111/1111 1110/1110/1110 1117/1117/1117
f 1115/1115/1115 1110/1110/1110 1104/1104/1104
f 1109/1109/1109 1110/1110/1110 1113/1113/1113
f 1117/1117/1117 1110/1110/1110 1115/1115/1115
f 1111/1111/1111 1117/1117/1117 1122/1122/1122
f 1116/1116/1116 1120/1120/1120 1118/1118/1118
f 1118/1118/1118 1120/1120/1120 1119/1119/1119
f 1118/1118/1118 1119/1119/1119 1123/1123/1123
f 1125/1125/1125 1124/1124/1124 1121/1121/1121
f 1121/1121/1121 1124/1124/1124 1112/1112/1112
f 1123/1123/1123 1119/1119/1119 1126/1126/1126
f 1127/1127/1127 1125/1125/1125 1128/1128/1128
f 1125/1125/1125 1127/1127/1127 1124/1124/1124
f 1126/1126/1126 1130/1130/1130 1129/1129/1129
f 1126/1126/1126 1119/1119/1119 1130/1130/1130
f 1133/1133/1133 1130/1130/1130 1131/1131/1131
f 1119/1119/1119 1131/1131/1131 1130/1130/1130
f 1130/1130/1130 1133/1133/1133 1129/1129/1129
f 1136/1136/1136 1134/1134/1134 1132/1132/1132
f 1132/1132/1132 1134/1134/1134 1127/1127/1127
f 1127/1127/1127 1128/1128/1128 1132/1132/1132
f 1133/1133/1133 1135/1135/1135 1137/1137/1137
f 1133/1133/1133 1131/1131/1131 1135/1135/1135
f 1134/1134/1134 1136/1136/1136 1138/1138/1138
f 1137/1137/1137 1140/1140/1140 1139/1139/1139
f 1137/1137/1137 1135/1135/1135 1140/1140/1140
f 1135/1135/1135 1141/1141/1141 1140/1140/1140
f 1141/1141/1141 1143/1143/1143 1140/1140/1140
f 1139/1139/1139 1140/1140/1140 1142/1142/1142
f 1140/1140/1140 1143/1143/1143 1142/1142/1142
f 1146/1146/1146 1143/1143/1143 1141/1141/1141
f 1148/1148/1148 1143/1143/1143 1144/1144/1144
f 1143/1143/1143 1146/1146/1146 1144/1144/1144
f 1155/1155/1155 1143/1143/1143 1148/1148/1148
f 1152/1152/1152 1142/1142/1142 1143/1143/1143
f 1152/1152/1152 1143/1143/1143 1150/1150/1150
f 1150/1150/1150 1143/1143/1143 1155/1155/1155
f 1159/1159/1159 1160/1160/1160 1154/1154/1154
f 1159/1159/1159 1154/1154/1154 1161/1161/1161
f 1160/1160/1160 1151/1151/1151 1154/1154/1154
f 1155/1155/1155 1148/1148/1148 1162/1162/1162
f 1149/1149/1149 1164/1164/1164 1161/1161/1161
f 1149/1149/1149 1168/1168/1168 1164/1164/1164
f 1164/1164/1164 1168/1168/1168 1177/1177/1177
f 1177/1177/1177 1168/1168/1168 1179/1179/1179
f 1177/1177/1177 1179/1179/1179 1188/1188/1188
f 1188/1188/1188 1189/1189/1189 1192/1192/1192
f 1188/1188/1188 1179/1179/1179 1189/1189/1189
f 1208/1208/1208 1210/1210/1210 1205/1205/1205
f 1208/1208/1208 1214/1214/1214 1210/1210/1210
f 1213/1213/1213 1214/1214/1214 1208/1208/1208
f 1217/1217/1217 1214/1214/1214 1213/1213/1213
f 1210/1210/1210 1214/1214/1214 1215/1215/1215
f 1217/1217/1217 1215/1215/1215 1214/1214/1214
f 1218/1218/1218 1216/1216/1216 1219/1219/1219
f 1216/1216/1216 1218/1218/1218 1225/1225/1225
f 1217/1217/1217 1213/1213/1213 1222/1222/1222
f 1219/1219/1219 1216/1216/1216 1223/1223/1223
f 1227/1227/1227 1217/1217/1217 1226/1226/1226
f 1229/1229/1229 1217/1217/1217 1227/1227/1227
f 1215/1215/1215 1217/1217/1217 1229/1229/1229
f 1230/1230/1230 1231/1231/1231 1233/1233/1233
f 1228/1228/1228 1231/1231/1231 1230/1230/1230
f 1234/1234/1234 1215/1215/1215 1229/1229/1229
f 1235/1235/1235 1239/1239/1239 1236/1236/1236
f 1235/1235/1235 1236/1236/1236 1238/1238/1238
f 1237/1237/1237 1215/1215/1215 1234/1234/1234
f 1232/1232/1232 1239/1239/1239 1235/1235/1235
f 1245/1245/1245 1239/1239/1239 1240/1240/1240
f 1239/1239/1239 1249/1249/1249 1240/1240/1240
f 1239/1239/1239 1243/1243/1243 1241/1241/1241
f 1241/1241/1241 1236/1236/1236 1239/1239/1239
f 1243/1243/1243 1239/1239/1239 1246/1246/1246
f 1245/1245/1245 1248/1248/1248 1239/1239/1239
f 1246/1246/1246 1239/1239/1239 1248/1248/1248
f 1239/1239/1239 1252/1252/1252 1249/1249/1249
f 1239/1239/1239 1253/1253/1253 1252/1252/1252
f 1239/1239/1239 1232/1232/1232 1253/1253/1253
f 1231/1231/1231 1255/1255/1255 1254/1254/1254
f 1254/1254/1254 1255/1255/1255 1256/1256/1256
f 1254/1254/1254 1256/1256/1256 1251/1251/1251
f 1218/1218/1218 1256/1256/1256 1255/1255/1255
f 1218/1218/1218 1257/1257/1257 1256/1256/1256
f 1257/1257/1257 1258/1258/1258 1256/1256/1256
f 1251/1251/1251 1256/1256/1256 1258/1258/1258
f 1257/1257/1257 1259/1259/1259 1258/1258/1258
f 1258/1258/1258 1250/1250/1250 1251/1251/1251
f 1250/1250/1250 1258/1258/1258 1260/1260/1260
f 1259/1259/1259 1260/1260/1260 1258/1258/1258
f 1263/1263/1263 1260/1260/1260 1262/1262/1262
f 1262/1262/1262 1260/1260/1260 1266/1266/1266
f 1250/1250/1250 1260/1260/1260 1263/1263/1263
f 1259/1259/1259 1265/1265/1265 1260/1260/1260
f 1265/1265/1265 1266/1266/1266 1260/1260/1260
f 1267/1267/1267 1268/1268/1268 1266/1266/1266
f 1265/1265/1265 1267/1267/1267 1266/1266/1266
f 1262/1262/1262 1266/1266/1266 1268/1268/1268
f 1267/1267/1267 1275/1275/1275 1268/1268/1268
f 1268/1268/1268 1269/1269/1269 1273/1273/1273
f 1269/1269/1269 1268/1268/1268 1277/1277/1277
f 1262/1262/1262 1268/1268/1268 1272/1272/1272
f 1272/1272/1272 1268/1268/1268 1278/1278/1278
f 1268/1268/1268 1273/1273/1273 1278/1278/1278
f 1277/1277/1277 1268/1268/1268 1275/1275/1275
f 1272/1272/1272 1278/1278/1278 1282/1282/1282
f 1274/1274/1274 1281/1281/1281 1279/1279/1279
f 1279/1279/1279 1281/1281/1281 1283/1283/1283
f 1285/1285/1285 1284/1284/1284 1280/1280/1280
f 1285/1285/1285 1271/1271/1271 1284/1284/1284
f 1068/1068/1068 1285/1285/1285 1288/1288/1288
f 1068/1068/1068 1069/1069/1069 1285/1285/1285
f 1069/1069/1069 1240/1240/1240 1285/1285/1285
f 1261/1261/1261 1285/1285/1285 1240/1240/1240
f 1287/1287/1287 1285/1285/1285 1280/1280/1280
f 1285/1285/1285 1261/1261/1261 1271/1271/1271
f 1287/1287/1287 1288/1288/1288 1285/1285/1285
f 1067/1067/1067 1288/1288/1288 1289/1289/1289
f 1291/1291/1291 1289/1289/1289 1288/1288/1288
f 1291/1291/1291 1288/1288/1288 1293/1293/1293
f 1288/1288/1288 1287/1287/1287 1293/1293/1293
f 1067/1067/1067 1068/1068/1068 1288/1288/1288
f 1292/1292/1292 1295/1295/1295 1290/1290/1290
f 1294/1294/1294 1292/1292/1292 1286/1286/1286
f 1292/1292/1292 1294/1294/1294 1295/1295/1295
f 1300/1300/1300 1296/1296/1296 1295/1295/1295
f 1299/1299/1299 1295/1295/1295 1296/1296/1296
f 1297/1297/1297 1295/1295/1295 1294/1294/1294
f 1297/1297/1297 1300/1300/1300 1295/1295/1295
f 1295/1295/1295 1299/1299/1299 1290/1290/1290
f 1306/1306/1306 1300/1300/1300 1301/1301/1301
f 1301/1301/1301 1300/1300/1300 1297/1297/1297
f 1306/1306/1306 1307/1307/1307 1300/1300/1300
f 1300/1300/1300 1307/1307/1307 1296/1296/1296
f 1307/1307/1307 1309/1309/1309 1296/1296/1296
f 1310/1310/1310 1308/1308/1308 1307/1307/1307
f 1307/1307/1307 1308/1308/1308 1309/1309/1309
f 1310/1310/1310 1307/1307/1307 1306/1306/1306
f 1321/1321/1321 1308/1308/1308 1310/1310/1310
f 1321/1321/1321 1331/1331/1331 1308/1308/1308
f 1333/1333/1333 1331/1331/1331 1321/1321/1321
f 1336/1336/1336 1331/1331/1331 1333/1333/1333
f 1341/1341/1341 1342/1342/1342 1336/1336/1336
f 1336/1336/1336 1342/1342/1342 1331/1331/1331
f 1341/1341/1341 1091/1091/1091 1342/1342/1342
f 1331/1331/1331 1342/1342/1342 1343/1343/1343
f 1343/1343/1343 1342/1342/1342 1089/1089/1089
f 1342/1342/1342 1091/1091/1091 1089/1089/1089
f 1345/1345/1345 1343/1343/1343 1086/1086/1086
f 1086/1086/1086 1343/1343/1343 1089/1089/1089
f 1345/1345/1345 1309/1309/1309 1343/1343/1343
f 1309/1309/1309 1331/1331/1331 1343/1343/1343
f 1085/1085/1085 1075/1075/1075 1344/1344/1344
f 1075/1075/1075 1347/1347/1347 1344/1344/1344
f 1309/1309/1309 1345/1345/1345 1346/1346/1346
f 1347/1347/1347 1075/1075/1075 1076/1076/1076
f 1347/1347/1347 1076/1076/1076 1348/1348/1348
f 1349/1349/1349 1309/1309/1309 1346/1346/1346
f 1076/1076/1076 1351/1351/1351 1348/1348/1348
f 1296/1296/1296 1349/1349/1349 1350/1350/1350
f 1349/1349/1349 1296/1296/1296 1309/1309/1309
f 1351/1351/1351 1076/1076/1076 1289/1289/1289
f 1351/1351/1351 1289/1289/1289 1298/1298/1298
f 1299/1299/1299 1296/1296/1296 1350/1350/1350
f 1356/1356/1356 1341/1341/1341 1354/1354/1354
f 1341/1341/1341 1355/1355/1355 1091/1091/1091
f 1355/1355/1355 1341/1341/1341 1356/1356/1356
f 1377/1377/1377 1367/1367/1367 1363/1363/1363
f 1326/1326/1326 1377/1377/1377 1363/1363/1363
f 1326/1326/1326 1379/1379/1379 1377/1377/1377
f 1386/1386/1386 1377/1377/1377 1379/1379/1379
f 1377/1377/1377 1381/1381/1381 1367/1367/1367
f 1386/1386/1386 1385/1385/1385 1377/1377/1377
f 1387/1387/1387 1388/1388/1388 1386/1386/1386
f 1387/1387/1387 1386/1386/1386 1390/1390/1390
f 1392/1392/1392 1386/1386/1386 1388/1388/1388
f 1386/1386/1386 1379/1379/1379 1390/1390/1390
f 1386/1386/1386 1392/1392/1392 1385/1385/1385
f 1389/1389/1389 1393/1393/1393 1391/1391/1391
f 1393/1393/1393 1384/1384/1384 1391/1391/1391
f 1389/1389/1389 1396/1396/1396 1393/1393/1393
f 1394/1394/1394 1393/1393/1393 1395/1395/1395
f 1384/1384/1384 1393/1393/1393 1394/1394/1394
f 1395/1395/1395 1393/1393/1393 1396/1396/1396
f 1389/1389/1389 1398/1398/1398 1396/1396/1396
f 1395/1395/1395 1396/1396/1396 1397/1397/1397
f 1397/1397/1397 1396/1396/1396 1399/1399/1399
f 1135/1135/1135 1396/1396/1396 1398/1398/1398
f 1396/1396/1396 1135/1135/1135 1399/1399/1399
f 1399/1399/1399 1135/1135/1135 1131/1131/1131
f 1120/1120/1120 1399/1399/1399 1131/1131/1131
f 1397/1397/1397 1399/1399/1399 1120/1120/1120
f 1398/1398/1398 1389/1389/1389 1403/1403/1403
f 1400/1400/1400 1398/1398/1398 1403/1403/1403
f 1400/1400/1400 1141/1141/1141 1398/1398/1398
f 1398/1398/1398 1141/1141/1141 1135/1135/1135
f 1388/1388/1388 1401/1401/1401 1402/1402/1402
f 1404/1404/1404 1401/1401/1401 1387/1387/1387
f 1401/1401/1401 1404/1404/1404 1147/1147/1147
f 1388/1388/1388 1387/1387/1387 1401/1401/1401
f 1401/1401/1401 1147/1147/1147 1405/1405/1405
f 1141/1141/1141 1400/1400/1400 1406/1406/1406
f 1146/1146/1146 1141/1141/1141 1406/1406/1406
f 1168/1168/1168 1404/1404/1404 1407/1407/1407
f 1404/1404/1404 1408/1408/1408 1407/1407/1407
f 1404/1404/1404 1387/1387/1387 1408/1408/1408
f 1168/1168/1168 1147/1147/1147 1404/1404/1404
f 1407/1407/1407 1408/1408/1408 1410/1410/1410
f 1387/1387/1387 1390/1390/1390 1408/1408/1408
f 1408/1408/1408 1390/1390/1390 1409/1409/1409
f 1408/1408/1408 1409/1409/1409 1410/1410/1410
f 1407/1407/1407 1410/1410/1410 1411/1411/1411
f 1411/1411/1411 1410/1410/1410 1412/1412/1412
f 1410/1410/1410 1413/1413/1413 1412/1412/1412
f 1410/1410/1410 1409/1409/1409 1413/1413/1413
f 1415/1415/1415 1412/1412/1412 1413/1413/1413
f 1409/1409/1409 1416/1416/1416 1413/1413/1413
f 1415/1415/1415 1413/1413/1413 1417/1417/1417
f 1417/1417/1417 1413/1413/1413 1416/1416/1416
f 1417/1417/1417 1416/1416/1416 1425/1425/1425
f 1415/1415/1415 1417/1417/1417 1422/1422/1422
f 1418/1418/1418 1267/1267/1267 1421/1421/1421
f 1418/1418/1418 1275/1275/1275 1267/1267/1267
f 1275/1275/1275 1418/1418/1418 1419/1419/1419
f 1417/1417/1417 1425/1425/1425 1420/1420/1420
f 1277/1277/1277 1419/1419/1419 1426/1426/1426
f 1424/1424/1424 1270/1270/1270 1276/1276/1276
f 1301/1301/1301 1270/1270/1270 1424/1424/1424
f 1425/1425/1425 1416/1416/1416 1316/1316/1316
f 1267/1267/1267 1414/1414/1414 1421/1421/1421
f 1277/1277/1277 1275/1275/1275 1419/1419/1419
f 1409/1409/1409 1427/1427/1427 1416/1416/1416
f 1316/1316/1316 1416/1416/1416 1427/1427/1427
f 1316/1316/1316 1427/1427/1427 1328/1328/1328
f 1328/1328/1328 1427/1427/1427 1379/1379/1379
f 1390/1390/1390 1379/1379/1379 1427/1427/1427
f 1390/1390/1390 1427/1427/1427 1409/1409/1409
f 1414/1414/1414 1265/1265/1265 1429/1429/1429
f 1414/1414/1414 1267/1267/1267 1265/1265/1265
f 1430/1430/1430 1415/1415/1415 1428/1428/1428
f 1430/1430/1430 1412/1412/1412 1415/1415/1415
f 1433/1433/1433 1432/1432/1432 1430/1430/1430
f 1430/1430/1430 1432/1432/1432 1412/1412/1412
f 1433/1433/1433 1430/1430/1430 1435/1435/1435
f 1431/1431/1431 1259/1259/1259 1436/1436/1436
f 1431/1431/1431 1265/1265/1265 1259/1259/1259
f 1265/1265/1265 1431/1431/1431 1429/1429/1429
f 1259/1259/1259 1434/1434/1434 1436/1436/1436
f 1439/1439/1439 1437/1437/1437 1433/1433/1433
f 1433/1433/1433 1437/1437/1437 1432/1432/1432
f 1439/1439/1439 1433/1433/1433 1440/1440/1440
f 1434/1434/1434 1257/1257/1257 1441/1441/1441
f 1434/1434/1434 1259/1259/1259 1257/1257/1257
f 1257/1257/1257 1438/1438/1438 1441/1441/1441
f 1439/1439/1439 1192/1192/1192 1437/1437/1437
f 1192/1192/1192 1439/1439/1439 1224/1224/1224
f 1224/1224/1224 1439/1439/1439 1220/1220/1220
f 1218/1218/1218 1438/1438/1438 1257/1257/1257
f 1438/1438/1438 1218/1218/1218 1219/1219/1219
f 1192/1192/1192 1189/1189/1189 1437/1437/1437
f 1189/1189/1189 1432/1432/1432 1437/1437/1437
f 1189/1189/1189 1411/1411/1411 1432/1432/1432
f 1411/1411/1411 1412/1412/1412 1432/1432/1432
f 1179/1179/1179 1411/1411/1411 1189/1189/1189
f 1179/1179/1179 1407/1407/1407 1411/1411/1411
f 1168/1168/1168 1407/1407/1407 1179/1179/1179
f 1442/1442/1442 1395/1395/1395 1397/1397/1397
f 1116/1116/1116 1397/1397/1397 1120/1120/1120
f 1442/1442/1442 1397/1397/1397 1116/1116/1116
f 1444/1444/1444 1395/1395/1395 1442/1442/1442
f 1443/1443/1443 1103/1103/1103 1445/1445/1445
f 1443/1443/1443 1104/1104/1104 1103/1103/1103
f 1115/1115/1115 1104/1104/1104 1443/1443/1443
f 1445/1445/1445 1446/1446/1446 1447/1447/1447
f 1445/1445/1445 1103/1103/1103 1446/1446/1446
f 1448/1448/1448 1394/1394/1394 1444/1444/1444
f 1444/1444/1444 1394/1394/1394 1395/1395/1395
f 1447/1447/1447 1446/1446/1446 1449/1449/1449
f 1382/1382/1382 1394/1394/1394 1448/1448/1448
f 1382/1382/1382 1448/1448/1448 1365/1365/1365
f 1447/1447/1447 1449/1449/1449 1366/1366/1366
f 1366/1366/1366 1449/1449/1449 1375/1375/1375
f 1375/1375/1375 1449/1449/1449 1450/1450/1450
f 1450/1450/1450 1449/1449/1449 1451/1451/1451
f 1451/1451/1451 1449/1449/1449 1446/1446/1446
f 1452/1452/1452 1451/1451/1451 1100/1100/1100
f 1452/1452/1452 1450/1450/1450 1451/1451/1451
f 1451/1451/1451 1446/1446/1446 1101/1101/1101
f 1100/1100/1100 1451/1451/1451 1101/1101/1101
f 1454/1454/1454 1452/1452/1452 1100/1100/1100
f 1355/1355/1355 1453/1453/1453 1452/1452/1452
f 1453/1453/1453 1450/1450/1450 1452/1452/1452
f 1355/1355/1355 1452/1452/1452 1454/1454/1454
f 1092/1092/1092 1091/1091/1091 1454/1454/1454
f 1454/1454/1454 1091/1091/1091 1355/1355/1355
f 1454/1454/1454 1100/1100/1100 1092/1092/1092
f 1368/1368/1368 1453/1453/1453 1354/1354/1354
f 1354/1354/1354 1453/1453/1453 1356/1356/1356
f 1372/1372/1372 1453/1453/1453 1368/1368/1368
f 1356/1356/1356 1453/1453/1453 1355/1355/1355
f 1372/1372/1372 1450/1450/1450 1453/1453/1453
f 1375/1375/1375 1450/1450/1450 1372/1372/1372
f 1101/1101/1101 1446/1446/1446 1103/1103/1103
f 1384/1384/1384 1394/1394/1394 1382/1382/1382
f 1328/1328/1328 1379/1379/1379 1326/1326/1326
f 1308/1308/1308 1331/1331/1331 1309/1309/1309
f 1301/1301/1301 1297/1297/1297 1270/1270/1270
f 1289/1289/1289 1291/1291/1291 1298/1298/1298
f 1270/1270/1270 1297/1297/1297 1274/1274/1274
f 1274/1274/1274 1297/1297/1297 1294/1294/1294
f 1274/1274/1274 1294/1294/1294 1281/1281/1281
f 1281/1281/1281 1294/1294/1294 1286/1286/1286
f 1071/1071/1071 1289/1289/1289 1076/1076/1076
f 1071/1071/1071 1067/1067/1067 1289/1289/1289
f 1261/1261/1261 1240/1240/1240 1264/1264/1264
f 1264/1264/1264 1240/1240/1240 1249/1249/1249
f 1228/1228/1228 1218/1218/1218 1255/1255/1255
f 1231/1231/1231 1228/1228/1228 1255/1255/1255
f 1064/1064/1064 1456/1456/1456 1248/1248/1248
f 1248/1248/1248 1456/1456/1456 1246/1246/1246
f 1064/1064/1064 1248/1248/1248 1245/1245/1245
f 1457/1457/1457 1459/1459/1459 1455/1455/1455
f 1456/1456/1456 1064/1064/1064 1458/1458/1458
f 1459/1459/1459 1247/1247/1247 1455/1455/1455
f 1244/1244/1244 1459/1459/1459 1460/1460/1460
f 1460/1460/1460 1459/1459/1459 1464/1464/1464
f 1459/1459/1459 1461/1461/1461 1464/1464/1464
f 1459/1459/1459 1465/1465/1465 1461/1461/1461
f 1463/1463/1463 1462/1462/1462 1459/1459/1459
f 1459/1459/1459 1462/1462/1462 1465/1465/1465
f 1459/1459/1459 1457/1457/1457 1463/1463/1463
f 1247/1247/1247 1459/1459/1459 1244/1244/1244
f 1462/1462/1462 1467/1467/1467 1465/1465/1465
f 1465/1465/1465 1468/1468/1468 1466/1466/1466
f 1465/1465/1465 1466/1466/1466 1469/1469/1469
f 1465/1465/1465 1467/1467/1467 1468/1468/1468
f 1461/1461/1461 1465/1465/1465 1469/1469/1469
f 1461/1461/1461 1469/1469/1469 1470/1470/1470
f 1470/1470/1470 1469/1469/1469 1471/1471/1471
f 1469/1469/1469 1466/1466/1466 1471/1471/1471
f 1475/1475/1475 1470/1470/1470 1471/1471/1471
f 1471/1471/1471 1466/1466/1466 1472/1472/1472
f 1477/1477/1477 1471/1471/1471 1472/1472/1472
f 1475/1475/1475 1471/1471/1471 1473/1473/1473
f 1471/1471/1471 1477/1477/1477 1473/1473/1473
f 1479/1479/1479 1474/1474/1474 1478/1478/1478
f 1480/1480/1480 1479/1479/1479 1478/1478/1478
f 1477/1477/1477 1472/1472/1472 1481/1481/1481
f 1472/1472/1472 1484/1484/1484 1481/1481/1481
f 1482/1482/1482 1480/1480/1480 1483/1483/1483
f 1480/1480/1480 1482/1482/1482 1479/1479/1479
f 1485/1485/1485 1482/1482/1482 1483/1483/1483
f 1484/1484/1484 1487/1487/1487 1486/1486/1486
f 1484/1484/1484 1472/1472/1472 1487/1487/1487
f 1472/1472/1472 1488/1488/1488 1487/1487/1487
f 1488/1488/1488 1490/1490/1490 1487/1487/1487
f 1487/1487/1487 1490/1490/1490 1489/1489/1489
f 1491/1491/1491 1487/1487/1487 1489/1489/1489
f 1487/1487/1487 1491/1491/1491 1486/1486/1486
f 1493/1493/1493 1485/1485/1485 1492/1492/1492
f 1495/1495/1495 1493/1493/1493 1492/1492/1492
f 1491/1491/1491 1489/1489/1489 1494/1494/1494
f 1489/1489/1489 1498/1498/1498 1494/1494/1494
f 1495/1495/1495 1496/1496/1496 1493/1493/1493
f 1496/1496/1496 1495/1495/1495 1497/1497/1497
f 1500/1500/1500 1501/1501/1501 1497/1497/1497
f 1502/1502/1502 1499/1499/1499 1498/1498/1498
f 1497/1497/1497 1501/1501/1501 1496/1496/1496
f 1502/1502/1502 1498/1498/1498 1489/1489/1489
f 1489/1489/1489 1506/1506/1506 1502/1502/1502
f 1502/1502/1502 1507/1507/1507 1503/1503/1503
f 1509/1509/1509 1502/1502/1502 1503/1503/1503
f 1499/1499/1499 1502/1502/1502 1505/1505/1505
f 1502/1502/1502 1509/1509/1509 1505/1505/1505
f 1506/1506/1506 1507/1507/1507 1502/1502/1502
f 1510/1510/1510 1504/1504/1504 1508/1508/1508
f 1512/1512/1512 1510/1510/1510 1508/1508/1508
f 1509/1509/1509 1503/1503/1503 1511/1511/1511
f 1503/1503/1503 1516/1516/1516 1511/1511/1511
f 1513/1513/1513 1512/1512/1512 1515/1515/1515
f 1514/1514/1514 1512/1512/1512 1513/1513/1513
f 1512/1512/1512 1514/1514/1514 1510/1510/1510
f 1503/1503/1503 1517/1517/1517 1516/1516/1516
f 1518/1518/1518 1519/1519/1519 1515/1515/1515
f 1515/1515/1515 1519/1519/1519 1513/1513/1513
f 1520/1520/1520 1519/1519/1519 1518/1518/1518
f 1520/1520/1520 1522/1522/1522 1519/1519/1519
f 1524/1524/1524 1513/1513/1513 1519/1519/1519
f 1523/1523/1523 1519/1519/1519 1522/1522/1522
f 1523/1523/1523 1524/1524/1524 1519/1519/1519
f 1524/1524/1524 1514/1514/1514 1513/1513/1513
f 1525/1525/1525 1524/1524/1524 1523/1523/1523
f 1525/1525/1525 1526/1526/1526 1524/1524/1524
f 1526/1526/1526 1514/1514/1514 1524/1524/1524
f 1529/1529/1529 1527/1527/1527 1526/1526/1526
f 1526/1526/1526 1527/1527/1527 1514/1514/1514
f 1528/1528/1528 1526/1526/1526 1525/1525/1525
f 1528/1528/1528 1529/1529/1529 1526/1526/1526
f 1529/1529/1529 1530/1530/1530 1527/1527/1527
f 1531/1531/1531 1529/1529/1529 1528/1528/1528
f 1532/1532/1532 1530/1530/1530 1529/1529/1529
f 1531/1531/1531 1532/1532/1532 1529/1529/1529
f 1538/1538/1538 1533/1533/1533 1532/1532/1532
f 1532/1532/1532 1533/1533/1533 1530/1530/1530
f 1538/1538/1538 1532/1532/1532 1535/1535/1535
f 1535/1535/1535 1532/1532/1532 1531/1531/1531
f 1547/1547/1547 1533/1533/1533 1538/1538/1538
f 1550/1550/1550 1533/1533/1533 1547/1547/1547
f 1560/1560/1560 1564/1564/1564 1550/1550/1550
f 1550/1550/1550 1530/1530/1530 1533/1533/1533
f 1550/1550/1550 1563/1563/1563 1530/1530/1530
f 1550/1550/1550 1564/1564/1564 1563/1563/1563
f 1560/1560/1560 1565/1565/1565 1564/1564/1564
f 1564/1564/1564 1565/1565/1565 1496/1496/1496
f 1564/1564/1564 1496/1496/1496 1501/1501/1501
f 1563/1563/1563 1564/1564/1564 1501/1501/1501
f 1569/1569/1569 1565/1565/1565 1566/1566/1566
f 1566/1566/1566 1565/1565/1565 1560/1560/1560
f 1569/1569/1569 1574/1574/1574 1565/1565/1565
f 1565/1565/1565 1493/1493/1493 1496/1496/1496
f 1565/1565/1565 1574/1574/1574 1493/1493/1493
f 1575/1575/1575 1574/1574/1574 1569/1569/1569
f 1575/1575/1575 1578/1578/1578 1574/1574/1574
f 1574/1574/1574 1578/1578/1578 1493/1493/1493
f 1579/1579/1579 1578/1578/1578 1575/1575/1575
f 1579/1579/1579 1581/1581/1581 1578/1578/1578
f 1493/1493/1493 1578/1578/1578 1482/1482/1482
f 1578/1578/1578 1581/1581/1581 1482/1482/1482
f 1583/1583/1583 1582/1582/1582 1581/1581/1581
f 1581/1581/1581 1582/1582/1582 1479/1479/1479
f 1482/1482/1482 1581/1581/1581 1479/1479/1479
f 1583/1583/1583 1581/1581/1581 1579/1579/1579
f 1587/1587/1587 1582/1582/1582 1583/1583/1583
f 1587/1587/1587 1583/1583/1583 1594/1594/1594
f 1597/1597/1597 1593/1593/1593 1590/1590/1590
f 1593/1593/1593 1597/1597/1597 1598/1598/1598
f 1601/1601/1601 1586/1586/1586 1595/1595/1595
f 1593/1593/1593 1598/1598/1598 1600/1600/1600
f 1601/1601/1601 1602/1602/1602 1586/1586/1586
f 1599/1599/1599 1602/1602/1602 1601/1601/1601
f 1599/1599/1599 1604/1604/1604 1602/1602/1602
f 1603/1603/1603 1586/1586/1586 1602/1602/1602
f 1602/1602/1602 1604/1604/1604 1603/1603/1603
f 1604/1604/1604 1599/1599/1599 1605/1605/1605
f 1603/1603/1603 1604/1604/1604 1607/1607/1607
f 1608/1608/1608 1604/1604/1604 1605/1605/1605
f 1604/1604/1604 1610/1610/1610 1607/1607/1607
f 1608/1608/1608 1610/1610/1610 1604/1604/1604
f 1610/1610/1610 1608/1608/1608 1612/1612/1612
f 1607/1607/1607 1610/1610/1610 1615/1615/1615
f 1613/1613/1613 1610/1610/1610 1612/1612/1612
f 1613/1613/1613 1616/1616/1616 1610/1610/1610
f 1610/1610/1610 1616/1616/1616 1615/1615/1615
f 1616/1616/1616 1613/1613/1613 1618/1618/1618
f 1615/1615/1615 1616/1616/1616 1620/1620/1620
f 1622/1622/1622 1616/1616/1616 1618/1618/1618
f 1622/1622/1622 1619/1619/1619 1616/1616/1616
f 1616/1616/1616 1619/1619/1619 1620/1620/1620
f 1614/1614/1614 1621/1621/1621 1617/1617/1617
f 1614/1614/1614 1623/1623/1623 1621/1621/1621
f 1628/1628/1628 1621/1621/1621 1623/1623/1623
f 1621/1621/1621 1625/1625/1625 1626/1626/1626
f 1621/1621/1621 1628/1628/1628 1625/1625/1625
f 1619/1619/1619 1622/1622/1622 1627/1627/1627
f 1633/1633/1633 1628/1628/1628 1631/1631/1631
f 1631/1631/1631 1628/1628/1628 1634/1634/1634
f 1635/1635/1635 1628/1628/1628 1623/1623/1623
f 1633/1633/1633 1625/1625/1625 1628/1628/1628
f 1635/1635/1635 1634/1634/1634 1628/1628/1628
f 1638/1638/1638 1634/1634/1634 1635/1635/1635
f 1636/1636/1636 1635/1635/1635 1637/1637/1637
f 1636/1636/1636 1638/1638/1638 1635/1635/1635
f 1637/1637/1637 1635/1635/1635 1623/1623/1623
f 1638/1638/1638 1641/1641/1641 1634/1634/1634
f 1639/1639/1639 1638/1638/1638 1636/1636/1636
f 1639/1639/1639 1640/1640/1640 1638/1638/1638
f 1640/1640/1640 1641/1641/1641 1638/1638/1638
f 1648/1648/1648 1641/1641/1641 1643/1643/1643
f 1643/1643/1643 1641/1641/1641 1649/1649/1649
f 1648/1648/1648 1634/1634/1634 1641/1641/1641
f 1640/1640/1640 1649/1649/1649 1641/1641/1641
f 1643/1643/1643 1649/1649/1649 1653/1653/1653
f 1651/1651/1651 1649/1649/1649 1640/1640/1640
f 1653/1653/1653 1649/1649/1649 1651/1651/1651
f 1643/1643/1643 1653/1653/1653 1654/1654/1654
f 1652/1652/1652 1657/1657/1657 1656/1656/1656
f 1653/1653/1653 1651/1651/1651 1659/1659/1659
f 1661/1661/1661 1657/1657/1657 1652/1652/1652
f 1661/1661/1661 1652/1652/1652 1660/1660/1660
f 1666/1666/1666 1661/1661/1661 1662/1662/1662
f 1661/1661/1661 1663/1663/1663 1662/1662/1662
f 1661/1661/1661 1664/1664/1664 1663/1663/1663
f 1650/1650/1650 1664/1664/1664 1661/1661/1661
f 1657/1657/1657 1661/1661/1661 1667/1667/1667
f 1650/1650/1650 1661/1661/1661 1660/1660/1660
f 1667/1667/1667 1661/1661/1661 1666/1666/1666
f 1668/1668/1668 1669/1669/1669 1658/1658/1658
f 1665/1665/1665 1669/1669/1669 1668/1668/1668
f 1673/1673/1673 1669/1669/1669 1670/1670/1670
f 1670/1670/1670 1669/1669/1669 1676/1676/1676
f 1658/1658/1658 1669/1669/1669 1673/1673/1673
f 1676/1676/1676 1669/1669/1669 1677/1677/1677
f 1665/1665/1665 1677/1677/1677 1669/1669/1669
f 1677/1677/1677 1678/1678/1678 1684/1684/1684
f 1678/1678/1678 1677/1677/1677 1681/1681/1681
f 1676/1676/1676 1677/1677/1677 1680/1680/1680
f 1684/1684/1684 1680/1680/1680 1677/1677/1677
f 1677/1677/1677 1665/1665/1665 1681/1681/1681
f 1685/1685/1685 1683/1683/1683 1679/1679/1679
f 1685/1685/1685 1686/1686/1686 1683/1683/1683
f 1687/1687/1687 1680/1680/1680 1684/1684/1684
f 1685/1685/1685 1688/1688/1688 1686/1686/1686
f 1689/1689/1689 1690/1690/1690 1687/1687/1687
f 1687/1687/1687 1690/1690/1690 1680/1680/1680
f 1691/1691/1691 1690/1690/1690 1693/1693/1693
f 1691/1691/1691 1692/1692/1692 1690/1690/1690
f 1692/1692/1692 1680/1680/1680 1690/1690/1690
f 1689/1689/1689 1693/1693/1693 1690/1690/1690
f 1694/1694/1694 1691/1691/1691 1693/1693/1693
f 1694/1694/1694 1693/1693/1693 1695/1695/1695
f 1696/1696/1696 1695/1695/1695 1693/1693/1693
f 1696/1696/1696 1693/1693/1693 1689/1689/1689
f 1697/1697/1697 1685/1685/1685 1698/1698/1698
f 1697/1697/1697 1698/1698/1698 1699/1699/1699
f 1688/1688/1688 1685/1685/1685 1697/1697/1697
f 1700/1700/1700 1695/1695/1695 1696/1696/1696
f 1699/1699/1699 1698/1698/1698 1702/1702/1702
f 1701/1701/1701 1695/1695/1695 1700/1700/1700
f 1698/1698/1698 1704/1704/1704 1702/1702/1702
f 1705/1705/1705 1701/1701/1701 1703/1703/1703
f 1701/1701/1701 1705/1705/1705 1695/1695/1695
f 1706/1706/1706 1695/1695/1695 1705/1705/1705
f 1703/1703/1703 1708/1708/1708 1705/1705/1705
f 1707/1707/1707 1706/1706/1706 1705/1705/1705
f 1707/1707/1707 1705/1705/1705 1708/1708/1708
f 1709/1709/1709 1708/1708/1708 1703/1703/1703
f 1713/1713/1713 1708/1708/1708 1709/1709/1709
f 1712/1712/1712 1708/1708/1708 1713/1713/1713
f 1712/1712/1712 1707/1707/1707 1708/1708/1708
f 1715/1715/1715 1714/1714/1714 1717/1717/1717
f 1714/1714/1714 1715/1715/1715 1711/1711/1711
f 1713/1713/1713 1709/1709/1709 1718/1718/1718
f 1717/1717/1717 1714/1714/1714 1719/1719/1719
f 1721/1721/1721 1720/1720/1720 1698/1698/1698
f 1698/1698/1698 1720/1720/1720 1710/1710/1710
f 1720/1720/1720 1721/1721/1721 1716/1716/1716
f 1725/1725/1725 1721/1721/1721 1698/1698/1698
f 1722/1722/1722 1724/1724/1724 1723/1723/1723
f 1722/1722/1722 1723/1723/1723 1733/1733/1733
f 1724/1724/1724 1722/1722/1722 1734/1734/1734
f 1728/1728/1728 1721/1721/1721 1725/1725/1725
f 1721/1721/1721 1728/1728/1728 1736/1736/1736
f 1716/1716/1716 1721/1721/1721 1730/1730/1730
f 1730/1730/1730 1721/1721/1721 1732/1732/1732
f 1721/1721/1721 1736/1736/1736 1735/1735/1735
f 1739/1739/1739 1737/1737/1737 1729/1729/1729
f 1737/1737/1737 1740/1740/1740 1734/1734/1734
f 1739/1739/1739 1740/1740/1740 1737/1737/1737
f 1740/1740/1740 1743/1743/1743 1741/1741/1741
f 1741/1741/1741 1744/1744/1744 1740/1740/1740
f 1743/1743/1743 1740/1740/1740 1748/1748/1748
f 1740/1740/1740 1744/1744/1744 1724/1724/1724
f 1734/1734/1734 1740/1740/1740 1724/1724/1724
f 1748/1748/1748 1740/1740/1740 1746/1746/1746
f 1746/1746/1746 1740/1740/1740 1739/1739/1739
f 1747/1747/1747 1750/1750/1750 1742/1742/1742
f 1747/1747/1747 1752/1752/1752 1750/1750/1750
f 1745/1745/1745 1752/1752/1752 1747/1747/1747
f 1754/1754/1754 1751/1751/1751 1757/1757/1757
f 1751/1751/1751 1754/1754/1754 1749/1749/1749
f 1751/1751/1751 1756/1756/1756 1757/1757/1757
f 1760/1760/1760 1756/1756/1756 1751/1751/1751
f 1745/1745/1745 1759/1759/1759 1752/1752/1752
f 1756/1756/1756 1760/1760/1760 1764/1764/1764
f 1764/1764/1764 1760/1760/1760 1761/1761/1761
f 1759/1759/1759 1738/1738/1738 1762/1762/1762
f 1759/1759/1759 1745/1745/1745 1738/1738/1738
f 1769/1769/1769 1765/1765/1765 1766/1766/1766
f 1764/1764/1764 1761/1761/1761 1767/1767/1767
f 1765/1765/1765 1771/1771/1771 1755/1755/1755
f 1771/1771/1771 1765/1765/1765 1769/1769/1769
f 1772/1772/1772 1771/1771/1771 1773/1773/1773
f 1772/1772/1772 1774/1774/1774 1771/1771/1771
f 1776/1776/1776 1773/1773/1773 1771/1771/1771
f 1776/1776/1776 1771/1771/1771 1769/1769/1769
f 1758/1758/1758 1771/1771/1771 1774/1774/1774
f 1771/1771/1771 1758/1758/1758 1755/1755/1755
f 1770/1770/1770 1778/1778/1778 1775/1775/1775
f 1777/1777/1777 1773/1773/1773 1776/1776/1776
f 1770/1770/1770 1790/1790/1790 1778/1778/1778
f 1778/1778/1778 1781/1781/1781 1779/1779/1779
f 1788/1788/1788 1777/1777/1777 1780/1780/1780
f 1778/1778/1778 1783/1783/1783 1781/1781/1781
f 1778/1778/1778 1785/1785/1785 1783/1783/1783
f 1785/1785/1785 1778/1778/1778 1789/1789/1789
f 1777/1777/1777 1788/1788/1788 1773/1773/1773
f 1778/1778/1778 1790/1790/1790 1789/1789/1789
f 1791/1791/1791 1685/1685/1685 1792/1792/1792
f 1793/1793/1793 1789/1789/1789 1790/1790/1790
f 1791/1791/1791 1698/1698/1698 1685/1685/1685
f 1725/1725/1725 1698/1698/1698 1791/1791/1791
f 1790/1790/1790 1770/1770/1770 1768/1768/1768
f 1790/1790/1790 1768/1768/1768 1726/1726/1726
f 1794/1794/1794 1789/1789/1789 1793/1793/1793
f 1792/1792/1792 1685/1685/1685 1795/1795/1795
f 1789/1789/1789 1794/1794/1794 1796/1796/1796
f 1797/1797/1797 1796/1796/1796 1794/1794/1794
f 1795/1795/1795 1685/1685/1685 1798/1798/1798
f 1798/1798/1798 1801/1801/1801 1799/1799/1799
f 1800/1800/1800 1796/1796/1796 1797/1797/1797
f 1798/1798/1798 1685/1685/1685 1801/1801/1801
f 1802/1802/1802 1803/1803/1803 1801/1801/1801
f 1801/1801/1801 1810/1810/1810 1802/1802/1802
f 1813/1813/1813 1801/1801/1801 1803/1803/1803
f 1799/1799/1799 1801/1801/1801 1813/1813/1813
f 1805/1805/1805 1801/1801/1801 1807/1807/1807
f 1810/1810/1810 1801/1801/1801 1805/1805/1805
f 1807/1807/1807 1801/1801/1801 1809/1809/1809
f 1809/1809/1809 1801/1801/1801 1685/1685/1685
f 1813/1813/1813 1816/1816/1816 1814/1814/1814
f 1815/1815/1815 1134/1134/1134 1812/1812/1812
f 1812/1812/1812 1134/1134/1134 1800/1800/1800
f 1816/1816/1816 1813/1813/1813 1803/1803/1803
f 1819/1819/1819 1817/1817/1817 1816/1816/1816
f 1824/1824/1824 1816/1816/1816 1817/1817/1817
f 1819/1819/1819 1816/1816/1816 1818/1818/1818
f 1818/1818/1818 1816/1816/1816 1820/1820/1820
f 1816/1816/1816 1803/1803/1803 1820/1820/1820
f 1821/1821/1821 1816/1816/1816 1825/1825/1825
f 1814/1814/1814 1816/1816/1816 1821/1821/1821
f 1825/1825/1825 1816/1816/1816 1824/1824/1824
f 1826/1826/1826 1827/1827/1827 1822/1822/1822
f 1823/1823/1823 1827/1827/1827 1826/1826/1826
f 1828/1828/1828 1827/1827/1827 1830/1830/1830
f 1822/1822/1822 1827/1827/1827 1828/1828/1828
f 1827/1827/1827 1834/1834/1834 1829/1829/1829
f 1829/1829/1829 1832/1832/1832 1827/1827/1827
f 1827/1827/1827 1831/1831/1831 1830/1830/1830
f 1827/1827/1827 1832/1832/1832 1831/1831/1831
f 1834/1834/1834 1827/1827/1827 1823/1823/1823
f 1833/1833/1833 1817/1817/1817 1836/1836/1836
f 1824/1824/1824 1817/1817/1817 1833/1833/1833
f 1835/1835/1835 1829/1829/1829 1834/1834/1834
f 1836/1836/1836 1817/1817/1817 1839/1839/1839
f 1837/1837/1837 1829/1829/1829 1835/1835/1835
f 1836/1836/1836 1839/1839/1839 1838/1838/1838
f 1841/1841/1841 1840/1840/1840 1839/1839/1839
f 1843/1843/1843 1839/1839/1839 1840/1840/1840
f 1841/1841/1841 1839/1839/1839 1842/1842/1842
f 1842/1842/1842 1839/1839/1839 1817/1817/1817
f 1838/1838/1838 1839/1839/1839 1843/1843/1843
f 1844/1844/1844 1847/1847/1847 1837/1837/1837
f 1843/1843/1843 1840/1840/1840 1845/1845/1845
f 1846/1846/1846 1848/1848/1848 1844/1844/1844
f 1844/1844/1844 1848/1848/1848 1847/1847/1847
f 1852/1852/1852 1849/1849/1849 1848/1848/1848
f 1849/1849/1849 1850/1850/1850 1848/1848/1848
f 1848/1848/1848 1850/1850/1850 1851/1851/1851
f 1848/1848/1848 1851/1851/1851 1847/1847/1847
f 1852/1852/1852 1848/1848/1848 1846/1846/1846
f 1853/1853/1853 1840/1840/1840 1854/1854/1854
f 1853/1853/1853 1854/1854/1854 1856/1856/1856
f 1855/1855/1855 1849/1849/1849 1852/1852/1852
f 1845/1845/1845 1840/1840/1840 1853/1853/1853
f 1856/1856/1856 1854/1854/1854 1858/1858/1858
f 1857/1857/1857 1849/1849/1849 1855/1855/1855
f 1858/1858/1858 1854/1854/1854 1862/1862/1862
f 1857/1857/1857 1859/1859/1859 1849/1849/1849
f 1860/1860/1860 1859/1859/1859 1857/1857/1857
f 1858/1858/1858 1862/1862/1862 1861/1861/1861
f 1864/1864/1864 1863/1863/1863 1862/1862/1862
f 1867/1867/1867 1862/1862/1862 1863/1863/1863
f 1864/1864/1864 1862/1862/1862 1865/1865/1865
f 1865/1865/1865 1862/1862/1862 1854/1854/1854
f 1861/1861/1861 1862/1862/1862 1867/1867/1867
f 1867/1867/1867 1863/1863/1863 1868/1868/1868
f 1869/1869/1869 1870/1870/1870 1866/1866/1866
f 1866/1866/1866 1859/1859/1859 1860/1860/1860
f 1866/1866/1866 1870/1870/1870 1859/1859/1859
f 1875/1875/1875 1870/1870/1870 1869/1869/1869
f 1875/1875/1875 1871/1871/1871 1870/1870/1870
f 1871/1871/1871 1872/1872/1872 1870/1870/1870
f 1870/1870/1870 1873/1873/1873 1859/1859/1859
f 1870/1870/1870 1872/1872/1872 1873/1873/1873
f 1874/1874/1874 1863/1863/1863 1876/1876/1876
f 1874/1874/1874 1876/1876/1876 1878/1878/1878
f 1868/1868/1868 1863/1863/1863 1874/1874/1874
f 1877/1877/1877 1871/1871/1871 1875/1875/1875
f 1880/1880/1880 1871/1871/1871 1877/1877/1877
f 1878/1878/1878 1876/1876/1876 1879/1879/1879
f 1879/1879/1879 1881/1881/1881 1883/1883/1883
f 1879/1879/1879 1876/1876/1876 1881/1881/1881
f 1880/1880/1880 1882/1882/1882 1871/1871/1871
f 1884/1884/1884 1882/1882/1882 1880/1880/1880
f 1883/1883/1883 1881/1881/1881 1885/1885/1885
f 1886/1886/1886 1882/1882/1882 1884/1884/1884
f 1885/1885/1885 1881/1881/1881 1887/1887/1887
f 1885/1885/1885 1887/1887/1887 1888/1888/1888
f 1889/1889/1889 1037/1037/1037 1886/1886/1886
f 1886/1886/1886 1037/1037/1037 1882/1882/1882
f 1888/1888/1888 1887/1887/1887 1035/1035/1035
f 1036/1036/1036 1037/1037/1037 1889/1889/1889
f 1891/1891/1891 1887/1887/1887 1890/1890/1890
f 1890/1890/1890 1887/1887/1887 1881/1881/1881
f 1035/1035/1035 1887/1887/1887 1029/1029/1029
f 1891/1891/1891 1029/1029/1029 1887/1887/1887
f 1892/1892/1892 1891/1891/1891 1893/1893/1893
f 1892/1892/1892 1028/1028/1028 1891/1891/1891
f 1893/1893/1893 1891/1891/1891 1890/1890/1890
f 1028/1028/1028 1029/1029/1029 1891/1891/1891
f 1894/1894/1894 1892/1892/1892 1893/1893/1893
f 1894/1894/1894 1893/1893/1893 1896/1896/1896
f 1893/1893/1893 1890/1890/1890 1895/1895/1895
f 1896/1896/1896 1893/1893/1893 1895/1895/1895
f 1897/1897/1897 1896/1896/1896 1898/1898/1898
f 1897/1897/1897 1894/1894/1894 1896/1896/1896
f 1898/1898/1898 1896/1896/1896 1899/1899/1899
f 1896/1896/1896 1895/1895/1895 1899/1899/1899
f 1898/1898/1898 1899/1899/1899 1901/1901/1901
f 1899/1899/1899 1895/1895/1895 1900/1900/1900
f 1899/1899/1899 1900/1900/1900 1902/1902/1902
f 1901/1901/1901 1899/1899/1899 1902/1902/1902
f 1902/1902/1902 1903/1903/1903 1904/1904/1904
f 1902/1902/1902 1900/1900/1900 1903/1903/1903
f 1905/1905/1905 1902/1902/1902 1904/1904/1904
f 1901/1901/1901 1902/1902/1902 1905/1905/1905
f 1908/1908/1908 1905/1905/1905 1906/1906/1906
f 1906/1906/1906 1905/1905/1905 1907/1907/1907
f 1905/1905/1905 1904/1904/1904 1907/1907/1907
f 1908/1908/1908 1901/1901/1901 1905/1905/1905
f 1910/1910/1910 1908/1908/1908 1909/1909/1909
f 1909/1909/1909 1908/1908/1908 1906/1906/1906
f 1910/1910/1910 1911/1911/1911 1908/1908/1908
f 1911/1911/1911 1901/1901/1901 1908/1908/1908
f 1913/1913/1913 1912/1912/1912 1911/1911/1911
f 1912/1912/1912 1898/1898/1898 1911/1911/1911
f 1913/1913/1913 1911/1911/1911 1910/1910/1910
f 1911/1911/1911 1898/1898/1898 1901/1901/1901
f 1916/1916/1916 1913/1913/1913 1910/1910/1910
f 1914/1914/1914 1920/1920/1920 1913/1913/1913
f 1913/1913/1913 1918/1918/1918 1914/1914/1914
f 1918/1918/1918 1913/1913/1913 1916/1916/1916
f 1920/1920/1920 1912/1912/1912 1913/1913/1913
f 976/976/976 1921/1921/1921 1920/1920/1920
f 1920/1920/1920 1921/1921/1921 1912/1912/1912
f 1923/1923/1923 1920/1920/1920 1914/1914/1914
f 1920/1920/1920 1923/1923/1923 1925/1925/1925
f 1925/1925/1925 976/976/976 1920/1920/1920
f 972/972/972 976/976/976 1925/1925/1925
f 1924/1924/1924 973/973/973 971/971/971
f 973/973/973 1924/1924/1924 1922/1922/1922
f 1915/1915/1915 1926/1926/1926 1922/1922/1922
f 973/973/973 1922/1922/1922 1926/1926/1926
f 1928/1928/1928 973/973/973 1926/1926/1926
f 1926/1926/1926 1915/1915/1915 1919/1919/1919
f 1929/1929/1929 1926/1926/1926 1927/1927/1927
f 1926/1926/1926 1919/1919/1919 1927/1927/1927
f 1928/1928/1928 1926/1926/1926 1929/1929/1929
f 1050/1050/1050 1929/1929/1929 1049/1049/1049
f 1049/1049/1049 1929/1929/1929 1055/1055/1055
f 1929/1929/1929 1927/1927/1927 1055/1055/1055
f 1050/1050/1050 1928/1928/1928 1929/1929/1929
f 967/967/967 973/973/973 1928/1928/1928
f 1930/1930/1930 967/967/967 1928/1928/1928
f 1930/1930/1930 1928/1928/1928 1050/1050/1050
f 1044/1044/1044 1930/1930/1930 1043/1043/1043
f 1043/1043/1043 1930/1930/1930 1050/1050/1050
f 964/964/964 967/967/967 1930/1930/1930
f 1044/1044/1044 964/964/964 1930/1930/1930
f 1927/1927/1927 1931/1931/1931 1058/1058/1058
f 1055/1055/1055 1927/1927/1927 1058/1058/1058
f 1927/1927/1927 1917/1917/1917 1931/1931/1931
f 1917/1917/1917 1927/1927/1927 1919/1919/1919
f 1934/1934/1934 1058/1058/1058 1931/1931/1931
f 1932/1932/1932 1909/1909/1909 1933/1933/1933
f 1909/1909/1909 1932/1932/1932 1910/1910/1910
f 1910/1910/1910 1932/1932/1932 1916/1916/1916
f 1058/1058/1058 1934/1934/1934 1935/1935/1935
f 1909/1909/1909 1936/1936/1936 1933/1933/1933
f 1058/1058/1058 1935/1935/1935 1059/1059/1059
f 1939/1939/1939 1059/1059/1059 1935/1935/1935
f 1937/1937/1937 1936/1936/1936 1909/1909/1909
f 1936/1936/1936 1937/1937/1937 1938/1938/1938
f 1937/1937/1937 1940/1940/1940 1938/1938/1938
f 1059/1059/1059 1939/1939/1939 1941/1941/1941
f 1942/1942/1942 1061/1061/1061 1941/1941/1941
f 1940/1940/1940 1463/1463/1463 1943/1943/1943
f 1463/1463/1463 1940/1940/1940 1937/1937/1937
f 1059/1059/1059 1941/1941/1941 1061/1061/1061
f 1061/1061/1061 1942/1942/1942 1458/1458/1458
f 1463/1463/1463 1457/1457/1457 1943/1943/1943
f 1909/1909/1909 1906/1906/1906 1937/1937/1937
f 1937/1937/1937 1906/1906/1906 1944/1944/1944
f 1937/1937/1937 1944/1944/1944 1463/1463/1463
f 1906/1906/1906 1907/1907/1907 1944/1944/1944
f 1944/1944/1944 1907/1907/1907 1945/1945/1945
f 1944/1944/1944 1945/1945/1945 1462/1462/1462
f 1463/1463/1463 1944/1944/1944 1462/1462/1462
f 1947/1947/1947 1945/1945/1945 1907/1907/1907
f 1945/1945/1945 1948/1948/1948 1946/1946/1946
f 1945/1945/1945 1946/1946/1946 1467/1467/1467
f 1948/1948/1948 1945/1945/1945 1947/1947/1947
f 1462/1462/1462 1945/1945/1945 1467/1467/1467
f 1948/1948/1948 1949/1949/1949 1946/1946/1946
f 1947/1947/1947 1950/1950/1950 1948/1948/1948
f 1948/1948/1948 1865/1865/1865 1949/1949/1949
f 1950/1950/1950 1865/1865/1865 1948/1948/1948
f 1904/1904/1904 1950/1950/1950 1947/1947/1947
f 1904/1904/1904 1903/1903/1903 1950/1950/1950
f 1903/1903/1903 1864/1864/1864 1950/1950/1950
f 1950/1950/1950 1864/1864/1864 1865/1865/1865
f 1865/1865/1865 1854/1854/1854 1949/1949/1949
f 1946/1946/1946 1949/1949/1949 1841/1841/1841
f 1949/1949/1949 1854/1854/1854 1840/1840/1840
f 1949/1949/1949 1840/1840/1840 1841/1841/1841
f 1907/1907/1907 1904/1904/1904 1947/1947/1947
f 1946/1946/1946 1841/1841/1841 1951/1951/1951
f 1467/1467/1467 1946/1946/1946 1951/1951/1951
f 1951/1951/1951 1841/1841/1841 1842/1842/1842
f 1467/1467/1467 1951/1951/1951 1468/1468/1468
f 1468/1468/1468 1951/1951/1951 1952/1952/1952
f 1951/1951/1951 1842/1842/1842 1952/1952/1952
f 1490/1490/1490 1952/1952/1952 1506/1506/1506
f 1952/1952/1952 1507/1507/1507 1506/1506/1506
f 1468/1468/1468 1952/1952/1952 1490/1490/1490
f 1952/1952/1952 1819/1819/1819 1507/1507/1507
f 1952/1952/1952 1842/1842/1842 1819/1819/1819
f 976/976/976 979/979/979 1921/1921/1921
f 1921/1921/1921 1897/1897/1897 1912/1912/1912
f 1921/1921/1921 1953/1953/1953 1897/1897/1897
f 979/979/979 1953/1953/1953 1921/1921/1921
f 979/979/979 1954/1954/1954 1953/1953/1953
f 1954/1954/1954 1955/1955/1955 1953/1953/1953
f 1953/1953/1953 1894/1894/1894 1897/1897/1897
f 1953/1953/1953 1955/1955/1955 1894/1894/1894
f 1955/1955/1955 1892/1892/1892 1894/1894/1894
f 1955/1955/1955 1956/1956/1956 1892/1892/1892
f 1957/1957/1957 1956/1956/1956 1955/1955/1955
f 1954/1954/1954 1957/1957/1957 1955/1955/1955
f 1958/1958/1958 1002/1002/1002 1957/1957/1957
f 1958/1958/1958 1957/1957/1957 1954/1954/1954
f 1002/1002/1002 1005/1005/1005 1957/1957/1957
f 1957/1957/1957 1005/1005/1005 1956/1956/1956
f 996/996/996 998/998/998 1958/1958/1958
f 996/996/996 1958/1958/1958 978/978/978
f 998/998/998 1002/1002/1002 1958/1958/1958
f 978/978/978 1958/1958/1958 1954/1954/1954
f 1005/1005/1005 1009/1009/1009 1956/1956/1956
f 1956/1956/1956 1009/1009/1009 1028/1028/1028
f 1956/1956/1956 1028/1028/1028 1892/1892/1892
f 978/978/978 1954/1954/1954 979/979/979
f 1912/1912/1912 1897/1897/1897 1898/1898/1898
f 1903/1903/1903 1959/1959/1959 1864/1864/1864
f 1900/1900/1900 1959/1959/1959 1903/1903/1903
f 1960/1960/1960 1876/1876/1876 1959/1959/1959
f 1959/1959/1959 1876/1876/1876 1863/1863/1863
f 1959/1959/1959 1863/1863/1863 1864/1864/1864
f 1900/1900/1900 1960/1960/1960 1959/1959/1959
f 1960/1960/1960 1881/1881/1881 1876/1876/1876
f 1890/1890/1890 1881/1881/1881 1960/1960/1960
f 1895/1895/1895 1960/1960/1960 1900/1900/1900
f 1895/1895/1895 1890/1890/1890 1960/1960/1960
f 1037/1037/1037 1040/1040/1040 1882/1882/1882
f 1882/1882/1882 1040/1040/1040 1046/1046/1046
f 1882/1882/1882 1046/1046/1046 1871/1871/1871
f 1859/1859/1859 1873/1873/1873 1961/1961/1961
f 1873/1873/1873 1962/1962/1962 1961/1961/1961
f 1873/1873/1873 1052/1052/1052 1962/1962/1962
f 1872/1872/1872 1052/1052/1052 1873/1873/1873
f 1962/1962/1962 1964/1964/1964 1963/1963/1963
f 1961/1961/1961 1962/1962/1962 1963/1963/1963
f 1962/1962/1962 1053/1053/1053 1964/1964/1964
f 1052/1052/1052 1053/1053/1053 1962/1962/1962
f 1062/1062/1062 1963/1963/1963 1964/1964/1964
f 1062/1062/1062 1964/1964/1964 1056/1056/1056
f 1053/1053/1053 1056/1056/1056 1964/1964/1964
f 1850/1850/1850 1963/1963/1963 1965/1965/1965
f 1963/1963/1963 1062/1062/1062 1965/1965/1965
f 1961/1961/1961 1963/1963/1963 1850/1850/1850
f 1850/1850/1850 1965/1965/1965 1851/1851/1851
f 1851/1851/1851 1965/1965/1965 1072/1072/1072
f 1965/1965/1965 1065/1065/1065 1072/1072/1072
f 1965/1965/1965 1062/1062/1062 1065/1065/1065
f 1859/1859/1859 1961/1961/1961 1849/1849/1849
f 1849/1849/1849 1961/1961/1961 1850/1850/1850
f 1871/1871/1871 1046/1046/1046 1872/1872/1872
f 1046/1046/1046 1047/1047/1047 1872/1872/1872
f 1872/1872/1872 1047/1047/1047 1052/1052/1052
f 1851/1851/1851 1072/1072/1072 1966/1966/1966
f 1847/1847/1847 1851/1851/1851 1966/1966/1966
f 1829/1829/1829 1966/1966/1966 1832/1832/1832
f 1847/1847/1847 1966/1966/1966 1829/1829/1829
f 1966/1966/1966 1073/1073/1073 1832/1832/1832
f 1966/1966/1966 1072/1072/1072 1073/1073/1073
f 1829/1829/1829 1837/1837/1837 1847/1847/1847
f 1842/1842/1842 1817/1817/1817 1819/1819/1819
f 1831/1831/1831 1832/1832/1832 1967/1967/1967
f 1832/1832/1832 1078/1078/1078 1967/1967/1967
f 1832/1832/1832 1073/1073/1073 1078/1078/1078
f 1831/1831/1831 1967/1967/1967 1968/1968/1968
f 1967/1967/1967 1078/1078/1078 1080/1080/1080
f 1967/1967/1967 1080/1080/1080 1968/1968/1968
f 1831/1831/1831 1968/1968/1968 1124/1124/1124
f 1108/1108/1108 1124/1124/1124 1968/1968/1968
f 1108/1108/1108 1968/1968/1968 1107/1107/1107
f 1969/1969/1969 1968/1968/1968 1080/1080/1080
f 1107/1107/1107 1968/1968/1968 1969/1969/1969
f 1098/1098/1098 1106/1106/1106 1970/1970/1970
f 1969/1969/1969 1080/1080/1080 1096/1096/1096
f 1095/1095/1095 1098/1098/1098 1970/1970/1970
f 1830/1830/1830 1831/1831/1831 1124/1124/1124
f 1828/1828/1828 1830/1830/1830 1127/1127/1127
f 1830/1830/1830 1124/1124/1124 1127/1127/1127
f 1134/1134/1134 1815/1815/1815 1828/1828/1828
f 1822/1822/1822 1828/1828/1828 1815/1815/1815
f 1828/1828/1828 1127/1127/1127 1134/1134/1134
f 1971/1971/1971 1820/1820/1820 1802/1802/1802
f 1818/1818/1818 1820/1820/1820 1971/1971/1971
f 1820/1820/1820 1803/1803/1803 1802/1802/1802
f 1983/1983/1983 1818/1818/1818 1971/1971/1971
f 1973/1973/1973 1971/1971/1971 1975/1975/1975
f 1973/1973/1973 1983/1983/1983 1971/1971/1971
f 1975/1975/1975 1971/1971/1971 1978/1978/1978
f 1971/1971/1971 1977/1977/1977 1982/1982/1982
f 1977/1977/1977 1971/1971/1971 1802/1802/1802
f 1971/1971/1971 1982/1982/1982 1978/1978/1978
f 1503/1503/1503 1984/1984/1984 1983/1983/1983
f 1983/1983/1983 1517/1517/1517 1503/1503/1503
f 1983/1983/1983 1973/1973/1973 1521/1521/1521
f 1517/1517/1517 1983/1983/1983 1521/1521/1521
f 1984/1984/1984 1818/1818/1818 1983/1983/1983
f 1507/1507/1507 1819/1819/1819 1984/1984/1984
f 1507/1507/1507 1984/1984/1984 1503/1503/1503
f 1819/1819/1819 1818/1818/1818 1984/1984/1984
f 1987/1987/1987 1979/1979/1979 1981/1981/1981
f 1976/1976/1976 1985/1985/1985 1980/1980/1980
f 1980/1980/1980 1985/1985/1985 1986/1986/1986
f 1986/1986/1986 1991/1991/1991 1988/1988/1988
f 1989/1989/1989 1990/1990/1990 1987/1987/1987
f 1987/1987/1987 1990/1990/1990 1979/1979/1979
f 1986/1986/1986 1985/1985/1985 1991/1991/1991
f 1992/1992/1992 1991/1991/1991 1985/1985/1985
f 1994/1994/1994 1991/1991/1991 1992/1992/1992
f 1994/1994/1994 1993/1993/1993 1991/1991/1991
f 1988/1988/1988 1991/1991/1991 1993/1993/1993
f 1996/1996/1996 1994/1994/1994 1992/1992/1992
f 1995/1995/1995 1994/1994/1994 1996/1996/1996
f 1995/1995/1995 1997/1997/1997 1994/1994/1994
f 1997/1997/1997 1993/1993/1993 1994/1994/1994
f 1999/1999/1999 1997/1997/1997 1995/1995/1995
f 1997/1997/1997 1999/1999/1999 2000/2000/2000
f 2000/2000/2000 2001/2001/2001 1997/1997/1997
f 1997/1997/1997 2001/2001/2001 1993/1993/1993
f 2000/2000/2000 2002/2002/2002 2001/2001/2001
f 2005/2005/2005 2001/2001/2001 2002/2002/2002
f 2004/2004/2004 1993/1993/1993 2001/2001/2001
f 2004/2004/2004 2001/2001/2001 2005/2005/2005
f 2006/2006/2006 2007/2007/2007 2003/2003/2003
f 2006/2006/2006 2008/2008/2008 2007/2007/2007
f 2009/2009/2009 2008/2008/2008 2006/2006/2006
f 2005/2005/2005 2002/2002/2002 2010/2010/2010
f 2010/2010/2010 2017/2017/2017 2012/2012/2012
f 2013/2013/2013 2018/2018/2018 2009/2009/2009
f 2010/2010/2010 2002/2002/2002 2017/2017/2017
f 2009/2009/2009 2018/2018/2018 2008/2008/2008
f 2021/2021/2021 1531/1531/1531 2018/2018/2018
f 2021/2021/2021 2018/2018/2018 2013/2013/2013
f 2018/2018/2018 1531/1531/1531 1528/1528/1528
f 2018/2018/2018 1528/1528/1528 2008/2008/2008
f 1535/1535/1535 1531/1531/1531 2021/2021/2021
f 2002/2002/2002 2024/2024/2024 2017/2017/2017
f 2016/2016/2016 2025/2025/2025 2014/2014/2014
f 1540/1540/1540 2025/2025/2025 2027/2027/2027
f 2025/2025/2025 2029/2029/2029 2027/2027/2027
f 2023/2023/2023 2028/2028/2028 2025/2025/2025
f 2025/2025/2025 2028/2028/2028 2029/2029/2029
f 2014/2014/2014 2025/2025/2025 1540/1540/1540
f 2027/2027/2027 2029/2029/2029 2030/2030/2030
f 2029/2029/2029 1637/1637/1637 2030/2030/2030
f 2028/2028/2028 1636/1636/1636 2029/2029/2029
f 2029/2029/2029 1636/1636/1636 1637/1637/1637
f 2030/2030/2030 2032/2032/2032 2031/2031/2031
f 2033/2033/2033 2030/2030/2030 2031/2031/2031
f 2030/2030/2030 1637/1637/1637 2032/2032/2032
f 2027/2027/2027 2030/2030/2030 2033/2033/2033
f 1556/1556/1556 2027/2027/2027 2033/2033/2033
f 2033/2033/2033 2031/2031/2031 1597/1597/1597
f 2036/2036/2036 2033/2033/2033 1597/1597/1597
f 1556/1556/1556 2033/2033/2033 2036/2036/2036
f 2036/2036/2036 1597/1597/1597 1590/1590/1590
f 2032/2032/2032 1609/1609/1609 2031/2031/2031
f 1623/1623/1623 1614/1614/1614 2032/2032/2032
f 1637/1637/1637 1623/1623/1623 2032/2032/2032
f 1609/1609/1609 2032/2032/2032 1614/1614/1614
f 2031/2031/2031 1598/1598/1598 1597/1597/1597
f 1598/1598/1598 2031/2031/2031 1609/1609/1609
f 2023/2023/2023 1998/1998/1998 2028/2028/2028
f 1998/1998/1998 1639/1639/1639 2028/2028/2028
f 2028/2028/2028 1639/1639/1639 1636/1636/1636
f 1540/1540/1540 2027/2027/2027 1556/1556/1556
f 1998/1998/1998 2023/2023/2023 2037/2037/2037
f 2024/2024/2024 2002/2002/2002 2000/2000/2000
f 2024/2024/2024 2000/2000/2000 2038/2038/2038
f 2000/2000/2000 1999/1999/1999 2038/2038/2038
f 2008/2008/2008 1528/1528/1528 1525/1525/1525
f 2008/2008/2008 1525/1525/1525 2007/2007/2007
f 2003/2003/2003 2007/2007/2007 2039/2039/2039
f 2007/2007/2007 1525/1525/1525 1523/1523/1523
f 2007/2007/2007 1523/1523/1523 2039/2039/2039
f 2003/2003/2003 2039/2039/2039 1989/1989/1989
f 1989/1989/1989 2039/2039/2039 1990/1990/1990
f 2039/2039/2039 1522/1522/1522 1990/1990/1990
f 2039/2039/2039 1523/1523/1523 1522/1522/1522
f 1988/1988/1988 1993/1993/1993 2004/2004/2004
f 1999/1999/1999 1995/1995/1995 2043/2043/2043
f 2040/2040/2040 1639/1639/1639 1998/1998/1998
f 2040/2040/2040 1998/1998/1998 2042/2042/2042
f 1995/1995/1995 2041/2041/2041 2043/2043/2043
f 2040/2040/2040 1640/1640/1640 1639/1639/1639
f 2041/2041/2041 1664/1664/1664 2044/2044/2044
f 2041/2041/2041 1995/1995/1995 1664/1664/1664
f 1651/1651/1651 2040/2040/2040 2045/2045/2045
f 1651/1651/1651 1640/1640/1640 2040/2040/2040
f 1664/1664/1664 1650/1650/1650 2044/2044/2044
f 1996/1996/1996 1992/1992/1992 2046/2046/2046
f 1663/1663/1663 1995/1995/1995 1996/1996/1996
f 1663/1663/1663 1996/1996/1996 2046/2046/2046
f 1804/1804/1804 1663/1663/1663 2046/2046/2046
f 1811/1811/1811 2046/2046/2046 1992/1992/1992
f 2046/2046/2046 1811/1811/1811 1804/1804/1804
f 1995/1995/1995 1663/1663/1663 1664/1664/1664
f 1811/1811/1811 1992/1992/1992 2047/2047/2047
f 1992/1992/1992 1985/1985/1985 2047/2047/2047
f 1976/1976/1976 2047/2047/2047 1985/1985/1985
f 2048/2048/2048 2047/2047/2047 1976/1976/1976
f 1811/1811/1811 2047/2047/2047 2048/2048/2048
f 2049/2049/2049 1802/1802/1802 1810/1810/1810
f 1977/1977/1977 1802/1802/1802 2049/2049/2049
f 1972/1972/1972 1990/1990/1990 1522/1522/1522
f 1974/1974/1974 1990/1990/1990 1972/1972/1972
f 1979/1979/1979 1990/1990/1990 1974/1974/1974
f 1522/1522/1522 1520/1520/1520 1972/1972/1972
f 1808/1808/1808 1662/1662/1662 1806/1806/1806
f 1682/1682/1682 1808/1808/1808 2051/2051/2051
f 1666/1666/1666 1808/1808/1808 1682/1682/1682
f 1808/1808/1808 1666/1666/1666 1662/1662/1662
f 1809/1809/1809 1685/1685/1685 2052/2052/2052
f 2052/2052/2052 1685/1685/1685 1679/1679/1679
f 1678/1678/1678 1681/1681/1681 2050/2050/2050
f 1806/1806/1806 1662/1662/1662 1663/1663/1663
f 1806/1806/1806 1663/1663/1663 1804/1804/1804
f 1796/1796/1796 1800/1800/1800 1134/1134/1134
f 1796/1796/1796 2057/2057/2057 2053/2053/2053
f 2065/2065/2065 1796/1796/1796 2053/2053/2053
f 1796/1796/1796 2067/2067/2067 2057/2057/2057
f 2058/2058/2058 1796/1796/1796 2065/2065/2065
f 2062/2062/2062 1796/1796/1796 2058/2058/2058
f 2061/2061/2061 1796/1796/1796 2062/2062/2062
f 1796/1796/1796 2061/2061/2061 1789/1789/1789
f 1134/1134/1134 2067/2067/2067 1796/1796/1796
f 1134/1134/1134 1138/1138/1138 2067/2067/2067
f 1139/1139/1139 1142/1142/1142 2066/2066/2066
f 1152/1152/1152 2066/2066/2066 1142/1142/1142
f 2066/2066/2066 1152/1152/1152 2068/2068/2068
f 2066/2066/2066 2068/2068/2068 2056/2056/2056
f 1153/1153/1153 2070/2070/2070 2069/2069/2069
f 2069/2069/2069 2054/2054/2054 2055/2055/2055
f 2069/2069/2069 2070/2070/2070 2054/2054/2054
f 1153/1153/1153 1160/1160/1160 2070/2070/2070
f 1160/1160/1160 2071/2071/2071 2070/2070/2070
f 2054/2054/2054 2070/2070/2070 2064/2064/2064
f 2064/2064/2064 2070/2070/2070 2072/2072/2072
f 2070/2070/2070 2071/2071/2071 2072/2072/2072
f 2071/2071/2071 2073/2073/2073 2072/2072/2072
f 2072/2072/2072 2073/2073/2073 2074/2074/2074
f 2064/2064/2064 2072/2072/2072 2059/2059/2059
f 2059/2059/2059 2072/2072/2072 2074/2074/2074
f 2059/2059/2059 2074/2074/2074 2063/2063/2063
f 2063/2063/2063 2074/2074/2074 2076/2076/2076
f 2073/2073/2073 2075/2075/2075 2074/2074/2074
f 2074/2074/2074 2075/2075/2075 2076/2076/2076
f 2063/2063/2063 2076/2076/2076 2060/2060/2060
f 2075/2075/2075 2077/2077/2077 2076/2076/2076
f 2076/2076/2076 2077/2077/2077 2078/2078/2078
f 2060/2060/2060 2076/2076/2076 2078/2078/2078
f 2078/2078/2078 2080/2080/2080 2082/2082/2082
f 2080/2080/2080 2078/2078/2078 2084/2084/2084
f 2077/2077/2077 2081/2081/2081 2078/2078/2078
f 2078/2078/2078 2081/2081/2081 2084/2084/2084
f 2060/2060/2060 2078/2078/2078 2082/2082/2082
f 2080/2080/2080 2084/2084/2084 2085/2085/2085
f 2085/2085/2085 2084/2084/2084 2088/2088/2088
f 2081/2081/2081 2087/2087/2087 2084/2084/2084
f 2084/2084/2084 2087/2087/2087 2088/2088/2088
f 2085/2085/2085 2088/2088/2088 2090/2090/2090
f 2090/2090/2090 2088/2088/2088 2092/2092/2092
f 2093/2093/2093 2088/2088/2088 2087/2087/2087
f 2088/2088/2088 2093/2093/2093 2092/2092/2092
f 2094/2094/2094 2097/2097/2097 2091/2091/2091
f 2093/2093/2093 2087/2087/2087 2095/2095/2095
f 2096/2096/2096 2097/2097/2097 2094/2094/2094
f 2091/2091/2091 2097/2097/2097 1784/1784/1784
f 1784/1784/1784 2097/2097/2097 1782/1782/1782
f 2096/2096/2096 2098/2098/2098 2097/2097/2097
f 2098/2098/2098 2099/2099/2099 2097/2097/2097
f 1782/1782/1782 2097/2097/2097 2099/2099/2099
f 2098/2098/2098 2100/2100/2100 2099/2099/2099
f 2100/2100/2100 1788/1788/1788 2099/2099/2099
f 1782/1782/1782 2099/2099/2099 1780/1780/1780
f 1780/1780/1780 2099/2099/2099 1788/1788/1788
f 2100/2100/2100 2105/2105/2105 2101/2101/2101
f 2101/2101/2101 2103/2103/2103 2100/2100/2100
f 2098/2098/2098 2105/2105/2105 2100/2100/2100
f 2100/2100/2100 2103/2103/2103 1788/1788/1788
f 2107/2107/2107 2104/2104/2104 2108/2108/2108
f 2107/2107/2107 2102/2102/2102 2104/2104/2104
f 2105/2105/2105 2098/2098/2098 2112/2112/2112
f 2112/2112/2112 2113/2113/2113 2115/2115/2115
f 2098/2098/2098 2113/2113/2113 2112/2112/2112
f 2108/2108/2108 2110/2110/2110 2116/2116/2116
f 2117/2117/2117 2087/2087/2087 2120/2120/2120
f 2114/2114/2114 2087/2087/2087 2117/2117/2117
f 2108/2108/2108 2116/2116/2116 2122/2122/2122
f 2129/2129/2129 2108/2108/2108 2122/2122/2122
f 2141/2141/2141 2081/2081/2081 2137/2137/2137
f 2120/2120/2120 2087/2087/2087 2141/2141/2141
f 2141/2141/2141 2087/2087/2087 2081/2081/2081
f 2137/2137/2137 2077/2077/2077 2133/2133/2133
f 2137/2137/2137 2081/2081/2081 2077/2077/2077
f 2133/2133/2133 2073/2073/2073 1171/1171/1171
f 2133/2133/2133 2077/2077/2077 2075/2075/2075
f 2133/2133/2133 2075/2075/2075 2073/2073/2073
f 1180/1180/1180 2142/2142/2142 2129/2129/2129
f 2129/2129/2129 2142/2142/2142 2108/2108/2108
f 1180/1180/1180 2143/2143/2143 2142/2142/2142
f 2107/2107/2107 2142/2142/2142 2144/2144/2144
f 2107/2107/2107 2108/2108/2108 2142/2142/2142
f 2144/2144/2144 2142/2142/2142 2143/2143/2143
f 2146/2146/2146 2107/2107/2107 2144/2144/2144
f 2146/2146/2146 2144/2144/2144 2145/2145/2145
f 2145/2145/2145 2144/2144/2144 2147/2147/2147
f 2144/2144/2144 2143/2143/2143 2147/2147/2147
f 2149/2149/2149 2147/2147/2147 2148/2148/2148
f 2147/2147/2147 2150/2150/2150 2148/2148/2148
f 2145/2145/2145 2147/2147/2147 2149/2149/2149
f 2147/2147/2147 2143/2143/2143 2150/2150/2150
f 1197/1197/1197 2150/2150/2150 2143/2143/2143
f 2151/2151/2151 2150/2150/2150 1197/1197/1197
f 2151/2151/2151 2155/2155/2155 2150/2150/2150
f 2148/2148/2148 2150/2150/2150 2155/2155/2155
f 2148/2148/2148 2155/2155/2155 2157/2157/2157
f 2158/2158/2158 2157/2157/2157 2155/2155/2155
f 2164/2164/2164 2155/2155/2155 2151/2151/2151
f 2163/2163/2163 2155/2155/2155 2164/2164/2164
f 2170/2170/2170 2171/2171/2171 2166/2166/2166
f 2172/2172/2172 2161/2161/2161 2165/2165/2165
f 2166/2166/2166 2171/2171/2171 2173/2173/2173
f 2175/2175/2175 2161/2161/2161 2172/2172/2172
f 2171/2171/2171 2174/2174/2174 2173/2173/2173
f 2161/2161/2161 2175/2175/2175 2176/2176/2176
f 2175/2175/2175 2179/2179/2179 2176/2176/2176
f 2177/2177/2177 2179/2179/2179 2175/2175/2175
f 2174/2174/2174 2180/2180/2180 2178/2178/2178
f 2174/2174/2174 2171/2171/2171 2180/2180/2180
f 2171/2171/2171 2185/2185/2185 2180/2180/2180
f 2187/2187/2187 2180/2180/2180 2181/2181/2181
f 2181/2181/2181 2180/2180/2180 2188/2188/2188
f 2188/2188/2188 2180/2180/2180 2184/2184/2184
f 2184/2184/2184 2180/2180/2180 2185/2185/2185
f 2178/2178/2178 2180/2180/2180 2187/2187/2187
f 2189/2189/2189 2190/2190/2190 2182/2182/2182
f 2183/2183/2183 2190/2190/2190 2189/2189/2189
f 2190/2190/2190 2191/2191/2191 2193/2193/2193
f 2191/2191/2191 2190/2190/2190 2195/2195/2195
f 2193/2193/2193 2200/2200/2200 2190/2190/2190
f 2195/2195/2195 2190/2190/2190 1236/1236/1236
f 2183/2183/2183 1236/1236/1236 2190/2190/2190
f 2190/2190/2190 2197/2197/2197 2182/2182/2182
f 2190/2190/2190 2203/2203/2203 2197/2197/2197
f 2200/2200/2200 2203/2203/2203 2190/2190/2190
f 2204/2204/2204 2214/2214/2214 2202/2202/2202
f 2203/2203/2203 2208/2208/2208 2206/2206/2206
f 2203/2203/2203 2211/2211/2211 2208/2208/2208
f 2203/2203/2203 2213/2213/2213 2211/2211/2211
f 2203/2203/2203 2200/2200/2200 2213/2213/2213
f 2179/2179/2179 2186/2186/2186 2202/2202/2202
f 2202/2202/2202 2186/2186/2186 2199/2199/2199
f 2202/2202/2202 2214/2214/2214 2179/2179/2179
f 2214/2214/2214 2176/2176/2176 2179/2179/2179
f 2215/2215/2215 2176/2176/2176 2214/2214/2214
f 2216/2216/2216 2215/2215/2215 2214/2214/2214
f 2204/2204/2204 2216/2216/2216 2214/2214/2214
f 2217/2217/2217 2215/2215/2215 2216/2216/2216
f 2218/2218/2218 2217/2217/2217 2216/2216/2216
f 2220/2220/2220 2216/2216/2216 2204/2204/2204
f 2216/2216/2216 2220/2220/2220 2218/2218/2218
f 2209/2209/2209 2221/2221/2221 2220/2220/2220
f 2220/2220/2220 2221/2221/2221 2218/2218/2218
f 2222/2222/2222 2223/2223/2223 2221/2221/2221
f 2210/2210/2210 2222/2222/2222 2221/2221/2221
f 2223/2223/2223 2224/2224/2224 2221/2221/2221
f 2221/2221/2221 2224/2224/2224 2218/2218/2218
f 2210/2210/2210 2221/2221/2221 2209/2209/2209
f 2229/2229/2229 2225/2225/2225 2224/2224/2224
f 2225/2225/2225 2218/2218/2218 2224/2224/2224
f 2229/2229/2229 2224/2224/2224 2227/2227/2227
f 2227/2227/2227 2224/2224/2224 2223/2223/2223
f 2226/2226/2226 2230/2230/2230 2228/2228/2228
f 2229/2229/2229 2217/2217/2217 2225/2225/2225
f 2231/2231/2231 2217/2217/2217 2229/2229/2229
f 2230/2230/2230 2157/2157/2157 2232/2232/2232
f 2234/2234/2234 2157/2157/2157 2230/2230/2230
f 2234/2234/2234 2230/2230/2230 2226/2226/2226
f 2233/2233/2233 2217/2217/2217 2231/2231/2231
f 2237/2237/2237 2236/2236/2236 2234/2234/2234
f 2234/2234/2234 2236/2236/2236 2157/2157/2157
f 2235/2235/2235 2243/2243/2243 2238/2238/2238
f 2234/2234/2234 2242/2242/2242 2239/2239/2239
f 2240/2240/2240 2243/2243/2243 2235/2235/2235
f 2234/2234/2234 2226/2226/2226 2242/2242/2242
f 2243/2243/2243 2250/2250/2250 2244/2244/2244
f 2238/2238/2238 2243/2243/2243 2244/2244/2244
f 2246/2246/2246 2243/2243/2243 2247/2247/2247
f 2251/2251/2251 2243/2243/2243 2246/2246/2246
f 2243/2243/2243 2248/2248/2248 2247/2247/2247
f 2243/2243/2243 2240/2240/2240 2248/2248/2248
f 2250/2250/2250 2243/2243/2243 2251/2251/2251
f 2251/2251/2251 2252/2252/2252 2255/2255/2255
f 2254/2254/2254 2252/2252/2252 2251/2251/2251
f 2250/2250/2250 2251/2251/2251 2255/2255/2255
f 2254/2254/2254 2251/2251/2251 2246/2246/2246
f 2253/2253/2253 2249/2249/2249 2256/2256/2256
f 2252/2252/2252 2254/2254/2254 2257/2257/2257
f 2257/2257/2257 2254/2254/2254 2259/2259/2259
f 2254/2254/2254 2264/2264/2264 2259/2259/2259
f 2254/2254/2254 2246/2246/2246 2261/2261/2261
f 2262/2262/2262 2254/2254/2254 2261/2261/2261
f 2266/2266/2266 2254/2254/2254 2262/2262/2262
f 2254/2254/2254 2266/2266/2266 2264/2264/2264
f 2270/2270/2270 2267/2267/2267 2263/2263/2263
f 2267/2267/2267 2268/2268/2268 2265/2265/2265
f 2267/2267/2267 2270/2270/2270 2268/2268/2268
f 2274/2274/2274 2277/2277/2277 2271/2271/2271
f 2283/2283/2283 2275/2275/2275 2272/2272/2272
f 2281/2281/2281 2273/2273/2273 2278/2278/2278
f 2273/2273/2273 2279/2279/2279 2269/2269/2269
f 2279/2279/2279 2273/2273/2273 2281/2281/2281
f 2270/2270/2270 2263/2263/2263 2284/2284/2284
f 2262/2262/2262 2286/2286/2286 2285/2285/2285
f 2287/2287/2287 2275/2275/2275 2283/2283/2283
f 2200/2200/2200 2287/2287/2287 2288/2288/2288
f 2286/2286/2286 2261/2261/2261 2289/2289/2289
f 2262/2262/2262 2261/2261/2261 2286/2286/2286
f 2200/2200/2200 2275/2275/2275 2287/2287/2287
f 2246/2246/2246 2201/2201/2201 2289/2289/2289
f 2289/2289/2289 2261/2261/2261 2246/2246/2246
f 2290/2290/2290 2280/2280/2280 2282/2282/2282
f 2291/2291/2291 2290/2290/2290 2282/2282/2282
f 2291/2291/2291 2282/2282/2282 2276/2276/2276
f 2274/2274/2274 2292/2292/2292 2277/2277/2277
f 2293/2293/2293 2292/2292/2292 2274/2274/2274
f 2292/2292/2292 2293/2293/2293 2295/2295/2295
f 2296/2296/2296 2290/2290/2290 2291/2291/2291
f 2296/2296/2296 2297/2297/2297 2290/2290/2290
f 2294/2294/2294 2297/2297/2297 2296/2296/2296
f 2298/2298/2298 2299/2299/2299 2297/2297/2297
f 2300/2300/2300 2298/2298/2298 2297/2297/2297
f 2297/2297/2297 2299/2299/2299 2290/2290/2290
f 2294/2294/2294 2301/2301/2301 2297/2297/2297
f 2300/2300/2300 2297/2297/2297 2301/2301/2301
f 2301/2301/2301 2294/2294/2294 2302/2302/2302
f 2302/2302/2302 2305/2305/2305 2301/2301/2301
f 2304/2304/2304 2300/2300/2300 2301/2301/2301
f 2304/2304/2304 2301/2301/2301 2305/2305/2305
f 2306/2306/2306 2304/2304/2304 2305/2305/2305
f 2306/2306/2306 2305/2305/2305 2309/2309/2309
f 2307/2307/2307 2305/2305/2305 2302/2302/2302
f 2307/2307/2307 2309/2309/2309 2305/2305/2305
f 2315/2315/2315 2306/2306/2306 2309/2309/2309
f 2316/2316/2316 2309/2309/2309 2307/2307/2307
f 2311/2311/2311 2309/2309/2309 2316/2316/2316
f 2312/2312/2312 2309/2309/2309 2311/2311/2311
f 2315/2315/2315 2309/2309/2309 2312/2312/2312
f 2317/2317/2317 2318/2318/2318 2320/2320/2320
f 2303/2303/2303 2318/2318/2318 2317/2317/2317
f 2303/2303/2303 2317/2317/2317 2308/2308/2308
f 2311/2311/2311 2316/2316/2316 2319/2319/2319
f 2320/2320/2320 2318/2318/2318 2323/2323/2323
f 2322/2322/2322 2310/2310/2310 2321/2321/2321
f 2318/2318/2318 2325/2325/2325 2323/2323/2323
f 2322/2322/2322 2324/2324/2324 2310/2310/2310
f 2324/2324/2324 2322/2322/2322 2326/2326/2326
f 2318/2318/2318 2327/2327/2327 2325/2325/2325
f 2328/2328/2328 2324/2324/2324 2326/2326/2326
f 2329/2329/2329 2327/2327/2327 2318/2318/2318
f 2327/2327/2327 2329/2329/2329 2330/2330/2330
f 2331/2331/2331 2332/2332/2332 2328/2328/2328
f 2328/2328/2328 2332/2332/2332 2324/2324/2324
f 2331/2331/2331 2334/2334/2334 2332/2332/2332
f 2333/2333/2333 2335/2335/2335 2332/2332/2332
f 2334/2334/2334 2333/2333/2333 2332/2332/2332
f 2332/2332/2332 2335/2335/2335 2324/2324/2324
f 2314/2314/2314 2324/2324/2324 2335/2335/2335
f 2345/2345/2345 2335/2335/2335 2337/2337/2337
f 2337/2337/2337 2335/2335/2335 2333/2333/2333
f 2348/2348/2348 2335/2335/2335 2342/2342/2342
f 2342/2342/2342 2335/2335/2335 2345/2345/2345
f 2314/2314/2314 2335/2335/2335 2348/2348/2348
f 2349/2349/2349 2347/2347/2347 2340/2340/2340
f 2349/2349/2349 2315/2315/2315 2347/2347/2347
f 2352/2352/2352 2351/2351/2351 2343/2343/2343
f 2354/2354/2354 2304/2304/2304 2349/2349/2349
f 2315/2315/2315 2349/2349/2349 2306/2306/2306
f 2349/2349/2349 2304/2304/2304 2306/2306/2306
f 2357/2357/2357 2355/2355/2355 2352/2352/2352
f 2357/2357/2357 2358/2358/2358 2355/2355/2355
f 2304/2304/2304 2354/2354/2354 2359/2359/2359
f 2359/2359/2359 2300/2300/2300 2304/2304/2304
f 2361/2361/2361 2300/2300/2300 2359/2359/2359
f 2358/2358/2358 2357/2357/2357 2360/2360/2360
f 2360/2360/2360 2357/2357/2357 2362/2362/2362
f 2360/2360/2360 2362/2362/2362 2364/2364/2364
f 2300/2300/2300 2361/2361/2361 2363/2363/2363
f 2300/2300/2300 2363/2363/2363 2365/2365/2365
f 2362/2362/2362 2366/2366/2366 2364/2364/2364
f 2368/2368/2368 2300/2300/2300 2365/2365/2365
f 2366/2366/2366 2369/2369/2369 2367/2367/2367
f 2369/2369/2369 2366/2366/2366 2362/2362/2362
f 2372/2372/2372 2369/2369/2369 2362/2362/2362
f 2370/2370/2370 2371/2371/2371 2369/2369/2369
f 2372/2372/2372 2370/2370/2370 2369/2369/2369
f 2371/2371/2371 2367/2367/2367 2369/2369/2369
f 2374/2374/2374 2373/2373/2373 2372/2372/2372
f 2373/2373/2373 2370/2370/2370 2372/2372/2372
f 2375/2375/2375 2372/2372/2372 2362/2362/2362
f 2374/2374/2374 2372/2372/2372 2375/2375/2375
f 2377/2377/2377 2375/2375/2375 2357/2357/2357
f 2375/2375/2375 2362/2362/2362 2357/2357/2357
f 2376/2376/2376 2375/2375/2375 2377/2377/2377
f 2376/2376/2376 2374/2374/2374 2375/2375/2375
f 2383/2383/2383 2376/2376/2376 2377/2377/2377
f 2379/2379/2379 2377/2377/2377 2352/2352/2352
f 2383/2383/2383 2377/2377/2377 2379/2379/2379
f 2377/2377/2377 2357/2357/2357 2352/2352/2352
f 2395/2395/2395 2376/2376/2376 2383/2383/2383
f 2399/2399/2399 2397/2397/2397 2395/2395/2395
f 2395/2395/2395 2397/2397/2397 2376/2376/2376
f 2401/2401/2401 1691/1691/1691 2405/2405/2405
f 2401/2401/2401 1692/1692/1692 1691/1691/1691
f 2386/2386/2386 1692/1692/1692 2401/2401/2401
f 2405/2405/2405 1706/1706/1706 2407/2407/2407
f 2405/2405/2405 1694/1694/1694 1706/1706/1706
f 2405/2405/2405 1691/1691/1691 1694/1694/1694
f 2407/2407/2407 1707/1707/1707 2408/2408/2408
f 2407/2407/2407 1706/1706/1706 1707/1707/1707
f 2408/2408/2408 1707/1707/1707 2414/2414/2414
f 2413/2413/2413 2415/2415/2415 2399/2399/2399
f 2417/2417/2417 2415/2415/2415 2413/2413/2413
f 2420/2420/2420 2418/2418/2418 2412/2412/2412
f 2414/2414/2414 1707/1707/1707 2421/2421/2421
f 2420/2420/2420 2422/2422/2422 2418/2418/2418
f 2424/2424/2424 2422/2422/2422 2420/2420/2420
f 1707/1707/1707 2423/2423/2423 2421/2421/2421
f 2424/2424/2424 1715/1715/1715 2422/2422/2422
f 1711/1711/1711 1715/1715/1715 2424/2424/2424
f 1707/1707/1707 1712/1712/1712 2423/2423/2423
f 2429/2429/2429 2422/2422/2422 1715/1715/1715
f 2426/2426/2426 2422/2422/2422 2428/2428/2428
f 2418/2418/2418 2422/2422/2422 2426/2426/2426
f 2428/2428/2428 2422/2422/2422 2429/2429/2429
f 1723/1723/1723 2428/2428/2428 2429/2429/2429
f 1733/1733/1733 1723/1723/1723 2429/2429/2429
f 1733/1733/1733 2429/2429/2429 1731/1731/1731
f 1731/1731/1731 2429/2429/2429 1715/1715/1715
f 2432/2432/2432 2431/2431/2431 2428/2428/2428
f 2426/2426/2426 2428/2428/2428 2431/2431/2431
f 2432/2432/2432 2428/2428/2428 1723/1723/1723
f 2431/2431/2431 2432/2432/2432 2437/2437/2437
f 1744/1744/1744 2434/2434/2434 2432/2432/2432
f 2432/2432/2432 2434/2434/2434 2435/2435/2435
f 1744/1744/1744 2432/2432/2432 1724/1724/1724
f 2440/2440/2440 2432/2432/2432 2435/2435/2435
f 1724/1724/1724 2432/2432/2432 1723/1723/1723
f 2437/2437/2437 2432/2432/2432 2440/2440/2440
f 2439/2439/2439 2441/2441/2441 2438/2438/2438
f 2439/2439/2439 2442/2442/2442 2441/2441/2441
f 2433/2433/2433 2442/2442/2442 2439/2439/2439
f 2433/2433/2433 2439/2439/2439 2436/2436/2436
f 2441/2441/2441 2442/2442/2442 2445/2445/2445
f 2433/2433/2433 2443/2443/2443 2442/2442/2442
f 2442/2442/2442 2443/2443/2443 2444/2444/2444
f 2442/2442/2442 2444/2444/2444 2445/2445/2445
f 2441/2441/2441 2445/2445/2445 2446/2446/2446
f 2446/2446/2446 2445/2445/2445 2448/2448/2448
f 2445/2445/2445 2444/2444/2444 2447/2447/2447
f 2445/2445/2445 2447/2447/2447 2448/2448/2448
f 2446/2446/2446 2448/2448/2448 2373/2373/2373
f 2373/2373/2373 2448/2448/2448 2370/2370/2370
f 2448/2448/2448 2447/2447/2447 2449/2449/2449
f 2448/2448/2448 2449/2449/2449 2370/2370/2370
f 2370/2370/2370 2449/2449/2449 2371/2371/2371
f 2452/2452/2452 2371/2371/2371 2449/2449/2449
f 2449/2449/2449 2450/2450/2450 2452/2452/2452
f 2450/2450/2450 2449/2449/2449 2447/2447/2447
f 2450/2450/2450 2455/2455/2455 2451/2451/2451
f 2464/2464/2464 2371/2371/2371 2452/2452/2452
f 2464/2464/2464 2467/2467/2467 2371/2371/2371
f 2467/2467/2467 2464/2464/2464 2470/2470/2470
f 2459/2459/2459 2480/2480/2480 2478/2478/2478
f 2253/2253/2253 2478/2478/2478 2480/2480/2480
f 2478/2478/2478 2253/2253/2253 2482/2482/2482
f 2257/2257/2257 2259/2259/2259 2483/2483/2483
f 2260/2260/2260 2474/2474/2474 2484/2484/2484
f 2482/2482/2482 2253/2253/2253 2258/2258/2258
f 2459/2459/2459 2485/2485/2485 2480/2480/2480
f 2485/2485/2485 2486/2486/2486 2480/2480/2480
f 2249/2249/2249 2480/2480/2480 2486/2486/2486
f 2253/2253/2253 2480/2480/2480 2249/2249/2249
f 2485/2485/2485 2487/2487/2487 2486/2486/2486
f 2487/2487/2487 2236/2236/2236 2486/2486/2486
f 2245/2245/2245 2486/2486/2486 2236/2236/2236
f 2249/2249/2249 2486/2486/2486 2245/2245/2245
f 2487/2487/2487 2490/2490/2490 2236/2236/2236
f 2489/2489/2489 2488/2488/2488 2487/2487/2487
f 2488/2488/2488 2490/2490/2490 2487/2487/2487
f 2489/2489/2489 2487/2487/2487 2485/2485/2485
f 2490/2490/2490 2157/2157/2157 2236/2236/2236
f 2488/2488/2488 2149/2149/2149 2490/2490/2490
f 2490/2490/2490 2148/2148/2148 2157/2157/2157
f 2149/2149/2149 2148/2148/2148 2490/2490/2490
f 2492/2492/2492 2491/2491/2491 2489/2489/2489
f 2491/2491/2491 2488/2488/2488 2489/2489/2489
f 2456/2456/2456 2489/2489/2489 2485/2485/2485
f 2492/2492/2492 2489/2489/2489 2456/2456/2456
f 2491/2491/2491 2492/2492/2492 2494/2494/2494
f 2450/2450/2450 2493/2493/2493 2455/2455/2455
f 2450/2450/2450 2496/2496/2496 2493/2493/2493
f 2499/2499/2499 2491/2491/2491 2494/2494/2494
f 2496/2496/2496 2450/2450/2450 2505/2505/2505
f 2496/2496/2496 2505/2505/2505 2503/2503/2503
f 2450/2450/2450 2447/2447/2447 2505/2505/2505
f 2505/2505/2505 2447/2447/2447 2502/2502/2502
f 2502/2502/2502 2444/2444/2444 2507/2507/2507
f 2502/2502/2502 2447/2447/2447 2444/2444/2444
f 2510/2510/2510 2507/2507/2507 2443/2443/2443
f 2507/2507/2507 2444/2444/2444 2443/2443/2443
f 2507/2507/2507 2510/2510/2510 2517/2517/2517
f 2521/2521/2521 2511/2511/2511 2517/2517/2517
f 2517/2517/2517 2510/2510/2510 2520/2520/2520
f 2519/2519/2519 2522/2522/2522 2516/2516/2516
f 2521/2521/2521 1750/1750/1750 2511/2511/2511
f 1742/1742/1742 1750/1750/1750 2521/2521/2521
f 2522/2522/2522 1741/1741/1741 1743/1743/1743
f 1741/1741/1741 2522/2522/2522 2519/2519/2519
f 2509/2509/2509 1741/1741/1741 2519/2519/2519
f 1749/1749/1749 2525/2525/2525 2513/2513/2513
f 2526/2526/2526 2499/2499/2499 2525/2525/2525
f 2526/2526/2526 2525/2525/2525 2531/2531/2531
f 2529/2529/2529 2530/2530/2530 2524/2524/2524
f 1749/1749/1749 2528/2528/2528 2525/2525/2525
f 2530/2530/2530 2532/2532/2532 2527/2527/2527
f 2529/2529/2529 2532/2532/2532 2530/2530/2530
f 2527/2527/2527 2532/2532/2532 1772/1772/1772
f 1774/1774/1774 1772/1772/1772 2532/2532/2532
f 2534/2534/2534 1774/1774/1774 2532/2532/2532
f 2534/2534/2534 2532/2532/2532 2529/2529/2529
f 1753/1753/1753 1774/1774/1774 2534/2534/2534
f 1749/1749/1749 1754/1754/1754 2533/2533/2533
f 1749/1749/1749 2533/2533/2533 2528/2528/2528
f 2499/2499/2499 2526/2526/2526 2539/2539/2539
f 2536/2536/2536 2526/2526/2526 2538/2538/2538
f 2536/2536/2536 2539/2539/2539 2526/2526/2526
f 2527/2527/2527 1772/1772/1772 2537/2537/2537
f 2499/2499/2499 2539/2539/2539 2491/2491/2491
f 2539/2539/2539 2536/2536/2536 2540/2540/2540
f 2539/2539/2539 2541/2541/2541 2491/2491/2491
f 2539/2539/2539 2540/2540/2540 2541/2541/2541
f 2541/2541/2541 2149/2149/2149 2488/2488/2488
f 2491/2491/2491 2541/2541/2541 2488/2488/2488
f 2541/2541/2541 2145/2145/2145 2149/2149/2149
f 2540/2540/2540 2145/2145/2145 2541/2541/2541
f 2540/2540/2540 2543/2543/2543 2146/2146/2146
f 2540/2540/2540 2146/2146/2146 2145/2145/2145
f 2543/2543/2543 2540/2540/2540 2536/2536/2536
f 2543/2543/2543 2536/2536/2536 2544/2544/2544
f 2103/2103/2103 2542/2542/2542 2545/2545/2545
f 2103/2103/2103 2546/2546/2546 2542/2542/2542
f 2547/2547/2547 2146/2146/2146 2543/2543/2543
f 2102/2102/2102 2107/2107/2107 2547/2547/2547
f 2547/2547/2547 2107/2107/2107 2146/2146/2146
f 2546/2546/2546 2103/2103/2103 2101/2101/2101
f 2535/2535/2535 2103/2103/2103 2545/2545/2545
f 2537/2537/2537 1772/1772/1772 2535/2535/2535
f 2535/2535/2535 1772/1772/1772 2103/2103/2103
f 2510/2510/2510 2433/2433/2433 2549/2549/2549
f 2510/2510/2510 2443/2443/2443 2433/2433/2433
f 1744/1744/1744 2509/2509/2509 2548/2548/2548
f 1741/1741/1741 2509/2509/2509 1744/1744/1744
f 2434/2434/2434 1744/1744/1744 2548/2548/2548
f 2456/2456/2456 2485/2485/2485 2459/2459/2459
f 2475/2475/2475 2553/2553/2553 2471/2471/2471
f 2260/2260/2260 2551/2551/2551 2474/2474/2474
f 2550/2550/2550 2553/2553/2553 2475/2475/2475
f 2550/2550/2550 2555/2555/2555 2553/2553/2553
f 2554/2554/2554 2290/2290/2290 2552/2552/2552
f 2552/2552/2552 2557/2557/2557 2468/2468/2468
f 2552/2552/2552 2299/2299/2299 2557/2557/2557
f 2552/2552/2552 2290/2290/2290 2299/2299/2299
f 2467/2467/2467 2470/2470/2470 2556/2556/2556
f 2557/2557/2557 2299/2299/2299 2466/2466/2466
f 2269/2269/2269 2279/2279/2279 2555/2555/2555
f 2269/2269/2269 2555/2555/2555 2550/2550/2550
f 2290/2290/2290 2554/2554/2554 2280/2280/2280
f 2265/2265/2265 2551/2551/2551 2260/2260/2260
f 2265/2265/2265 2268/2268/2268 2551/2551/2551
f 2367/2367/2367 2371/2371/2371 2467/2467/2467
f 2367/2367/2367 2467/2467/2467 2558/2558/2558
f 2466/2466/2466 2298/2298/2298 2559/2559/2559
f 2466/2466/2466 2299/2299/2299 2298/2298/2298
f 2298/2298/2298 2368/2368/2368 2559/2559/2559
f 2561/2561/2561 2446/2446/2446 2373/2373/2373
f 2560/2560/2560 2446/2446/2446 2561/2561/2561
f 2560/2560/2560 2441/2441/2441 2446/2446/2446
f 2415/2415/2415 2560/2560/2560 2561/2561/2561
f 2415/2415/2415 2561/2561/2561 2397/2397/2397
f 2397/2397/2397 2561/2561/2561 2374/2374/2374
f 2561/2561/2561 2373/2373/2373 2374/2374/2374
f 2438/2438/2438 2441/2441/2441 2560/2560/2560
f 2425/2425/2425 2560/2560/2560 2415/2415/2415
f 2430/2430/2430 2560/2560/2560 2425/2425/2425
f 2438/2438/2438 2560/2560/2560 2430/2430/2430
f 2399/2399/2399 2415/2415/2415 2397/2397/2397
f 2397/2397/2397 2374/2374/2374 2376/2376/2376
f 1670/1670/1670 1676/1676/1676 2386/2386/2386
f 2386/2386/2386 1676/1676/1676 1692/1692/1692
f 2379/2379/2379 2352/2352/2352 2562/2562/2562
f 2573/2573/2573 2575/2575/2575 2574/2574/2574
f 2573/2573/2573 2574/2574/2574 2576/2576/2576
f 2570/2570/2570 2575/2575/2575 2573/2573/2573
f 2573/2573/2573 2576/2576/2576 2566/2566/2566
f 2566/2566/2566 2576/2576/2576 2577/2577/2577
f 2577/2577/2577 2576/2576/2576 2578/2578/2578
f 2578/2578/2578 2576/2576/2576 2579/2579/2579
f 2576/2576/2576 2574/2574/2574 2579/2579/2579
f 2579/2579/2579 2580/2580/2580 2583/2583/2583
f 2580/2580/2580 2579/2579/2579 2582/2582/2582
f 2579/2579/2579 2574/2574/2574 2582/2582/2582
f 2586/2586/2586 2578/2578/2578 2579/2579/2579
f 2586/2586/2586 2579/2579/2579 2583/2583/2583
f 2585/2585/2585 2590/2590/2590 2588/2588/2588
f 2587/2587/2587 2578/2578/2578 2586/2586/2586
f 2584/2584/2584 2590/2590/2590 2585/2585/2585
f 2590/2590/2590 2196/2196/2196 2597/2597/2597
f 2329/2329/2329 2196/2196/2196 2590/2590/2590
f 2591/2591/2591 2590/2590/2590 2601/2601/2601
f 2588/2588/2588 2590/2590/2590 2591/2591/2591
f 2594/2594/2594 2590/2590/2590 2598/2598/2598
f 2601/2601/2601 2590/2590/2590 2594/2594/2594
f 2590/2590/2590 1242/1242/1242 1460/1460/1460
f 1460/1460/1460 1464/1464/1464 2590/2590/2590
f 2590/2590/2590 1464/1464/1464 2595/2595/2595
f 2590/2590/2590 2581/2581/2581 2329/2329/2329
f 2598/2598/2598 2590/2590/2590 2595/2595/2595
f 1242/1242/1242 2590/2590/2590 2597/2597/2597
f 2590/2590/2590 2584/2584/2584 2581/2581/2581
f 2593/2593/2593 2602/2602/2602 2600/2600/2600
f 2600/2600/2600 2602/2602/2602 2603/2603/2603
f 2600/2600/2600 2603/2603/2603 2592/2592/2592
f 2602/2602/2602 2604/2604/2604 2603/2603/2603
f 2605/2605/2605 2603/2603/2603 2604/2604/2604
f 2605/2605/2605 2592/2592/2592 2603/2603/2603
f 2606/2606/2606 2578/2578/2578 2607/2607/2607
f 2609/2609/2609 2578/2578/2578 2606/2606/2606
f 2592/2592/2592 2605/2605/2605 2608/2608/2608
f 2605/2605/2605 2604/2604/2604 2610/2610/2610
f 2609/2609/2609 2577/2577/2577 2578/2578/2578
f 2577/2577/2577 2609/2609/2609 2611/2611/2611
f 2610/2610/2610 2604/2604/2604 2612/2612/2612
f 2620/2620/2620 2577/2577/2577 2611/2611/2611
f 2612/2612/2612 2617/2617/2617 2613/2613/2613
f 2620/2620/2620 2611/2611/2611 2614/2614/2614
f 2612/2612/2612 2604/2604/2604 2617/2617/2617
f 2566/2566/2566 2577/2577/2577 2620/2620/2620
f 1625/1625/1625 2615/2615/2615 2618/2618/2618
f 2617/2617/2617 2604/2604/2604 1624/1624/1624
f 1625/1625/1625 1633/1633/1633 2615/2615/2615
f 2607/2607/2607 2578/2578/2578 2587/2587/2587
f 2592/2592/2592 2608/2608/2608 2589/2589/2589
f 1624/1624/1624 2604/2604/2604 1619/1619/1619
f 1619/1619/1619 2604/2604/2604 2602/2602/2602
f 1620/1620/1620 1619/1619/1619 2602/2602/2602
f 2593/2593/2593 1620/1620/1620 2602/2602/2602
f 2599/2599/2599 1620/1620/1620 2593/2593/2593
f 2595/2595/2595 2621/2621/2621 2598/2598/2598
f 1615/1615/1615 2599/2599/2599 2622/2622/2622
f 2599/2599/2599 1615/1615/1615 1620/1620/1620
f 2595/2595/2595 2623/2623/2623 2621/2621/2621
f 2624/2624/2624 1615/1615/1615 2622/2622/2622
f 2623/2623/2623 2595/2595/2595 1470/1470/1470
f 2623/2623/2623 1470/1470/1470 2625/2625/2625
f 2624/2624/2624 1603/1603/1603 1607/1607/1607
f 2626/2626/2626 1603/1603/1603 2624/2624/2624
f 2624/2624/2624 1607/1607/1607 1615/1615/1615
f 2625/2625/2625 1470/1470/1470 2627/2627/2627
f 2630/2630/2630 2626/2626/2626 2628/2628/2628
f 2630/2630/2630 1603/1603/1603 2626/2626/2626
f 2634/2634/2634 1603/1603/1603 2630/2630/2630
f 2632/2632/2632 2631/2631/2631 2629/2629/2629
f 2632/2632/2632 2635/2635/2635 2631/2631/2631
f 2636/2636/2636 1603/1603/1603 2634/2634/2634
f 2632/2632/2632 2638/2638/2638 2635/2635/2635
f 2635/2635/2635 1582/1582/1582 2637/2637/2637
f 2635/2635/2635 2638/2638/2638 1582/1582/1582
f 1474/1474/1474 2638/2638/2638 1476/1476/1476
f 2638/2638/2638 2632/2632/2632 1476/1476/1476
f 1479/1479/1479 1582/1582/1582 2638/2638/2638
f 1474/1474/1474 1479/1479/1479 2638/2638/2638
f 1586/1586/1586 1603/1603/1603 2636/2636/2636
f 1582/1582/1582 1587/1587/1587 2637/2637/2637
f 1470/1470/1470 1475/1475/1475 2633/2633/2633
f 2627/2627/2627 1470/1470/1470 2633/2633/2633
f 2596/2596/2596 1236/1236/1236 1241/1241/1241
f 1236/1236/1236 2596/2596/2596 2195/2195/2195
f 2595/2595/2595 1461/1461/1461 1470/1470/1470
f 1464/1464/1464 1461/1461/1461 2595/2595/2595
f 2580/2580/2580 2582/2582/2582 2639/2639/2639
f 2574/2574/2574 2575/2575/2575 2582/2582/2582
f 2582/2582/2582 2575/2575/2575 2334/2334/2334
f 2639/2639/2639 2582/2582/2582 2334/2334/2334
f 2640/2640/2640 2329/2329/2329 2581/2581/2581
f 2330/2330/2330 2329/2329/2329 2640/2640/2640
f 2639/2639/2639 2334/2334/2334 2331/2331/2331
f 2570/2570/2570 2333/2333/2333 2575/2575/2575
f 2575/2575/2575 2333/2333/2333 2334/2334/2334
f 2337/2337/2337 2333/2333/2333 2570/2570/2570
f 2352/2352/2352 2343/2343/2343 2562/2562/2562
f 2368/2368/2368 2298/2298/2298 2300/2300/2300
f 2318/2318/2318 2194/2194/2194 2329/2329/2329
f 2329/2329/2329 2194/2194/2194 2192/2192/2192
f 2196/2196/2196 2329/2329/2329 2192/2192/2192
f 2324/2324/2324 2314/2314/2314 2313/2313/2313
f 2324/2324/2324 2313/2313/2313 2310/2310/2310
f 2194/2194/2194 2318/2318/2318 2274/2274/2274
f 2293/2293/2293 2274/2274/2274 2318/2318/2318
f 2293/2293/2293 2318/2318/2318 2303/2303/2303
f 2200/2200/2200 2193/2193/2193 2275/2275/2275
f 2241/2241/2241 2248/2248/2248 2240/2240/2240
f 2247/2247/2247 2248/2248/2248 2222/2222/2222
f 2241/2241/2241 2223/2223/2223 2248/2248/2248
f 2248/2248/2248 2223/2223/2223 2222/2222/2222
f 2201/2201/2201 2246/2246/2246 2247/2247/2247
f 2201/2201/2201 2247/2247/2247 2212/2212/2212
f 2212/2212/2212 2247/2247/2247 2222/2222/2222
f 2245/2245/2245 2236/2236/2236 2237/2237/2237
f 2227/2227/2227 2223/2223/2223 2241/2241/2241
f 2159/2159/2159 2215/2215/2215 2233/2233/2233
f 2232/2232/2232 2157/2157/2157 2158/2158/2158
f 2233/2233/2233 2215/2215/2215 2217/2217/2217
f 2218/2218/2218 2225/2225/2225 2217/2217/2217
f 2212/2212/2212 2222/2222/2222 2210/2210/2210
f 2159/2159/2159 2176/2176/2176 2215/2215/2215
f 2187/2187/2187 2181/2181/2181 2198/2198/2198
f 2186/2186/2186 2179/2179/2179 2177/2177/2177
f 2644/2644/2644 2641/2641/2641 2185/2185/2185
f 2643/2643/2643 2185/2185/2185 2641/2641/2641
f 2184/2184/2184 2185/2185/2185 2643/2643/2643
f 2171/2171/2171 2644/2644/2644 2185/2185/2185
f 1202/1202/1202 2644/2644/2644 2171/2171/2171
f 1205/1205/1205 2644/2644/2644 1202/1202/1202
f 1205/1205/1205 2645/2645/2645 2644/2644/2644
f 2644/2644/2644 2645/2645/2645 2641/2641/2641
f 1205/1205/1205 1210/1210/1210 2645/2645/2645
f 2645/2645/2645 1210/1210/1210 2646/2646/2646
f 2645/2645/2645 2646/2646/2646 2641/2641/2641
f 2647/2647/2647 2641/2641/2641 2646/2646/2646
f 1210/1210/1210 1215/1215/1215 2646/2646/2646
f 2646/2646/2646 2649/2649/2649 2647/2647/2647
f 2649/2649/2649 2646/2646/2646 1215/1215/1215
f 2650/2650/2650 1236/1236/1236 2648/2648/2648
f 1238/1238/1238 1236/1236/1236 2650/2650/2650
f 2649/2649/2649 1215/1215/1215 1237/1237/1237
f 2648/2648/2648 1236/1236/1236 2642/2642/2642
f 2643/2643/2643 2641/2641/2641 2647/2647/2647
f 2642/2642/2642 1236/1236/1236 2183/2183/2183
f 2161/2161/2161 2176/2176/2176 2159/2159/2159
f 1202/1202/1202 2171/2171/2171 2170/2170/2170
f 1197/1197/1197 2143/2143/2143 1180/1180/1180
f 2095/2095/2095 2087/2087/2087 2114/2114/2114
f 2113/2113/2113 2098/2098/2098 2096/2096/2096
f 2103/2103/2103 1772/1772/1772 1773/1773/1773
f 2103/2103/2103 1773/1773/1773 1788/1788/1788
f 2091/2091/2091 1784/1784/1784 1786/1786/1786
f 2090/2090/2090 2092/2092/2092 1787/1787/1787
f 2089/2089/2089 1789/1789/1789 2086/2086/2086
f 1785/1785/1785 1789/1789/1789 2089/2089/2089
f 2086/2086/2086 1789/1789/1789 2079/2079/2079
f 1789/1789/1789 2083/2083/2083 2079/2079/2079
f 1789/1789/1789 2061/2061/2061 2083/2083/2083
f 1171/1171/1171 2073/2073/2073 2071/2071/2071
f 1171/1171/1171 2071/2071/2071 2652/2652/2652
f 2652/2652/2652 2071/2071/2071 1160/1160/1160
f 2652/2652/2652 1160/1160/1160 1159/1159/1159
f 1758/1758/1758 1774/1774/1774 1753/1753/1753
f 1726/1726/1726 1768/1768/1768 1762/1762/1762
f 1728/1728/1728 1725/1725/1725 1763/1763/1763
f 1762/1762/1762 1738/1738/1738 1727/1727/1727
f 1731/1731/1731 1715/1715/1715 1717/1717/1717
f 1698/1698/1698 1710/1710/1710 1704/1704/1704
f 1706/1706/1706 1694/1694/1694 1695/1695/1695
f 1692/1692/1692 1676/1676/1676 1680/1680/1680
f 1658/1658/1658 1673/1673/1673 1654/1654/1654
f 1631/1631/1631 1634/1634/1634 1648/1648/1648
f 1624/1624/1624 1619/1619/1619 1627/1627/1627
f 1609/1609/1609 1614/1614/1614 1611/1611/1611
f 1598/1598/1598 1609/1609/1609 1606/1606/1606
f 1563/1563/1563 1527/1527/1527 1530/1530/1530
f 1563/1563/1563 1514/1514/1514 1527/1527/1527
f 1514/1514/1514 1563/1563/1563 1510/1510/1510
f 1563/1563/1563 1501/1501/1501 1510/1510/1510
f 1504/1504/1504 1510/1510/1510 1501/1501/1501
f 1490/1490/1490 1506/1506/1506 1489/1489/1489
f 1504/1504/1504 1501/1501/1501 1500/1500/1500
f 1485/1485/1485 1493/1493/1493 1482/1482/1482
f 1468/1468/1468 1490/1490/1490 1488/1488/1488
f 1466/1466/1466 1468/1468/1468 1488/1488/1488
f 1466/1466/1466 1488/1488/1488 1472/1472/1472
f 1460/1460/1460 1242/1242/1242 1244/1244/1244
f 1061/1061/1061 1458/1458/1458 1064/1064/1064
f 1069/1069/1069 1245/1245/1245 1240/1240/1240
f 1069/1069/1069 1064/1064/1064 1245/1245/1245
f 1225/1225/1225 1218/1218/1218 1228/1228/1228
f 1147/1147/1147 1168/1168/1168 1149/1149/1149
f 1160/1160/1160 1153/1153/1153 1151/1151/1151
f 1147/1147/1147 1149/1149/1149 1145/1145/1145
f 1120/1120/1120 1131/1131/1131 1119/1119/1119
f 1124/1124/1124 1114/1114/1114 1112/1112/1112
f 1124/1124/1124 1108/1108/1108 1114/1114/1114
f 1086/1086/1086 1089/1089/1089 1084/1084/1084
f 1041/1041/1041 961/961/961 1044/1044/1044
f 961/961/961 964/964/964 1044/1044/1044
f 960/960/960 961/961/961 1041/1041/1041
f 1038/1038/1038 960/960/960 1041/1041/1041
f 1026/1026/1026 2653/2653/2653 1038/1038/1038
f 2653/2653/2653 960/960/960 1038/1038/1038
f 2653/2653/2653 957/957/957 960/960/960
f 2654/2654/2654 957/957/957 2653/2653/2653
f 1018/1018/1018 2654/2654/2654 2653/2653/2653
f 1018/1018/1018 2653/2653/2653 1026/1026/1026
f 1019/1019/1019 2655/2655/2655 2654/2654/2654
f 2655/2655/2655 958/958/958 2654/2654/2654
f 2654/2654/2654 958/958/958 957/957/957
f 1019/1019/1019 2654/2654/2654 1018/1018/1018
f 2656/2656/2656 2657/2657/2657 2655/2655/2655
f 2656/2656/2656 2655/2655/2655 1019/1019/1019
f 2655/2655/2655 2658/2658/2658 958/958/958
f 2657/2657/2657 2658/2658/2658 2655/2655/2655
f 2657/2657/2657 2659/2659/2659 2658/2658/2658
f 2659/2659/2659 951/951/951 2658/2658/2658
f 2658/2658/2658 952/952/952 958/958/958
f 2658/2658/2658 951/951/951 952/952/952
f 2660/2660/2660 2659/2659/2659 2657/2657/2657
f 2660/2660/2660 2661/2661/2661 2659/2659/2659
f 2661/2661/2661 2662/2662/2662 2659/2659/2659
f 2659/2659/2659 2662/2662/2662 951/951/951
f 2661/2661/2661 2663/2663/2663 2662/2662/2662
f 2663/2663/2663 2664/2664/2664 2662/2662/2662
f 2662/2662/2662 2664/2664/2664 949/949/949
f 2662/2662/2662 949/949/949 951/951/951
f 2665/2665/2665 2666/2666/2666 2664/2664/2664
f 2663/2663/2663 2665/2665/2665 2664/2664/2664
f 2664/2664/2664 2666/2666/2666 946/946/946
f 2664/2664/2664 946/946/946 949/949/949
f 2665/2665/2665 2667/2667/2667 2666/2666/2666
f 2667/2667/2667 2668/2668/2668 2666/2666/2666
f 2666/2666/2666 2668/2668/2668 945/945/945
f 2666/2666/2666 945/945/945 946/946/946
f 2668/2668/2668 2672/2672/2672 2669/2669/2669
f 2668/2668/2668 2669/2669/2669 945/945/945
f 2667/2667/2667 2671/2671/2671 2668/2668/2668
f 2671/2671/2671 2675/2675/2675 2668/2668/2668
f 2672/2672/2672 2668/2668/2668 2675/2675/2675
f 2676/2676/2676 2674/2674/2674 2679/2679/2679
f 2674/2674/2674 2676/2676/2676 2673/2673/2673
f 2671/2671/2671 2677/2677/2677 2675/2675/2675
f 2679/2679/2679 2674/2674/2674 2678/2678/2678
f 2679/2679/2679 927/927/927 2676/2676/2676
f 2679/2679/2679 2682/2682/2682 2680/2680/2680
f 2680/2680/2680 2681/2681/2681 2679/2679/2679
f 2682/2682/2682 2679/2679/2679 2678/2678/2678
f 2679/2679/2679 2681/2681/2681 927/927/927
f 2677/2677/2677 2671/2671/2671 2683/2683/2683
f 2684/2684/2684 2683/2683/2683 2671/2671/2671
f 2684/2684/2684 2685/2685/2685 2683/2683/2683
f 2680/2680/2680 2682/2682/2682 2686/2686/2686
f 2687/2687/2687 2680/2680/2680 2686/2686/2686
f 2685/2685/2685 2684/2684/2684 2688/2688/2688
f 2689/2689/2689 2688/2688/2688 2684/2684/2684
f 2689/2689/2689 2690/2690/2690 2688/2688/2688
f 2680/2680/2680 2687/2687/2687 2692/2692/2692
f 2692/2692/2692 2687/2687/2687 2691/2691/2691
f 2693/2693/2693 2697/2697/2697 2692/2692/2692
f 2692/2692/2692 2695/2695/2695 2693/2693/2693
f 2692/2692/2692 2694/2694/2694 2680/2680/2680
f 2692/2692/2692 2697/2697/2697 2694/2694/2694
f 2695/2695/2695 2692/2692/2692 2691/2691/2691
f 2697/2697/2697 887/887/887 891/891/891
f 2697/2697/2697 891/891/891 2694/2694/2694
f 2693/2693/2693 2698/2698/2698 2697/2697/2697
f 887/887/887 2697/2697/2697 2698/2698/2698
f 2699/2699/2699 2698/2698/2698 2693/2693/2693
f 2699/2699/2699 878/878/878 2698/2698/2698
f 878/878/878 879/879/879 2698/2698/2698
f 2698/2698/2698 879/879/879 887/887/887
f 2693/2693/2693 2702/2702/2702 2699/2699/2699
f 2699/2699/2699 2702/2702/2702 2700/2700/2700
f 2704/2704/2704 2699/2699/2699 2700/2700/2700
f 2699/2699/2699 2704/2704/2704 2706/2706/2706
f 2706/2706/2706 878/878/878 2699/2699/2699
f 2708/2708/2708 2706/2706/2706 2710/2710/2710
f 2706/2706/2706 2708/2708/2708 2709/2709/2709
f 2709/2709/2709 877/877/877 2706/2706/2706
f 2706/2706/2706 877/877/877 878/878/878
f 2706/2706/2706 2704/2704/2704 2710/2710/2710
f 2711/2711/2711 2712/2712/2712 2707/2707/2707
f 2712/2712/2712 2711/2711/2711 2705/2705/2705
f 2712/2712/2712 2705/2705/2705 2713/2713/2713
f 2715/2715/2715 2712/2712/2712 2713/2713/2713
f 2716/2716/2716 2714/2714/2714 2712/2712/2712
f 2714/2714/2714 2707/2707/2707 2712/2712/2712
f 2716/2716/2716 2712/2712/2712 2715/2715/2715
f 2717/2717/2717 2714/2714/2714 2716/2716/2716
f 2716/2716/2716 2719/2719/2719 2717/2717/2717
f 2718/2718/2718 2716/2716/2716 2715/2715/2715
f 2722/2722/2722 2716/2716/2716 2718/2718/2718
f 2719/2719/2719 2716/2716/2716 2722/2722/2722
f 2722/2722/2722 2718/2718/2718 2725/2725/2725
f 2723/2723/2723 2721/2721/2721 2726/2726/2726
f 2724/2724/2724 2721/2721/2721 2723/2723/2723
f 2721/2721/2721 2724/2724/2724 2720/2720/2720
f 2725/2725/2725 2718/2718/2718 2727/2727/2727
f 2728/2728/2728 2723/2723/2723 2726/2726/2726
f 2718/2718/2718 2730/2730/2730 2727/2727/2727
f 2728/2728/2728 2729/2729/2729 2723/2723/2723
f 2729/2729/2729 2728/2728/2728 2731/2731/2731
f 2718/2718/2718 2733/2733/2733 2730/2730/2730
f 2732/2732/2732 2729/2729/2729 2731/2731/2731
f 2734/2734/2734 2737/2737/2737 2732/2732/2732
f 2733/2733/2733 2736/2736/2736 2735/2735/2735
f 2736/2736/2736 2733/2733/2733 2718/2718/2718
f 2732/2732/2732 2737/2737/2737 2729/2729/2729
f 2738/2738/2738 2737/2737/2737 2734/2734/2734
f 2738/2738/2738 2741/2741/2741 2737/2737/2737
f 2741/2741/2741 2740/2740/2740 2737/2737/2737
f 2740/2740/2740 2742/2742/2742 2737/2737/2737
f 2737/2737/2737 2742/2742/2742 2729/2729/2729
f 2748/2748/2748 2743/2743/2743 2742/2742/2742
f 2742/2742/2742 2743/2743/2743 2729/2729/2729
f 2744/2744/2744 2742/2742/2742 2740/2740/2740
f 2742/2742/2742 2744/2744/2744 2746/2746/2746
f 2748/2748/2748 2742/2742/2742 2746/2746/2746
f 2749/2749/2749 2752/2752/2752 2750/2750/2750
f 2751/2751/2751 2743/2743/2743 2748/2748/2748
f 2747/2747/2747 2752/2752/2752 2749/2749/2749
f 2752/2752/2752 2753/2753/2753 2754/2754/2754
f 2752/2752/2752 2747/2747/2747 2753/2753/2753
f 2756/2756/2756 2752/2752/2752 2754/2754/2754
f 2755/2755/2755 2758/2758/2758 2752/2752/2752
f 2755/2755/2755 2752/2752/2752 2756/2756/2756
f 2752/2752/2752 2758/2758/2758 2750/2750/2750
f 2758/2758/2758 2755/2755/2755 2760/2760/2760
f 2759/2759/2759 2761/2761/2761 2757/2757/2757
f 2761/2761/2761 2751/2751/2751 2757/2757/2757
f 2759/2759/2759 2762/2762/2762 2761/2761/2761
f 2743/2743/2743 2761/2761/2761 2723/2723/2723
f 2751/2751/2751 2761/2761/2761 2743/2743/2743
f 2723/2723/2723 2761/2761/2761 2724/2724/2724
f 2761/2761/2761 2762/2762/2762 2724/2724/2724
f 2766/2766/2766 2762/2762/2762 2759/2759/2759
f 2724/2724/2724 2762/2762/2762 2763/2763/2763
f 2762/2762/2762 2764/2764/2764 2763/2763/2763
f 2766/2766/2766 2764/2764/2764 2762/2762/2762
f 2755/2755/2755 2767/2767/2767 2765/2765/2765
f 2760/2760/2760 2755/2755/2755 2765/2765/2765
f 2764/2764/2764 2766/2766/2766 2768/2768/2768
f 2755/2755/2755 2769/2769/2769 2767/2767/2767
f 2770/2770/2770 2764/2764/2764 2768/2768/2768
f 2756/2756/2756 2769/2769/2769 2755/2755/2755
f 2771/2771/2771 2769/2769/2769 2756/2756/2756
f 2771/2771/2771 2775/2775/2775 2769/2769/2769
f 2769/2769/2769 2775/2775/2775 2772/2772/2772
f 2773/2773/2773 2774/2774/2774 2770/2770/2770
f 2770/2770/2770 2774/2774/2774 2764/2764/2764
f 2791/2791/2791 2779/2779/2779 2775/2775/2775
f 2775/2775/2775 2779/2779/2779 2784/2784/2784
f 2775/2775/2775 2784/2784/2784 2785/2785/2785
f 2789/2789/2789 2776/2776/2776 2786/2786/2786
f 2776/2776/2776 2774/2774/2774 2773/2773/2773
f 2774/2774/2774 2776/2776/2776 2789/2789/2789
f 2791/2791/2791 2775/2775/2775 2771/2771/2771
f 2771/2771/2771 2792/2792/2792 2791/2791/2791
f 2791/2791/2791 2792/2792/2792 2802/2802/2802
f 2779/2779/2779 2791/2791/2791 2795/2795/2795
f 2791/2791/2791 2798/2798/2798 2795/2795/2795
f 2791/2791/2791 2797/2797/2797 2798/2798/2798
f 2791/2791/2791 2801/2801/2801 2797/2797/2797
f 2802/2802/2802 2801/2801/2801 2791/2791/2791
f 2802/2802/2802 2807/2807/2807 2801/2801/2801
f 2802/2802/2802 2808/2808/2808 2807/2807/2807
f 2808/2808/2808 2802/2802/2802 2811/2811/2811
f 2812/2812/2812 2814/2814/2814 2815/2815/2815
f 2805/2805/2805 2814/2814/2814 2812/2812/2812
f 2816/2816/2816 2809/2809/2809 2811/2811/2811
f 2813/2813/2813 2817/2817/2817 2816/2816/2816
f 2816/2816/2816 2817/2817/2817 2809/2809/2809
f 2817/2817/2817 2820/2820/2820 2818/2818/2818
f 2818/2818/2818 2819/2819/2819 2817/2817/2817
f 2806/2806/2806 2817/2817/2817 2819/2819/2819
f 2820/2820/2820 2817/2817/2817 2813/2813/2813
f 2809/2809/2809 2817/2817/2817 2806/2806/2806
f 2814/2814/2814 2822/2822/2822 2821/2821/2821
f 2821/2821/2821 2822/2822/2822 2823/2823/2823
f 2821/2821/2821 358/358/358 2824/2824/2824
f 2823/2823/2823 358/358/358 2821/2821/2821
f 2818/2818/2818 2820/2820/2820 2825/2825/2825
f 360/360/360 2818/2818/2818 2825/2825/2825
f 2823/2823/2823 366/366/366 356/356/356
f 366/366/366 2823/2823/2823 2826/2826/2826
f 2827/2827/2827 2826/2826/2826 2823/2823/2823
f 2827/2827/2827 2823/2823/2823 2822/2822/2822
f 358/358/358 2823/2823/2823 356/356/356
f 390/390/390 2826/2826/2826 2827/2827/2827
f 2829/2829/2829 390/390/390 2827/2827/2827
f 2829/2829/2829 2827/2827/2827 2822/2822/2822
f 2829/2829/2829 2822/2822/2822 2805/2805/2805
f 2830/2830/2830 390/390/390 2829/2829/2829
f 393/393/393 390/390/390 2830/2830/2830
f 390/390/390 391/391/391 2826/2826/2826
f 366/366/366 2826/2826/2826 372/372/372
f 372/372/372 2826/2826/2826 391/391/391
f 2805/2805/2805 2822/2822/2822 2814/2814/2814
f 2832/2832/2832 2819/2819/2819 2818/2818/2818
f 2832/2832/2832 2833/2833/2833 2819/2819/2819
f 2800/2800/2800 2819/2819/2819 2833/2833/2833
f 2806/2806/2806 2819/2819/2819 2800/2800/2800
f 2835/2835/2835 2833/2833/2833 2832/2832/2832
f 2835/2835/2835 2834/2834/2834 2833/2833/2833
f 2796/2796/2796 2833/2833/2833 2834/2834/2834
f 2833/2833/2833 2796/2796/2796 2800/2800/2800
f 2839/2839/2839 2835/2835/2835 2836/2836/2836
f 2836/2836/2836 2835/2835/2835 2832/2832/2832
f 2839/2839/2839 2838/2838/2838 2835/2835/2835
f 2838/2838/2838 2834/2834/2834 2835/2835/2835
f 341/341/341 2840/2840/2840 2837/2837/2837
f 2841/2841/2841 2838/2838/2838 2839/2839/2839
f 2843/2843/2843 2842/2842/2842 2840/2840/2840
f 2843/2843/2843 2840/2840/2840 341/341/341
f 2848/2848/2848 2842/2842/2842 2843/2843/2843
f 2844/2844/2844 338/338/338 2845/2845/2845
f 2844/2844/2844 2845/2845/2845 2847/2847/2847
f 340/340/340 338/338/338 2844/2844/2844
f 2842/2842/2842 2848/2848/2848 2852/2852/2852
f 2846/2846/2846 2850/2850/2850 2849/2849/2849
f 2850/2850/2850 2854/2854/2854 2857/2857/2857
f 2846/2846/2846 2854/2854/2854 2850/2850/2850
f 2858/2858/2858 2855/2855/2855 2853/2853/2853
f 2856/2856/2856 2841/2841/2841 2851/2851/2851
f 2858/2858/2858 2859/2859/2859 2855/2855/2855
f 2860/2860/2860 2859/2859/2859 2858/2858/2858
f 2857/2857/2857 2854/2854/2854 2861/2861/2861
f 2783/2783/2783 2859/2859/2859 2860/2860/2860
f 2783/2783/2783 2860/2860/2860 2862/2862/2862
f 2861/2861/2861 2864/2864/2864 2863/2863/2863
f 2861/2861/2861 2854/2854/2854 2864/2864/2864
f 2866/2866/2866 2863/2863/2863 2864/2864/2864
f 2866/2866/2866 2864/2864/2864 2868/2868/2868
f 2854/2854/2854 336/336/336 2864/2864/2864
f 2864/2864/2864 336/336/336 331/331/331
f 2868/2868/2868 2864/2864/2864 331/331/331
f 2869/2869/2869 2867/2867/2867 334/334/334
f 2868/2868/2868 331/331/331 332/332/332
f 2869/2869/2869 2865/2865/2865 2867/2867/2867
f 2869/2869/2869 334/334/334 312/312/312
f 2869/2869/2869 312/312/312 2870/2870/2870
f 2869/2869/2869 2870/2870/2870 2874/2874/2874
f 2869/2869/2869 2874/2874/2874 2872/2872/2872
f 2787/2787/2787 2869/2869/2869 2872/2872/2872
f 2869/2869/2869 2781/2781/2781 2865/2865/2865
f 2869/2869/2869 2787/2787/2787 2781/2781/2781
f 2871/2871/2871 2876/2876/2876 2875/2875/2875
f 2875/2875/2875 2876/2876/2876 2873/2873/2873
f 316/316/316 2876/2876/2876 2871/2871/2871
f 319/319/319 2876/2876/2876 316/316/316
f 2790/2790/2790 2876/2876/2876 2878/2878/2878
f 2873/2873/2873 2876/2876/2876 2790/2790/2790
f 319/319/319 2877/2877/2877 2876/2876/2876
f 2878/2878/2878 2876/2876/2876 2877/2877/2877
f 2881/2881/2881 2880/2880/2880 2879/2879/2879
f 2879/2879/2879 2880/2880/2880 2789/2789/2789
f 2881/2881/2881 2879/2879/2879 2887/2887/2887
f 2878/2878/2878 2877/2877/2877 2883/2883/2883
f 2878/2878/2878 2883/2883/2883 2886/2886/2886
f 2884/2884/2884 2888/2888/2888 2885/2885/2885
f 2885/2885/2885 2889/2889/2889 2882/2882/2882
f 2885/2885/2885 2888/2888/2888 2889/2889/2889
f 2889/2889/2889 2888/2888/2888 2891/2891/2891
f 2889/2889/2889 2891/2891/2891 2892/2892/2892
f 2890/2890/2890 2880/2880/2880 2881/2881/2881
f 2893/2893/2893 2880/2880/2880 2890/2890/2890
f 2891/2891/2891 2894/2894/2894 2892/2892/2892
f 2896/2896/2896 2893/2893/2893 2895/2895/2895
f 2893/2893/2893 2896/2896/2896 2880/2880/2880
f 2764/2764/2764 2774/2774/2774 2896/2896/2896
f 2763/2763/2763 2764/2764/2764 2896/2896/2896
f 2897/2897/2897 2896/2896/2896 2895/2895/2895
f 2896/2896/2896 2774/2774/2774 2880/2880/2880
f 2897/2897/2897 2763/2763/2763 2896/2896/2896
f 2894/2894/2894 2717/2717/2717 2898/2898/2898
f 2900/2900/2900 2763/2763/2763 2897/2897/2897
f 2898/2898/2898 2717/2717/2717 2899/2899/2899
f 2717/2717/2717 2719/2719/2719 2899/2899/2899
f 2900/2900/2900 2724/2724/2724 2763/2763/2763
f 2724/2724/2724 2900/2900/2900 2720/2720/2720
f 2894/2894/2894 2891/2891/2891 2717/2717/2717
f 2891/2891/2891 2901/2901/2901 2717/2717/2717
f 2891/2891/2891 2888/2888/2888 2901/2901/2901
f 2717/2717/2717 2901/2901/2901 2714/2714/2714
f 2901/2901/2901 2906/2906/2906 2714/2714/2714
f 2902/2902/2902 2901/2901/2901 2904/2904/2904
f 2901/2901/2901 2902/2902/2902 2906/2906/2906
f 2888/2888/2888 2904/2904/2904 2901/2901/2901
f 2910/2910/2910 2907/2907/2907 2903/2903/2903
f 2908/2908/2908 2714/2714/2714 2906/2906/2906
f 2907/2907/2907 2709/2709/2709 2909/2909/2909
f 2709/2709/2709 2907/2907/2907 2910/2910/2910
f 2910/2910/2910 2905/2905/2905 2911/2911/2911
f 2905/2905/2905 2910/2910/2910 2903/2903/2903
f 2911/2911/2911 2912/2912/2912 2910/2910/2910
f 2910/2910/2910 2912/2912/2912 2913/2913/2913
f 2910/2910/2910 2913/2913/2913 2709/2709/2709
f 864/864/864 2913/2913/2913 2912/2912/2912
f 2709/2709/2709 2913/2913/2913 877/877/877
f 869/869/869 877/877/877 2913/2913/2913
f 2913/2913/2913 861/861/861 866/866/866
f 869/869/869 2913/2913/2913 866/866/866
f 2913/2913/2913 864/864/864 861/861/861
f 2911/2911/2911 2915/2915/2915 2912/2912/2912
f 864/864/864 2912/2912/2912 859/859/859
f 859/859/859 2912/2912/2912 2915/2915/2915
f 2911/2911/2911 2916/2916/2916 2915/2915/2915
f 855/855/855 860/860/860 2914/2914/2914
f 855/855/855 2914/2914/2914 2917/2917/2917
f 2911/2911/2911 2919/2919/2919 2916/2916/2916
f 2918/2918/2918 856/856/856 2917/2917/2917
f 2917/2917/2917 856/856/856 855/855/855
f 2922/2922/2922 2919/2919/2919 2911/2911/2911
f 2921/2921/2921 856/856/856 2918/2918/2918
f 2919/2919/2919 2922/2922/2922 2920/2920/2920
f 2911/2911/2911 2925/2925/2925 2922/2922/2922
f 2922/2922/2922 2923/2923/2923 2927/2927/2927
f 2923/2923/2923 2922/2922/2922 2928/2928/2928
f 2922/2922/2922 2925/2925/2925 2928/2928/2928
f 2930/2930/2930 2922/2922/2922 2927/2927/2927
f 2922/2922/2922 2930/2930/2930 2920/2920/2920
f 2932/2932/2932 2921/2921/2921 2931/2931/2931
f 2931/2931/2931 2933/2933/2933 2932/2932/2932
f 2935/2935/2935 2933/2933/2933 2931/2931/2931
f 2930/2930/2930 2927/2927/2927 2934/2934/2934
f 2937/2937/2937 2933/2933/2933 2935/2935/2935
f 2934/2934/2934 2927/2927/2927 2936/2936/2936
f 2936/2936/2936 2927/2927/2927 2939/2939/2939
f 2938/2938/2938 2940/2940/2940 2937/2937/2937
f 2937/2937/2937 2940/2940/2940 2933/2933/2933
f 2942/2942/2942 2941/2941/2941 2940/2940/2940
f 2940/2940/2940 2941/2941/2941 83/83/83
f 2940/2940/2940 83/83/83 86/86/86
f 2942/2942/2942 2940/2940/2940 2938/2938/2938
f 2933/2933/2933 2940/2940/2940 86/86/86
f 2944/2944/2944 2946/2946/2946 2943/2943/2943
f 2939/2939/2939 2944/2944/2944 2943/2943/2943
f 2941/2941/2941 2942/2942/2942 2945/2945/2945
f 2944/2944/2944 2947/2947/2947 2946/2946/2946
f 2952/2952/2952 2945/2945/2945 2949/2949/2949
f 2945/2945/2945 2950/2950/2950 2941/2941/2941
f 2950/2950/2950 2945/2945/2945 2952/2952/2952
f 2957/2957/2957 2953/2953/2953 2948/2948/2948
f 78/78/78 2953/2953/2953 2956/2956/2956
f 2953/2953/2953 78/78/78 2954/2954/2954
f 2953/2953/2953 2954/2954/2954 2951/2951/2951
f 2957/2957/2957 2956/2956/2956 2953/2953/2953
f 2947/2947/2947 2961/2961/2961 2958/2958/2958
f 2956/2956/2956 2957/2957/2957 2960/2960/2960
f 2961/2961/2961 2959/2959/2959 2958/2958/2958
f 2944/2944/2944 2967/2967/2967 2961/2961/2961
f 2947/2947/2947 2944/2944/2944 2961/2961/2961
f 2961/2961/2961 2965/2965/2965 2962/2962/2962
f 2971/2971/2971 2961/2961/2961 2962/2962/2962
f 2961/2961/2961 2967/2967/2967 2963/2963/2963
f 2970/2970/2970 2961/2961/2961 2963/2963/2963
f 2961/2961/2961 2970/2970/2970 2965/2965/2965
f 2961/2961/2961 2971/2971/2971 2959/2959/2959
f 2971/2971/2971 2962/2962/2962 2974/2974/2974
f 2972/2972/2972 2973/2973/2973 2960/2960/2960
f 2975/2975/2975 2973/2973/2973 2972/2972/2972
f 2962/2962/2962 2977/2977/2977 2974/2974/2974
f 2975/2975/2975 2976/2976/2976 2973/2973/2973
f 2976/2976/2976 2975/2975/2975 2978/2978/2978
f 2977/2977/2977 2962/2962/2962 2/2/2
f 2977/2977/2977 2/2/2 2980/2980/2980
f 2979/2979/2979 21/21/21 2978/2978/2978
f 2978/2978/2978 21/21/21 2976/2976/2976
f 2980/2980/2980 2/2/2 18/18/18
f 19/19/19 21/21/21 2979/2979/2979
f 74/74/74 2976/2976/2976 73/73/73
f 2976/2976/2976 74/74/74 2973/2973/2973
f 73/73/73 2976/2976/2976 21/21/21
f 74/74/74 2956/2956/2956 2973/2973/2973
f 2960/2960/2960 2973/2973/2973 2956/2956/2956
f 2981/2981/2981 2966/2966/2966 2969/2969/2969
f 2964/2964/2964 2981/2981/2981 2969/2969/2969
f 2981/2981/2981 2968/2968/2968 2984/2984/2984
f 2981/2981/2981 2964/2964/2964 2968/2968/2968
f 2966/2966/2966 2981/2981/2981 2982/2982/2982
f 2982/2982/2982 2981/2981/2981 255/255/255
f 2984/2984/2984 2988/2988/2988 2981/2981/2981
f 2981/2981/2981 2990/2990/2990 255/255/255
f 2981/2981/2981 2988/2988/2988 2986/2986/2986
f 2990/2990/2990 2981/2981/2981 2986/2986/2986
f 267/267/267 266/266/266 2989/2989/2989
f 255/255/255 2990/2990/2990 265/265/265
f 2985/2985/2985 267/267/267 2989/2989/2989
f 2992/2992/2992 320/320/320 2987/2987/2987
f 320/320/320 2985/2985/2985 2987/2987/2987
f 2988/2988/2988 2984/2984/2984 2991/2991/2991
f 2993/2993/2993 2991/2991/2991 2984/2984/2984
f 2993/2993/2993 2997/2997/2997 2991/2991/2991
f 2994/2994/2994 320/320/320 2992/2992/2992
f 2994/2994/2994 2992/2992/2992 2998/2998/2998
f 2997/2997/2997 2993/2993/2993 3000/3000/3000
f 2999/2999/2999 2995/2995/2995 2996/2996/2996
f 2993/2993/2993 3002/3002/3002 3000/3000/3000
f 2877/2877/2877 2999/2999/2999 3001/3001/3001
f 2999/2999/2999 2877/2877/2877 2995/2995/2995
f 3002/3002/3002 2993/2993/2993 3003/3003/3003
f 3002/3002/3002 3003/3003/3003 2884/2884/2884
f 2883/2883/2883 2877/2877/2877 3001/3001/3001
f 2929/2929/2929 3003/3003/3003 2924/2924/2924
f 2993/2993/2993 2924/2924/2924 3003/3003/3003
f 2888/2888/2888 2884/2884/2884 3003/3003/3003
f 3003/3003/3003 2926/2926/2926 2888/2888/2888
f 3003/3003/3003 2929/2929/2929 2926/2926/2926
f 2995/2995/2995 2877/2877/2877 3004/3004/3004
f 320/320/320 2994/2994/2994 3004/3004/3004
f 3004/3004/3004 2877/2877/2877 319/319/319
f 318/318/318 320/320/320 3004/3004/3004
f 2993/2993/2993 3007/3007/3007 2924/2924/2924
f 2984/2984/2984 3006/3006/3006 2993/2993/2993
f 3007/3007/3007 2993/2993/2993 3006/3006/3006
f 3005/3005/3005 2927/2927/2927 3008/3008/3008
f 2927/2927/2927 2923/2923/2923 3008/3008/3008
f 2984/2984/2984 3010/3010/3010 3006/3006/3006
f 2927/2927/2927 3005/3005/3005 2944/2944/2944
f 2944/2944/2944 3005/3005/3005 3009/3009/3009
f 2967/2967/2967 2944/2944/2944 3009/3009/3009
f 3010/3010/3010 2984/2984/2984 2968/2968/2968
f 2985/2985/2985 320/320/320 267/267/267
f 2962/2962/2962 2983/2983/2983 3012/3012/3012
f 2983/2983/2983 2962/2962/2962 2965/2965/2965
f 255/255/255 3011/3011/3011 2982/2982/2982
f 2962/2962/2962 3012/3012/3012 2/2/2
f 254/254/254 2/2/2 3012/3012/3012
f 3011/3011/3011 255/255/255 253/253/253
f 78/78/78 2956/2956/2956 74/74/74
f 77/77/77 83/83/83 2955/2955/2955
f 2955/2955/2955 2941/2941/2941 2950/2950/2950
f 2955/2955/2955 83/83/83 2941/2941/2941
f 2939/2939/2939 2927/2927/2927 2944/2944/2944
f 2932/2932/2932 2933/2933/2933 89/89/89
f 2933/2933/2933 86/86/86 89/89/89
f 856/856/856 2921/2921/2921 2932/2932/2932
f 857/857/857 856/856/856 2932/2932/2932
f 2932/2932/2932 89/89/89 857/857/857
f 2925/2925/2925 2911/2911/2911 3013/3013/3013
f 3014/3014/3014 2888/2888/2888 2926/2926/2926
f 2911/2911/2911 2905/2905/2905 3013/3013/3013
f 2888/2888/2888 3014/3014/3014 2904/2904/2904
f 2709/2709/2709 2708/2708/2708 2909/2909/2909
f 2714/2714/2714 2908/2908/2908 2707/2707/2707
f 2789/2789/2789 2880/2880/2880 2774/2774/2774
f 2873/2873/2873 2790/2790/2790 2788/2788/2788
f 2870/2870/2870 312/312/312 314/314/314
f 2863/2863/2863 2866/2866/2866 2780/2780/2780
f 2859/2859/2859 2838/2838/2838 2856/2856/2856
f 2859/2859/2859 2834/2834/2834 2838/2838/2838
f 2834/2834/2834 2859/2859/2859 3015/3015/3015
f 2782/2782/2782 3016/3016/3016 2859/2859/2859
f 2794/2794/2794 2834/2834/2834 3015/3015/3015
f 2794/2794/2794 3015/3015/3015 2778/2778/2778
f 3016/3016/3016 2782/2782/2782 2777/2777/2777
f 2856/2856/2856 2838/2838/2838 2841/2841/2841
f 3017/3017/3017 2854/2854/2854 2846/2846/2846
f 336/336/336 2854/2854/2854 3017/3017/3017
f 2845/2845/2845 338/338/338 3018/3018/3018
f 3018/3018/3018 338/338/338 337/337/337
f 341/341/341 2837/2837/2837 343/343/343
f 343/343/343 2837/2837/2837 3020/3020/3020
f 2832/2832/2832 3019/3019/3019 2836/2836/2836
f 343/343/343 3020/3020/3020 346/346/346
f 3019/3019/3019 2818/2818/2818 3021/3021/3021
f 3019/3019/3019 2832/2832/2832 2818/2818/2818
f 3020/3020/3020 349/349/349 346/346/346
f 3022/3022/3022 349/349/349 3020/3020/3020
f 3021/3021/3021 2818/2818/2818 360/360/360
f 359/359/359 351/351/351 3022/3022/3022
f 3022/3022/3022 351/351/351 349/349/349
f 2834/2834/2834 2794/2794/2794 2799/2799/2799
f 2796/2796/2796 2834/2834/2834 2799/2799/2799
f 2771/2771/2771 3024/3024/3024 2792/2792/2792
f 3026/3026/3026 646/646/646 648/648/648
f 3026/3026/3026 667/667/667 646/646/646
f 3027/3027/3027 667/667/667 3026/3026/3026
f 3027/3027/3027 673/673/673 667/667/667
f 3031/3031/3031 673/673/673 3027/3027/3027
f 3031/3031/3031 688/688/688 673/673/673
f 3031/3031/3031 3035/3035/3035 688/688/688
f 3035/3035/3035 3031/3031/3031 3037/3037/3037
f 3039/3039/3039 3035/3035/3035 3037/3037/3037
f 3044/3044/3044 3038/3038/3038 3043/3043/3043
f 3045/3045/3045 3043/3043/3043 3033/3033/3033
f 3044/3044/3044 3043/3043/3043 3045/3045/3045
f 3045/3045/3045 3033/3033/3033 2754/2754/2754
f 2753/2753/2753 3046/3046/3046 3045/3045/3045
f 3045/3045/3045 3046/3046/3046 3044/3044/3044
f 2754/2754/2754 2753/2753/2753 3045/3045/3045
f 3046/3046/3046 3047/3047/3047 3044/3044/3044
f 3046/3046/3046 3050/3050/3050 3047/3047/3047
f 2753/2753/2753 3052/3052/3052 3046/3046/3046
f 3050/3050/3050 3046/3046/3046 3048/3048/3048
f 3046/3046/3046 3052/3052/3052 3048/3048/3048
f 3054/3054/3054 3049/3049/3049 3053/3053/3053
f 3055/3055/3055 3054/3054/3054 3053/3053/3053
f 3052/3052/3052 2753/2753/2753 3056/3056/3056
f 2744/2744/2744 2740/2740/2740 3055/3055/3055
f 3056/3056/3056 2753/2753/2753 2745/2745/2745
f 3055/3055/3055 2740/2740/2740 3054/3054/3054
f 3049/3049/3049 3054/3054/3054 3057/3057/3057
f 3057/3057/3057 3054/3054/3054 3058/3058/3058
f 3058/3058/3058 3054/3054/3054 2741/2741/2741
f 3054/3054/3054 2740/2740/2740 2741/2741/2741
f 3061/3061/3061 3057/3057/3057 3058/3058/3058
f 3059/3059/3059 3058/3058/3058 3063/3063/3063
f 3059/3059/3059 3061/3061/3061 3058/3058/3058
f 3063/3063/3063 3058/3058/3058 2741/2741/2741
f 3062/3062/3062 3066/3066/3066 3060/3060/3060
f 3063/3063/3063 2741/2741/2741 3064/3064/3064
f 3065/3065/3065 3066/3066/3066 3062/3062/3062
f 2739/2739/2739 3067/3067/3067 3066/3066/3066
f 3067/3067/3067 3069/3069/3069 3066/3066/3066
f 2739/2739/2739 3066/3066/3066 3065/3065/3065
f 3069/3069/3069 3068/3068/3068 3066/3066/3066
f 3068/3068/3068 3070/3070/3070 3066/3066/3066
f 3066/3066/3066 3070/3070/3070 3060/3060/3060
f 3070/3070/3070 3068/3068/3068 3073/3073/3073
f 3072/3072/3072 3061/3061/3061 3071/3071/3071
f 3061/3061/3061 3059/3059/3059 3071/3071/3071
f 3073/3073/3073 3068/3068/3068 3076/3076/3076
f 3073/3073/3073 3076/3076/3076 3075/3075/3075
f 3074/3074/3074 3061/3061/3061 3072/3072/3072
f 3076/3076/3076 3078/3078/3078 3075/3075/3075
f 3076/3076/3076 3079/3079/3079 3078/3078/3078
f 3079/3079/3079 3076/3076/3076 3081/3081/3081
f 3076/3076/3076 3068/3068/3068 3082/3082/3082
f 3076/3076/3076 3082/3082/3082 3081/3081/3081
f 3068/3068/3068 3084/3084/3084 3082/3082/3082
f 3081/3081/3081 3082/3082/3082 3083/3083/3083
f 3082/3082/3082 3085/3085/3085 3083/3083/3083
f 3082/3082/3082 3084/3084/3084 3085/3085/3085
f 3084/3084/3084 2684/2684/2684 3085/3085/3085
f 3085/3085/3085 2684/2684/2684 2671/2671/2671
f 3085/3085/3085 2671/2671/2671 2667/2667/2667
f 3083/3083/3083 3085/3085/3085 2667/2667/2667
f 3086/3086/3086 2689/2689/2689 3084/3084/3084
f 3068/3068/3068 3086/3086/3086 3084/3084/3084
f 3084/3084/3084 2689/2689/2689 2684/2684/2684
f 3086/3086/3086 3069/3069/3069 3088/3088/3088
f 3068/3068/3068 3069/3069/3069 3086/3086/3086
f 3086/3086/3086 3087/3087/3087 2689/2689/2689
f 3088/3088/3088 3087/3087/3087 3086/3086/3086
f 3088/3088/3088 2713/2713/2713 3087/3087/3087
f 2715/2715/2715 2713/2713/2713 3088/3088/3088
f 2736/2736/2736 2715/2715/2715 3088/3088/3088
f 2736/2736/2736 3088/3088/3088 3069/3069/3069
f 3087/3087/3087 3090/3090/3090 2696/2696/2696
f 3087/3087/3087 2696/2696/2696 2689/2689/2689
f 2713/2713/2713 2703/2703/2703 3087/3087/3087
f 3090/3090/3090 3087/3087/3087 2703/2703/2703
f 2702/2702/2702 2693/2693/2693 3089/3089/3089
f 2693/2693/2693 2695/2695/2695 3089/3089/3089
f 3081/3081/3081 3083/3083/3083 3091/3091/3091
f 3091/3091/3091 3083/3083/3083 2665/2665/2665
f 3083/3083/3083 2667/2667/2667 2665/2665/2665
f 3093/3093/3093 3081/3081/3081 3091/3091/3091
f 3091/3091/3091 2665/2665/2665 2663/2663/2663
f 3093/3093/3093 3091/3091/3091 3092/3092/3092
f 3092/3092/3092 3091/3091/3091 2663/2663/2663
f 3092/3092/3092 3098/3098/3098 3093/3093/3093
f 3079/3079/3079 3081/3081/3081 3093/3093/3093
f 3093/3093/3093 3098/3098/3098 3094/3094/3094
f 3096/3096/3096 3093/3093/3093 3094/3094/3094
f 3079/3079/3079 3093/3093/3093 3096/3096/3096
f 3092/3092/3092 3101/3101/3101 3098/3098/3098
f 3100/3100/3100 3102/3102/3102 3099/3099/3099
f 3102/3102/3102 3095/3095/3095 3099/3099/3099
f 3100/3100/3100 3104/3104/3104 3102/3102/3102
f 3103/3103/3103 3105/3105/3105 3102/3102/3102
f 3104/3104/3104 3103/3103/3103 3102/3102/3102
f 3102/3102/3102 3105/3105/3105 3106/3106/3106
f 3095/3095/3095 3102/3102/3102 3106/3106/3106
f 3080/3080/3080 3106/3106/3106 3108/3108/3108
f 3097/3097/3097 3106/3106/3106 3080/3080/3080
f 3105/3105/3105 3107/3107/3107 3106/3106/3106
f 3095/3095/3095 3106/3106/3106 3097/3097/3097
f 3106/3106/3106 3107/3107/3107 3108/3108/3108
f 3080/3080/3080 3108/3108/3108 3077/3077/3077
f 3108/3108/3108 3074/3074/3074 3077/3077/3077
f 3074/3074/3074 3108/3108/3108 3061/3061/3061
f 3107/3107/3107 3109/3109/3109 3108/3108/3108
f 3108/3108/3108 3109/3109/3109 3061/3061/3061
f 3051/3051/3051 3057/3057/3057 3109/3109/3109
f 3109/3109/3109 3057/3057/3057 3061/3061/3061
f 3110/3110/3110 3109/3109/3109 3107/3107/3107
f 3109/3109/3109 3110/3110/3110 3112/3112/3112
f 3051/3051/3051 3109/3109/3109 3112/3112/3112
f 3047/3047/3047 3113/3113/3113 3111/3111/3111
f 3047/3047/3047 3050/3050/3050 3113/3113/3113
f 3114/3114/3114 3047/3047/3047 3111/3111/3111
f 3110/3110/3110 3107/3107/3107 3115/3115/3115
f 3047/3047/3047 3114/3114/3114 3118/3118/3118
f 3118/3118/3118 3114/3114/3114 3117/3117/3117
f 3115/3115/3115 3105/3105/3105 3116/3116/3116
f 3115/3115/3115 3107/3107/3107 3105/3105/3105
f 3118/3118/3118 3125/3125/3125 3119/3119/3119
f 3120/3120/3120 3118/3118/3118 3119/3119/3119
f 3047/3047/3047 3118/3118/3118 3120/3120/3120
f 3118/3118/3118 3117/3117/3117 3121/3121/3121
f 3127/3127/3127 3118/3118/3118 3121/3121/3121
f 3127/3127/3127 3124/3124/3124 3118/3118/3118
f 3118/3118/3118 3124/3124/3124 3132/3132/3132
f 3118/3118/3118 3130/3130/3130 3125/3125/3125
f 3118/3118/3118 3132/3132/3132 3130/3130/3130
f 3131/3131/3131 3133/3133/3133 3129/3129/3129
f 3131/3131/3131 3134/3134/3134 3133/3133/3133
f 3123/3123/3123 3134/3134/3134 3131/3131/3131
f 3133/3133/3133 3134/3134/3134 3135/3135/3135
f 3123/3123/3123 3136/3136/3136 3134/3134/3134
f 3135/3135/3135 3134/3134/3134 3137/3137/3137
f 3134/3134/3134 3136/3136/3136 3137/3137/3137
f 3140/3140/3140 3137/3137/3137 3138/3138/3138
f 3138/3138/3138 3137/3137/3137 3142/3142/3142
f 3140/3140/3140 3135/3135/3135 3137/3137/3137
f 3137/3137/3137 3136/3136/3136 3142/3142/3142
f 3146/3146/3146 3142/3142/3142 3143/3143/3143
f 3136/3136/3136 3143/3143/3143 3142/3142/3142
f 3144/3144/3144 3142/3142/3142 3146/3146/3146
f 3142/3142/3142 3144/3144/3144 3138/3138/3138
f 3150/3150/3150 3147/3147/3147 3149/3149/3149
f 3146/3146/3146 3151/3151/3151 3148/3148/3148
f 3147/3147/3147 3150/3150/3150 3145/3145/3145
f 3146/3146/3146 3143/3143/3143 3151/3151/3151
f 3152/3152/3152 3151/3151/3151 3143/3143/3143
f 3148/3148/3148 3151/3151/3151 3104/3104/3104
f 3153/3153/3153 3104/3104/3104 3151/3151/3151
f 3152/3152/3152 3153/3153/3153 3151/3151/3151
f 3155/3155/3155 3153/3153/3153 3157/3157/3157
f 3155/3155/3155 3156/3156/3156 3153/3153/3153
f 3153/3153/3153 3156/3156/3156 3104/3104/3104
f 3157/3157/3157 3153/3153/3153 3152/3152/3152
f 3159/3159/3159 3154/3154/3154 3158/3158/3158
f 3157/3157/3157 3152/3152/3152 3160/3160/3160
f 3136/3136/3136 3123/3123/3123 3160/3160/3160
f 3124/3124/3124 3127/3127/3127 3159/3159/3159
f 3160/3160/3160 3152/3152/3152 3136/3136/3136
f 3159/3159/3159 3161/3161/3161 3154/3154/3154
f 3159/3159/3159 3127/3127/3127 3161/3161/3161
f 3162/3162/3162 3156/3156/3156 3155/3155/3155
f 3128/3128/3128 3103/3103/3103 3162/3162/3162
f 3162/3162/3162 3103/3103/3103 3156/3156/3156
f 3156/3156/3156 3103/3103/3103 3104/3104/3104
f 3136/3136/3136 3152/3152/3152 3143/3143/3143
f 3163/3163/3163 3139/3139/3139 3150/3150/3150
f 3163/3163/3163 3150/3150/3150 2660/2660/2660
f 3150/3150/3150 3149/3149/3149 3092/3092/3092
f 3150/3150/3150 3092/3092/3092 2661/2661/2661
f 3150/3150/3150 3139/3139/3139 3145/3145/3145
f 3150/3150/3150 2661/2661/2661 2660/2660/2660
f 3163/3163/3163 3141/3141/3141 3139/3139/3139
f 3163/3163/3163 3166/3166/3166 3141/3141/3141
f 3163/3163/3163 3173/3173/3173 3164/3164/3164
f 3166/3166/3166 3163/3163/3163 3164/3164/3164
f 3163/3163/3163 2660/2660/2660 3169/3169/3169
f 3167/3167/3167 3163/3163/3163 3170/3170/3170
f 3173/3173/3173 3163/3163/3163 3167/3167/3167
f 3169/3169/3169 3170/3170/3170 3163/3163/3163
f 3168/3168/3168 3174/3174/3174 3172/3172/3172
f 3172/3172/3172 3174/3174/3174 3178/3178/3178
f 3176/3176/3176 3177/3177/3177 3173/3173/3173
f 3172/3172/3172 3178/3178/3178 3175/3175/3175
f 3173/3173/3173 3177/3177/3177 3164/3164/3164
f 3180/3180/3180 3178/3178/3178 3184/3184/3184
f 3182/3182/3182 3178/3178/3178 3180/3180/3180
f 3184/3184/3184 3178/3178/3178 3174/3174/3174
f 3182/3182/3182 3175/3175/3175 3178/3178/3178
f 3183/3183/3183 786/786/786 784/784/784
f 3183/3183/3183 784/784/784 3179/3179/3179
f 786/786/786 3183/3183/3183 3186/3186/3186
f 3184/3184/3184 3174/3174/3174 3185/3185/3185
f 3188/3188/3188 786/786/786 3186/3186/3186
f 3185/3185/3185 3174/3174/3174 3187/3187/3187
f 3174/3174/3174 3190/3190/3190 3187/3187/3187
f 3191/3191/3191 3188/3188/3188 3189/3189/3189
f 3188/3188/3188 3191/3191/3191 786/786/786
f 786/786/786 3191/3191/3191 787/787/787
f 3192/3192/3192 3191/3191/3191 3189/3189/3189
f 3192/3192/3192 3194/3194/3194 3191/3191/3191
f 3191/3191/3191 794/794/794 787/787/787
f 3191/3191/3191 3194/3194/3194 794/794/794
f 3196/3196/3196 3194/3194/3194 3192/3192/3192
f 3196/3196/3196 3197/3197/3197 3194/3194/3194
f 3194/3194/3194 797/797/797 794/794/794
f 3194/3194/3194 3197/3197/3197 797/797/797
f 921/921/921 3197/3197/3197 3196/3196/3196
f 3197/3197/3197 808/808/808 797/797/797
f 921/921/921 808/808/808 3197/3197/3197
f 3193/3193/3193 3198/3198/3198 3195/3195/3195
f 3195/3195/3195 3198/3198/3198 919/919/919
f 3195/3195/3195 919/919/919 920/920/920
f 3200/3200/3200 3198/3198/3198 3199/3199/3199
f 3202/3202/3202 3199/3199/3199 3198/3198/3198
f 919/919/919 3198/3198/3198 3200/3200/3200
f 3193/3193/3193 3174/3174/3174 3198/3198/3198
f 3171/3171/3171 3198/3198/3198 3174/3174/3174
f 3202/3202/3202 3198/3198/3198 3171/3171/3171
f 3170/3170/3170 3169/3169/3169 3201/3201/3201
f 3204/3204/3204 3199/3199/3199 3202/3202/3202
f 3201/3201/3201 3169/3169/3169 3203/3203/3203
f 3203/3203/3203 3169/3169/3169 3205/3205/3205
f 3206/3206/3206 3199/3199/3199 3204/3204/3204
f 3206/3206/3206 1011/1011/1011 3199/3199/3199
f 3207/3207/3207 1011/1011/1011 3206/3206/3206
f 3205/3205/3205 2656/2656/2656 3208/3208/3208
f 3205/3205/3205 3169/3169/3169 2656/2656/2656
f 1014/1014/1014 1011/1011/1011 3207/3207/3207
f 3208/3208/3208 2656/2656/2656 1015/1015/1015
f 3200/3200/3200 3199/3199/3199 3210/3210/3210
f 923/923/923 3200/3200/3200 3209/3209/3209
f 923/923/923 919/919/919 3200/3200/3200
f 3209/3209/3209 3200/3200/3200 3210/3210/3210
f 3210/3210/3210 3199/3199/3199 1011/1011/1011
f 3210/3210/3210 1011/1011/1011 1006/1006/1006
f 3209/3209/3209 3210/3210/3210 1003/1003/1003
f 1003/1003/1003 3210/3210/3210 1006/1006/1006
f 931/931/931 923/923/923 3209/3209/3209
f 931/931/931 3209/3209/3209 1000/1000/1000
f 1000/1000/1000 3209/3209/3209 1003/1003/1003
f 3174/3174/3174 3193/3193/3193 3190/3190/3190
f 3181/3181/3181 740/740/740 3212/3212/3212
f 3181/3181/3181 784/784/784 740/740/740
f 784/784/784 3181/3181/3181 3179/3179/3179
f 3211/3211/3211 3175/3175/3175 3182/3182/3182
f 731/731/731 3214/3214/3214 3211/3211/3211
f 740/740/740 732/732/732 3212/3212/3212
f 3211/3211/3211 3214/3214/3214 3175/3175/3175
f 3214/3214/3214 731/731/731 725/725/725
f 724/724/724 3218/3218/3218 3213/3213/3213
f 3213/3213/3213 3216/3216/3216 3177/3177/3177
f 3213/3213/3213 3177/3177/3177 3176/3176/3176
f 3213/3213/3213 3218/3218/3218 3216/3216/3216
f 724/724/724 719/719/719 3218/3218/3218
f 3219/3219/3219 3215/3215/3215 3217/3217/3217
f 718/718/718 3219/3219/3219 3217/3217/3217
f 3219/3219/3219 3220/3220/3220 3221/3221/3221
f 3224/3224/3224 3220/3220/3220 3219/3219/3219
f 3215/3215/3215 3219/3219/3219 3221/3221/3221
f 718/718/718 3222/3222/3222 3219/3219/3219
f 3222/3222/3222 3224/3224/3224 3219/3219/3219
f 3224/3224/3224 3225/3225/3225 3233/3233/3233
f 3225/3225/3225 3224/3224/3224 3222/3222/3222
f 3224/3224/3224 3231/3231/3231 3228/3228/3228
f 3229/3229/3229 3224/3224/3224 3228/3228/3228
f 3229/3229/3229 3220/3220/3220 3224/3224/3224
f 3233/3233/3233 3231/3231/3231 3224/3224/3224
f 691/691/691 3234/3234/3234 3226/3226/3226
f 3234/3234/3234 691/691/691 3035/3035/3035
f 3234/3234/3234 3035/3035/3035 3236/3236/3236
f 3235/3235/3235 3231/3231/3231 3233/3233/3233
f 3236/3236/3236 3035/3035/3035 3039/3039/3039
f 3231/3231/3231 3235/3235/3235 3041/3041/3041
f 3119/3119/3119 3232/3232/3232 3120/3120/3120
f 3119/3119/3119 3230/3230/3230 3232/3232/3232
f 3038/3038/3038 3120/3120/3120 3232/3232/3232
f 3232/3232/3232 3230/3230/3230 3227/3227/3227
f 3230/3230/3230 3119/3119/3119 3238/3238/3238
f 3237/3237/3237 3220/3220/3220 3229/3229/3229
f 3119/3119/3119 3239/3239/3239 3238/3238/3238
f 3241/3241/3241 3237/3237/3237 3240/3240/3240
f 3237/3237/3237 3241/3241/3241 3220/3220/3220
f 3220/3220/3220 3241/3241/3241 3221/3221/3221
f 3221/3221/3221 3241/3241/3241 3242/3242/3242
f 3241/3241/3241 3133/3133/3133 3242/3242/3242
f 3126/3126/3126 3133/3133/3133 3241/3241/3241
f 3126/3126/3126 3241/3241/3241 3240/3240/3240
f 3242/3242/3242 3247/3247/3247 3221/3221/3221
f 3242/3242/3242 3133/3133/3133 3135/3135/3135
f 3243/3243/3243 3242/3242/3242 3135/3135/3135
f 3242/3242/3242 3243/3243/3243 3245/3245/3245
f 3247/3247/3247 3242/3242/3242 3245/3245/3245
f 3177/3177/3177 3250/3250/3250 3248/3248/3248
f 3248/3248/3248 3164/3164/3164 3177/3177/3177
f 3164/3164/3164 3248/3248/3248 3246/3246/3246
f 3221/3221/3221 3247/3247/3247 3249/3249/3249
f 3250/3250/3250 3177/3177/3177 3216/3216/3216
f 3215/3215/3215 3221/3221/3221 3249/3249/3249
f 3164/3164/3164 3246/3246/3246 3244/3244/3244
f 3166/3166/3166 3164/3164/3164 3244/3244/3244
f 3243/3243/3243 3135/3135/3135 3165/3165/3165
f 3119/3119/3119 3125/3125/3125 3239/3239/3239
f 3223/3223/3223 691/691/691 3226/3226/3226
f 3223/3223/3223 698/698/698 691/691/691
f 718/718/718 707/707/707 3222/3222/3222
f 698/698/698 3223/3223/3223 708/708/708
f 3171/3171/3171 3174/3174/3174 3168/3168/3168
f 3169/3169/3169 2657/2657/2657 2656/2656/2656
f 3169/3169/3169 2660/2660/2660 2657/2657/2657
f 3165/3165/3165 3135/3135/3135 3140/3140/3140
f 3092/3092/3092 3149/3149/3149 3101/3101/3101
f 3148/3148/3148 3104/3104/3104 3100/3100/3100
f 3133/3133/3133 3126/3126/3126 3129/3129/3129
f 3122/3122/3122 3103/3103/3103 3128/3128/3128
f 3122/3122/3122 3105/3105/3105 3103/3103/3103
f 3105/3105/3105 3122/3122/3122 3116/3116/3116
f 3044/3044/3044 3047/3047/3047 3120/3120/3120
f 3120/3120/3120 3038/3038/3038 3044/3044/3044
f 3092/3092/3092 2663/2663/2663 2661/2661/2661
f 3067/3067/3067 2736/2736/2736 3069/3069/3069
f 2735/2735/2735 3067/3067/3067 2739/2739/2739
f 2735/2735/2735 2736/2736/2736 3067/3067/3067
f 2741/2741/2741 2738/2738/2738 3064/3064/3064
f 3049/3049/3049 3057/3057/3057 3051/3051/3051
f 688/688/688 3035/3035/3035 691/691/691
f 2754/2754/2754 3033/3033/3033 3029/3029/3029
f 2756/2756/2756 3029/3029/3029 3024/3024/3024
f 2754/2754/2754 3029/3029/3029 2756/2756/2756
f 2756/2756/2756 3024/3024/3024 2771/2771/2771
f 2753/2753/2753 2747/2747/2747 2745/2745/2745
f 2729/2729/2729 2743/2743/2743 2723/2723/2723
f 2718/2718/2718 2715/2715/2715 2736/2736/2736
f 2701/2701/2701 2713/2713/2713 2705/2705/2705
f 2713/2713/2713 2701/2701/2701 2703/2703/2703
f 2690/2690/2690 2689/2689/2689 2696/2696/2696
f 2694/2694/2694 891/891/891 904/904/904
f 2680/2680/2680 2694/2694/2694 2681/2681/2681
f 2694/2694/2694 904/904/904 2681/2681/2681
f 2681/2681/2681 904/904/904 925/925/925
f 2681/2681/2681 925/925/925 927/927/927
f 2676/2676/2676 2670/2670/2670 2673/2673/2673
f 933/933/933 2670/2670/2670 2676/2676/2676
f 2676/2676/2676 928/928/928 933/933/933
f 2676/2676/2676 927/927/927 928/928/928
f 2670/2670/2670 933/933/933 3252/3252/3252
f 3251/3251/3251 945/945/945 2669/2669/2669
f 933/933/933 937/937/937 3252/3252/3252
f 945/945/945 3251/3251/3251 938/938/938
f 1015/1015/1015 2656/2656/2656 1019/1019/1019
f 1035/1035/1035 1029/1029/1029 1033/1033/1033
f 1015/1015/1015 1019/1019/1019 1013/1013/1013
f 930/930/930 931/931/931 1000/1000/1000
f 980/980/980 996/996/996 978/978/978
f 944/944/944 3254/3254/3254 991/991/991
f 936/936/936 992/992/992 3253/3253/3253
f 3254/3254/3254 944/944/944 940/940/940
f 939/939/939 936/936/936 3253/3253/3253
f 954/954/954 955/955/955 963/963/963
f 922/922/922 923/923/923 931/931/931
f 904/904/904 907/907/907 925/925/925
f 808/808/808 921/921/921 810/810/810
f 911/911/911 898/898/898 816/816/816
f 814/814/814 911/911/911 816/816/816
f 900/900/900 898/898/898 906/906/906
f 816/816/816 898/898/898 823/823/823
f 885/885/885 896/896/896 889/889/889
f 885/885/885 871/871/871 896/896/896
f 896/896/896 833/833/833 828/828/828
f 896/896/896 871/871/871 833/833/833
f 871/871/871 843/843/843 833/833/833
f 100/100/100 857/857/857 95/95/95
f 89/89/89 95/95/95 857/857/857
f 839/839/839 851/851/851 99/99/99
f 836/836/836 833/833/833 843/843/843
f 839/839/839 99/99/99 840/840/840
f 99/99/99 105/105/105 840/840/840
f 840/840/840 762/762/762 768/768/768
f 840/840/840 105/105/105 762/762/762
f 804/804/804 807/807/807 802/802/802
f 757/757/757 780/780/780 753/753/753
f 744/744/744 780/780/780 757/757/757
f 3255/3255/3255 750/750/750 122/122/122
f 750/750/750 3255/3255/3255 3258/3258/3258
f 749/749/749 750/750/750 3258/3258/3258
f 3260/3260/3260 3257/3257/3257 3256/3256/3256
f 3257/3257/3257 3259/3259/3259 748/748/748
f 3257/3257/3257 3260/3260/3260 3259/3259/3259
f 680/680/680 3259/3259/3259 3260/3260/3260
f 680/680/680 3260/3260/3260 681/681/681
f 681/681/681 3260/3260/3260 684/684/684
f 3262/3262/3262 127/127/127 3260/3260/3260
f 684/684/684 3260/3260/3260 127/127/127
f 3262/3262/3262 3260/3260/3260 3256/3256/3256
f 122/122/122 120/120/120 3261/3261/3261
f 3255/3255/3255 122/122/122 3261/3261/3261
f 127/127/127 3262/3262/3262 121/121/121
f 748/748/748 3259/3259/3259 746/746/746
f 746/746/746 3259/3259/3259 3265/3265/3265
f 701/701/701 3259/3259/3259 3264/3264/3264
f 3264/3264/3264 3259/3259/3259 680/680/680
f 701/701/701 3265/3265/3265 3259/3259/3259
f 704/704/704 3265/3265/3265 701/701/701
f 3265/3265/3265 3267/3267/3267 746/746/746
f 3267/3267/3267 3265/3265/3265 737/737/737
f 712/712/712 737/737/737 3265/3265/3265
f 712/712/712 3265/3265/3265 704/704/704
f 735/735/735 747/747/747 3266/3266/3266
f 736/736/736 735/735/735 3266/3266/3266
f 3263/3263/3263 685/685/685 702/702/702
f 679/679/679 685/685/685 3263/3263/3263
f 740/740/740 744/744/744 742/742/742
f 709/709/709 737/737/737 712/712/712
f 737/737/737 721/721/721 729/729/729
f 737/737/737 709/709/709 721/721/721
f 676/676/676 673/673/673 688/688/688
f 684/684/684 127/127/127 3268/3268/3268
f 3269/3269/3269 670/670/670 683/683/683
f 3268/3268/3268 127/127/127 132/132/132
f 131/131/131 670/670/670 3269/3269/3269
f 131/131/131 664/664/664 670/670/670
f 3270/3270/3270 664/664/664 131/131/131
f 3272/3272/3272 664/664/664 3270/3270/3270
f 664/664/664 142/142/142 657/657/657
f 142/142/142 664/664/664 3272/3272/3272
f 3278/3278/3278 3273/3273/3273 3276/3276/3276
f 3272/3272/3272 3270/3270/3270 3275/3275/3275
f 129/129/129 3273/3273/3273 3278/3278/3278
f 129/129/129 141/141/141 3273/3273/3273
f 3271/3271/3271 3277/3277/3277 3274/3274/3274
f 132/132/132 130/130/130 3277/3277/3277
f 132/132/132 3277/3277/3277 3271/3271/3271
f 139/139/139 657/657/657 142/142/142
f 655/655/655 3279/3279/3279 650/650/650
f 3279/3279/3279 655/655/655 196/196/196
f 186/186/186 196/196/196 655/655/655
f 186/186/186 655/655/655 189/189/189
f 3283/3283/3283 649/649/649 3280/3280/3280
f 3279/3279/3279 196/196/196 3281/3281/3281
f 3282/3282/3282 3283/3283/3283 3280/3280/3280
f 3285/3285/3285 642/642/642 3283/3283/3283
f 642/642/642 649/649/649 3283/3283/3283
f 3282/3282/3282 3284/3284/3284 3283/3283/3283
f 3285/3285/3285 3283/3283/3283 3284/3284/3284
f 640/640/640 642/642/642 3285/3285/3285
f 3289/3289/3289 640/640/640 3285/3285/3285
f 3286/3286/3286 3285/3285/3285 3284/3284/3284
f 3289/3289/3289 3285/3285/3285 3286/3286/3286
f 3288/3288/3288 3290/3290/3290 3291/3291/3291
f 3287/3287/3287 3290/3290/3290 3288/3288/3288
f 3288/3288/3288 3291/3291/3291 3293/3293/3293
f 640/640/640 3289/3289/3289 3292/3292/3292
f 3293/3293/3293 3291/3291/3291 637/637/637
f 633/633/633 640/640/640 3292/3292/3292
f 3293/3293/3293 637/637/637 635/635/635
f 3290/3290/3290 3294/3294/3294 3291/3291/3291
f 3291/3291/3291 3294/3294/3294 627/627/627
f 637/637/637 3291/3291/3291 627/627/627
f 3290/3290/3290 3296/3296/3296 3294/3294/3294
f 3299/3299/3299 3294/3294/3294 3296/3296/3296
f 3294/3294/3294 3297/3297/3297 628/628/628
f 3297/3297/3297 3294/3294/3294 3299/3299/3299
f 3294/3294/3294 628/628/628 627/627/627
f 3304/3304/3304 3300/3300/3300 3302/3302/3302
f 3295/3295/3295 3302/3302/3302 3300/3300/3300
f 3300/3300/3300 3304/3304/3304 3298/3298/3298
f 3311/3311/3311 3308/3308/3308 3304/3304/3304
f 3309/3309/3309 3303/3303/3303 3305/3305/3305
f 3304/3304/3304 3302/3302/3302 3311/3311/3311
f 3309/3309/3309 3313/3313/3313 3303/3303/3303
f 3298/3298/3298 3304/3304/3304 3314/3314/3314
f 3313/3313/3313 628/628/628 3297/3297/3297
f 3313/3313/3313 619/619/619 628/628/628
f 3313/3313/3313 3315/3315/3315 619/619/619
f 3315/3315/3315 3313/3313/3313 3309/3309/3309
f 615/615/615 619/619/619 3315/3315/3315
f 3310/3310/3310 616/616/616 3316/3316/3316
f 3316/3316/3316 616/616/616 614/614/614
f 243/243/243 3311/3311/3311 211/211/211
f 3308/3308/3308 3311/3311/3311 243/243/243
f 223/223/223 3317/3317/3317 3320/3320/3320
f 3325/3325/3325 3321/3321/3321 3318/3318/3318
f 223/223/223 213/213/213 3317/3317/3317
f 3322/3322/3322 3318/3318/3318 3295/3295/3295
f 3325/3325/3325 3318/3318/3318 3322/3322/3322
f 3295/3295/3295 3318/3318/3318 3302/3302/3302
f 3326/3326/3326 3324/3324/3324 3290/3290/3290
f 3326/3326/3326 3328/3328/3328 3324/3324/3324
f 3323/3323/3323 3290/3290/3290 3324/3324/3324
f 3329/3329/3329 3321/3321/3321 3325/3325/3325
f 3334/3334/3334 3321/3321/3321 3329/3329/3329
f 3330/3330/3330 3328/3328/3328 3326/3326/3326
f 3328/3328/3328 3330/3330/3330 3335/3335/3335
f 219/219/219 3332/3332/3332 3336/3336/3336
f 3331/3331/3331 3337/3337/3337 3333/3333/3333
f 3332/3332/3332 3338/3338/3338 222/222/222
f 3321/3321/3321 3334/3334/3334 224/224/224
f 3332/3332/3332 3340/3340/3340 3338/3338/3338
f 3332/3332/3332 3342/3342/3342 3340/3340/3340
f 3332/3332/3332 3348/3348/3348 3342/3342/3342
f 3332/3332/3332 3344/3344/3344 3348/3348/3348
f 3332/3332/3332 3347/3347/3347 3344/3344/3344
f 3332/3332/3332 209/209/209 3347/3347/3347
f 209/209/209 3332/3332/3332 217/217/217
f 217/217/217 3332/3332/3332 219/219/219
f 3349/3349/3349 223/223/223 3339/3339/3339
f 3349/3349/3349 3339/3339/3339 3341/3341/3341
f 3349/3349/3349 3341/3341/3341 3343/3343/3343
f 3345/3345/3345 223/223/223 3349/3349/3349
f 3346/3346/3346 223/223/223 3345/3345/3345
f 3350/3350/3350 223/223/223 3346/3346/3346
f 3347/3347/3347 209/209/209 3352/3352/3352
f 3347/3347/3347 3352/3352/3352 3351/3351/3351
f 3353/3353/3353 223/223/223 3350/3350/3350
f 208/208/208 223/223/223 3353/3353/3353
f 220/220/220 3336/3336/3336 225/225/225
f 219/219/219 3336/3336/3336 220/220/220
f 233/233/233 3336/3336/3336 195/195/195
f 225/225/225 3336/3336/3336 233/233/233
f 3337/3337/3337 3284/3284/3284 3354/3354/3354
f 3331/3331/3331 3284/3284/3284 3337/3337/3337
f 3355/3355/3355 195/195/195 3336/3336/3336
f 3357/3357/3357 195/195/195 3355/3355/3355
f 3354/3354/3354 3284/3284/3284 3356/3356/3356
f 3357/3357/3357 196/196/196 195/195/195
f 196/196/196 3357/3357/3357 3281/3281/3281
f 3284/3284/3284 3282/3282/3282 3356/3356/3356
f 3327/3327/3327 3284/3284/3284 3331/3331/3331
f 3326/3326/3326 3290/3290/3290 3287/3287/3287
f 3286/3286/3286 3284/3284/3284 3327/3327/3327
f 3296/3296/3296 3290/3290/3290 3323/3323/3323
f 241/241/241 3310/3310/3310 3306/3306/3306
f 3310/3310/3310 241/241/241 616/616/616
f 244/244/244 242/242/242 3307/3307/3307
f 241/241/241 3358/3358/3358 616/616/616
f 3360/3360/3360 616/616/616 3358/3358/3358
f 616/616/616 3360/3360/3360 597/597/597
f 598/598/598 596/596/596 3361/3361/3361
f 3359/3359/3359 598/598/598 3361/3361/3361
f 3358/3358/3358 241/241/241 245/245/245
f 3358/3358/3358 245/245/245 3363/3363/3363
f 3359/3359/3359 3362/3362/3362 598/598/598
f 3362/3362/3362 3359/3359/3359 3364/3364/3364
f 3363/3363/3363 245/245/245 249/249/249
f 250/250/250 3362/3362/3362 3364/3364/3364
f 3365/3365/3365 3362/3362/3362 251/251/251
f 3365/3365/3365 598/598/598 3362/3362/3362
f 3370/3370/3370 3366/3366/3366 247/247/247
f 598/598/598 3365/3365/3365 484/484/484
f 3370/3370/3370 485/485/485 3366/3366/3366
f 248/248/248 256/256/256 3368/3368/3368
f 257/257/257 262/262/262 3369/3369/3369
f 478/478/478 485/485/485 3370/3370/3370
f 474/474/474 479/479/479 3367/3367/3367
f 3369/3369/3369 262/262/262 473/473/473
f 574/574/574 572/572/572 605/605/605
f 598/598/598 484/484/484 489/489/489
f 594/594/594 578/578/578 575/575/575
f 590/590/590 489/489/489 493/493/493
f 491/491/491 590/590/590 493/493/493
f 545/545/545 562/562/562 568/568/568
f 525/525/525 545/545/545 568/568/568
f 548/548/548 562/562/562 545/545/545
f 552/552/552 399/399/399 398/398/398
f 543/543/543 545/545/545 525/525/525
f 524/524/524 526/526/526 544/544/544
f 544/544/544 529/529/529 535/535/535
f 544/544/544 526/526/526 529/529/529
f 510/510/510 515/515/515 521/521/521
f 503/503/503 510/510/510 490/490/490
f 506/506/506 466/466/466 464/464/464
f 490/490/490 494/494/494 503/503/503
f 263/263/263 473/473/473 262/262/262
f 447/447/447 459/459/459 458/458/458
f 447/447/447 445/445/445 459/459/459
f 437/437/437 402/402/402 439/439/439
f 434/434/434 402/402/402 437/437/437
f 434/434/434 405/405/405 402/402/402
f 3371/3371/3371 405/405/405 434/434/434
f 435/435/435 432/432/432 3372/3372/3372
f 408/408/408 405/405/405 3371/3371/3371
f 418/418/418 409/409/409 3372/3372/3372
f 3372/3372/3372 432/432/432 418/418/418
f 418/418/418 432/432/432 423/423/423
f 271/271/271 3373/3373/3373 419/419/419
f 417/417/417 419/419/419 3373/3373/3373
f 3375/3375/3375 3373/3373/3373 3374/3374/3374
f 275/275/275 3374/3374/3374 3373/3373/3373
f 275/275/275 3373/3373/3373 271/271/271
f 3375/3375/3375 417/417/417 3373/3373/3373
f 3376/3376/3376 417/417/417 3375/3375/3375
f 3376/3376/3376 3375/3375/3375 3380/3380/3380
f 3380/3380/3380 3375/3375/3375 3378/3378/3378
f 3378/3378/3378 3375/3375/3375 3374/3374/3374
f 3379/3379/3379 387/387/387 3377/3377/3377
f 387/387/387 3379/3379/3379 385/385/385
f 3378/3378/3378 384/384/384 3380/3380/3380
f 3378/3378/3378 3374/3374/3374 3381/3381/3381
f 3382/3382/3382 3378/3378/3378 3381/3381/3381
f 384/384/384 3378/3378/3378 3382/3382/3382
f 376/376/376 3382/3382/3382 377/377/377
f 384/384/384 3382/3382/3382 376/376/376
f 3382/3382/3382 3381/3381/3381 285/285/285
f 377/377/377 3382/3382/3382 286/286/286
f 286/286/286 3382/3382/3382 285/285/285
f 280/280/280 3381/3381/3381 3374/3374/3374
f 281/281/281 285/285/285 3381/3381/3381
f 281/281/281 3381/3381/3381 280/280/280
f 414/414/414 417/417/417 3376/3376/3376
f 3377/3377/3377 411/411/411 415/415/415
f 3377/3377/3377 387/387/387 411/411/411
f 280/280/280 3374/3374/3374 275/275/275
f 386/386/386 388/388/388 410/410/410
f 410/410/410 388/388/388 395/395/395
f 372/372/372 391/391/391 380/380/380
f 298/298/298 377/377/377 291/291/291
f 291/291/291 377/377/377 286/286/286
f 272/272/272 267/267/267 320/320/320
f 259/259/259 255/255/255 265/265/265
f 2/2/2 254/254/254 13/13/13
f 13/13/13 254/254/254 230/230/230
f 253/253/253 235/235/235 231/231/231
f 233/233/233 195/195/195 198/198/198
f 164/164/164 3385/3385/3385 175/175/175
f 3389/3389/3389 3386/3386/3386 3385/3385/3385
f 3389/3389/3389 3385/3385/3385 164/164/164
f 3389/3389/3389 164/164/164 3397/3397/3397
f 3388/3388/3388 3392/3392/3392 3390/3390/3390
f 3388/3388/3388 3390/3390/3390 3393/3393/3393
f 3392/3392/3392 3388/3388/3388 3398/3398/3398
f 3396/3396/3396 3402/3402/3402 3389/3389/3389
f 3389/3389/3389 3400/3400/3400 3386/3386/3386
f 3389/3389/3389 3402/3402/3402 3400/3400/3400
f 3396/3396/3396 3404/3404/3404 3402/3402/3402
f 3396/3396/3396 3407/3407/3407 3404/3404/3404
f 3407/3407/3407 3396/3396/3396 3412/3412/3412
f 3413/3413/3413 3406/3406/3406 3410/3410/3410
f 3407/3407/3407 3412/3412/3412 3409/3409/3409
f 168/168/168 3406/3406/3406 3413/3413/3413
f 168/168/168 3413/3413/3413 7/7/7
f 7/7/7 3413/3413/3413 3418/3418/3418
f 3418/3418/3418 3413/3413/3413 3416/3416/3416
f 3395/3395/3395 3417/3417/3417 3414/3414/3414
f 3413/3413/3413 3410/3410/3410 3421/3421/3421
f 3413/3413/3413 3421/3421/3421 3411/3411/3411
f 3413/3413/3413 3411/3411/3411 3424/3424/3424
f 3413/3413/3413 3424/3424/3424 3428/3428/3428
f 3413/3413/3413 3428/3428/3428 3425/3425/3425
f 3426/3426/3426 3396/3396/3396 3415/3415/3415
f 3429/3429/3429 3396/3396/3396 3430/3430/3430
f 3423/3423/3423 3396/3396/3396 3429/3429/3429
f 3433/3433/3433 3396/3396/3396 3426/3426/3426
f 3430/3430/3430 3396/3396/3396 3433/3433/3433
f 3412/3412/3412 3396/3396/3396 3423/3423/3423
f 3409/3409/3409 3412/3412/3412 3422/3422/3422
f 3417/3417/3417 3441/3441/3441 3419/3419/3419
f 3419/3419/3419 3441/3441/3441 3434/3434/3434
f 3442/3442/3442 3419/3419/3419 3434/3434/3434
f 3419/3419/3419 3442/3442/3442 3436/3436/3436
f 3436/3436/3436 3442/3442/3442 3444/3444/3444
f 3446/3446/3446 3445/3445/3445 3443/3443/3443
f 3443/3443/3443 3447/3447/3447 3446/3446/3446
f 3435/3435/3435 3447/3447/3447 3443/3443/3443
f 3446/3446/3446 3447/3447/3447 3448/3448/3448
f 3440/3440/3440 3450/3450/3450 3447/3447/3447
f 3447/3447/3447 3435/3435/3435 3440/3440/3440
f 3447/3447/3447 60/60/60 3448/3448/3448
f 3450/3450/3450 60/60/60 3447/3447/3447
f 3450/3450/3450 3394/3394/3394 3391/3391/3391
f 3450/3450/3450 3453/3453/3453 3394/3394/3394
f 60/60/60 3450/3450/3450 3452/3452/3452
f 3392/3392/3392 3449/3449/3449 3390/3390/3390
f 3392/3392/3392 3451/3451/3451 3449/3449/3449
f 3450/3450/3450 3440/3440/3440 3453/3453/3453
f 3417/3417/3417 3395/3395/3395 3454/3454/3454
f 3441/3441/3441 3417/3417/3417 3454/3454/3454
f 62/62/62 59/59/59 3451/3451/3451
f 3451/3451/3451 3392/3392/3392 62/62/62
f 3448/3448/3448 56/56/56 51/51/51
f 51/51/51 52/52/52 3448/3448/3448
f 3446/3446/3446 3448/3448/3448 52/52/52
f 56/56/56 3448/3448/3448 60/60/60
f 3445/3445/3445 3446/3446/3446 3456/3456/3456
f 33/33/33 3446/3446/3446 52/52/52
f 3456/3456/3456 3446/3446/3446 33/33/33
f 3455/3455/3455 3436/3436/3436 3444/3444/3444
f 3436/3436/3436 3455/3455/3455 29/29/29
f 3456/3456/3456 33/33/33 30/30/30
f 3436/3436/3436 29/29/29 3439/3439/3439
f 3439/3439/3439 3/3/3 8/8/8
f 3439/3439/3439 3460/3460/3460 3/3/3
f 3460/3460/3460 3439/3439/3439 29/29/29
f 11/11/11 4/4/4 3458/3458/3458
f 23/23/23 12/12/12 3457/3457/3457
f 30/30/30 24/24/24 3459/3459/3459
f 164/164/164 3461/3461/3461 3397/3397/3397
f 3392/3392/3392 3398/3398/3398 3462/3462/3462
f 3461/3461/3461 159/159/159 3464/3464/3464
f 3463/3463/3463 3392/3392/3392 3462/3462/3462
f 3461/3461/3461 164/164/164 159/159/159
f 3467/3467/3467 3463/3463/3463 3465/3465/3465
f 159/159/159 3466/3466/3466 3464/3464/3464
f 3463/3463/3463 3467/3467/3467 3392/3392/3392
f 3468/3468/3468 61/61/61 3467/3467/3467
f 3468/3468/3468 3467/3467/3467 3465/3465/3465
f 3392/3392/3392 3467/3467/3467 62/62/62
f 62/62/62 3467/3467/3467 61/61/61
f 3466/3466/3466 155/155/155 3469/3469/3469
f 155/155/155 3471/3471/3471 3469/3469/3469
f 64/64/64 3468/3468/3468 3470/3470/3470
f 3468/3468/3468 64/64/64 61/61/61
f 111/111/111 64/64/64 3470/3470/3470
f 3471/3471/3471 134/134/134 112/112/112
f 3471/3471/3471 155/155/155 134/134/134
f 3466/3466/3466 159/159/159 155/155/155
f 112/112/112 134/134/134 116/116/116
f 21/21/21 22/22/22 73/73/73
f 33/33/33 52/52/52 34/34/34
f 22/22/22 38/38/38 47/47/47
f 3478/3478/3478 3492/3492/3492 3474/3474/3474
f 3474/3474/3474 3492/3492/3492 3485/3485/3485
f 3478/3478/3478 3494/3494/3494 3492/3492/3492
f 3496/3496/3496 3527/3527/3527 3502/3502/3502
f 3520/3520/3520 3496/3496/3496 3502/3502/3502
f 3516/3516/3516 3527/3527/3527 3496/3496/3496
f 3496/3496/3496 3520/3520/3520 3523/3523/3523
f 3516/3516/3516 3528/3528/3528 3527/3527/3527
f 3529/3529/3529 3527/3527/3527 3528/3528/3528
f 3529/3529/3529 3530/3530/3530 3527/3527/3527
f 3530/3530/3530 3502/3502/3502 3527/3527/3527
f 3533/3533/3533 3531/3531/3531 3530/3530/3530
f 3531/3531/3531 3532/3532/3532 3530/3530/3530
f 3530/3530/3530 3532/3532/3532 3502/3502/3502
f 3533/3533/3533 3530/3530/3530 3529/3529/3529
f 3534/3534/3534 3533/3533/3533 3529/3529/3529
f 3536/3536/3536 3533/3533/3533 3534/3534/3534
f 3536/3536/3536 3535/3535/3535 3533/3533/3533
f 3535/3535/3535 3531/3531/3531 3533/3533/3533
f 3537/3537/3537 3535/3535/3535 3536/3536/3536
f 3536/3536/3536 3539/3539/3539 3537/3537/3537
f 3534/3534/3534 3541/3541/3541 3536/3536/3536
f 3539/3539/3539 3536/3536/3536 3541/3541/3541
f 3541/3541/3541 3534/3534/3534 3547/3547/3547
f 3539/3539/3539 3541/3541/3541 3549/3549/3549
f 3540/3540/3540 3545/3545/3545 3542/3542/3542
f 3540/3540/3540 3542/3542/3542 3548/3548/3548
f 3545/3545/3545 3540/3540/3540 3544/3544/3544
f 3541/3541/3541 3547/3547/3547 3543/3543/3543
f 3542/3542/3542 3538/3538/3538 3548/3548/3548
f 3550/3550/3550 3547/3547/3547 3534/3534/3534
f 3547/3547/3547 3550/3550/3550 3552/3552/3552
f 3551/3551/3551 3546/3546/3546 3554/3554/3554
f 3546/3546/3546 3551/3551/3551 3545/3545/3545
f 3547/3547/3547 3552/3552/3552 3555/3555/3555
f 3546/3546/3546 3545/3545/3545 3544/3544/3544
f 3553/3553/3553 3551/3551/3551 3554/3554/3554
f 3550/3550/3550 3557/3557/3557 3552/3552/3552
f 3556/3556/3556 3553/3553/3553 3558/3558/3558
f 3559/3559/3559 3553/3553/3553 3556/3556/3556
f 3553/3553/3553 3559/3559/3559 3551/3551/3551
f 3556/3556/3556 3560/3560/3560 3559/3559/3559
f 3562/3562/3562 3551/3551/3551 3559/3559/3559
f 3560/3560/3560 3561/3561/3561 3559/3559/3559
f 3559/3559/3559 3561/3561/3561 3562/3562/3562
f 3563/3563/3563 3562/3562/3562 3565/3565/3565
f 3551/3551/3551 3562/3562/3562 3563/3563/3563
f 3561/3561/3561 3564/3564/3564 3562/3562/3562
f 3562/3562/3562 3564/3564/3564 3565/3565/3565
f 3564/3564/3564 3566/3566/3566 3565/3565/3565
f 3565/3565/3565 3566/3566/3566 3567/3567/3567
f 3568/3568/3568 3565/3565/3565 3567/3567/3567
f 3568/3568/3568 3563/3563/3563 3565/3565/3565
f 3563/3563/3563 3568/3568/3568 3571/3571/3571
f 3569/3569/3569 3579/3579/3579 3570/3570/3570
f 3569/3569/3569 3572/3572/3572 3579/3579/3579
f 3569/3569/3569 3586/3586/3586 3572/3572/3572
f 3568/3568/3568 3567/3567/3567 3575/3575/3575
f 3581/3581/3581 3569/3569/3569 3576/3576/3576
f 3577/3577/3577 3569/3569/3569 3578/3578/3578
f 3586/3586/3586 3569/3569/3569 3577/3577/3577
f 3583/3583/3583 3578/3578/3578 3569/3569/3569
f 3583/3583/3583 3569/3569/3569 3581/3581/3581
f 3572/3572/3572 3586/3586/3586 3594/3594/3594
f 3593/3593/3593 3587/3587/3587 3589/3589/3589
f 3577/3577/3577 3588/3588/3588 3586/3586/3586
f 3594/3594/3594 3586/3586/3586 3591/3591/3591
f 3587/3587/3587 3592/3592/3592 3590/3590/3590
f 3587/3587/3587 3593/3593/3593 3592/3592/3592
f 3595/3595/3595 3596/3596/3596 3573/3573/3573
f 3595/3595/3595 3592/3592/3592 3596/3596/3596
f 3590/3590/3590 3592/3592/3592 3595/3595/3595
f 3597/3597/3597 3596/3596/3596 3592/3592/3592
f 3600/3600/3600 3596/3596/3596 3597/3597/3597
f 3599/3599/3599 3596/3596/3596 3600/3600/3600
f 3573/3573/3573 3596/3596/3596 3599/3599/3599
f 3604/3604/3604 3600/3600/3600 3601/3601/3601
f 3601/3601/3601 3600/3600/3600 3597/3597/3597
f 3609/3609/3609 3600/3600/3600 3604/3604/3604
f 3599/3599/3599 3600/3600/3600 3607/3607/3607
f 3600/3600/3600 3609/3609/3609 3607/3607/3607
f 3609/3609/3609 3604/3604/3604 3612/3612/3612
f 3608/3608/3608 3615/3615/3615 3606/3606/3606
f 3615/3615/3615 3608/3608/3608 3610/3610/3610
f 3613/3613/3613 3610/3610/3610 3608/3608/3608
f 3610/3610/3610 3616/3616/3616 3615/3615/3615
f 3617/3617/3617 3615/3615/3615 3616/3616/3616
f 3620/3620/3620 3615/3615/3615 3617/3617/3617
f 3598/3598/3598 3615/3615/3615 3620/3620/3620
f 3606/3606/3606 3615/3615/3615 3598/3598/3598
f 3579/3579/3579 3572/3572/3572 3619/3619/3619
f 3598/3598/3598 3620/3620/3620 3574/3574/3574
f 3579/3579/3579 3619/3619/3619 3618/3618/3618
f 3617/3617/3617 3616/3616/3616 3580/3580/3580
f 3542/3542/3542 3616/3616/3616 3610/3610/3610
f 3542/3542/3542 3621/3621/3621 3616/3616/3616
f 3580/3580/3580 3616/3616/3616 3621/3621/3621
f 3545/3545/3545 3563/3563/3563 3621/3621/3621
f 3571/3571/3571 3621/3621/3621 3563/3563/3563
f 3580/3580/3580 3621/3621/3621 3571/3571/3571
f 3545/3545/3545 3621/3621/3621 3542/3542/3542
f 3537/3537/3537 3614/3614/3614 3624/3624/3624
f 3539/3539/3539 3614/3614/3614 3537/3537/3537
f 3614/3614/3614 3539/3539/3539 3629/3629/3629
f 3630/3630/3630 3610/3610/3610 3613/3613/3613
f 3538/3538/3538 3610/3610/3610 3630/3630/3630
f 3637/3637/3637 3537/3537/3537 3624/3624/3624
f 3650/3650/3650 3651/3651/3651 3647/3647/3647
f 3650/3650/3650 3652/3652/3652 3651/3651/3651
f 3601/3601/3601 3652/3652/3652 3650/3650/3650
f 3601/3601/3601 3597/3597/3597 3652/3652/3652
f 3652/3652/3652 3593/3593/3593 3651/3651/3651
f 3597/3597/3597 3592/3592/3592 3652/3652/3652
f 3652/3652/3652 3592/3592/3592 3593/3593/3593
f 3651/3651/3651 3654/3654/3654 3653/3653/3653
f 3643/3643/3643 3651/3651/3651 3653/3653/3653
f 3651/3651/3651 3593/3593/3593 3654/3654/3654
f 3647/3647/3647 3651/3651/3651 3643/3643/3643
f 3653/3653/3653 3654/3654/3654 3655/3655/3655
f 3656/3656/3656 3655/3655/3655 3654/3654/3654
f 3589/3589/3589 3654/3654/3654 3593/3593/3593
f 3656/3656/3656 3654/3654/3654 3589/3589/3589
f 3658/3658/3658 3655/3655/3655 3656/3656/3656
f 3660/3660/3660 3659/3659/3659 3657/3657/3657
f 3577/3577/3577 3657/3657/3657 3588/3588/3588
f 3660/3660/3660 3657/3657/3657 3577/3577/3577
f 3660/3660/3660 3665/3665/3665 3662/3662/3662
f 3668/3668/3668 3660/3660/3660 3662/3662/3662
f 3660/3660/3660 3668/3668/3668 3659/3659/3659
f 3663/3663/3663 3660/3660/3660 3671/3671/3671
f 3663/3663/3663 3667/3667/3667 3660/3660/3660
f 3660/3660/3660 3667/3667/3667 3665/3665/3665
f 3660/3660/3660 3577/3577/3577 3670/3670/3670
f 3671/3671/3671 3660/3660/3660 3670/3670/3670
f 3673/3673/3673 3663/3663/3663 3671/3671/3671
f 3672/3672/3672 3671/3671/3671 3675/3675/3675
f 3673/3673/3673 3671/3671/3671 3672/3672/3672
f 3671/3671/3671 3670/3670/3670 3674/3674/3674
f 3671/3671/3671 3674/3674/3674 3675/3675/3675
f 3675/3675/3675 3676/3676/3676 3682/3682/3682
f 3674/3674/3674 3676/3676/3676 3675/3675/3675
f 3675/3675/3675 3678/3678/3678 3672/3672/3672
f 3680/3680/3680 3678/3678/3678 3675/3675/3675
f 3675/3675/3675 3682/3682/3682 3680/3680/3680
f 3677/3677/3677 3684/3684/3684 3683/3683/3683
f 3683/3683/3683 3684/3684/3684 3685/3685/3685
f 3685/3685/3685 3681/3681/3681 3683/3683/3683
f 3686/3686/3686 3685/3685/3685 3684/3684/3684
f 3687/3687/3687 3685/3685/3685 3686/3686/3686
f 3688/3688/3688 3685/3685/3685 3687/3687/3687
f 3688/3688/3688 3689/3689/3689 3685/3685/3685
f 3681/3681/3681 3685/3685/3685 3689/3689/3689
f 3691/3691/3691 3689/3689/3689 3690/3690/3690
f 3693/3693/3693 3690/3690/3690 3689/3689/3689
f 3693/3693/3693 3689/3689/3689 3688/3688/3688
f 3681/3681/3681 3689/3689/3689 3691/3691/3691
f 3701/3701/3701 3693/3693/3693 3700/3700/3700
f 3700/3700/3700 3693/3693/3693 3688/3688/3688
f 3701/3701/3701 3703/3703/3703 3693/3693/3693
f 3703/3703/3703 3690/3690/3690 3693/3693/3693
f 3708/3708/3708 3704/3704/3704 3703/3703/3703
f 3704/3704/3704 3705/3705/3705 3703/3703/3703
f 3703/3703/3703 3705/3705/3705 3690/3690/3690
f 3708/3708/3708 3703/3703/3703 3701/3701/3701
f 3710/3710/3710 3704/3704/3704 3708/3708/3708
f 3716/3716/3716 3742/3742/3742 3710/3710/3710
f 3727/3727/3727 3741/3741/3741 3716/3716/3716
f 3716/3716/3716 3741/3741/3741 3742/3742/3742
f 3710/3710/3710 3742/3742/3742 3704/3704/3704
f 3742/3742/3742 3744/3744/3744 3704/3704/3704
f 3742/3742/3742 3743/3743/3743 3744/3744/3744
f 3741/3741/3741 3743/3743/3743 3742/3742/3742
f 3745/3745/3745 3744/3744/3744 3743/3743/3743
f 3679/3679/3679 3705/3705/3705 3744/3744/3744
f 3704/3704/3704 3744/3744/3744 3705/3705/3705
f 3679/3679/3679 3744/3744/3744 3745/3745/3745
f 3745/3745/3745 3743/3743/3743 3747/3747/3747
f 3748/3748/3748 3672/3672/3672 3746/3746/3746
f 3746/3746/3746 3672/3672/3672 3678/3678/3678
f 3743/3743/3743 3750/3750/3750 3747/3747/3747
f 3749/3749/3749 3751/3751/3751 3748/3748/3748
f 3748/3748/3748 3751/3751/3751 3672/3672/3672
f 3752/3752/3752 3751/3751/3751 3749/3749/3749
f 3751/3751/3751 3673/3673/3673 3672/3672/3672
f 3751/3751/3751 3752/3752/3752 3755/3755/3755
f 3755/3755/3755 3754/3754/3754 3751/3751/3751
f 3754/3754/3754 3673/3673/3673 3751/3751/3751
f 3756/3756/3756 3755/3755/3755 3765/3765/3765
f 3758/3758/3758 3755/3755/3755 3756/3756/3756
f 3755/3755/3755 3758/3758/3758 3768/3768/3768
f 3755/3755/3755 3752/3752/3752 3762/3762/3762
f 3761/3761/3761 3755/3755/3755 3766/3766/3766
f 3765/3765/3765 3755/3755/3755 3761/3761/3761
f 3755/3755/3755 3762/3762/3762 3766/3766/3766
f 3768/3768/3768 3769/3769/3769 3755/3755/3755
f 3769/3769/3769 3754/3754/3754 3755/3755/3755
f 3771/3771/3771 3769/3769/3769 3770/3770/3770
f 3770/3770/3770 3769/3769/3769 3768/3768/3768
f 3769/3769/3769 3772/3772/3772 3754/3754/3754
f 3771/3771/3771 3772/3772/3772 3769/3769/3769
f 3772/3772/3772 3773/3773/3773 3775/3775/3775
f 3771/3771/3771 3773/3773/3773 3772/3772/3772
f 3772/3772/3772 3775/3775/3775 3780/3780/3780
f 3772/3772/3772 3778/3778/3778 3782/3782/3782
f 3778/3778/3778 3772/3772/3772 3780/3780/3780
f 3772/3772/3772 3782/3782/3782 3783/3783/3783
f 3772/3772/3772 3783/3783/3783 3663/3663/3663
f 3772/3772/3772 3663/3663/3663 3673/3673/3673
f 3772/3772/3772 3673/3673/3673 3754/3754/3754
f 3784/3784/3784 3785/3785/3785 3787/3787/3787
f 3784/3784/3784 3788/3788/3788 3785/3785/3785
f 3781/3781/3781 3788/3788/3788 3784/3784/3784
f 3663/3663/3663 3783/3783/3783 3786/3786/3786
f 3789/3789/3789 3785/3785/3785 3788/3788/3788
f 3789/3789/3789 3788/3788/3788 3790/3790/3790
f 3790/3790/3790 3788/3788/3788 3791/3791/3791
f 3781/3781/3781 3791/3791/3791 3788/3788/3788
f 3793/3793/3793 3791/3791/3791 3792/3792/3792
f 3779/3779/3779 3792/3792/3792 3791/3791/3791
f 3777/3777/3777 3791/3791/3791 3781/3781/3781
f 3779/3779/3779 3791/3791/3791 3777/3777/3777
f 3790/3790/3790 3791/3791/3791 3793/3793/3793
f 3799/3799/3799 3793/3793/3793 3796/3796/3796
f 3796/3796/3796 3793/3793/3793 3800/3800/3800
f 3799/3799/3799 3790/3790/3790 3793/3793/3793
f 3793/3793/3793 3792/3792/3792 3800/3800/3800
f 3796/3796/3796 3800/3800/3800 3801/3801/3801
f 3801/3801/3801 3800/3800/3800 3804/3804/3804
f 3800/3800/3800 3805/3805/3805 3804/3804/3804
f 3800/3800/3800 3792/3792/3792 3805/3805/3805
f 3804/3804/3804 3805/3805/3805 3806/3806/3806
f 3774/3774/3774 3805/3805/3805 3776/3776/3776
f 3774/3774/3774 3806/3806/3806 3805/3805/3805
f 3776/3776/3776 3805/3805/3805 3792/3792/3792
f 3807/3807/3807 3806/3806/3806 3774/3774/3774
f 3807/3807/3807 3810/3810/3810 3806/3806/3806
f 3804/3804/3804 3806/3806/3806 3809/3809/3809
f 3809/3809/3809 3806/3806/3806 3810/3810/3810
f 3816/3816/3816 3810/3810/3810 3811/3811/3811
f 3815/3815/3815 3811/3811/3811 3810/3810/3810
f 3813/3813/3813 3810/3810/3810 3807/3807/3807
f 3815/3815/3815 3810/3810/3810 3813/3813/3813
f 3809/3809/3809 3810/3810/3810 3816/3816/3816
f 3825/3825/3825 3816/3816/3816 3819/3819/3819
f 3819/3819/3819 3816/3816/3816 3821/3821/3821
f 3825/3825/3825 3809/3809/3809 3816/3816/3816
f 3811/3811/3811 3823/3823/3823 3816/3816/3816
f 3816/3816/3816 3823/3823/3823 3821/3821/3821
f 3828/3828/3828 3809/3809/3809 3825/3825/3825
f 3831/3831/3831 3850/3850/3850 3843/3843/3843
f 3820/3820/3820 3851/3851/3851 3831/3831/3831
f 3831/3831/3831 3851/3851/3851 3850/3850/3850
f 3852/3852/3852 3851/3851/3851 3820/3820/3820
f 3850/3850/3850 3851/3851/3851 3854/3854/3854
f 3852/3852/3852 3854/3854/3854 3851/3851/3851
f 3857/3857/3857 3854/3854/3854 3852/3852/3852
f 3858/3858/3858 3854/3854/3854 3855/3855/3855
f 3857/3857/3857 3855/3855/3855 3854/3854/3854
f 3850/3850/3850 3854/3854/3854 3858/3858/3858
f 3858/3858/3858 3855/3855/3855 3531/3531/3531
f 3859/3859/3859 3858/3858/3858 3535/3535/3535
f 3859/3859/3859 3850/3850/3850 3858/3858/3858
f 3535/3535/3535 3858/3858/3858 3531/3531/3531
f 3537/3537/3537 3859/3859/3859 3535/3535/3535
f 3843/3843/3843 3859/3859/3859 3637/3637/3637
f 3637/3637/3637 3859/3859/3859 3537/3537/3537
f 3843/3843/3843 3850/3850/3850 3859/3859/3859
f 3863/3863/3863 3855/3855/3855 3857/3857/3857
f 3857/3857/3857 3852/3852/3852 3865/3865/3865
f 3856/3856/3856 3860/3860/3860 3861/3861/3861
f 3860/3860/3860 3856/3856/3856 3864/3864/3864
f 3856/3856/3856 3861/3861/3861 3866/3866/3866
f 3863/3863/3863 3857/3857/3857 3867/3867/3867
f 3861/3861/3861 3862/3862/3862 3866/3866/3866
f 3853/3853/3853 3860/3860/3860 3864/3864/3864
f 3869/3869/3869 3863/3863/3863 3871/3871/3871
f 3869/3869/3869 3532/3532/3532 3863/3863/3863
f 3862/3862/3862 3873/3873/3873 3870/3870/3870
f 3862/3862/3862 3861/3861/3861 3872/3872/3872
f 3862/3862/3862 3872/3872/3872 3873/3873/3873
f 3863/3863/3863 3532/3532/3532 3855/3855/3855
f 3873/3873/3873 3872/3872/3872 3874/3874/3874
f 3873/3873/3873 3874/3874/3874 3875/3875/3875
f 3868/3868/3868 3873/3873/3873 3875/3875/3875
f 3873/3873/3873 3868/3868/3868 3870/3870/3870
f 3868/3868/3868 3875/3875/3875 3878/3878/3878
f 3875/3875/3875 3521/3521/3521 3878/3878/3878
f 3521/3521/3521 3875/3875/3875 3876/3876/3876
f 3875/3875/3875 3874/3874/3874 3877/3877/3877
f 3875/3875/3875 3877/3877/3877 3876/3876/3876
f 3520/3520/3520 3869/3869/3869 3879/3879/3879
f 3882/3882/3882 3876/3876/3876 3877/3877/3877
f 3874/3874/3874 3880/3880/3880 3877/3877/3877
f 3882/3882/3882 3877/3877/3877 3880/3880/3880
f 3882/3882/3882 3880/3880/3880 3883/3883/3883
f 3888/3888/3888 3881/3881/3881 3884/3884/3884
f 3881/3881/3881 3887/3887/3887 3886/3886/3886
f 3885/3885/3885 3876/3876/3876 3882/3882/3882
f 3881/3881/3881 3888/3888/3888 3887/3887/3887
f 3890/3890/3890 3888/3888/3888 3884/3884/3884
f 3887/3887/3887 3888/3888/3888 3893/3893/3893
f 3890/3890/3890 3891/3891/3891 3888/3888/3888
f 3888/3888/3888 3891/3891/3891 3892/3892/3892
f 3888/3888/3888 3892/3892/3892 3893/3893/3893
f 3893/3893/3893 3892/3892/3892 3894/3894/3894
f 3893/3893/3893 3894/3894/3894 3895/3895/3895
f 3896/3896/3896 3893/3893/3893 3895/3895/3895
f 3887/3887/3887 3893/3893/3893 3896/3896/3896
f 3905/3905/3905 3887/3887/3887 3896/3896/3896
f 3896/3896/3896 3895/3895/3895 3897/3897/3897
f 3899/3899/3899 3896/3896/3896 3897/3897/3897
f 3905/3905/3905 3896/3896/3896 3899/3899/3899
f 3913/3913/3913 3905/3905/3905 3526/3526/3526
f 3913/3913/3913 3887/3887/3887 3905/3905/3905
f 3914/3914/3914 3912/3912/3912 3524/3524/3524
f 3914/3914/3914 3876/3876/3876 3912/3912/3912
f 3876/3876/3876 3885/3885/3885 3912/3912/3912
f 3887/3887/3887 3913/3913/3913 3886/3886/3886
f 3523/3523/3523 3520/3520/3520 3915/3915/3915
f 3521/3521/3521 3876/3876/3876 3914/3914/3914
f 3910/3910/3910 3477/3477/3477 3483/3483/3483
f 3927/3927/3927 3925/3925/3925 3910/3910/3910
f 3910/3910/3910 3925/3925/3925 3477/3477/3477
f 3929/3929/3929 3925/3925/3925 3927/3927/3927
f 3916/3916/3916 3930/3930/3930 3928/3928/3928
f 3933/3933/3933 3925/3925/3925 3929/3929/3929
f 3933/3933/3933 3929/3929/3929 3935/3935/3935
f 3935/3935/3935 3929/3929/3929 3936/3936/3936
f 3939/3939/3939 3937/3937/3937 3930/3930/3930
f 3939/3939/3939 3930/3930/3930 3916/3916/3916
f 3941/3941/3941 3942/3942/3942 3938/3938/3938
f 3941/3941/3941 3938/3938/3938 3917/3917/3917
f 3938/3938/3938 3942/3942/3942 3944/3944/3944
f 3937/3937/3937 3939/3939/3939 3943/3943/3943
f 3937/3937/3937 3943/3943/3943 3945/3945/3945
f 3942/3942/3942 3946/3946/3946 3944/3944/3944
f 3946/3946/3946 3947/3947/3947 3948/3948/3948
f 3946/3946/3946 3942/3942/3942 3947/3947/3947
f 3950/3950/3950 3945/3945/3945 3949/3949/3949
f 3945/3945/3945 3950/3950/3950 3937/3937/3937
f 3952/3952/3952 3934/3934/3934 3950/3950/3950
f 3935/3935/3935 3936/3936/3936 3951/3951/3951
f 3950/3950/3950 3949/3949/3949 3952/3952/3952
f 3952/3952/3952 3955/3955/3955 3934/3934/3934
f 3948/3948/3948 3956/3956/3956 3953/3953/3953
f 3955/3955/3955 3952/3952/3952 3957/3957/3957
f 3947/3947/3947 3956/3956/3956 3948/3948/3948
f 3956/3956/3956 3960/3960/3960 3958/3958/3958
f 3955/3955/3955 3957/3957/3957 3959/3959/3959
f 3956/3956/3956 3947/3947/3947 3961/3961/3961
f 3956/3956/3956 3961/3961/3961 3960/3960/3960
f 3947/3947/3947 3962/3962/3962 3961/3961/3961
f 3962/3962/3962 3963/3963/3963 3961/3961/3961
f 3961/3961/3961 3963/3963/3963 3965/3965/3965
f 3965/3965/3965 3964/3964/3964 3961/3961/3961
f 3961/3961/3961 3964/3964/3964 3960/3960/3960
f 3964/3964/3964 3965/3965/3965 3966/3966/3966
f 3965/3965/3965 3967/3967/3967 3966/3966/3966
f 3963/3963/3963 3967/3967/3967 3965/3965/3965
f 3968/3968/3968 3974/3974/3974 3967/3967/3967
f 3968/3968/3968 3967/3967/3967 3971/3971/3971
f 3971/3971/3971 3967/3967/3967 3972/3972/3972
f 3972/3972/3972 3967/3967/3967 3963/3963/3963
f 3967/3967/3967 3974/3974/3974 3966/3966/3966
f 3975/3975/3975 3974/3974/3974 3968/3968/3968
f 3974/3974/3974 3975/3975/3975 3979/3979/3979
f 3966/3966/3966 3974/3974/3974 3977/3977/3977
f 3979/3979/3979 3977/3977/3977 3974/3974/3974
f 3981/3981/3981 3977/3977/3977 3979/3979/3979
f 3980/3980/3980 3978/3978/3978 3976/3976/3976
f 3980/3980/3980 3982/3982/3982 3978/3978/3978
f 3983/3983/3983 3977/3977/3977 3981/3981/3981
f 3982/3982/3982 3985/3985/3985 3984/3984/3984
f 3982/3982/3982 3980/3980/3980 3985/3985/3985
f 3986/3986/3986 3985/3985/3985 3988/3988/3988
f 3985/3985/3985 3986/3986/3986 3990/3990/3990
f 3985/3985/3985 3994/3994/3994 3988/3988/3988
f 3980/3980/3980 3992/3992/3992 3985/3985/3985
f 3984/3984/3984 3985/3985/3985 3990/3990/3990
f 3994/3994/3994 3985/3985/3985 3991/3991/3991
f 3985/3985/3985 3992/3992/3992 3991/3991/3991
f 3998/3998/3998 3995/3995/3995 3993/3993/3993
f 3993/3993/3993 3995/3995/3995 3996/3996/3996
f 3996/3996/3996 3989/3989/3989 3993/3993/3993
f 3994/3994/3994 3991/3991/3991 3997/3997/3997
f 3999/3999/3999 3995/3995/3995 3998/3998/3998
f 3997/3997/3997 3991/3991/3991 4000/4000/4000
f 3999/3999/3999 4001/4001/4001 3995/3995/3995
f 4001/4001/4001 3999/3999/3999 4002/4002/4002
f 4000/4000/4000 3991/3991/3991 4003/4003/4003
f 4002/4002/4002 4006/4006/4006 4001/4001/4001
f 4003/4003/4003 3991/3991/3991 3768/3768/3768
f 4003/4003/4003 3768/3768/3768 4004/4004/4004
f 4005/4005/4005 4006/4006/4006 4002/4002/4002
f 4007/4007/4007 4006/4006/4006 4008/4008/4008
f 4007/4007/4007 4001/4001/4001 4006/4006/4006
f 3759/3759/3759 4008/4008/4008 4006/4006/4006
f 3759/3759/3759 4006/4006/4006 4005/4005/4005
f 4007/4007/4007 4008/4008/4008 4009/4009/4009
f 4009/4009/4009 4008/4008/4008 4010/4010/4010
f 3764/3764/3764 4010/4010/4010 4008/4008/4008
f 3764/3764/3764 4008/4008/4008 3757/3757/3757
f 4008/4008/4008 3759/3759/3759 3757/3757/3757
f 4011/4011/4011 4010/4010/4010 4012/4012/4012
f 4009/4009/4009 4010/4010/4010 4011/4011/4011
f 3760/3760/3760 4010/4010/4010 3764/3764/3764
f 3760/3760/3760 4012/4012/4012 4010/4010/4010
f 4013/4013/4013 4012/4012/4012 4014/4014/4014
f 4011/4011/4011 4012/4012/4012 4013/4013/4013
f 3767/3767/3767 4014/4014/4014 4012/4012/4012
f 3767/3767/3767 4012/4012/4012 3760/3760/3760
f 4016/4016/4016 4014/4014/4014 4015/4015/4015
f 3753/3753/3753 4015/4015/4015 4014/4014/4014
f 3753/3753/3753 4014/4014/4014 3763/3763/3763
f 4014/4014/4014 3767/3767/3767 3763/3763/3763
f 4013/4013/4013 4014/4014/4014 4016/4016/4016
f 4017/4017/4017 4016/4016/4016 3727/3727/3727
f 3727/3727/3727 4016/4016/4016 3741/3741/3741
f 4017/4017/4017 4013/4013/4013 4016/4016/4016
f 4016/4016/4016 4015/4015/4015 3741/3741/3741
f 3732/3732/3732 4013/4013/4013 4017/4017/4017
f 3741/3741/3741 4015/4015/4015 3743/3743/3743
f 3750/3750/3750 3743/3743/3743 4015/4015/4015
f 3750/3750/3750 4015/4015/4015 3753/3753/3753
f 3732/3732/3732 4011/4011/4011 4013/4013/4013
f 4019/4019/4019 4009/4009/4009 4011/4011/4011
f 4019/4019/4019 4011/4011/4011 3732/3732/3732
f 4024/4024/4024 4009/4009/4009 4019/4019/4019
f 4026/4026/4026 4027/4027/4027 4024/4024/4024
f 4024/4024/4024 4027/4027/4027 4007/4007/4007
f 4024/4024/4024 4007/4007/4007 4009/4009/4009
f 4028/4028/4028 3995/3995/3995 4027/4027/4027
f 4027/4027/4027 3995/3995/3995 4001/4001/4001
f 4027/4027/4027 4001/4001/4001 4007/4007/4007
f 4026/4026/4026 4028/4028/4028 4027/4027/4027
f 3735/3735/3735 4029/4029/4029 4028/4028/4028
f 3735/3735/3735 4028/4028/4028 4026/4026/4026
f 4029/4029/4029 3996/3996/3996 4028/4028/4028
f 4028/4028/4028 3996/3996/3996 3995/3995/3995
f 4031/4031/4031 4029/4029/4029 3735/3735/3735
f 4031/4031/4031 4032/4032/4032 4029/4029/4029
f 4032/4032/4032 4033/4033/4033 4029/4029/4029
f 4029/4029/4029 4033/4033/4033 3996/3996/3996
f 3989/3989/3989 3996/3996/3996 4033/4033/4033
f 3987/3987/3987 4033/4033/4033 4035/4035/4035
f 3989/3989/3989 4033/4033/4033 3987/3987/3987
f 4035/4035/4035 4033/4033/4033 4036/4036/4036
f 4032/4032/4032 4036/4036/4036 4033/4033/4033
f 4037/4037/4037 4036/4036/4036 4032/4032/4032
f 4037/4037/4037 4038/4038/4038 4036/4036/4036
f 4040/4040/4040 4036/4036/4036 4038/4038/4038
f 4036/4036/4036 4040/4040/4040 4035/4035/4035
f 4047/4047/4047 4039/4039/4039 4042/4042/4042
f 4040/4040/4040 4038/4038/4038 4041/4041/4041
f 4039/4039/4039 4045/4045/4045 3990/3990/3990
f 3990/3990/3990 4034/4034/4034 4039/4039/4039
f 4045/4045/4045 4039/4039/4039 4047/4047/4047
f 4046/4046/4046 4048/4048/4048 4049/4049/4049
f 4046/4046/4046 4038/4038/4038 4048/4048/4048
f 4045/4045/4045 4047/4047/4047 4051/4051/4051
f 4041/4041/4041 4038/4038/4038 4046/4046/4046
f 4049/4049/4049 4048/4048/4048 4052/4052/4052
f 4053/4053/4053 4043/4043/4043 4050/4050/4050
f 4053/4053/4053 4055/4055/4055 4054/4054/4054
f 4053/4053/4053 4054/4054/4054 4043/4043/4043
f 4056/4056/4056 4055/4055/4055 4053/4053/4053
f 4052/4052/4052 4058/4058/4058 4057/4057/4057
f 4052/4052/4052 4048/4048/4048 4058/4058/4058
f 4058/4058/4058 4048/4048/4048 4059/4059/4059
f 3722/3722/3722 4058/4058/4058 4059/4059/4059
f 4057/4057/4057 4058/4058/4058 4061/4061/4061
f 4061/4061/4061 4058/4058/4058 3722/3722/3722
f 4057/4057/4057 4061/4061/4061 4065/4065/4065
f 4068/4068/4068 4056/4056/4056 4063/4063/4063
f 4075/4075/4075 4077/4077/4077 4068/4068/4068
f 4078/4078/4078 4077/4077/4077 4075/4075/4075
f 4105/4105/4105 4117/4117/4117 4109/4109/4109
f 4105/4105/4105 4118/4118/4118 4117/4117/4117
f 4119/4119/4119 4118/4118/4118 4105/4105/4105
f 4131/4131/4131 4134/4134/4134 4132/4132/4132
f 4109/4109/4109 4117/4117/4117 4131/4131/4131
f 4131/4131/4131 4117/4117/4117 4134/4134/4134
f 4134/4134/4134 4135/4135/4135 4137/4137/4137
f 4134/4134/4134 4136/4136/4136 4135/4135/4135
f 4117/4117/4117 4136/4136/4136 4134/4134/4134
f 4132/4132/4132 4134/4134/4134 4137/4137/4137
f 4132/4132/4132 4137/4137/4137 4092/4092/4092
f 4092/4092/4092 4137/4137/4137 4139/4139/4139
f 4137/4137/4137 4135/4135/4135 4138/4138/4138
f 4137/4137/4137 4138/4138/4138 4139/4139/4139
f 4139/4139/4139 4138/4138/4138 4141/4141/4141
f 4142/4142/4142 4139/4139/4139 4140/4140/4140
f 4139/4139/4139 4141/4141/4141 4140/4140/4140
f 4092/4092/4092 4139/4139/4139 4142/4142/4142
f 4142/4142/4142 4140/4140/4140 4145/4145/4145
f 4145/4145/4145 4156/4156/4156 4155/4155/4155
f 4145/4145/4145 4140/4140/4140 4156/4156/4156
f 4156/4156/4156 4159/4159/4159 4157/4157/4157
f 4155/4155/4155 4156/4156/4156 4157/4157/4157
f 4140/4140/4140 4158/4158/4158 4156/4156/4156
f 4156/4156/4156 4158/4158/4158 4159/4159/4159
f 4157/4157/4157 4159/4159/4159 4160/4160/4160
f 4164/4164/4164 4160/4160/4160 4159/4159/4159
f 4162/4162/4162 4159/4159/4159 4158/4158/4158
f 4165/4165/4165 4159/4159/4159 4162/4162/4162
f 4164/4164/4164 4159/4159/4159 4165/4165/4165
f 4168/4168/4168 4166/4166/4166 4161/4161/4161
f 4166/4166/4166 4167/4167/4167 4163/4163/4163
f 4167/4167/4167 4166/4166/4166 4168/4168/4168
f 4169/4169/4169 4167/4167/4167 4168/4168/4168
f 4170/4170/4170 4169/4169/4169 4168/4168/4168
f 4170/4170/4170 4168/4168/4168 4173/4173/4173
f 4171/4171/4171 4173/4173/4173 4168/4168/4168
f 4168/4168/4168 4161/4161/4161 4171/4171/4171
f 4176/4176/4176 4173/4173/4173 4174/4174/4174
f 4171/4171/4171 4174/4174/4174 4173/4173/4173
f 4179/4179/4179 4173/4173/4173 4176/4176/4176
f 4179/4179/4179 4180/4180/4180 4173/4173/4173
f 4181/4181/4181 4173/4173/4173 4180/4180/4180
f 4181/4181/4181 4170/4170/4170 4173/4173/4173
f 4185/4185/4185 4182/4182/4182 4181/4181/4181
f 4182/4182/4182 4170/4170/4170 4181/4181/4181
f 4185/4185/4185 4181/4181/4181 4183/4183/4183
f 4183/4183/4183 4181/4181/4181 4184/4184/4184
f 4184/4184/4184 4181/4181/4181 4180/4180/4180
f 4186/4186/4186 4185/4185/4185 4183/4183/4183
f 4193/4193/4193 4185/4185/4185 4186/4186/4186
f 4196/4196/4196 4182/4182/4182 4185/4185/4185
f 4187/4187/4187 4185/4185/4185 4189/4189/4189
f 4198/4198/4198 4185/4185/4185 4187/4187/4187
f 4189/4189/4189 4185/4185/4185 4192/4192/4192
f 4192/4192/4192 4185/4185/4185 4193/4193/4193
f 4196/4196/4196 4185/4185/4185 4198/4198/4198
f 4188/4188/4188 4199/4199/4199 4197/4197/4197
f 4197/4197/4197 4199/4199/4199 4195/4195/4195
f 4195/4195/4195 4199/4199/4199 4200/4200/4200
f 4201/4201/4201 4200/4200/4200 4199/4199/4199
f 4201/4201/4201 4199/4199/4199 4203/4203/4203
f 4188/4188/4188 4202/4202/4202 4199/4199/4199
f 4203/4203/4203 4199/4199/4199 4202/4202/4202
f 4209/4209/4209 4203/4203/4203 4205/4205/4205
f 4205/4205/4205 4203/4203/4203 4210/4210/4210
f 4209/4209/4209 4201/4201/4201 4203/4203/4203
f 4203/4203/4203 4202/4202/4202 4210/4210/4210
f 4212/4212/4212 4210/4210/4210 4214/4214/4214
f 4205/4205/4205 4210/4210/4210 4212/4212/4212
f 4210/4210/4210 4215/4215/4215 4214/4214/4214
f 4210/4210/4210 4202/4202/4202 4215/4215/4215
f 4191/4191/4191 4215/4215/4215 4202/4202/4202
f 4194/4194/4194 4215/4215/4215 4191/4191/4191
f 4194/4194/4194 4216/4216/4216 4215/4215/4215
f 4214/4214/4214 4215/4215/4215 4216/4216/4216
f 4217/4217/4217 4216/4216/4216 4194/4194/4194
f 4217/4217/4217 4219/4219/4219 4216/4216/4216
f 4214/4214/4214 4216/4216/4216 4220/4220/4220
f 4220/4220/4220 4216/4216/4216 4219/4219/4219
f 4220/4220/4220 4219/4219/4219 4221/4221/4221
f 4222/4222/4222 4220/4220/4220 4221/4221/4221
f 4227/4227/4227 4220/4220/4220 4222/4222/4222
f 4227/4227/4227 4214/4214/4214 4220/4220/4220
f 4230/4230/4230 4214/4214/4214 4227/4227/4227
f 4242/4242/4242 4243/4243/4243 4232/4232/4232
f 4232/4232/4232 4243/4243/4243 4253/4253/4253
f 4253/4253/4253 4243/4243/4243 4271/4271/4271
f 4253/4253/4253 4271/4271/4271 4269/4269/4269
f 4272/4272/4272 4274/4274/4274 4271/4271/4271
f 4272/4272/4272 4271/4271/4271 4243/4243/4243
f 4269/4269/4269 4271/4271/4271 4273/4273/4273
f 4274/4274/4274 4273/4273/4273 4271/4271/4271
f 4274/4274/4274 4275/4275/4275 4273/4273/4273
f 4277/4277/4277 4275/4275/4275 4274/4274/4274
f 4276/4276/4276 4274/4274/4274 4272/4272/4272
f 4276/4276/4276 4277/4277/4277 4274/4274/4274
f 4278/4278/4278 4279/4279/4279 4277/4277/4277
f 4278/4278/4278 4277/4277/4277 4276/4276/4276
f 4279/4279/4279 4280/4280/4280 4277/4277/4277
f 4277/4277/4277 4280/4280/4280 4275/4275/4275
f 4279/4279/4279 4281/4281/4281 4280/4280/4280
f 4281/4281/4281 4282/4282/4282 4280/4280/4280
f 4280/4280/4280 4283/4283/4283 4275/4275/4275
f 4280/4280/4280 4282/4282/4282 4283/4283/4283
f 4283/4283/4283 4288/4288/4288 4284/4284/4284
f 4275/4275/4275 4283/4283/4283 4284/4284/4284
f 4282/4282/4282 4285/4285/4285 4283/4283/4283
f 4288/4288/4288 4283/4283/4283 4285/4285/4285
f 4290/4290/4290 4284/4284/4284 4288/4288/4288
f 4288/4288/4288 4285/4285/4285 4294/4294/4294
f 4290/4290/4290 4288/4288/4288 4295/4295/4295
f 4297/4297/4297 4287/4287/4287 4293/4293/4293
f 4287/4287/4287 4298/4298/4298 4296/4296/4296
f 4287/4287/4287 4297/4297/4297 4298/4298/4298
f 4297/4297/4297 4299/4299/4299 4298/4298/4298
f 4298/4298/4298 4299/4299/4299 4302/4302/4302
f 4300/4300/4300 4298/4298/4298 4303/4303/4303
f 4298/4298/4298 4300/4300/4300 4296/4296/4296
f 4303/4303/4303 4298/4298/4298 4302/4302/4302
f 4303/4303/4303 4302/4302/4302 4306/4306/4306
f 4305/4305/4305 4307/4307/4307 4304/4304/4304
f 4304/4304/4304 4307/4307/4307 4301/4301/4301
f 4301/4301/4301 4307/4307/4307 4312/4312/4312
f 4307/4307/4307 4309/4309/4309 4308/4308/4308
f 4312/4312/4312 4307/4307/4307 4308/4308/4308
f 4307/4307/4307 4310/4310/4310 4309/4309/4309
f 4305/4305/4305 4310/4310/4310 4307/4307/4307
f 4312/4312/4312 4308/4308/4308 4315/4315/4315
f 4301/4301/4301 4312/4312/4312 4292/4292/4292
f 4269/4269/4269 4273/4273/4273 4318/4318/4318
f 4318/4318/4318 4273/4273/4273 4284/4284/4284
f 4284/4284/4284 4290/4290/4290 4318/4318/4318
f 4315/4315/4315 4338/4338/4338 4337/4337/4337
f 4337/4337/4337 4338/4338/4338 4339/4339/4339
f 4337/4337/4337 4339/4339/4339 4334/4334/4334
f 4339/4339/4339 4342/4342/4342 4340/4340/4340
f 4331/4331/4331 4339/4339/4339 4340/4340/4340
f 4339/4339/4339 4341/4341/4341 4342/4342/4342
f 4338/4338/4338 4341/4341/4341 4339/4339/4339
f 4334/4334/4334 4339/4339/4339 4331/4331/4331
f 4340/4340/4340 4342/4342/4342 4345/4345/4345
f 4344/4344/4344 4346/4346/4346 4342/4342/4342
f 4344/4344/4344 4342/4342/4342 4347/4347/4347
f 4347/4347/4347 4342/4342/4342 4341/4341/4341
f 4345/4345/4345 4342/4342/4342 4346/4346/4346
f 4348/4348/4348 4349/4349/4349 4343/4343/4343
f 4351/4351/4351 4349/4349/4349 4348/4348/4348
f 4347/4347/4347 4341/4341/4341 4350/4350/4350
f 4351/4351/4351 4355/4355/4355 4349/4349/4349
f 4352/4352/4352 4355/4355/4355 4351/4351/4351
f 4350/4350/4350 4354/4354/4354 4353/4353/4353
f 4350/4350/4350 4341/4341/4341 4354/4354/4354
f 4349/4349/4349 4355/4355/4355 4363/4363/4363
f 4361/4361/4361 4356/4356/4356 4355/4355/4355
f 4355/4355/4355 4356/4356/4356 4364/4364/4364
f 4358/4358/4358 4355/4355/4355 4365/4365/4365
f 4368/4368/4368 4355/4355/4355 4358/4358/4358
f 4361/4361/4361 4355/4355/4355 4368/4368/4368
f 4363/4363/4363 4355/4355/4355 4362/4362/4362
f 4355/4355/4355 4364/4364/4364 4362/4362/4362
f 4365/4365/4365 4355/4355/4355 4352/4352/4352
f 4367/4367/4367 4369/4369/4369 4359/4359/4359
f 4367/4367/4367 4310/4310/4310 4369/4369/4369
f 4357/4357/4357 4310/4310/4310 4367/4367/4367
f 4310/4310/4310 4305/4305/4305 4369/4369/4369
f 4370/4370/4370 4302/4302/4302 4372/4372/4372
f 4306/4306/4306 4302/4302/4302 4370/4370/4370
f 4370/4370/4370 4372/4372/4372 4360/4360/4360
f 4373/4373/4373 4371/4371/4371 4375/4375/4375
f 4373/4373/4373 4361/4361/4361 4371/4371/4371
f 4372/4372/4372 4302/4302/4302 4376/4376/4376
f 4376/4376/4376 4299/4299/4299 4374/4374/4374
f 4376/4376/4376 4302/4302/4302 4299/4299/4299
f 4382/4382/4382 4373/4373/4373 4377/4377/4377
f 4374/4374/4374 4379/4379/4379 4378/4378/4378
f 4374/4374/4374 4380/4380/4380 4379/4379/4379
f 4374/4374/4374 4299/4299/4299 4380/4380/4380
f 4361/4361/4361 4373/4373/4373 4382/4382/4382
f 4361/4361/4361 4382/4382/4382 4356/4356/4356
f 4389/4389/4389 4356/4356/4356 4382/4382/4382
f 4389/4389/4389 4382/4382/4382 4383/4383/4383
f 4383/4383/4383 4382/4382/4382 4391/4391/4391
f 4382/4382/4382 4377/4377/4377 4386/4386/4386
f 4393/4393/4393 4381/4381/4381 4387/4387/4387
f 4381/4381/4381 4392/4392/4392 4390/4390/4390
f 4381/4381/4381 4393/4393/4393 4392/4392/4392
f 4394/4394/4394 4392/4392/4392 4393/4393/4393
f 4394/4394/4394 4393/4393/4393 4395/4395/4395
f 4395/4395/4395 4393/4393/4393 4379/4379/4379
f 4387/4387/4387 4379/4379/4379 4393/4393/4393
f 4379/4379/4379 4380/4380/4380 4395/4395/4395
f 4380/4380/4380 4396/4396/4396 4395/4395/4395
f 4396/4396/4396 4394/4394/4394 4395/4395/4395
f 4396/4396/4396 4397/4397/4397 4399/4399/4399
f 4397/4397/4397 4396/4396/4396 4380/4380/4380
f 4399/4399/4399 4398/4398/4398 4396/4396/4396
f 4398/4398/4398 4394/4394/4394 4396/4396/4396
f 4399/4399/4399 4400/4400/4400 4402/4402/4402
f 4400/4400/4400 4399/4399/4399 4397/4397/4397
f 4402/4402/4402 4403/4403/4403 4399/4399/4399
f 4403/4403/4403 4398/4398/4398 4399/4399/4399
f 4406/4406/4406 4404/4404/4404 4403/4403/4403
f 4404/4404/4404 4405/4405/4405 4403/4403/4403
f 4403/4403/4403 4405/4405/4405 4398/4398/4398
f 4406/4406/4406 4403/4403/4403 4402/4402/4402
f 4408/4408/4408 4406/4406/4406 4413/4413/4413
f 4408/4408/4408 4411/4411/4411 4406/4406/4406
f 4406/4406/4406 4410/4410/4410 4413/4413/4413
f 4410/4410/4410 4406/4406/4406 4402/4402/4402
f 4411/4411/4411 4404/4404/4404 4406/4406/4406
f 4409/4409/4409 4407/4407/4407 4412/4412/4412
f 4415/4415/4415 4411/4411/4411 4419/4419/4419
f 4421/4421/4421 4411/4411/4411 4415/4415/4415
f 4411/4411/4411 4408/4408/4408 4419/4419/4419
f 4411/4411/4411 4417/4417/4417 4404/4404/4404
f 4417/4417/4417 4411/4411/4411 4421/4421/4421
f 4414/4414/4414 4422/4422/4422 4420/4420/4420
f 4422/4422/4422 4416/4416/4416 4420/4420/4420
f 4430/4430/4430 4423/4423/4423 4422/4422/4422
f 4423/4423/4423 4425/4425/4425 4422/4422/4422
f 4422/4422/4422 4425/4425/4425 4424/4424/4424
f 4416/4416/4416 4422/4422/4422 4424/4424/4424
f 4430/4430/4430 4422/4422/4422 4414/4414/4414
f 4436/4436/4436 4423/4423/4423 4430/4430/4430
f 4430/4430/4430 4414/4414/4414 4438/4438/4438
f 4456/4456/4456 4449/4449/4449 4431/4431/4431
f 4459/4459/4459 4449/4449/4449 4456/4456/4456
f 4459/4459/4459 4463/4463/4463 4449/4449/4449
f 4472/4472/4472 4474/4474/4474 4467/4467/4467
f 4472/4472/4472 4467/4467/4467 4465/4465/4465
f 4473/4473/4473 4475/4475/4475 4468/4468/4468
f 4476/4476/4476 4461/4461/4461 4469/4469/4469
f 4473/4473/4473 4477/4477/4477 4475/4475/4475
f 4477/4477/4477 4479/4479/4479 4475/4475/4475
f 4480/4480/4480 4476/4476/4476 4478/4478/4478
f 4476/4476/4476 4480/4480/4480 4461/4461/4461
f 4482/4482/4482 4480/4480/4480 4478/4478/4478
f 4436/4436/4436 4480/4480/4480 4423/4423/4423
f 4480/4480/4480 4481/4481/4481 4423/4423/4423
f 4482/4482/4482 4481/4481/4481 4480/4480/4480
f 4461/4461/4461 4480/4480/4480 4436/4436/4436
f 4483/4483/4483 4484/4484/4484 4485/4485/4485
f 4479/4479/4479 4484/4484/4484 4483/4483/4483
f 4481/4481/4481 4482/4482/4482 4486/4486/4486
f 4485/4485/4485 4484/4484/4484 4489/4489/4489
f 4485/4485/4485 4489/4489/4489 4487/4487/4487
f 4488/4488/4488 4481/4481/4481 4486/4486/4486
f 4490/4490/4490 4492/4492/4492 4489/4489/4489
f 4490/4490/4490 4489/4489/4489 4484/4484/4484
f 4492/4492/4492 4491/4491/4491 4489/4489/4489
f 4487/4487/4487 4489/4489/4489 4491/4491/4491
f 4493/4493/4493 4492/4492/4492 4490/4490/4490
f 4492/4492/4492 4493/4493/4493 4494/4494/4494
f 4492/4492/4492 4494/4494/4494 4491/4491/4491
f 4495/4495/4495 4494/4494/4494 4493/4493/4493
f 4498/4498/4498 4494/4494/4494 4495/4495/4495
f 4498/4498/4498 4491/4491/4491 4494/4494/4494
f 4503/4503/4503 4497/4497/4497 4496/4496/4496
f 4501/4501/4501 4498/4498/4498 4499/4499/4499
f 4497/4497/4497 4502/4502/4502 4500/4500/4500
f 4498/4498/4498 4501/4501/4501 4491/4491/4491
f 4497/4497/4497 4503/4503/4503 4502/4502/4502
f 4364/4364/4364 4503/4503/4503 4504/4504/4504
f 4505/4505/4505 4504/4504/4504 4503/4503/4503
f 4503/4503/4503 4510/4510/4510 4505/4505/4505
f 4364/4364/4364 4502/4502/4502 4503/4503/4503
f 4503/4503/4503 4496/4496/4496 4507/4507/4507
f 4507/4507/4507 4508/4508/4508 4503/4503/4503
f 4503/4503/4503 4508/4508/4508 4510/4510/4510
f 4509/4509/4509 4512/4512/4512 4511/4511/4511
f 4512/4512/4512 4506/4506/4506 4511/4511/4511
f 4516/4516/4516 4512/4512/4512 4513/4513/4513
f 4509/4509/4509 4513/4513/4513 4512/4512/4512
f 4514/4514/4514 4512/4512/4512 4516/4516/4516
f 4514/4514/4514 4515/4515/4515 4512/4512/4512
f 4506/4506/4506 4512/4512/4512 4515/4515/4515
f 4517/4517/4517 4516/4516/4516 4519/4519/4519
f 4081/4081/4081 4516/4516/4516 4517/4517/4517
f 4081/4081/4081 4514/4514/4514 4516/4516/4516
f 4516/4516/4516 4513/4513/4513 4519/4519/4519
f 4078/4078/4078 4519/4519/4519 4077/4077/4077
f 4517/4517/4517 4519/4519/4519 4078/4078/4078
f 4519/4519/4519 4513/4513/4513 4520/4520/4520
f 4519/4519/4519 4520/4520/4520 4077/4077/4077
f 4077/4077/4077 4520/4520/4520 4054/4054/4054
f 4521/4521/4521 4054/4054/4054 4520/4520/4520
f 4521/4521/4521 4520/4520/4520 4523/4523/4523
f 4520/4520/4520 4525/4525/4525 4523/4523/4523
f 4525/4525/4525 4520/4520/4520 4513/4513/4513
f 4507/4507/4507 4524/4524/4524 4526/4526/4526
f 4508/4508/4508 4507/4507/4507 4526/4526/4526
f 4525/4525/4525 4513/4513/4513 4509/4509/4509
f 4507/4507/4507 4522/4522/4522 4524/4524/4524
f 4043/4043/4043 4054/4054/4054 4521/4521/4521
f 4507/4507/4507 4527/4527/4527 4522/4522/4522
f 4522/4522/4522 4527/4527/4527 4044/4044/4044
f 4527/4527/4527 4507/4507/4507 4529/4529/4529
f 4534/4534/4534 4528/4528/4528 4530/4530/4530
f 3990/3990/3990 4045/4045/4045 4528/4528/4528
f 4528/4528/4528 4536/4536/4536 3990/3990/3990
f 4531/4531/4531 4528/4528/4528 4534/4534/4534
f 4536/4536/4536 4528/4528/4528 4531/4531/4531
f 4537/4537/4537 4535/4535/4535 4532/4532/4532
f 4535/4535/4535 3964/3964/3964 3983/3983/3983
f 4535/4535/4535 4537/4537/4537 3964/3964/3964
f 3984/3984/3984 3990/3990/3990 4536/4536/4536
f 3960/3960/3960 4537/4537/4537 4538/4538/4538
f 4538/4538/4538 4537/4537/4537 4539/4539/4539
f 3960/3960/3960 3964/3964/3964 4537/4537/4537
f 4533/4533/4533 4537/4537/4537 4532/4532/4532
f 4533/4533/4533 4539/4539/4539 4537/4537/4537
f 4538/4538/4538 4539/4539/4539 4540/4540/4540
f 4541/4541/4541 4540/4540/4540 4539/4539/4539
f 4533/4533/4533 4541/4541/4541 4539/4539/4539
f 4543/4543/4543 4540/4540/4540 4541/4541/4541
f 4542/4542/4542 4549/4549/4549 4544/4544/4544
f 4541/4541/4541 4533/4533/4533 4545/4545/4545
f 4547/4547/4547 4542/4542/4542 4546/4546/4546
f 4551/4551/4551 4542/4542/4542 4547/4547/4547
f 4549/4549/4549 4542/4542/4542 4551/4551/4551
f 4552/4552/4552 4553/4553/4553 4550/4550/4550
f 4552/4552/4552 4554/4554/4554 4553/4553/4553
f 4552/4552/4552 4556/4556/4556 4554/4554/4554
f 4556/4556/4556 4552/4552/4552 4548/4548/4548
f 4529/4529/4529 4555/4555/4555 4560/4560/4560
f 4507/4507/4507 4555/4555/4555 4529/4529/4529
f 4556/4556/4556 4559/4559/4559 4554/4554/4554
f 4507/4507/4507 4557/4557/4557 4555/4555/4555
f 4558/4558/4558 4559/4559/4559 4556/4556/4556
f 4556/4556/4556 4548/4548/4548 4561/4561/4561
f 4529/4529/4529 4560/4560/4560 4564/4564/4564
f 4547/4547/4547 4563/4563/4563 4562/4562/4562
f 4566/4566/4566 4530/4530/4530 4565/4565/4565
f 4563/4563/4563 4546/4546/4546 4567/4567/4567
f 4546/4546/4546 4563/4563/4563 4547/4547/4547
f 4545/4545/4545 4533/4533/4533 4568/4568/4568
f 4534/4534/4534 4530/4530/4530 4566/4566/4566
f 4569/4569/4569 4559/4559/4559 4493/4493/4493
f 4569/4569/4569 4554/4554/4554 4559/4559/4559
f 4570/4570/4570 4559/4559/4559 4558/4558/4558
f 4570/4570/4570 4493/4493/4493 4559/4559/4559
f 4493/4493/4493 4570/4570/4570 4495/4495/4495
f 4507/4507/4507 4496/4496/4496 4571/4571/4571
f 4557/4557/4557 4507/4507/4507 4571/4571/4571
f 4569/4569/4569 4493/4493/4493 4572/4572/4572
f 4573/4573/4573 4569/4569/4569 4572/4572/4572
f 4553/4553/4553 4554/4554/4554 4569/4569/4569
f 4576/4576/4576 4569/4569/4569 4573/4573/4573
f 4569/4569/4569 4576/4576/4576 4553/4553/4553
f 4580/4580/4580 4575/4575/4575 4578/4578/4578
f 4575/4575/4575 4582/4582/4582 4578/4578/4578
f 4580/4580/4580 4584/4584/4584 4575/4575/4575
f 4582/4582/4582 4575/4575/4575 4574/4574/4574
f 4553/4553/4553 4576/4576/4576 4583/4583/4583
f 4580/4580/4580 4586/4586/4586 4584/4584/4584
f 4550/4550/4550 4583/4583/4583 4585/4585/4585
f 4583/4583/4583 4550/4550/4550 4553/4553/4553
f 4590/4590/4590 4586/4586/4586 4580/4580/4580
f 4590/4590/4590 4595/4595/4595 4586/4586/4586
f 4598/4598/4598 4585/4585/4585 4594/4594/4594
f 4550/4550/4550 4585/4585/4585 4598/4598/4598
f 4601/4601/4601 4597/4597/4597 4593/4593/4593
f 4606/4606/4606 4597/4597/4597 4601/4601/4601
f 4606/4606/4606 4549/4549/4549 4597/4597/4597
f 4607/4607/4607 4543/4543/4543 4605/4605/4605
f 4544/4544/4544 4549/4549/4549 4606/4606/4606
f 4607/4607/4607 4605/4605/4605 4599/4599/4599
f 4608/4608/4608 4617/4617/4617 3931/3931/3931
f 4603/4603/4603 4617/4617/4617 4608/4608/4608
f 4612/4612/4612 4543/4543/4543 4607/4607/4607
f 3925/3925/3925 3933/3933/3933 4616/4616/4616
f 4654/4654/4654 4648/4648/4648 4663/4663/4663
f 4647/4647/4647 4666/4666/4666 4664/4664/4664
f 4664/4664/4664 4666/4666/4666 4685/4685/4685
f 4682/4682/4682 4654/4654/4654 4663/4663/4663
f 4700/4700/4700 4708/4708/4708 4711/4711/4711
f 4712/4712/4712 4710/4710/4710 4709/4709/4709
f 4694/4694/4694 4713/4713/4713 4708/4708/4708
f 4715/4715/4715 4713/4713/4713 4694/4694/4694
f 4712/4712/4712 4714/4714/4714 4710/4710/4710
f 4718/4718/4718 4714/4714/4714 4712/4712/4712
f 4715/4715/4715 4717/4717/4717 4713/4713/4713
f 4720/4720/4720 4714/4714/4714 4718/4718/4718
f 4715/4715/4715 4719/4719/4719 4717/4717/4717
f 4720/4720/4720 4721/4721/4721 4714/4714/4714
f 4723/4723/4723 4721/4721/4721 4720/4720/4720
f 4719/4719/4719 4724/4724/4724 4722/4722/4722
f 4719/4719/4719 4715/4715/4715 4724/4724/4724
f 4716/4716/4716 4728/4728/4728 4725/4725/4725
f 4725/4725/4725 4728/4728/4728 4726/4726/4726
f 4725/4725/4725 4726/4726/4726 4734/4734/4734
f 4722/4722/4722 4724/4724/4724 4732/4732/4732
f 4732/4732/4732 4724/4724/4724 4739/4739/4739
f 4725/4725/4725 4734/4734/4734 4738/4738/4738
f 4735/4735/4735 4740/4740/4740 4736/4736/4736
f 4741/4741/4741 4731/4731/4731 4737/4737/4737
f 4740/4740/4740 4743/4743/4743 4751/4751/4751
f 4740/4740/4740 4745/4745/4745 4743/4743/4743
f 4745/4745/4745 4740/4740/4740 4744/4744/4744
f 4749/4749/4749 4744/4744/4744 4740/4740/4740
f 4749/4749/4749 4740/4740/4740 4735/4735/4735
f 4750/4750/4750 4747/4747/4747 4741/4741/4741
f 4741/4741/4741 4747/4747/4747 4731/4731/4731
f 4752/4752/4752 4750/4750/4750 4754/4754/4754
f 4752/4752/4752 4747/4747/4747 4750/4750/4750
f 4754/4754/4754 4750/4750/4750 4758/4758/4758
f 4751/4751/4751 4743/4743/4743 4756/4756/4756
f 4751/4751/4751 4756/4756/4756 4759/4759/4759
f 4760/4760/4760 4764/4764/4764 4762/4762/4762
f 4761/4761/4761 4763/4763/4763 4758/4758/4758
f 4757/4757/4757 4764/4764/4764 4760/4760/4760
f 4758/4758/4758 4763/4763/4763 4755/4755/4755
f 4762/4762/4762 4764/4764/4764 4765/4765/4765
f 4765/4765/4765 4764/4764/4764 4766/4766/4766
f 4766/4766/4766 4764/4764/4764 4767/4767/4767
f 4757/4757/4757 4767/4767/4767 4764/4764/4764
f 4766/4766/4766 4767/4767/4767 4768/4768/4768
f 4768/4768/4768 4767/4767/4767 4769/4769/4769
f 4746/4746/4746 4769/4769/4769 4767/4767/4767
f 4742/4742/4742 4767/4767/4767 4757/4757/4757
f 4746/4746/4746 4767/4767/4767 4742/4742/4742
f 4771/4771/4771 4769/4769/4769 4770/4770/4770
f 4773/4773/4773 4770/4770/4770 4769/4769/4769
f 4768/4768/4768 4769/4769/4769 4771/4771/4771
f 4769/4769/4769 4746/4746/4746 4773/4773/4773
f 4744/4744/4744 4772/4772/4772 4745/4745/4745
f 4774/4774/4774 4770/4770/4770 4773/4773/4773
f 4744/4744/4744 4775/4775/4775 4772/4772/4772
f 4778/4778/4778 4770/4770/4770 4774/4774/4774
f 4775/4775/4775 4776/4776/4776 4777/4777/4777
f 4776/4776/4776 4775/4775/4775 4744/4744/4744
f 4781/4781/4781 4778/4778/4778 4779/4779/4779
f 4777/4777/4777 4776/4776/4776 4780/4780/4780
f 4778/4778/4778 4781/4781/4781 4770/4770/4770
f 4784/4784/4784 4770/4770/4770 4781/4781/4781
f 4782/4782/4782 4781/4781/4781 4783/4783/4783
f 4784/4784/4784 4781/4781/4781 4782/4782/4782
f 4779/4779/4779 4783/4783/4783 4781/4781/4781
f 4789/4789/4789 4784/4784/4784 4786/4786/4786
f 4786/4786/4786 4784/4784/4784 4782/4782/4782
f 4789/4789/4789 4771/4771/4771 4784/4784/4784
f 4771/4771/4771 4770/4770/4770 4784/4784/4784
f 4792/4792/4792 4771/4771/4771 4789/4789/4789
f 4792/4792/4792 4768/4768/4768 4771/4771/4771
f 4810/4810/4810 4768/4768/4768 4792/4792/4792
f 4818/4818/4818 4831/4831/4831 4823/4823/4823
f 4826/4826/4826 4832/4832/4832 4818/4818/4818
f 4818/4818/4818 4832/4832/4832 4831/4831/4831
f 4826/4826/4826 4835/4835/4835 4832/4832/4832
f 4832/4832/4832 4834/4834/4834 4831/4831/4831
f 4832/4832/4832 4833/4833/4833 4834/4834/4834
f 4835/4835/4835 4833/4833/4833 4832/4832/4832
f 4826/4826/4826 4836/4836/4836 4835/4835/4835
f 4836/4836/4836 4837/4837/4837 4835/4835/4835
f 4835/4835/4835 4837/4837/4837 4838/4838/4838
f 4835/4835/4835 4838/4838/4838 4833/4833/4833
f 4840/4840/4840 4833/4833/4833 4838/4838/4838
f 4844/4844/4844 4838/4838/4838 4837/4837/4837
f 4840/4840/4840 4838/4838/4838 4841/4841/4841
f 4838/4838/4838 4844/4844/4844 4841/4841/4841
f 4843/4843/4843 4845/4845/4845 4842/4842/4842
f 4844/4844/4844 4837/4837/4837 4847/4847/4847
f 4846/4846/4846 4845/4845/4845 4843/4843/4843
f 4847/4847/4847 4837/4837/4837 4848/4848/4848
f 4849/4849/4849 4845/4845/4845 4846/4846/4846
f 4849/4849/4849 4850/4850/4850 4845/4845/4845
f 4852/4852/4852 4850/4850/4850 4849/4849/4849
f 4853/4853/4853 4851/4851/4851 4848/4848/4848
f 4848/4848/4848 4837/4837/4837 4853/4853/4853
f 4854/4854/4854 4853/4853/4853 4837/4837/4837
f 4856/4856/4856 4853/4853/4853 4854/4854/4854
f 4856/4856/4856 4855/4855/4855 4853/4853/4853
f 4851/4851/4851 4853/4853/4853 4855/4855/4855
f 4801/4801/4801 4856/4856/4856 4854/4854/4854
f 4856/4856/4856 4857/4857/4857 4855/4855/4855
f 4858/4858/4858 4857/4857/4857 4856/4856/4856
f 4801/4801/4801 4858/4858/4858 4856/4856/4856
f 4858/4858/4858 4783/4783/4783 4857/4857/4857
f 4782/4782/4782 4783/4783/4783 4858/4858/4858
f 4860/4860/4860 4782/4782/4782 4858/4858/4858
f 4860/4860/4860 4858/4858/4858 4801/4801/4801
f 4786/4786/4786 4782/4782/4782 4860/4860/4860
f 4861/4861/4861 4855/4855/4855 4857/4857/4857
f 4864/4864/4864 4857/4857/4857 4783/4783/4783
f 4857/4857/4857 4864/4864/4864 4861/4861/4861
f 4863/4863/4863 4867/4867/4867 4862/4862/4862
f 4864/4864/4864 4783/4783/4783 4866/4866/4866
f 4865/4865/4865 4867/4867/4867 4863/4863/4863
f 4780/4780/4780 4867/4867/4867 4865/4865/4865
f 4780/4780/4780 4776/4776/4776 4867/4867/4867
f 4868/4868/4868 4867/4867/4867 4776/4776/4776
f 4868/4868/4868 4869/4869/4869 4867/4867/4867
f 4862/4862/4862 4867/4867/4867 4850/4850/4850
f 4867/4867/4867 4869/4869/4869 4850/4850/4850
f 4870/4870/4870 4869/4869/4869 4868/4868/4868
f 4870/4870/4870 4186/4186/4186 4869/4869/4869
f 4186/4186/4186 4183/4183/4183 4869/4869/4869
f 4869/4869/4869 4845/4845/4845 4850/4850/4850
f 4869/4869/4869 4183/4183/4183 4845/4845/4845
f 4876/4876/4876 4870/4870/4870 4868/4868/4868
f 4877/4877/4877 4186/4186/4186 4870/4870/4870
f 4873/4873/4873 4870/4870/4870 4871/4871/4871
f 4870/4870/4870 4876/4876/4876 4871/4871/4871
f 4881/4881/4881 4870/4870/4870 4873/4873/4873
f 4877/4877/4877 4870/4870/4870 4881/4881/4881
f 4877/4877/4877 4881/4881/4881 4883/4883/4883
f 4885/4885/4885 4882/4882/4882 4879/4879/4879
f 4874/4874/4874 4884/4884/4884 4880/4880/4880
f 4884/4884/4884 4886/4886/4886 4890/4890/4890
f 4874/4874/4874 4886/4886/4886 4884/4884/4884
f 4885/4885/4885 4887/4887/4887 4882/4882/4882
f 4885/4885/4885 4888/4888/4888 4887/4887/4887
f 4889/4889/4889 4888/4888/4888 4885/4885/4885
f 4886/4886/4886 4892/4892/4892 4890/4890/4890
f 4888/4888/4888 4889/4889/4889 4891/4891/4891
f 4892/4892/4892 4886/4886/4886 4896/4896/4896
f 4891/4891/4891 4893/4893/4893 4888/4888/4888
f 4894/4894/4894 4893/4893/4893 4891/4891/4891
f 4892/4892/4892 4896/4896/4896 4895/4895/4895
f 4897/4897/4897 4896/4896/4896 4901/4901/4901
f 4899/4899/4899 4896/4896/4896 4897/4897/4897
f 4896/4896/4896 4886/4886/4886 4900/4900/4900
f 4896/4896/4896 4899/4899/4899 4895/4895/4895
f 4896/4896/4896 4900/4900/4900 4901/4901/4901
f 4901/4901/4901 4900/4900/4900 4902/4902/4902
f 4901/4901/4901 4902/4902/4902 4903/4903/4903
f 4904/4904/4904 4901/4901/4901 4903/4903/4903
f 4897/4897/4897 4901/4901/4901 4904/4904/4904
f 4905/4905/4905 4904/4904/4904 4911/4911/4911
f 4905/4905/4905 4897/4897/4897 4904/4904/4904
f 4911/4911/4911 4904/4904/4904 4910/4910/4910
f 4904/4904/4904 4903/4903/4903 4910/4910/4910
f 4911/4911/4911 4910/4910/4910 4914/4914/4914
f 4918/4918/4918 4924/4924/4924 4927/4927/4927
f 4938/4938/4938 4924/4924/4924 4918/4918/4918
f 4918/4918/4918 4927/4927/4927 4930/4930/4930
f 4933/4933/4933 4941/4941/4941 4939/4939/4939
f 4940/4940/4940 4924/4924/4924 4938/4938/4938
f 4942/4942/4942 4924/4924/4924 4940/4940/4940
f 4942/4942/4942 4940/4940/4940 4944/4944/4944
f 4946/4946/4946 4945/4945/4945 4941/4941/4941
f 4946/4946/4946 4941/4941/4941 4933/4933/4933
f 4951/4951/4951 4947/4947/4947 4934/4934/4934
f 4945/4945/4945 4946/4946/4946 4948/4948/4948
f 4947/4947/4947 4950/4950/4950 4949/4949/4949
f 4951/4951/4951 4950/4950/4950 4947/4947/4947
f 4953/4953/4953 4950/4950/4950 4951/4951/4951
f 4914/4914/4914 4952/4952/4952 4935/4935/4935
f 4914/4914/4914 4910/4910/4910 4952/4952/4952
f 4952/4952/4952 4910/4910/4910 4954/4954/4954
f 4957/4957/4957 4953/4953/4953 4955/4955/4955
f 4910/4910/4910 4956/4956/4956 4954/4954/4954
f 4953/4953/4953 4957/4957/4957 4950/4950/4950
f 4950/4950/4950 4957/4957/4957 4958/4958/4958
f 4958/4958/4958 4957/4957/4957 4959/4959/4959
f 4957/4957/4957 4962/4962/4962 4959/4959/4959
f 4960/4960/4960 4962/4962/4962 4957/4957/4957
f 4960/4960/4960 4957/4957/4957 4955/4955/4955
f 4962/4962/4962 4963/4963/4963 4964/4964/4964
f 4965/4965/4965 4963/4963/4963 4962/4962/4962
f 4965/4965/4965 4962/4962/4962 4960/4960/4960
f 4959/4959/4959 4962/4962/4962 4964/4964/4964
f 4903/4903/4903 4966/4966/4966 4961/4961/4961
f 4967/4967/4967 4963/4963/4963 4965/4965/4965
f 4966/4966/4966 4902/4902/4902 4968/4968/4968
f 4966/4966/4966 4903/4903/4903 4902/4902/4902
f 4970/4970/4970 4963/4963/4963 4967/4967/4967
f 4968/4968/4968 4972/4972/4972 4969/4969/4969
f 4968/4968/4968 4902/4902/4902 4972/4972/4972
f 4973/4973/4973 4868/4868/4868 4971/4971/4971
f 4868/4868/4868 4975/4975/4975 4971/4971/4971
f 4972/4972/4972 4902/4902/4902 4974/4974/4974
f 4969/4969/4969 4972/4972/4972 4976/4976/4976
f 4868/4868/4868 4979/4979/4979 4975/4975/4975
f 4977/4977/4977 4978/4978/4978 4970/4970/4970
f 4980/4980/4980 4978/4978/4978 4977/4977/4977
f 4979/4979/4979 4868/4868/4868 4776/4776/4776
f 4979/4979/4979 4776/4776/4776 4981/4981/4981
f 4980/4980/4980 4983/4983/4983 4978/4978/4978
f 4982/4982/4982 4983/4983/4983 4980/4980/4980
f 4984/4984/4984 4978/4978/4978 4983/4983/4983
f 4983/4983/4983 4985/4985/4985 4984/4984/4984
f 4982/4982/4982 4985/4985/4985 4983/4983/4983
f 4748/4748/4748 4986/4986/4986 4985/4985/4985
f 4987/4987/4987 4985/4985/4985 4986/4986/4986
f 4987/4987/4987 4984/4984/4984 4985/4985/4985
f 4988/4988/4988 4985/4985/4985 4982/4982/4982
f 4748/4748/4748 4985/4985/4985 4988/4988/4988
f 4989/4989/4989 4744/4744/4744 4749/4749/4749
f 4981/4981/4981 4744/4744/4744 4989/4989/4989
f 4987/4987/4987 4990/4990/4990 4994/4994/4994
f 4990/4990/4990 4987/4987/4987 4996/4996/4996
f 4993/4993/4993 4987/4987/4987 4994/4994/4994
f 4993/4993/4993 4959/4959/4959 4987/4987/4987
f 4984/4984/4984 4987/4987/4987 4964/4964/4964
f 4964/4964/4964 4987/4987/4987 4959/4959/4959
f 4987/4987/4987 4986/4986/4986 4996/4996/4996
f 4996/4996/4996 4997/4997/4997 5003/5003/5003
f 4997/4997/4997 4996/4996/4996 5001/5001/5001
f 4990/4990/4990 4996/4996/4996 4999/4999/4999
f 4996/4996/4996 5003/5003/5003 4999/4999/4999
f 5001/5001/5001 4996/4996/4996 4729/4729/4729
f 4729/4729/4729 4996/4996/4996 4986/4986/4986
f 5006/5006/5006 5013/5013/5013 5004/5004/5004
f 5003/5003/5003 4997/4997/4997 5008/5008/5008
f 5004/5004/5004 5013/5013/5013 4943/4943/4943
f 4991/4991/4991 5004/5004/5004 4943/4943/4943
f 5004/5004/5004 4991/4991/4991 5000/5000/5000
f 4924/4924/4924 4942/4942/4942 5009/5009/5009
f 5006/5006/5006 4716/4716/4716 4697/4697/4697
f 4998/4998/4998 4716/4716/4716 5006/5006/5006
f 5002/5002/5002 4716/4716/4716 4998/4998/4998
f 4728/4728/4728 4716/4716/4716 5002/5002/5002
f 4991/4991/4991 4992/4992/4992 4995/4995/4995
f 4992/4992/4992 4991/4991/4991 5019/5019/5019
f 5022/5022/5022 5017/5017/5017 4992/4992/4992
f 4958/4958/4958 4993/4993/4993 5018/5018/5018
f 4959/4959/4959 4993/4993/4993 4958/4958/4958
f 4992/4992/4992 5019/5019/5019 5022/5022/5022
f 5020/5020/5020 4944/4944/4944 5021/5021/5021
f 5023/5023/5023 5022/5022/5022 4945/4945/4945
f 5017/5017/5017 5022/5022/5022 5023/5023/5023
f 5024/5024/5024 4958/4958/4958 5018/5018/5018
f 4945/4945/4945 4948/4948/4948 5023/5023/5023
f 4949/4949/4949 4950/4950/4950 5024/5024/5024
f 5024/5024/5024 4950/4950/4950 4958/4958/4958
f 4991/4991/4991 4943/4943/4943 5019/5019/5019
f 4942/4942/4942 4944/4944/4944 5020/5020/5020
f 4986/4986/4986 4727/4727/4727 4729/4729/4729
f 4986/4986/4986 4733/4733/4733 4727/4727/4727
f 4733/4733/4733 4986/4986/4986 4748/4748/4748
f 4963/4963/4963 4978/4978/4978 4984/4984/4984
f 4964/4964/4964 4963/4963/4963 4984/4984/4984
f 4981/4981/4981 4776/4776/4776 4744/4744/4744
f 4970/4970/4970 4978/4978/4978 4963/4963/4963
f 4876/4876/4876 4868/4868/4868 4973/4973/4973
f 4974/4974/4974 4900/4900/4900 4875/4875/4875
f 4974/4974/4974 4902/4902/4902 4900/4900/4900
f 4956/4956/4956 4903/4903/4903 4961/4961/4961
f 4956/4956/4956 4910/4910/4910 4903/4903/4903
f 5036/5036/5036 5038/5038/5038 5032/5032/5032
f 5032/5032/5032 5038/5038/5038 5028/5028/5028
f 5036/5036/5036 5039/5039/5039 5038/5038/5038
f 5051/5051/5051 5043/5043/5043 5039/5039/5039
f 5051/5051/5051 5039/5039/5039 5036/5036/5036
f 5055/5055/5055 5043/5043/5043 5051/5051/5051
f 5093/5093/5093 5076/5076/5076 5091/5091/5091
f 5076/5076/5076 5098/5098/5098 5073/5073/5073
f 5076/5076/5076 5093/5093/5093 5098/5098/5098
f 5067/5067/5067 5098/5098/5098 5100/5100/5100
f 5073/5073/5073 5098/5098/5098 5067/5067/5067
f 5104/5104/5104 5122/5122/5122 5113/5113/5113
f 5104/5104/5104 5121/5121/5121 5122/5122/5122
f 5104/5104/5104 4407/4407/4407 5121/5121/5121
f 4407/4407/4407 5104/5104/5104 4439/4439/4439
f 5113/5113/5113 5122/5122/5122 5123/5123/5123
f 5123/5123/5123 5122/5122/5122 4281/4281/4281
f 5122/5122/5122 5121/5121/5121 5124/5124/5124
f 5122/5122/5122 5124/5124/5124 4281/4281/4281
f 5121/5121/5121 4409/4409/4409 5124/5124/5124
f 4401/4401/4401 5124/5124/5124 4409/4409/4409
f 5124/5124/5124 4401/4401/4401 4282/4282/4282
f 4281/4281/4281 5124/5124/5124 4282/4282/4282
f 5126/5126/5126 5123/5123/5123 5125/5125/5125
f 5125/5125/5125 5123/5123/5123 4279/4279/4279
f 5113/5113/5113 5123/5123/5123 5126/5126/5126
f 5123/5123/5123 4281/4281/4281 4279/4279/4279
f 5126/5126/5126 5125/5125/5125 5047/5047/5047
f 5071/5071/5071 5061/5061/5061 5137/5137/5137
f 5137/5137/5137 5061/5061/5061 5139/5139/5139
f 5139/5139/5139 5145/5145/5145 5142/5142/5142
f 5139/5139/5139 5061/5061/5061 5145/5145/5145
f 5142/5142/5142 5157/5157/5157 5152/5152/5152
f 5142/5142/5142 5160/5160/5160 5157/5157/5157
f 5142/5142/5142 5145/5145/5145 5160/5160/5160
f 5164/5164/5164 5125/5125/5125 4278/4278/4278
f 5125/5125/5125 4279/4279/4279 4278/4278/4278
f 5166/5166/5166 5125/5125/5125 5162/5162/5162
f 5162/5162/5162 5125/5125/5125 5164/5164/5164
f 5166/5166/5166 5047/5047/5047 5125/5125/5125
f 5047/5047/5047 5166/5166/5166 5170/5170/5170
f 5167/5167/5167 5173/5173/5173 5171/5171/5171
f 5163/5163/5163 5172/5172/5172 5167/5167/5167
f 5167/5167/5167 5172/5172/5172 5173/5173/5173
f 5173/5173/5173 5172/5172/5172 5176/5176/5176
f 5174/5174/5174 4905/4905/4905 5170/5170/5170
f 5174/5174/5174 4897/4897/4897 4905/4905/4905
f 4897/4897/4897 5174/5174/5174 5175/5175/5175
f 4899/4899/4899 4897/4897/4897 5175/5175/5175
f 5176/5176/5176 5172/5172/5172 4898/4898/4898
f 5177/5177/5177 5178/5178/5178 5172/5172/5172
f 5163/5163/5163 5177/5177/5177 5172/5172/5172
f 4898/4898/4898 5172/5172/5172 5178/5178/5178
f 5177/5177/5177 5179/5179/5179 5178/5178/5178
f 4898/4898/4898 5178/5178/5178 4894/4894/4894
f 5179/5179/5179 4893/4893/4893 5178/5178/5178
f 4894/4894/4894 5178/5178/5178 4893/4893/4893
f 5165/5165/5165 5179/5179/5179 5177/5177/5177
f 5179/5179/5179 5180/5180/5180 4893/4893/4893
f 5181/5181/5181 5180/5180/5180 5179/5179/5179
f 5165/5165/5165 5181/5181/5181 5179/5179/5179
f 5182/5182/5182 5181/5181/5181 5185/5185/5185
f 5182/5182/5182 5186/5186/5186 5181/5181/5181
f 5181/5181/5181 5165/5165/5165 5185/5185/5185
f 5186/5186/5186 5187/5187/5187 5181/5181/5181
f 5181/5181/5181 5187/5187/5187 5180/5180/5180
f 4878/4878/4878 5188/5188/5188 5187/5187/5187
f 5187/5187/5187 5188/5188/5188 5189/5189/5189
f 5180/5180/5180 5187/5187/5187 5189/5189/5189
f 5186/5186/5186 5192/5192/5192 5187/5187/5187
f 4878/4878/4878 5187/5187/5187 5191/5191/5191
f 5191/5191/5191 5187/5187/5187 5192/5192/5192
f 5193/5193/5193 5192/5192/5192 5186/5186/5186
f 5193/5193/5193 5196/5196/5196 5192/5192/5192
f 5195/5195/5195 5192/5192/5192 5196/5196/5196
f 5191/5191/5191 5192/5192/5192 5195/5195/5195
f 5200/5200/5200 5196/5196/5196 5197/5197/5197
f 5198/5198/5198 5197/5197/5197 5196/5196/5196
f 5198/5198/5198 5196/5196/5196 5193/5193/5193
f 5195/5195/5195 5196/5196/5196 5200/5200/5200
f 5201/5201/5201 5194/5194/5194 5199/5199/5199
f 5200/5200/5200 5197/5197/5197 5202/5202/5202
f 5202/5202/5202 5206/5206/5206 5203/5203/5203
f 5204/5204/5204 5194/5194/5194 5201/5201/5201
f 5202/5202/5202 5197/5197/5197 5206/5206/5206
f 5207/5207/5207 5211/5211/5211 5205/5205/5205
f 5197/5197/5197 5209/5209/5209 5206/5206/5206
f 5207/5207/5207 5208/5208/5208 5211/5211/5211
f 5210/5210/5210 5208/5208/5208 5207/5207/5207
f 5212/5212/5212 5211/5211/5211 5208/5208/5208
f 5205/5205/5205 5211/5211/5211 5213/5213/5213
f 5212/5212/5212 5215/5215/5215 5211/5211/5211
f 5213/5213/5213 5211/5211/5211 5215/5215/5215
f 4221/4221/4221 5215/5215/5215 5212/5212/5212
f 4221/4221/4221 4219/4219/4219 5215/5215/5215
f 5215/5215/5215 5218/5218/5218 5216/5216/5216
f 5213/5213/5213 5215/5215/5215 5216/5216/5216
f 5218/5218/5218 5215/5215/5215 4219/4219/4219
f 4218/4218/4218 4186/4186/4186 5219/5219/5219
f 4877/4877/4877 5219/5219/5219 4186/4186/4186
f 5219/5219/5219 4877/4877/4877 5204/5204/5204
f 5218/5218/5218 4219/4219/4219 4217/4217/4217
f 5219/5219/5219 5214/5214/5214 5217/5217/5217
f 5219/5219/5219 5204/5204/5204 5214/5214/5214
f 4249/4249/4249 5212/5212/5212 5208/5208/5208
f 4222/4222/4222 5212/5212/5212 4249/4249/4249
f 4222/4222/4222 4221/4221/4221 5212/5212/5212
f 5221/5221/5221 5208/5208/5208 5210/5210/5210
f 5209/5209/5209 5197/5197/5197 5220/5220/5220
f 4246/4246/4246 5221/5221/5221 4241/4241/4241
f 4246/4246/4246 5208/5208/5208 5221/5221/5221
f 5220/5220/5220 5198/5198/5198 4240/4240/4240
f 5220/5220/5220 5197/5197/5197 5198/5198/5198
f 4249/4249/4249 5208/5208/5208 4246/4246/4246
f 5204/5204/5204 4877/4877/4877 5194/5194/5194
f 4240/4240/4240 5198/5198/5198 5223/5223/5223
f 5198/5198/5198 5225/5225/5225 5223/5223/5223
f 5225/5225/5225 5198/5198/5198 5193/5193/5193
f 5226/5226/5226 4272/4272/4272 5224/5224/5224
f 5226/5226/5226 5224/5224/5224 5229/5229/5229
f 5225/5225/5225 5193/5193/5193 5228/5228/5228
f 5224/5224/5224 4242/4242/4242 5222/5222/5222
f 4242/4242/4242 5224/5224/5224 4243/4243/4243
f 5224/5224/5224 4272/4272/4272 4243/4243/4243
f 5193/5193/5193 5227/5227/5227 5228/5228/5228
f 5183/5183/5183 5226/5226/5226 5231/5231/5231
f 5183/5183/5183 4276/4276/4276 5226/5226/5226
f 5227/5227/5227 5193/5193/5193 5186/5186/5186
f 5227/5227/5227 5186/5186/5186 5230/5230/5230
f 5226/5226/5226 4276/4276/4276 4272/4272/4272
f 5186/5186/5186 5182/5182/5182 5230/5230/5230
f 5194/5194/5194 4877/4877/4877 5190/5190/5190
f 5180/5180/5180 5189/5189/5189 4888/4888/4888
f 5189/5189/5189 5188/5188/5188 4887/4887/4887
f 5189/5189/5189 4887/4887/4887 4888/4888/4888
f 4882/4882/4882 5188/5188/5188 5233/5233/5233
f 4882/4882/4882 4887/4887/4887 5188/5188/5188
f 5233/5233/5233 5188/5188/5188 4878/4878/4878
f 4877/4877/4877 4883/4883/4883 5232/5232/5232
f 5164/5164/5164 5183/5183/5183 5184/5184/5184
f 5183/5183/5183 4278/4278/4278 4276/4276/4276
f 5164/5164/5164 4278/4278/4278 5183/5183/5183
f 5180/5180/5180 4888/4888/4888 4893/4893/4893
f 5165/5165/5165 5177/5177/5177 5235/5235/5235
f 5177/5177/5177 5163/5163/5163 5235/5235/5235
f 5162/5162/5162 5164/5164/5164 5234/5234/5234
f 4409/4409/4409 5121/5121/5121 4407/4407/4407
f 5093/5093/5093 5091/5091/5091 4445/4445/4445
f 4872/4872/4872 4900/4900/4900 4886/4886/4886
f 4900/4900/4900 4872/4872/4872 4875/4875/4875
f 4872/4872/4872 4886/4886/4886 4874/4874/4874
f 4866/4866/4866 4783/4783/4783 4779/4779/4779
f 5237/5237/5237 4855/4855/4855 4861/4861/4861
f 4862/4862/4862 4850/4850/4850 5236/5236/5236
f 4851/4851/4851 4855/4855/4855 5237/5237/5237
f 5236/5236/5236 4850/4850/4850 4852/4852/4852
f 4854/4854/4854 4837/4837/4837 4836/4836/4836
f 5239/5239/5239 4854/4854/4854 4836/4836/4836
f 4801/4801/4801 4854/4854/4854 5239/5239/5239
f 5239/5239/5239 4836/4836/4836 4830/4830/4830
f 4842/4842/4842 4845/4845/4845 4839/4839/4839
f 5241/5241/5241 4845/4845/4845 5242/5242/5242
f 4839/4839/4839 4845/4845/4845 5241/5241/5241
f 4845/4845/4845 4183/4183/4183 5242/5242/5242
f 4184/4184/4184 5244/5244/5244 5242/5242/5242
f 4183/4183/4183 4184/4184/4184 5242/5242/5242
f 5242/5242/5242 5245/5245/5245 5241/5241/5241
f 5242/5242/5242 5244/5244/5244 5245/5245/5245
f 5243/5243/5243 5247/5247/5247 5246/5246/5246
f 5247/5247/5247 5240/5240/5240 5246/5246/5246
f 5248/5248/5248 5247/5247/5247 5249/5249/5249
f 4831/4831/4831 5247/5247/5247 5248/5248/5248
f 4831/4831/4831 4834/4834/4834 5247/5247/5247
f 5240/5240/5240 5247/5247/5247 4834/4834/4834
f 5243/5243/5243 5249/5249/5249 5247/5247/5247
f 5250/5250/5250 5249/5249/5249 5251/5251/5251
f 5248/5248/5248 5249/5249/5249 5250/5250/5250
f 5253/5253/5253 5251/5251/5251 5249/5249/5249
f 5253/5253/5253 5249/5249/5249 5243/5243/5243
f 5244/5244/5244 4184/4184/4184 5252/5252/5252
f 5251/5251/5251 5253/5253/5253 5255/5255/5255
f 4184/4184/4184 5254/5254/5254 5252/5252/5252
f 5256/5256/5256 5251/5251/5251 5255/5255/5255
f 4184/4184/4184 5257/5257/5257 5254/5254/5254
f 5256/5256/5256 5260/5260/5260 5251/5251/5251
f 4180/4180/4180 5257/5257/5257 4184/4184/4184
f 5257/5257/5257 4180/4180/4180 5258/5258/5258
f 5259/5259/5259 5260/5260/5260 5256/5256/5256
f 5262/5262/5262 5260/5260/5260 5261/5261/5261
f 5261/5261/5261 5260/5260/5260 5263/5263/5263
f 5262/5262/5262 5251/5251/5251 5260/5260/5260
f 5259/5259/5259 5263/5263/5263 5260/5260/5260
f 4118/4118/4118 5263/5263/5263 4117/4117/4117
f 4117/4117/4117 5263/5263/5263 4136/4136/4136
f 5261/5261/5261 5263/5263/5263 4118/4118/4118
f 4178/4178/4178 4136/4136/4136 5263/5263/5263
f 5263/5263/5263 5259/5259/5259 4178/4178/4178
f 4122/4122/4122 5262/5262/5262 4119/4119/4119
f 4119/4119/4119 5262/5262/5262 5261/5261/5261
f 5264/5264/5264 5262/5262/5262 4122/4122/4122
f 5264/5264/5264 5250/5250/5250 5262/5262/5262
f 5250/5250/5250 5251/5251/5251 5262/5262/5262
f 4820/4820/4820 5250/5250/5250 5264/5264/5264
f 4119/4119/4119 5261/5261/5261 4118/4118/4118
f 5258/5258/5258 4180/4180/4180 4179/4179/4179
f 4820/4820/4820 5248/5248/5248 5250/5250/5250
f 4823/4823/4823 4831/4831/4831 5248/5248/5248
f 4823/4823/4823 5248/5248/5248 4820/4820/4820
f 5240/5240/5240 4834/4834/4834 5267/5267/5267
f 4839/4839/4839 5241/5241/5241 5266/5266/5266
f 5267/5267/5267 4833/4833/4833 4840/4840/4840
f 5267/5267/5267 4834/4834/4834 4833/4833/4833
f 4830/4830/4830 4836/4836/4836 4826/4826/4826
f 4803/4803/4803 4766/4766/4766 4810/4810/4810
f 4810/4810/4810 4766/4766/4766 4768/4768/4768
f 4803/4803/4803 4765/4765/4765 4766/4766/4766
f 5269/5269/5269 4765/4765/4765 4803/4803/4803
f 5288/5288/5288 5269/5269/5269 5287/5287/5287
f 5286/5286/5286 5292/5292/5292 5289/5289/5289
f 5291/5291/5291 5292/5292/5292 5286/5286/5286
f 5273/5273/5273 5292/5292/5292 5291/5291/5291
f 5289/5289/5289 5292/5292/5292 4761/4761/4761
f 5273/5273/5273 5293/5293/5293 5292/5292/5292
f 4761/4761/4761 5292/5292/5292 4763/4763/4763
f 5293/5293/5293 4763/4763/4763 5292/5292/5292
f 5294/5294/5294 5293/5293/5293 5273/5273/5273
f 5294/5294/5294 5297/5297/5297 5293/5293/5293
f 5297/5297/5297 5298/5298/5298 5293/5293/5293
f 5293/5293/5293 5298/5298/5298 4763/4763/4763
f 5297/5297/5297 5299/5299/5299 5298/5298/5298
f 5300/5300/5300 5298/5298/5298 5299/5299/5299
f 4755/4755/4755 4763/4763/4763 5298/5298/5298
f 4755/4755/4755 5298/5298/5298 4753/4753/4753
f 5298/5298/5298 5300/5300/5300 4753/4753/4753
f 5301/5301/5301 4747/4747/4747 4752/4752/4752
f 5300/5300/5300 5299/5299/5299 5302/5302/5302
f 5303/5303/5303 4747/4747/4747 5301/5301/5301
f 5302/5302/5302 5304/5304/5304 5306/5306/5306
f 5302/5302/5302 5299/5299/5299 5304/5304/5304
f 5305/5305/5305 4747/4747/4747 5303/5303/5303
f 5304/5304/5304 5307/5307/5307 5306/5306/5306
f 5308/5308/5308 5309/5309/5309 5305/5305/5305
f 5305/5305/5305 5309/5309/5309 4747/4747/4747
f 5310/5310/5310 5311/5311/5311 5309/5309/5309
f 5309/5309/5309 5314/5314/5314 5310/5310/5310
f 5311/5311/5311 5316/5316/5316 5309/5309/5309
f 5309/5309/5309 5312/5312/5312 4747/4747/4747
f 5309/5309/5309 5316/5316/5316 5312/5312/5312
f 5314/5314/5314 5309/5309/5309 5308/5308/5308
f 5319/5319/5319 5318/5318/5318 5317/5317/5317
f 5317/5317/5317 5318/5318/5318 5313/5313/5313
f 5311/5311/5311 5321/5321/5321 5316/5316/5316
f 5325/5325/5325 5322/5322/5322 5320/5320/5320
f 5323/5323/5323 5318/5318/5318 5319/5319/5319
f 5321/5321/5321 5311/5311/5311 5326/5326/5326
f 5327/5327/5327 5330/5330/5330 5324/5324/5324
f 5326/5326/5326 5311/5311/5311 5328/5328/5328
f 5329/5329/5329 5322/5322/5322 5325/5325/5325
f 5327/5327/5327 5333/5333/5333 5330/5330/5330
f 5322/5322/5322 5329/5329/5329 5331/5331/5331
f 5334/5334/5334 5331/5331/5331 5329/5329/5329
f 5335/5335/5335 5338/5338/5338 5334/5334/5334
f 5333/5333/5333 5339/5339/5339 5336/5336/5336
f 5327/5327/5327 5340/5340/5340 5333/5333/5333
f 5334/5334/5334 5338/5338/5338 5331/5331/5331
f 5333/5333/5333 5340/5340/5340 5339/5339/5339
f 5339/5339/5339 5340/5340/5340 5344/5344/5344
f 5344/5344/5344 5340/5340/5340 5341/5341/5341
f 5343/5343/5343 5341/5341/5341 5340/5340/5340
f 5340/5340/5340 5327/5327/5327 5343/5343/5343
f 5346/5346/5346 5344/5344/5344 5345/5345/5345
f 5344/5344/5344 5341/5341/5341 5345/5345/5345
f 5347/5347/5347 5344/5344/5344 5346/5346/5346
f 5347/5347/5347 5339/5339/5339 5344/5344/5344
f 5350/5350/5350 5347/5347/5347 5346/5346/5346
f 5355/5355/5355 5347/5347/5347 5350/5350/5350
f 5355/5355/5355 5352/5352/5352 5347/5347/5347
f 5352/5352/5352 5339/5339/5339 5347/5347/5347
f 5361/5361/5361 5352/5352/5352 5355/5355/5355
f 5362/5362/5362 5352/5352/5352 5361/5361/5361
f 5362/5362/5362 5361/5361/5361 5365/5365/5365
f 5371/5371/5371 5366/5366/5366 5367/5367/5367
f 5371/5371/5371 5374/5374/5374 5366/5366/5366
f 5375/5375/5375 5365/5365/5365 5373/5373/5373
f 5375/5375/5375 5363/5363/5363 5365/5365/5365
f 5363/5363/5363 5375/5375/5375 5380/5380/5380
f 5378/5378/5378 5376/5376/5376 5372/5372/5372
f 5378/5378/5378 5379/5379/5379 5376/5376/5376
f 5379/5379/5379 5381/5381/5381 5376/5376/5376
f 5381/5381/5381 5384/5384/5384 5383/5383/5383
f 5382/5382/5382 5385/5385/5385 5380/5380/5380
f 5381/5381/5381 5379/5379/5379 5384/5384/5384
f 5380/5380/5380 5385/5385/5385 5363/5363/5363
f 5352/5352/5352 5362/5362/5362 5386/5386/5386
f 5336/5336/5336 5352/5352/5352 5386/5386/5386
f 5385/5385/5385 5382/5382/5382 5335/5335/5335
f 5383/5383/5383 5384/5384/5384 5387/5387/5387
f 5387/5387/5387 5384/5384/5384 5391/5391/5391
f 5389/5389/5389 5384/5384/5384 5379/5379/5379
f 5389/5389/5389 5390/5390/5390 5384/5384/5384
f 5390/5390/5390 5391/5391/5391 5384/5384/5384
f 5390/5390/5390 5393/5393/5393 5391/5391/5391
f 5393/5393/5393 5392/5392/5392 5391/5391/5391
f 5337/5337/5337 5391/5391/5391 5392/5392/5392
f 5387/5387/5387 5391/5391/5391 5337/5337/5337
f 5394/5394/5394 5393/5393/5393 5390/5390/5390
f 5394/5394/5394 5395/5395/5395 5393/5393/5393
f 5393/5393/5393 5395/5395/5395 5392/5392/5392
f 5397/5397/5397 5395/5395/5395 5396/5396/5396
f 5394/5394/5394 5396/5396/5396 5395/5395/5395
f 5313/5313/5313 5395/5395/5395 5397/5397/5397
f 5313/5313/5313 5318/5318/5318 5395/5395/5395
f 5395/5395/5395 5318/5318/5318 5392/5392/5392
f 5396/5396/5396 5400/5400/5400 5397/5397/5397
f 4747/4747/4747 5312/5312/5312 5398/5398/5398
f 4747/4747/4747 5398/5398/5398 5399/5399/5399
f 5400/5400/5400 5396/5396/5396 4721/4721/4721
f 5400/5400/5400 4721/4721/4721 5401/5401/5401
f 5402/5402/5402 4747/4747/4747 5399/5399/5399
f 4731/4731/4731 4747/4747/4747 5402/5402/5402
f 5401/5401/5401 4721/4721/4721 4730/4730/4730
f 5394/5394/5394 4721/4721/4721 5396/5396/5396
f 5407/5407/5407 5394/5394/5394 5403/5403/5403
f 5394/5394/5394 5406/5406/5406 5403/5403/5403
f 4714/4714/4714 4721/4721/4721 5394/5394/5394
f 5407/5407/5407 4714/4714/4714 5394/5394/5394
f 5406/5406/5406 5394/5394/5394 5390/5390/5390
f 5408/5408/5408 5405/5405/5405 5409/5409/5409
f 5411/5411/5411 5408/5408/5408 5409/5409/5409
f 5405/5405/5405 5408/5408/5408 5404/5404/5404
f 4711/4711/4711 5408/5408/5408 5411/5411/5411
f 5408/5408/5408 4711/4711/4711 5413/5413/5413
f 4714/4714/4714 5407/5407/5407 5414/5414/5414
f 4710/4710/4710 4714/4714/4714 5414/5414/5414
f 5418/5418/5418 5412/5412/5412 5370/5370/5370
f 5370/5370/5370 5412/5412/5412 5416/5416/5416
f 5416/5416/5416 5412/5412/5412 5410/5410/5410
f 4700/4700/4700 4711/4711/4711 5411/5411/5411
f 5412/5412/5412 5418/5418/5418 4701/4701/4701
f 5418/5418/5418 5357/5357/5357 5419/5419/5419
f 5418/5418/5418 5369/5369/5369 5357/5357/5357
f 5418/5418/5418 5370/5370/5370 5369/5369/5369
f 5434/5434/5434 5422/5422/5422 5425/5425/5425
f 5422/5422/5422 5429/5429/5429 5427/5427/5427
f 5422/5422/5422 5434/5434/5434 5429/5429/5429
f 5434/5434/5434 5425/5425/5425 5436/5436/5436
f 5458/5458/5458 5449/5449/5449 5445/5445/5445
f 5449/5449/5449 5459/5459/5459 5455/5455/5455
f 5449/5449/5449 5458/5458/5458 5459/5459/5459
f 5427/5427/5427 5429/5429/5429 5463/5463/5463
f 5427/5427/5427 5463/5463/5463 5464/5464/5464
f 5489/5489/5489 5484/5484/5484 5492/5492/5492
f 5489/5489/5489 5477/5477/5477 5484/5484/5484
f 5492/5492/5492 5484/5484/5484 5495/5495/5495
f 5504/5504/5504 5495/5495/5495 5499/5499/5499
f 5492/5492/5492 5495/5495/5495 5501/5501/5501
f 5501/5501/5501 5495/5495/5495 5504/5504/5504
f 5489/5489/5489 5469/5469/5469 5477/5477/5477
f 5513/5513/5513 3494/3494/3494 5515/5515/5515
f 5513/5513/5513 3507/3507/3507 3494/3494/3494
f 5515/5515/5515 3494/3494/3494 3478/3478/3478
f 5459/5459/5459 3557/3557/3557 3550/3550/3550
f 3550/3550/3550 3528/3528/3528 5459/5459/5459
f 5455/5455/5455 5459/5459/5459 3528/3528/3528
f 3557/3557/3557 5459/5459/5459 5517/5517/5517
f 5459/5459/5459 5458/5458/5458 5517/5517/5517
f 5519/5519/5519 5518/5518/5518 5457/5457/5457
f 5518/5518/5518 5519/5519/5519 3556/3556/3556
f 5518/5518/5518 3556/3556/3556 3558/3558/3558
f 5519/5519/5519 3560/3560/3560 3556/3556/3556
f 5519/5519/5519 5522/5522/5522 3560/3560/3560
f 5521/5521/5521 5519/5519/5519 5457/5457/5457
f 5525/5525/5525 5519/5519/5519 5521/5521/5521
f 5519/5519/5519 5525/5525/5525 5522/5522/5522
f 5346/5346/5346 5523/5523/5523 5524/5524/5524
f 5520/5520/5520 5346/5346/5346 5524/5524/5524
f 5527/5527/5527 3560/3560/3560 5522/5522/5522
f 5523/5523/5523 5345/5345/5345 5526/5526/5526
f 5523/5523/5523 5346/5346/5346 5345/5345/5345
f 5527/5527/5527 3561/3561/3561 3560/3560/3560
f 5529/5529/5529 3561/3561/3561 5527/5527/5527
f 5526/5526/5526 5345/5345/5345 5528/5528/5528
f 3561/3561/3561 5529/5529/5529 5530/5530/5530
f 5345/5345/5345 5531/5531/5531 5528/5528/5528
f 3561/3561/3561 5530/5530/5530 3564/3564/3564
f 5532/5532/5532 3564/3564/3564 5530/5530/5530
f 5531/5531/5531 5345/5345/5345 5534/5534/5534
f 5531/5531/5531 5534/5534/5534 5533/5533/5533
f 5534/5534/5534 5535/5535/5535 5533/5533/5533
f 5345/5345/5345 5341/5341/5341 5534/5534/5534
f 5540/5540/5540 5534/5534/5534 5341/5341/5341
f 5535/5535/5535 5534/5534/5534 5537/5537/5537
f 5534/5534/5534 5540/5540/5540 5537/5537/5537
f 5541/5541/5541 3578/3578/3578 5539/5539/5539
f 3578/3578/3578 5538/5538/5538 5539/5539/5539
f 5540/5540/5540 5341/5341/5341 5542/5542/5542
f 5311/5311/5311 5541/5541/5541 5342/5342/5342
f 5542/5542/5542 5341/5341/5341 5343/5343/5343
f 5541/5541/5541 5311/5311/5311 3578/3578/3578
f 3578/3578/3578 3583/3583/3583 5538/5538/5538
f 5535/5535/5535 5537/5537/5537 3584/3584/3584
f 3564/3564/3564 5536/5536/5536 3566/3566/3566
f 5536/5536/5536 3564/3564/3564 5532/5532/5532
f 3582/3582/3582 3566/3566/3566 5536/5536/5536
f 3582/3582/3582 5536/5536/5536 3585/3585/3585
f 5350/5350/5350 5520/5520/5520 5445/5445/5445
f 5350/5350/5350 5346/5346/5346 5520/5520/5520
f 5521/5521/5521 5457/5457/5457 5447/5447/5447
f 5455/5455/5455 3528/3528/3528 3516/3516/3516
f 5419/5419/5419 5357/5357/5357 5444/5444/5444
f 5415/5415/5415 5377/5377/5377 5371/5371/5371
f 5377/5377/5377 5415/5415/5415 5545/5545/5545
f 5545/5545/5545 5415/5415/5415 5543/5543/5543
f 5547/5547/5547 5543/5543/5543 5415/5415/5415
f 5416/5416/5416 5410/5410/5410 5548/5548/5548
f 5405/5405/5405 5543/5543/5543 5547/5547/5547
f 5409/5409/5409 5405/5405/5405 5547/5547/5547
f 5379/5379/5379 5378/5378/5378 5546/5546/5546
f 5544/5544/5544 5379/5379/5379 5546/5546/5546
f 5544/5544/5544 5389/5389/5389 5379/5379/5379
f 5389/5389/5389 5544/5544/5544 5549/5549/5549
f 5543/5543/5543 5405/5405/5405 5550/5550/5550
f 5406/5406/5406 5389/5389/5389 5549/5549/5549
f 5406/5406/5406 5390/5390/5390 5389/5389/5389
f 5392/5392/5392 5332/5332/5332 5337/5337/5337
f 5323/5323/5323 5392/5392/5392 5318/5318/5318
f 5392/5392/5392 5323/5323/5323 5332/5332/5332
f 5335/5335/5335 5382/5382/5382 5388/5388/5388
f 5338/5338/5338 5335/5335/5335 5388/5388/5388
f 5374/5374/5374 5371/5371/5371 5377/5377/5377
f 5336/5336/5336 5339/5339/5339 5352/5352/5352
f 5311/5311/5311 5342/5342/5342 5328/5328/5328
f 5315/5315/5315 5551/5551/5551 5553/5553/5553
f 5315/5315/5315 5552/5552/5552 5551/5551/5551
f 5307/5307/5307 5552/5552/5552 5315/5315/5315
f 5310/5310/5310 5314/5314/5314 5554/5554/5554
f 5551/5551/5551 5556/5556/5556 5553/5553/5553
f 5310/5310/5310 5554/5554/5554 5555/5555/5555
f 5558/5558/5558 5310/5310/5310 5555/5555/5555
f 5556/5556/5556 5559/5559/5559 5557/5557/5557
f 5556/5556/5556 5551/5551/5551 5559/5559/5559
f 5561/5561/5561 5559/5559/5559 5560/5560/5560
f 5560/5560/5560 5559/5559/5559 5551/5551/5551
f 5561/5561/5561 5562/5562/5562 5559/5559/5559
f 5557/5557/5557 5559/5559/5559 5562/5562/5562
f 5563/5563/5563 5562/5562/5562 5561/5561/5561
f 5563/5563/5563 5564/5564/5564 5562/5562/5562
f 5565/5565/5565 5562/5562/5562 5564/5564/5564
f 5557/5557/5557 5562/5562/5562 5565/5565/5565
f 5565/5565/5565 5564/5564/5564 5568/5568/5568
f 5566/5566/5566 5310/5310/5310 5558/5558/5558
f 5567/5567/5567 5310/5310/5310 5566/5566/5566
f 5564/5564/5564 5570/5570/5570 5568/5568/5568
f 5569/5569/5569 5310/5310/5310 5567/5567/5567
f 5571/5571/5571 5570/5570/5570 5564/5564/5564
f 5570/5570/5570 5571/5571/5571 5573/5573/5573
f 5310/5310/5310 5569/5569/5569 5572/5572/5572
f 5574/5574/5574 5572/5572/5572 5569/5569/5569
f 5573/5573/5573 5571/5571/5571 5575/5575/5575
f 5576/5576/5576 5572/5572/5572 5574/5574/5574
f 5575/5575/5575 5571/5571/5571 5580/5580/5580
f 5580/5580/5580 5578/5578/5578 5575/5575/5575
f 5577/5577/5577 5579/5579/5579 5576/5576/5576
f 5576/5576/5576 5579/5579/5579 5572/5572/5572
f 5581/5581/5581 5582/5582/5582 5580/5580/5580
f 5581/5581/5581 5580/5580/5580 5583/5583/5583
f 5578/5578/5578 5580/5580/5580 5582/5582/5582
f 5583/5583/5583 5580/5580/5580 5571/5571/5571
f 5583/5583/5583 5571/5571/5571 5563/5563/5563
f 5584/5584/5584 5583/5583/5583 5563/5563/5563
f 5590/5590/5590 5581/5581/5581 5583/5583/5583
f 5590/5590/5590 5583/5583/5583 5584/5584/5584
f 5595/5595/5595 5581/5581/5581 5590/5590/5590
f 5595/5595/5595 5596/5596/5596 5581/5581/5581
f 5597/5597/5597 5596/5596/5596 5595/5595/5595
f 5597/5597/5597 5599/5599/5599 5596/5596/5596
f 5280/5280/5280 5599/5599/5599 5597/5597/5597
f 5599/5599/5599 5602/5602/5602 5596/5596/5596
f 5600/5600/5600 5601/5601/5601 5599/5599/5599
f 5280/5280/5280 5600/5600/5600 5599/5599/5599
f 5599/5599/5599 5601/5601/5601 5602/5602/5602
f 5606/5606/5606 5602/5602/5602 5601/5601/5601
f 5602/5602/5602 5606/5606/5606 5604/5604/5604
f 5604/5604/5604 5582/5582/5582 5602/5602/5602
f 5596/5596/5596 5602/5602/5602 5582/5582/5582
f 5606/5606/5606 5601/5601/5601 5607/5607/5607
f 5605/5605/5605 5611/5611/5611 5603/5603/5603
f 5613/5613/5613 5605/5605/5605 5608/5608/5608
f 5605/5605/5605 5609/5609/5609 5611/5611/5611
f 5609/5609/5609 5605/5605/5605 5613/5613/5613
f 5607/5607/5607 5601/5601/5601 5612/5612/5612
f 5612/5612/5612 5601/5601/5601 5614/5614/5614
f 5614/5614/5614 5610/5610/5610 5612/5612/5612
f 5615/5615/5615 3684/3684/3684 5614/5614/5614
f 5615/5615/5615 5614/5614/5614 5600/5600/5600
f 5610/5610/5610 5614/5614/5614 3684/3684/3684
f 5600/5600/5600 5614/5614/5614 5601/5601/5601
f 5621/5621/5621 5615/5615/5615 5617/5617/5617
f 5617/5617/5617 5615/5615/5615 5600/5600/5600
f 3686/3686/3686 3684/3684/3684 5615/5615/5615
f 5621/5621/5621 3686/3686/3686 5615/5615/5615
f 5623/5623/5623 3686/3686/3686 5621/5621/5621
f 5623/5623/5623 3687/3687/3687 3686/3686/3686
f 4111/4111/4111 3687/3687/3687 5623/5623/5623
f 5617/5617/5617 5600/5600/5600 5280/5280/5280
f 5603/5603/5603 5611/5611/5611 5579/5579/5579
f 3670/3670/3670 5579/5579/5579 5611/5611/5611
f 3674/3674/3674 3670/3670/3670 5611/5611/5611
f 5611/5611/5611 5609/5609/5609 3674/3674/3674
f 5610/5610/5610 3684/3684/3684 3677/3677/3677
f 3676/3676/3676 3674/3674/3674 5609/5609/5609
f 5603/5603/5603 5579/5579/5579 5625/5625/5625
f 5624/5624/5624 5582/5582/5582 5604/5604/5604
f 5625/5625/5625 5579/5579/5579 5577/5577/5577
f 5578/5578/5578 5582/5582/5582 5624/5624/5624
f 5596/5596/5596 5582/5582/5582 5581/5581/5581
f 5584/5584/5584 5563/5563/5563 5631/5631/5631
f 5635/5635/5635 5640/5640/5640 5638/5638/5638
f 5635/5635/5635 5641/5641/5641 5640/5640/5640
f 5642/5642/5642 5641/5641/5641 5635/5635/5635
f 5642/5642/5642 5644/5644/5644 5641/5641/5641
f 5628/5628/5628 5644/5644/5644 5642/5642/5642
f 5628/5628/5628 5560/5560/5560 5644/5644/5644
f 5644/5644/5644 5552/5552/5552 5641/5641/5641
f 5560/5560/5560 5551/5551/5551 5644/5644/5644
f 5644/5644/5644 5551/5551/5551 5552/5552/5552
f 5641/5641/5641 5304/5304/5304 5640/5640/5640
f 5641/5641/5641 5552/5552/5552 5304/5304/5304
f 5640/5640/5640 5304/5304/5304 5299/5299/5299
f 5640/5640/5640 5299/5299/5299 5297/5297/5297
f 5638/5638/5638 5640/5640/5640 5297/5297/5297
f 5638/5638/5638 5297/5297/5297 5294/5294/5294
f 5631/5631/5631 5560/5560/5560 5628/5628/5628
f 5631/5631/5631 5561/5561/5561 5560/5560/5560
f 5631/5631/5631 5563/5563/5563 5561/5561/5561
f 5579/5579/5579 5645/5645/5645 5572/5572/5572
f 3670/3670/3670 5645/5645/5645 5579/5579/5579
f 3577/3577/3577 3578/3578/3578 5645/5645/5645
f 5645/5645/5645 3578/3578/3578 5311/5311/5311
f 5645/5645/5645 5311/5311/5311 5310/5310/5310
f 5645/5645/5645 5310/5310/5310 5572/5572/5572
f 3670/3670/3670 3577/3577/3577 5645/5645/5645
f 5563/5563/5563 5571/5571/5571 5564/5564/5564
f 5307/5307/5307 5304/5304/5304 5552/5552/5552
f 5288/5288/5288 4765/4765/4765 5269/5269/5269
f 4762/4762/4762 4765/4765/4765 5288/5288/5288
f 4730/4730/4730 4721/4721/4721 4723/4723/4723
f 4611/4611/4611 3931/3931/3931 3955/3955/3955
f 3954/3954/3954 4540/4540/4540 4612/4612/4612
f 4543/4543/4543 4612/4612/4612 4540/4540/4540
f 4579/4579/4579 4459/4459/4459 4589/4589/4589
f 4578/4578/4578 4582/4582/4582 5646/5646/5646
f 5651/5651/5651 5646/5646/5646 4582/4582/4582
f 4582/4582/4582 4574/4574/4574 5649/5649/5649
f 5648/5648/5648 4572/4572/4572 4581/4581/4581
f 4581/4581/4581 4490/4490/4490 5650/5650/5650
f 4581/4581/4581 4572/4572/4572 4490/4490/4490
f 5646/5646/5646 5651/5651/5651 5653/5653/5653
f 4490/4490/4490 5652/5652/5652 5650/5650/5650
f 4484/4484/4484 5652/5652/5652 4490/4490/4490
f 5652/5652/5652 4484/4484/4484 4477/4477/4477
f 5652/5652/5652 4477/4477/4477 5654/5654/5654
f 5655/5655/5655 5656/5656/5656 5653/5653/5653
f 5646/5646/5646 5653/5653/5653 5656/5656/5656
f 5656/5656/5656 4474/4474/4474 4472/4472/4472
f 4471/4471/4471 4577/4577/4577 5657/5657/5657
f 5656/5656/5656 5655/5655/5655 4474/4474/4474
f 5657/5657/5657 4577/4577/4577 5647/5647/5647
f 4477/4477/4477 4473/4473/4473 5654/5654/5654
f 4573/4573/4573 4572/4572/4572 5648/5648/5648
f 4459/4459/4459 4579/4579/4579 4471/4471/4471
f 4471/4471/4471 4579/4579/4579 4577/4577/4577
f 4493/4493/4493 4490/4490/4490 4572/4572/4572
f 3954/3954/3954 4538/4538/4538 4540/4540/4540
f 3958/3958/3958 4538/4538/4538 3954/3954/3954
f 3958/3958/3958 3960/3960/3960 4538/4538/4538
f 5661/5661/5661 5658/5658/5658 4515/4515/4515
f 5659/5659/5659 4515/4515/4515 5658/5658/5658
f 5661/5661/5661 4515/4515/4515 4514/4514/4514
f 4506/4506/4506 4515/4515/4515 5659/5659/5659
f 5664/5664/5664 5661/5661/5661 4514/4514/4514
f 5662/5662/5662 5658/5658/5658 5661/5661/5661
f 4088/4088/4088 5662/5662/5662 5661/5661/5661
f 4088/4088/4088 5661/5661/5661 5664/5664/5664
f 5664/5664/5664 4514/4514/4514 4081/4081/4081
f 5662/5662/5662 5665/5665/5665 5658/5658/5658
f 5666/5666/5666 5665/5665/5665 5662/5662/5662
f 5667/5667/5667 5666/5666/5666 5662/5662/5662
f 5667/5667/5667 5662/5662/5662 4088/4088/4088
f 5670/5670/5670 5666/5666/5666 5667/5667/5667
f 4148/4148/4148 5673/5673/5673 5670/5670/5670
f 5670/5670/5670 5672/5672/5672 5666/5666/5666
f 5670/5670/5670 5673/5673/5673 5672/5672/5672
f 5673/5673/5673 5674/5674/5674 5672/5672/5672
f 5673/5673/5673 4160/4160/4160 5674/5674/5674
f 4148/4148/4148 4157/4157/4157 5673/5673/5673
f 4157/4157/4157 4160/4160/4160 5673/5673/5673
f 5672/5672/5672 5674/5674/5674 5677/5677/5677
f 5678/5678/5678 5674/5674/5674 4160/4160/4160
f 5676/5676/5676 5674/5674/5674 5680/5680/5680
f 5676/5676/5676 5677/5677/5677 5674/5674/5674
f 5680/5680/5680 5674/5674/5674 5678/5678/5678
f 4167/4167/4167 5681/5681/5681 5679/5679/5679
f 5682/5682/5682 5681/5681/5681 4167/4167/4167
f 5681/5681/5681 5682/5682/5682 5675/5675/5675
f 4362/4362/4362 4504/4504/4504 5682/5682/5682
f 5683/5683/5683 5682/5682/5682 4504/4504/4504
f 5675/5675/5675 5682/5682/5682 5683/5683/5683
f 4363/4363/4363 5682/5682/5682 4167/4167/4167
f 4363/4363/4363 4362/4362/4362 5682/5682/5682
f 5683/5683/5683 4504/4504/4504 5685/5685/5685
f 5686/5686/5686 5677/5677/5677 5684/5684/5684
f 5677/5677/5677 5676/5676/5676 5684/5684/5684
f 5689/5689/5689 5687/5687/5687 5686/5686/5686
f 5686/5686/5686 5687/5687/5687 5677/5677/5677
f 5685/5685/5685 4504/4504/4504 5688/5688/5688
f 4504/4504/4504 5690/5690/5690 5688/5688/5688
f 5689/5689/5689 5665/5665/5665 5687/5687/5687
f 5665/5665/5665 5689/5689/5689 5691/5691/5691
f 4504/4504/4504 5692/5692/5692 5690/5690/5690
f 5693/5693/5693 5665/5665/5665 5691/5691/5691
f 5659/5659/5659 5658/5658/5658 5693/5693/5693
f 4504/4504/4504 5660/5660/5660 5692/5692/5692
f 5693/5693/5693 5658/5658/5658 5665/5665/5665
f 5666/5666/5666 5687/5687/5687 5665/5665/5665
f 5672/5672/5672 5677/5677/5677 5687/5687/5687
f 5672/5672/5672 5687/5687/5687 5666/5666/5666
f 4167/4167/4167 5679/5679/5679 4163/4163/4163
f 4160/4160/4160 4164/4164/4164 5678/5678/5678
f 5660/5660/5660 4504/4504/4504 4505/4505/4505
f 4362/4362/4362 4364/4364/4364 4504/4504/4504
f 5700/5700/5700 4502/4502/4502 4356/4356/4356
f 4364/4364/4364 4356/4356/4356 4502/4502/4502
f 4502/4502/4502 5696/5696/5696 5694/5694/5694
f 4500/4500/4500 4502/4502/4502 5694/5694/5694
f 4502/4502/4502 5700/5700/5700 5696/5696/5696
f 5700/5700/5700 4356/4356/4356 5706/5706/5706
f 5699/5699/5699 5702/5702/5702 5698/5698/5698
f 5699/5699/5699 5703/5703/5703 5702/5702/5702
f 5699/5699/5699 5704/5704/5704 5703/5703/5703
f 5705/5705/5705 5704/5704/5704 5699/5699/5699
f 5707/5707/5707 5704/5704/5704 5705/5705/5705
f 5706/5706/5706 4356/4356/4356 5708/5708/5708
f 4356/4356/4356 4389/4389/4389 5708/5708/5708
f 5707/5707/5707 5709/5709/5709 5704/5704/5704
f 5709/5709/5709 5707/5707/5707 4388/4388/4388
f 4424/4424/4424 5704/5704/5704 5709/5709/5709
f 5709/5709/5709 5710/5710/5710 5712/5712/5712
f 5710/5710/5710 5709/5709/5709 4388/4388/4388
f 5714/5714/5714 4424/4424/4424 5709/5709/5709
f 5714/5714/5714 5709/5709/5709 5712/5712/5712
f 5713/5713/5713 5716/5716/5716 5715/5715/5715
f 5715/5715/5715 5716/5716/5716 5717/5717/5717
f 4424/4424/4424 5714/5714/5714 5718/5718/5718
f 4416/4416/4416 4424/4424/4424 5718/5718/5718
f 5717/5717/5717 4405/4405/4405 4417/4417/4417
f 5717/5717/5717 5716/5716/5716 4405/4405/4405
f 4405/4405/4405 5716/5716/5716 4398/4398/4398
f 5716/5716/5716 5711/5711/5711 4392/4392/4392
f 5716/5716/5716 4392/4392/4392 4394/4394/4394
f 4398/4398/4398 5716/5716/5716 4394/4394/4394
f 5711/5711/5711 5716/5716/5716 5713/5713/5713
f 5710/5710/5710 4388/4388/4388 4384/4384/4384
f 4390/4390/4390 5711/5711/5711 4385/4385/4385
f 4390/4390/4390 4392/4392/4392 5711/5711/5711
f 4425/4425/4425 5703/5703/5703 5704/5704/5704
f 4425/4425/4425 5704/5704/5704 4424/4424/4424
f 5702/5702/5702 5703/5703/5703 5720/5720/5720
f 4481/4481/4481 5703/5703/5703 4425/4425/4425
f 5703/5703/5703 4488/4488/4488 5720/5720/5720
f 4488/4488/4488 5703/5703/5703 4481/4481/4481
f 4491/4491/4491 5701/5701/5701 5719/5719/5719
f 4491/4491/4491 5719/5719/5719 4487/4487/4487
f 5701/5701/5701 5695/5695/5695 5697/5697/5697
f 5701/5701/5701 4501/4501/4501 5695/5695/5695
f 5701/5701/5701 4491/4491/4491 4501/4501/4501
f 5695/5695/5695 4501/4501/4501 4499/4499/4499
f 4479/4479/4479 4477/4477/4477 4484/4484/4484
f 4423/4423/4423 4481/4481/4481 4425/4425/4425
f 4459/4459/4459 4471/4471/4471 4463/4463/4463
f 4415/4415/4415 4419/4419/4419 4440/4440/4440
f 4407/4407/4407 4439/4439/4439 4418/4418/4418
f 4417/4417/4417 4405/4405/4405 4404/4404/4404
f 4401/4401/4401 4409/4409/4409 5721/5721/5721
f 4410/4410/4410 4402/4402/4402 5722/5722/5722
f 4402/4402/4402 4400/4400/4400 5722/5722/5722
f 4400/4400/4400 4397/4397/4397 5723/5723/5723
f 4285/4285/4285 4401/4401/4401 5724/5724/5724
f 4285/4285/4285 4282/4282/4282 4401/4401/4401
f 4397/4397/4397 4286/4286/4286 5723/5723/5723
f 4286/4286/4286 4397/4397/4397 4297/4297/4297
f 4397/4397/4397 4380/4380/4380 4297/4297/4297
f 4378/4378/4378 4379/4379/4379 4387/4387/4387
f 4297/4297/4297 4380/4380/4380 4299/4299/4299
f 4309/4309/4309 4357/4357/4357 4366/4366/4366
f 4353/4353/4353 4309/4309/4309 4366/4366/4366
f 4349/4349/4349 4363/4363/4363 4169/4169/4169
f 4169/4169/4169 4363/4363/4363 4167/4167/4167
f 4357/4357/4357 4309/4309/4309 4310/4310/4310
f 4308/4308/4308 4309/4309/4309 4354/4354/4354
f 4353/4353/4353 4354/4354/4354 4309/4309/4309
f 4308/4308/4308 4354/4354/4354 4338/4338/4338
f 4338/4338/4338 4354/4354/4354 4341/4341/4341
f 4182/4182/4182 4349/4349/4349 4170/4170/4170
f 5727/5727/5727 4349/4349/4349 4182/4182/4182
f 4343/4343/4343 4349/4349/4349 5726/5726/5726
f 5726/5726/5726 4349/4349/4349 5729/5729/5729
f 5729/5729/5729 4349/4349/4349 5727/5727/5727
f 4170/4170/4170 4349/4349/4349 4169/4169/4169
f 5728/5728/5728 5731/5731/5731 5730/5730/5730
f 5730/5730/5730 5731/5731/5731 5732/5732/5732
f 5730/5730/5730 5732/5732/5732 5725/5725/5725
f 5733/5733/5733 4346/4346/4346 5732/5732/5732
f 5725/5725/5725 5732/5732/5732 4346/4346/4346
f 5733/5733/5733 5732/5732/5732 5731/5731/5731
f 4328/4328/4328 5733/5733/5733 5736/5736/5736
f 5736/5736/5736 5733/5733/5733 5737/5737/5737
f 4328/4328/4328 4345/4345/4345 5733/5733/5733
f 4345/4345/4345 4346/4346/4346 5733/5733/5733
f 5733/5733/5733 5731/5731/5731 5737/5737/5737
f 5738/5738/5738 5737/5737/5737 5741/5741/5741
f 5736/5736/5736 5737/5737/5737 5738/5738/5738
f 5737/5737/5737 5742/5742/5742 5741/5741/5741
f 5737/5737/5737 5731/5731/5731 5742/5742/5742
f 5744/5744/5744 5742/5742/5742 5731/5731/5731
f 5745/5745/5745 5742/5742/5742 5744/5744/5744
f 5745/5745/5745 5747/5747/5747 5742/5742/5742
f 5741/5741/5741 5742/5742/5742 5747/5747/5747
f 5753/5753/5753 5747/5747/5747 5748/5748/5748
f 5751/5751/5751 5748/5748/5748 5747/5747/5747
f 5747/5747/5747 5745/5745/5745 5750/5750/5750
f 5751/5751/5751 5747/5747/5747 5750/5750/5750
f 5754/5754/5754 5747/5747/5747 5753/5753/5753
f 5741/5741/5741 5747/5747/5747 5754/5754/5754
f 4263/4263/4263 5754/5754/5754 4258/4258/4258
f 4258/4258/4258 5754/5754/5754 5753/5753/5753
f 5755/5755/5755 5754/5754/5754 4263/4263/4263
f 5755/5755/5755 5741/5741/5741 5754/5754/5754
f 5738/5738/5738 5741/5741/5741 5755/5755/5755
f 4258/4258/4258 5753/5753/5753 4209/4209/4209
f 5753/5753/5753 5748/5748/5748 4201/4201/4201
f 4209/4209/4209 5753/5753/5753 4201/4201/4201
f 5752/5752/5752 4182/4182/4182 4196/4196/4196
f 5749/5749/5749 4182/4182/4182 5752/5752/5752
f 4195/4195/4195 5748/5748/5748 5751/5751/5751
f 5746/5746/5746 4182/4182/4182 5749/5749/5749
f 4195/4195/4195 4200/4200/4200 5748/5748/5748
f 4201/4201/4201 5748/5748/5748 4200/4200/4200
f 5743/5743/5743 4182/4182/4182 5746/5746/5746
f 5727/5727/5727 4182/4182/4182 5743/5743/5743
f 5744/5744/5744 5731/5731/5731 5728/5728/5728
f 4346/4346/4346 4344/4344/4344 5725/5725/5725
f 4328/4328/4328 4340/4340/4340 4345/4345/4345
f 4331/4331/4331 4340/4340/4340 4328/4328/4328
f 4315/4315/4315 4308/4308/4308 4338/4338/4338
f 4296/4296/4296 4300/4300/4300 4289/4289/4289
f 4286/4286/4286 4297/4297/4297 4293/4293/4293
f 4275/4275/4275 4284/4284/4284 4273/4273/4273
f 4212/4212/4212 4214/4214/4214 4230/4230/4230
f 4193/4193/4193 4186/4186/4186 4218/4218/4218
f 4191/4191/4191 4202/4202/4202 4190/4190/4190
f 4202/4202/4202 4188/4188/4188 4190/4190/4190
f 4177/4177/4177 4136/4136/4136 4178/4178/4178
f 4175/4175/4175 4136/4136/4136 4177/4177/4177
f 4135/4135/4135 4175/4175/4175 5761/5761/5761
f 4175/4175/4175 4135/4135/4135 4136/4136/4136
f 4174/4174/4174 4171/4171/4171 5759/5759/5759
f 4174/4174/4174 5759/5759/5759 5760/5760/5760
f 5758/5758/5758 4138/4138/4138 5761/5761/5761
f 5761/5761/5761 4138/4138/4138 4135/4135/4135
f 5763/5763/5763 4141/4141/4141 5758/5758/5758
f 5759/5759/5759 4171/4171/4171 5762/5762/5762
f 5758/5758/5758 4141/4141/4141 4138/4138/4138
f 4172/4172/4172 4141/4141/4141 5763/5763/5763
f 4158/4158/4158 4172/4172/4172 4162/4162/4162
f 4172/4172/4172 4158/4158/4158 4141/4141/4141
f 4140/4140/4140 4141/4141/4141 4158/4158/4158
f 4155/4155/4155 4157/4157/4157 4148/4148/4148
f 5764/5764/5764 3687/3687/3687 4111/4111/4111
f 5764/5764/5764 3688/3688/3688 3687/3687/3687
f 3700/3700/3700 3688/3688/3688 5764/5764/5764
f 4068/4068/4068 4077/4077/4077 4055/4055/4055
f 4077/4077/4077 4054/4054/4054 4055/4055/4055
f 4068/4068/4068 4055/4055/4055 4056/4056/4056
f 4059/4059/4059 4048/4048/4048 4038/4038/4038
f 5766/5766/5766 4059/4059/4059 4037/4037/4037
f 4059/4059/4059 4038/4038/4038 4037/4037/4037
f 3722/3722/3722 4059/4059/4059 5766/5766/5766
f 5766/5766/5766 4037/4037/4037 5769/5769/5769
f 5769/5769/5769 4032/4032/4032 4031/4031/4031
f 5769/5769/5769 4037/4037/4037 4032/4032/4032
f 3990/3990/3990 3986/3986/3986 4034/4034/4034
f 4004/4004/4004 3768/3768/3768 3758/3758/3758
f 3992/3992/3992 3771/3771/3771 3770/3770/3770
f 3992/3992/3992 3770/3770/3770 3991/3991/3991
f 5772/5772/5772 3771/3771/3771 3992/3992/3992
f 5772/5772/5772 3992/3992/3992 3980/3980/3980
f 5779/5779/5779 5772/5772/5772 3980/3980/3980
f 5772/5772/5772 5782/5782/5782 3771/3771/3771
f 5774/5774/5774 5772/5772/5772 5776/5776/5776
f 5778/5778/5778 5772/5772/5772 5774/5774/5774
f 5776/5776/5776 5772/5772/5772 5787/5787/5787
f 5778/5778/5778 5782/5782/5782 5772/5772/5772
f 5772/5772/5772 5779/5779/5779 5785/5785/5785
f 5772/5772/5772 5785/5785/5785 5787/5787/5787
f 5786/5786/5786 3891/3891/3891 5775/5775/5775
f 5786/5786/5786 3892/3892/3892 3891/3891/3891
f 3892/3892/3892 5786/5786/5786 5784/5784/5784
f 5780/5780/5780 3892/3892/3892 5784/5784/5784
f 5789/5789/5789 5791/5791/5791 5783/5783/5783
f 5793/5793/5793 5788/5788/5788 5781/5781/5781
f 3771/3771/3771 5782/5782/5782 5790/5790/5790
f 5782/5782/5782 5778/5778/5778 5792/5792/5792
f 5796/5796/5796 5788/5788/5788 5793/5793/5793
f 5792/5792/5792 5778/5778/5778 5795/5795/5795
f 5794/5794/5794 5796/5796/5796 5793/5793/5793
f 5788/5788/5788 5796/5796/5796 5798/5798/5798
f 5798/5798/5798 5796/5796/5796 3824/3824/3824
f 3824/3824/3824 5796/5796/5796 5800/5800/5800
f 5800/5800/5800 5796/5796/5796 5799/5799/5799
f 5794/5794/5794 5799/5799/5799 5796/5796/5796
f 5800/5800/5800 3853/3853/3853 5802/5802/5802
f 3822/3822/3822 5800/5800/5800 5802/5802/5802
f 3824/3824/3824 5800/5800/5800 3822/3822/3822
f 3853/3853/3853 5800/5800/5800 3860/3860/3860
f 5800/5800/5800 5799/5799/5799 3860/3860/3860
f 3822/3822/3822 5802/5802/5802 3818/3818/3818
f 3852/3852/3852 3820/3820/3820 5801/5801/5801
f 5777/5777/5777 5803/5803/5803 5799/5799/5799
f 3860/3860/3860 5799/5799/5799 5803/5803/5803
f 5777/5777/5777 5799/5799/5799 5794/5794/5794
f 3860/3860/3860 5803/5803/5803 3861/3861/3861
f 3861/3861/3861 5803/5803/5803 5806/5806/5806
f 5806/5806/5806 5803/5803/5803 5804/5804/5804
f 5803/5803/5803 5805/5805/5805 5804/5804/5804
f 5777/5777/5777 5805/5805/5805 5803/5803/5803
f 3861/3861/3861 5806/5806/5806 3872/3872/3872
f 3872/3872/3872 5806/5806/5806 5807/5807/5807
f 5806/5806/5806 5804/5804/5804 5808/5808/5808
f 5806/5806/5806 5808/5808/5808 5807/5807/5807
f 5804/5804/5804 5811/5811/5811 5808/5808/5808
f 5808/5808/5808 5809/5809/5809 5810/5810/5810
f 5808/5808/5808 5811/5811/5811 5809/5809/5809
f 5807/5807/5807 5808/5808/5808 5810/5810/5810
f 5804/5804/5804 5805/5805/5805 5811/5811/5811
f 5813/5813/5813 5811/5811/5811 5805/5805/5805
f 5773/5773/5773 5809/5809/5809 5811/5811/5811
f 5773/5773/5773 5811/5811/5811 5813/5813/5813
f 5815/5815/5815 5774/5774/5774 5812/5812/5812
f 5813/5813/5813 5805/5805/5805 5814/5814/5814
f 5805/5805/5805 5777/5777/5777 5814/5814/5814
f 5778/5778/5778 5774/5774/5774 5815/5815/5815
f 5817/5817/5817 5810/5810/5810 5809/5809/5809
f 5807/5807/5807 5810/5810/5810 3880/3880/3880
f 3883/3883/3883 3880/3880/3880 5810/5810/5810
f 3883/3883/3883 5810/5810/5810 3889/3889/3889
f 5810/5810/5810 5818/5818/5818 3889/3889/3889
f 5818/5818/5818 5810/5810/5810 5817/5817/5817
f 3891/3891/3891 3890/3890/3890 5819/5819/5819
f 5816/5816/5816 3891/3891/3891 5819/5819/5819
f 5817/5817/5817 5809/5809/5809 5821/5821/5821
f 5817/5817/5817 5821/5821/5821 5822/5822/5822
f 5775/5775/5775 5816/5816/5816 5824/5824/5824
f 5775/5775/5775 3891/3891/3891 5816/5816/5816
f 5774/5774/5774 5823/5823/5823 5820/5820/5820
f 5774/5774/5774 5776/5776/5776 5823/5823/5823
f 5809/5809/5809 5773/5773/5773 5821/5821/5821
f 3872/3872/3872 5807/5807/5807 3874/3874/3874
f 3874/3874/3874 5807/5807/5807 3880/3880/3880
f 5797/5797/5797 3811/3811/3811 5789/5789/5789
f 3823/3823/3823 3811/3811/3811 5797/5797/5797
f 5789/5789/5789 3811/3811/3811 5791/5791/5791
f 3811/3811/3811 3815/3815/3815 5791/5791/5791
f 3771/3771/3771 5790/5790/5790 3814/3814/3814
f 5780/5780/5780 3894/3894/3894 3892/3892/3892
f 3969/3969/3969 3894/3894/3894 5780/5780/5780
f 3969/3969/3969 5780/5780/5780 5825/5825/5825
f 5779/5779/5779 3980/3980/3980 5826/5826/5826
f 5826/5826/5826 3980/3980/3980 3976/3976/3976
f 3975/3975/3975 3968/3968/3968 5827/5827/5827
f 3991/3991/3991 3770/3770/3770 3768/3768/3768
f 3977/3977/3977 3983/3983/3983 3966/3966/3966
f 3966/3966/3966 3983/3983/3983 3964/3964/3964
f 3895/3895/3895 3973/3973/3973 5829/5829/5829
f 3972/3972/3972 3963/3963/3963 5828/5828/5828
f 3973/3973/3973 3894/3894/3894 3970/3970/3970
f 3973/3973/3973 3895/3895/3895 3894/3894/3894
f 5828/5828/5828 3963/3963/3963 3962/3962/3962
f 5828/5828/5828 3962/3962/3962 5831/5831/5831
f 5830/5830/5830 3895/3895/3895 5829/5829/5829
f 5830/5830/5830 3897/3897/3897 3895/3895/3895
f 3897/3897/3897 5830/5830/5830 5833/5833/5833
f 3962/3962/3962 5832/5832/5832 5831/5831/5831
f 3940/3940/3940 3897/3897/3897 5833/5833/5833
f 5832/5832/5832 3942/3942/3942 3941/3941/3941
f 5832/5832/5832 3962/3962/3962 3942/3942/3942
f 3894/3894/3894 3969/3969/3969 3970/3970/3970
f 3942/3942/3942 3962/3962/3962 3947/3947/3947
f 3955/3955/3955 3931/3931/3931 3934/3934/3934
f 3922/3922/3922 3940/3940/3940 3918/3918/3918
f 3922/3922/3922 3897/3897/3897 3940/3940/3940
f 3899/3899/3899 3897/3897/3897 3922/3922/3922
f 3869/3869/3869 3502/3502/3502 3532/3532/3532
f 3520/3520/3520 3502/3502/3502 3869/3869/3869
f 3531/3531/3531 3855/3855/3855 3532/3532/3532
f 5846/5846/5846 5847/5847/5847 5843/5843/5843
f 5846/5846/5846 5848/5848/5848 5847/5847/5847
f 5834/5834/5834 5848/5848/5848 5846/5846/5846
f 5834/5834/5834 5849/5849/5849 5848/5848/5848
f 5848/5848/5848 5850/5850/5850 5847/5847/5847
f 5849/5849/5849 5851/5851/5851 5848/5848/5848
f 5848/5848/5848 5851/5851/5851 5850/5850/5850
f 5849/5849/5849 5852/5852/5852 5851/5851/5851
f 3666/3666/3666 5851/5851/5851 5852/5852/5852
f 5853/5853/5853 5851/5851/5851 3666/3666/3666
f 5853/5853/5853 5850/5850/5850 5851/5851/5851
f 3663/3663/3663 5854/5854/5854 3667/3667/3667
f 3663/3663/3663 5855/5855/5855 5854/5854/5854
f 5856/5856/5856 5850/5850/5850 5853/5853/5853
f 5857/5857/5857 5850/5850/5850 5856/5856/5856
f 5855/5855/5855 3663/3663/3663 5858/5858/5858
f 5859/5859/5859 5857/5857/5857 3787/3787/3787
f 5857/5857/5857 5859/5859/5859 5850/5850/5850
f 3663/3663/3663 3786/3786/3786 5858/5858/5858
f 3787/3787/3787 3785/3785/3785 5859/5859/5859
f 5847/5847/5847 5850/5850/5850 5859/5859/5859
f 5847/5847/5847 5859/5859/5859 5860/5860/5860
f 5860/5860/5860 5859/5859/5859 3785/3785/3785
f 5860/5860/5860 3785/3785/3785 3789/3789/3789
f 5843/5843/5843 5860/5860/5860 3789/3789/3789
f 5843/5843/5843 5847/5847/5847 5860/5860/5860
f 5863/5863/5863 5852/5852/5852 5849/5849/5849
f 3666/3666/3666 5852/5852/5852 3664/3664/3664
f 5861/5861/5861 5862/5862/5862 5852/5852/5852
f 5861/5861/5861 5852/5852/5852 5863/5863/5863
f 3664/3664/3664 5852/5852/5852 5862/5862/5862
f 5866/5866/5866 5863/5863/5863 5849/5849/5849
f 5867/5867/5867 5863/5863/5863 5866/5866/5866
f 5867/5867/5867 5861/5861/5861 5863/5863/5863
f 3638/3638/3638 5861/5861/5861 5867/5867/5867
f 5866/5866/5866 5849/5849/5849 5871/5871/5871
f 5871/5871/5871 5849/5849/5849 5834/5834/5834
f 5862/5862/5862 3661/3661/3661 3664/3664/3664
f 3661/3661/3661 5862/5862/5862 5873/5873/5873
f 5861/5861/5861 5873/5873/5873 5862/5862/5862
f 5874/5874/5874 3655/3655/3655 5873/5873/5873
f 3658/3658/3658 5873/5873/5873 3655/3655/3655
f 5874/5874/5874 5873/5873/5873 5861/5861/5861
f 3669/3669/3669 5873/5873/5873 3658/3658/3658
f 3661/3661/3661 5873/5873/5873 3669/3669/3669
f 3653/3653/3653 3655/3655/3655 5874/5874/5874
f 3638/3638/3638 3653/3653/3653 5874/5874/5874
f 3638/3638/3638 5874/5874/5874 5861/5861/5861
f 5843/5843/5843 3789/3789/3789 5840/5840/5840
f 5840/5840/5840 3789/3789/3789 3840/3840/3840
f 3840/3840/3840 3790/3790/3790 3799/3799/3799
f 3840/3840/3840 3789/3789/3789 3790/3790/3790
f 3801/3801/3801 3804/3804/3804 3828/3828/3828
f 3828/3828/3828 3804/3804/3804 3809/3809/3809
f 3812/3812/3812 3771/3771/3771 3814/3814/3814
f 3771/3771/3771 3812/3812/3812 3808/3808/3808
f 3771/3771/3771 3808/3808/3808 3773/3773/3773
f 3792/3792/3792 3779/3779/3779 3776/3776/3776
f 3705/3705/3705 3679/3679/3679 5878/5878/5878
f 5875/5875/5875 3690/3690/3690 3705/3705/3705
f 5875/5875/5875 3705/3705/3705 5878/5878/5878
f 3678/3678/3678 5876/5876/5876 5877/5877/5877
f 3691/3691/3691 3690/3690/3690 5875/5875/5875
f 5876/5876/5876 3680/3680/3680 3692/3692/3692
f 3678/3678/3678 3680/3680/3680 5876/5876/5876
f 3643/3643/3643 3653/3653/3653 3638/3638/3638
f 3538/3538/3538 3542/3542/3542 3610/3610/3610
f 3575/3575/3575 3567/3567/3567 3582/3582/3582
f 3582/3582/3582 3567/3567/3567 3566/3566/3566
f 3551/3551/3551 3563/3563/3563 3545/3545/3545
f 3534/3534/3534 3529/3529/3529 3550/3550/3550
f 3550/3550/3550 3529/3529/3529 3528/3528/3528
