mtllib 黑色足端.006.mtl
usemtl 黑色足端.006
v -0.004892 -0.212453 0.018267
v -0.009595 -0.215443 0.017349
v -0.005022 -0.212181 0.017913
v -0.009688 -0.215123 0.016998
v -0.000116 -0.209464 0.018558
v -0.000116 -0.209464 0.018558
v -0.004681 -0.212826 0.018448
v -0.004681 -0.212826 0.018448
v -0.000114 -0.209469 0.018562
v -0.000114 -0.209469 0.018562
v -0.009343 -0.215816 0.017527
v -0.009343 -0.215816 0.017527
v -0.00028 -0.209205 0.018203
v -0.00028 -0.209205 0.018203
v -0.004694 -0.212834 0.018447
v -0.004694 -0.212834 0.018447
v 0.002909 -0.214281 0.019372
v 0.002909 -0.214281 0.019372
v -0.001855 -0.217697 0.019149
v 0.005762 -0.218816 0.019609
v 0.005762 -0.218816 0.019609
v 0.001242 -0.222447 0.019297
v -0.006614 -0.220836 0.017954
v -0.011074 -0.223261 0.015185
v -0.003518 -0.225773 0.01779
v -0.009016 -0.226418 0.015068
v -0.009016 -0.226418 0.015068
v -0.009016 -0.226418 0.015068
v -0.009855 -0.225321 0.015071
v -0.009855 -0.225321 0.015071
v -0.009392 -0.215847 0.017512
v -0.009392 -0.215847 0.017512
v -0.01369 -0.218637 0.015212
v -0.01369 -0.218637 0.015212
v -0.013757 -0.218681 0.015153
v -0.013757 -0.218681 0.015153
v -0.01394 -0.218225 0.015035
v -0.017037 -0.220198 0.010737
v -0.017037 -0.220198 0.010737
v -0.013942 -0.21781 0.014738
v -0.017037 -0.220199 0.010737
v -0.017037 -0.220199 0.010737
v -0.016955 -0.219711 0.010563
v -0.016955 -0.219711 0.010563
v -0.013764 -0.217551 0.01435
v -0.013764 -0.217551 0.01435
v -0.016655 -0.219368 0.010332
v -0.016655 -0.219368 0.010332
v -0.016655 -0.219368 0.010332
v -0.016655 -0.219368 0.010332
v -0.016655 -0.219368 0.010332
v -0.016957 -0.219716 0.010566
v -0.016957 -0.219716 0.010566
v -0.018189 -0.220924 0.007203
v -0.018086 -0.220425 0.007107
v -0.018793 -0.221302 0.003544
v -0.01868 -0.220798 0.003499
v -0.017751 -0.220057 0.006976
v -0.017751 -0.220057 0.006976
v -0.018331 -0.220421 0.003436
v -0.018331 -0.220421 0.003436
v -0.018331 -0.220421 0.003436
v -0.018331 -0.220421 0.003436
v -0.018331 -0.220421 0.003436
v -0.018331 -0.220421 0.003436
v -0.018527 -0.220543 -0.000209
v -0.018527 -0.220543 -0.000209
v -0.018332 -0.22042 -0.003838
v -0.018332 -0.22042 -0.003838
v -0.018332 -0.22042 -0.003838
v -0.018332 -0.22042 -0.003838
v -0.018332 -0.22042 -0.003838
v -0.018332 -0.22042 -0.003838
v -0.018332 -0.22042 -0.003838
v -0.005041 -0.212068 0.017467
v -0.005041 -0.212068 0.017467
v -0.005041 -0.212068 0.017467
v -0.005041 -0.212068 0.017467
v -0.005041 -0.212068 0.017467
v -0.00965 -0.214965 0.016551
v -0.00965 -0.214965 0.016551
v -0.00965 -0.214965 0.016551
v 0.004365 -0.206155 0.017467
v 0.004365 -0.206155 0.017467
v 0.004365 -0.206155 0.017467
v 0.004365 -0.206155 0.017467
v -0.000338 -0.209112 0.017746
v -0.000338 -0.209112 0.017746
v -0.000338 -0.209112 0.017746
v -0.005043 -0.212064 -0.017869
v -0.005043 -0.212064 -0.017869
v -0.005043 -0.212064 -0.017869
v -0.005043 -0.212064 -0.017869
v 0.004362 -0.206152 -0.017869
v 0.004362 -0.206152 -0.017869
v 0.004362 -0.206152 -0.017869
v -0.00034 -0.209108 -0.018148
v -0.00034 -0.209108 -0.018148
v -0.00034 -0.209108 -0.018148
v 0.008972 -0.203254 -0.016952
v 0.008972 -0.203254 -0.016952
v 0.008972 -0.203254 -0.016952
v 0.017654 -0.197798 -0.003837
v 0.017654 -0.197798 -0.003837
v 0.017654 -0.197798 -0.003837
v 0.017654 -0.197798 -0.003837
v 0.004457 -0.206217 -0.018314
v 0.004646 -0.206452 -0.018669
v -0.000281 -0.209201 -0.018604
v -0.000281 -0.209201 -0.018604
v 0.009131 -0.203288 -0.017399
v -0.000282 -0.2092 -0.018601
v -0.000282 -0.2092 -0.018601
v 0.009379 -0.20351 -0.01775
v 0.013397 -0.20062 -0.015139
v 0.013086 -0.200668 -0.014751
v 0.013086 -0.200668 -0.014751
v 0.015977 -0.198851 -0.010733
v 0.015977 -0.198851 -0.010733
v 0.015977 -0.198851 -0.010733
v 0.015977 -0.198851 -0.010733
v 0.017074 -0.198162 -0.007373
v 0.017074 -0.198162 -0.007373
v 0.016416 -0.19873 -0.010964
v 0.016416 -0.19873 -0.010964
v 0.017555 -0.198019 -0.007505
v 0.016422 -0.19873 -0.010967
v 0.016422 -0.19873 -0.010967
v 0.016891 -0.198867 -0.011138
v 0.016891 -0.198867 -0.011138
v 0.018049 -0.198141 -0.007601
v 0.013771 -0.200802 -0.015436
v 0.014032 -0.201206 -0.015613
v 0.014032 -0.201206 -0.015613
v 0.014102 -0.201164 -0.015554
v 0.014102 -0.201164 -0.015554
v 0.016892 -0.198868 -0.011138
v 0.016892 -0.198868 -0.011138
v 0.017258 -0.199228 -0.011201
v 0.017258 -0.199228 -0.011201
v 0.017258 -0.199228 -0.011201
v 0.017258 -0.199228 -0.011201
v 0.018422 -0.198498 -0.007636
v 0.018422 -0.198498 -0.007636
v 0.019024 -0.198119 -0.003976
v 0.019024 -0.198119 -0.003976
v 0.02215 -0.203166 -0.003977
v 0.019735 -0.203204 -0.011201
v 0.019735 -0.203204 -0.011201
v 0.020131 -0.20386 -0.011201
v 0.020131 -0.20386 -0.011201
v 0.017066 -0.205568 -0.015588
v 0.019392 -0.204885 -0.01308
v 0.019392 -0.204885 -0.01308
v 0.019392 -0.204885 -0.01308
v 0.018752 -0.205259 -0.012697
v 0.018752 -0.205259 -0.012697
v 0.018752 -0.205259 -0.012697
v 0.018752 -0.205259 -0.012697
v 0.01811 -0.207043 -0.015473
v 0.01811 -0.207043 -0.015473
v 0.01811 -0.207043 -0.015473
v 0.020496 -0.204477 -0.011201
v 0.020496 -0.204477 -0.011201
v 0.020496 -0.204477 -0.011201
v 0.020496 -0.204477 -0.011201
v 0.021465 -0.204156 -0.008843
v 0.021465 -0.204156 -0.008843
v 0.021465 -0.204156 -0.008843
v 0.020129 -0.204794 -0.009879
v 0.020129 -0.204794 -0.009879
v 0.020646 -0.204632 -0.008521
v 0.020646 -0.204632 -0.008521
v 0.020646 -0.204632 -0.008521
v 0.020646 -0.204632 -0.008521
v 0.020646 -0.204632 -0.008521
v 0.020646 -0.204632 -0.008521
v 0.020646 -0.204632 -0.008521
v 0.020646 -0.204632 -0.008521
v 0.020646 -0.204632 -0.008521
v 0.022588 -0.208451 -0.008515
v 0.022588 -0.208451 -0.008515
v 0.022588 -0.208451 -0.008515
v 0.020647 -0.204631 -0.008521
v 0.020647 -0.204631 -0.008521
v 0.023458 -0.208088 -0.008843
v 0.023458 -0.208088 -0.008843
v 0.023458 -0.208088 -0.008843
v 0.020646 -0.204631 -0.008521
v 0.020646 -0.204631 -0.008521
v 0.020646 -0.204631 -0.008521
v 0.020647 -0.204631 -0.008521
v 0.020647 -0.204631 -0.008521
v 0.020647 -0.204631 -0.008521
v 0.020648 -0.20463 -0.008521
v 0.020648 -0.20463 -0.008521
v 0.02065 -0.204629 -0.008522
v 0.02065 -0.204629 -0.008522
v 0.020654 -0.204627 -0.008523
v 0.020654 -0.204627 -0.008523
v 0.020661 -0.204623 -0.008526
v 0.020661 -0.204623 -0.008526
v 0.020676 -0.204615 -0.008532
v 0.020676 -0.204615 -0.008532
v 0.020705 -0.204598 -0.008543
v 0.020705 -0.204598 -0.008543
v 0.020763 -0.204564 -0.008566
v 0.020763 -0.204564 -0.008566
v 0.02088 -0.204496 -0.008612
v 0.02088 -0.204496 -0.008612
v 0.020997 -0.204428 -0.008659
v 0.021114 -0.20436 -0.008705
v 0.021231 -0.204292 -0.008751
v 0.021348 -0.204224 -0.008797
v 0.021348 -0.204224 -0.008797
v 0.020647 -0.204631 -0.00852
v 0.020647 -0.204631 -0.00852
v 0.020646 -0.204631 -0.00852
v 0.020646 -0.204631 -0.00852
v 0.020646 -0.204631 -0.00852
v 0.020646 -0.204631 -0.00852
v 0.020646 -0.204631 -0.00852
v 0.020646 -0.204631 -0.00852
v 0.023891 -0.206409 -0.004236
v 0.023891 -0.206409 -0.004236
v 0.023891 -0.206409 -0.004236
v 0.023921 -0.208505 -0.007982
v 0.023921 -0.208505 -0.007982
v 0.023921 -0.208505 -0.007982
v 0.023594 -0.208353 -0.008762
v 0.023594 -0.208353 -0.008762
v 0.023738 -0.208533 -0.008554
v 0.023738 -0.208533 -0.008554
v 0.023856 -0.208589 -0.008272
v 0.023856 -0.208589 -0.008272
v 0.022852 -0.208867 -0.00824
v 0.022852 -0.208867 -0.00824
v 0.022722 -0.210522 -0.009877
v 0.022715 -0.208696 -0.008438
v 0.022715 -0.208696 -0.008438
v 0.022964 -0.20892 -0.007972
v 0.022964 -0.20892 -0.007972
v 0.02303 -0.208853 -0.007694
v 0.02303 -0.208853 -0.007694
v 0.02303 -0.208853 -0.007694
v 0.023778 -0.21043 -0.006835
v 0.023778 -0.21043 -0.006835
v 0.023003 -0.206842 -0.004096
v 0.023003 -0.206842 -0.004096
v 0.023003 -0.206842 -0.004096
v 0.023861 -0.206268 -0.003977
v 0.023861 -0.206268 -0.003977
v 0.023861 -0.206268 -0.003977
v 0.023857 -0.208599 -0.003501
v 0.023857 -0.208599 -0.003501
v 0.023901 -0.20908 -0.004393
v 0.023901 -0.20908 -0.004393
v 0.02293 -0.206519 -0.003504
v 0.02293 -0.206519 -0.003504
v 0.023385 -0.207005 -0.000492
v 0.023385 -0.207005 -0.000492
v 0.023385 -0.207005 -0.000492
v 0.022298 -0.204929 -0.000492
v 0.022298 -0.204929 -0.000492
v 0.022298 -0.204929 -0.000492
v 0.02317 -0.204437 -0.000503
v 0.02317 -0.204437 -0.000503
v 0.02317 -0.204437 -0.000503
v 0.022261 -0.204859 -0.000201
v 0.022261 -0.204859 -0.000201
v 0.023132 -0.204366 -0.000201
v 0.023132 -0.204366 -0.000201
v 0.02317 -0.204437 0.0001
v 0.02317 -0.204437 0.0001
v 0.02317 -0.204437 0.0001
v 0.022929 -0.20652 0.003099
v 0.022929 -0.20652 0.003099
v 0.022929 -0.20652 0.003099
v 0.022298 -0.204929 9E-05
v 0.022298 -0.204929 9E-05
v 0.022298 -0.204929 9E-05
v 0.023862 -0.206268 0.003573
v 0.023862 -0.206268 0.003573
v 0.023862 -0.206268 0.003573
v 0.023862 -0.206268 0.003573
v 0.02215 -0.203167 0.003574
v 0.020132 -0.203862 0.010799
v 0.020132 -0.203862 0.010799
v 0.019734 -0.203203 0.010799
v 0.019734 -0.203203 0.010799
v 0.023892 -0.20641 0.003832
v 0.023892 -0.20641 0.003832
v 0.023892 -0.20641 0.003832
v 0.018421 -0.1985 0.007242
v 0.018421 -0.1985 0.007242
v 0.021466 -0.204158 0.00844
v 0.021466 -0.204158 0.00844
v 0.021466 -0.204158 0.00844
v 0.019024 -0.19812 0.003575
v 0.019024 -0.19812 0.003575
v 0.018045 -0.198146 0.007206
v 0.018649 -0.197765 0.003544
v 0.019228 -0.19799 -0.000192
v 0.019228 -0.19799 -0.000192
v 0.019026 -0.198119 0.003561
v 0.019026 -0.198119 0.003561
v 0.018849 -0.197638 -0.000192
v 0.018648 -0.197764 -0.003945
v 0.018344 -0.197523 -0.000192
v 0.019025 -0.198118 -0.003961
v 0.019025 -0.198118 -0.003961
v 0.018145 -0.197648 -0.003899
v 0.018146 -0.197648 0.003499
v 0.017849 -0.197676 -0.000192
v 0.017849 -0.197676 -0.000192
v 0.017654 -0.197799 0.003437
v 0.017654 -0.197799 0.003437
v 0.017654 -0.197799 0.003437
v 0.017654 -0.197799 0.003437
v 0.017654 -0.197799 0.003437
v 0.017654 -0.197799 0.003437
v 0.015978 -0.198854 0.010332
v 0.015978 -0.198854 0.010332
v 0.015978 -0.198854 0.010332
v 0.015978 -0.198854 0.010332
v 0.015978 -0.198854 0.010332
v 0.008974 -0.203257 0.016551
v 0.008974 -0.203257 0.016551
v 0.008974 -0.203257 0.016551
v 0.008974 -0.203257 0.016551
v 0.017073 -0.198165 0.006978
v 0.017073 -0.198165 0.006978
v 0.01755 -0.198023 0.00711
v 0.016423 -0.198732 0.010566
v 0.016423 -0.198732 0.010566
v 0.016421 -0.198732 0.010565
v 0.016421 -0.198732 0.010565
v 0.016892 -0.198869 0.010737
v 0.016892 -0.198869 0.010737
v 0.016899 -0.198874 0.010739
v 0.016899 -0.198874 0.010739
v 0.017259 -0.19923 0.010799
v 0.017259 -0.19923 0.010799
v 0.017259 -0.19923 0.010799
v 0.017259 -0.19923 0.010799
v 0.013777 -0.200809 0.015037
v 0.009385 -0.203518 0.017352
v 0.013401 -0.200624 0.01474
v 0.014103 -0.201167 0.015152
v 0.014103 -0.201167 0.015152
v 0.014033 -0.201209 0.015212
v 0.014033 -0.201209 0.015212
v 0.017064 -0.205567 0.015186
v 0.009658 -0.203872 0.017512
v 0.009658 -0.203872 0.017512
v 0.009606 -0.203904 0.017528
v 0.009606 -0.203904 0.017528
v 0.012944 -0.208536 0.017955
v 0.019018 -0.208792 0.015068
v 0.019018 -0.208792 0.015068
v 0.019018 -0.208792 0.015068
v 0.008051 -0.211465 0.019149
v 0.016051 -0.213467 0.017791
v 0.010989 -0.216315 0.019298
v 0.018395 -0.207563 0.015072
v 0.018395 -0.207563 0.015072
v 0.020209 -0.205885 0.010452
v 0.020209 -0.205885 0.010452
v 0.020209 -0.205885 0.010452
v 0.018113 -0.207047 0.015069
v 0.018113 -0.207047 0.015069
v 0.018113 -0.207047 0.015069
v 0.02025 -0.205819 0.010319
v 0.02025 -0.205819 0.010319
v 0.020306 -0.205779 0.010182
v 0.020306 -0.205779 0.010182
v 0.020132 -0.204795 0.009476
v 0.020132 -0.204795 0.009476
v 0.021021 -0.205395 0.010798
v 0.021021 -0.205395 0.010798
v 0.021021 -0.205395 0.010798
v 0.020462 -0.205801 0.009927
v 0.020462 -0.205801 0.009927
v 0.021088 -0.205343 0.010635
v 0.021088 -0.205343 0.010635
v 0.021253 -0.205363 0.010361
v 0.021253 -0.205363 0.010361
v 0.020647 -0.205949 0.009737
v 0.020647 -0.205949 0.009737
v 0.021445 -0.205512 0.010158
v 0.021445 -0.205512 0.010158
v 0.021619 -0.205757 0.010078
v 0.021619 -0.205757 0.010078
v 0.021619 -0.205757 0.010078
v 0.023337 -0.209692 0.010078
v 0.023337 -0.209692 0.010078
v 0.023337 -0.209692 0.010078
v 0.022296 -0.207927 0.010798
v 0.022296 -0.207927 0.010798
v 0.022478 -0.209976 0.009662
v 0.022478 -0.209976 0.009662
v 0.022478 -0.209976 0.009662
v 0.020817 -0.20619 0.009664
v 0.020817 -0.20619 0.009664
v 0.020817 -0.20619 0.009664
v 0.020738 -0.20606 0.009681
v 0.020738 -0.20606 0.009681
v 0.022725 -0.210523 0.009472
v 0.022677 -0.216766 0.009523
v 0.022624 -0.212769 0.01046
v 0.022624 -0.212769 0.01046
v 0.022624 -0.212769 0.01046
v 0.022406 -0.210559 0.010141
v 0.022406 -0.210559 0.010141
v 0.02259 -0.208452 0.00811
v 0.02259 -0.208452 0.00811
v 0.02259 -0.208452 0.00811
v 0.023026 -0.208845 0.007295
v 0.023026 -0.208845 0.007295
v 0.023026 -0.208845 0.007295
v 0.022829 -0.212722 0.010037
v 0.022829 -0.212722 0.010037
v 0.022924 -0.212818 0.009849
v 0.022924 -0.212818 0.009849
v 0.022965 -0.208921 0.007568
v 0.022965 -0.208921 0.007568
v 0.023022 -0.213206 0.009674
v 0.023022 -0.213206 0.009674
v 0.023022 -0.213206 0.009674
v 0.022481 -0.210426 0.009924
v 0.022481 -0.210426 0.009924
v 0.022481 -0.210426 0.009924
v 0.023531 -0.21124 0.007838
v 0.023531 -0.21124 0.007838
v 0.023531 -0.21124 0.007838
v 0.022726 -0.212713 0.010247
v 0.022726 -0.212713 0.010247
v 0.022996 -0.212992 0.009715
v 0.022996 -0.212992 0.009715
v 0.023016 -0.213096 0.00968
v 0.023016 -0.213096 0.00968
v 0.022513 -0.2103 0.009788
v 0.022513 -0.2103 0.009788
v 0.023498 -0.211518 0.008078
v 0.023498 -0.211518 0.008078
v 0.023503 -0.211356 0.007982
v 0.023503 -0.211356 0.007982
v 0.022853 -0.208868 0.007836
v 0.022853 -0.208868 0.007836
v 0.022716 -0.208698 0.008035
v 0.022716 -0.208698 0.008035
v 0.022512 -0.210139 0.009694
v 0.022512 -0.210139 0.009694
v 0.023779 -0.210431 0.006431
v 0.023779 -0.210431 0.006431
v 0.023002 -0.206843 0.003692
v 0.023002 -0.206843 0.003692
v 0.023002 -0.206843 0.003692
v 0.023002 -0.206843 0.003692
v 0.0239 -0.209081 0.003988
v 0.0239 -0.209081 0.003988
v 0.024831 -0.208759 0.004141
v 0.024831 -0.208759 0.004141
v 0.024461 -0.211058 0.008153
v 0.024461 -0.211058 0.008153
v 0.024461 -0.211058 0.008153
v 0.024429 -0.211359 0.008404
v 0.024429 -0.211359 0.008404
v 0.024433 -0.211185 0.008304
v 0.024433 -0.211185 0.008304
v 0.024445 -0.211532 0.008439
v 0.024445 -0.211532 0.008439
v 0.025694 -0.21151 0.002725
v 0.025612 -0.214476 0.003878
v 0.025612 -0.214476 0.003878
v 0.025932 -0.212313 9.9E-05
v 0.025932 -0.212313 9.9E-05
v 0.025932 -0.212313 9.9E-05
v 0.0258 -0.213823 0.002725
v 0.0258 -0.213823 0.002725
v 0.024288 -0.206576 9.9E-05
v 0.024288 -0.206576 9.9E-05
v 0.024288 -0.206576 9.9E-05
v 0.025694 -0.211509 -0.003129
v 0.025928 -0.212233 -0.000203
v 0.025928 -0.212233 -0.000203
v 0.024737 -0.20798 0.002725
v 0.024737 -0.20798 0.002725
v 0.023385 -0.207005 9E-05
v 0.023385 -0.207005 9E-05
v 0.023385 -0.207005 9E-05
v 0.023857 -0.208599 0.003096
v 0.023857 -0.208599 0.003096
v 0.023353 -0.206936 -0.000202
v 0.023353 -0.206936 -0.000202
v 0.024255 -0.206504 -0.000202
v 0.024255 -0.206504 -0.000202
v 0.024288 -0.206576 -0.000503
v 0.024288 -0.206576 -0.000503
v 0.024288 -0.206576 -0.000503
v 0.024737 -0.207979 -0.003129
v 0.024737 -0.207979 -0.003129
v 0.02483 -0.208759 -0.004546
v 0.02483 -0.208759 -0.004546
v 0.02446 -0.211057 -0.008558
v 0.02446 -0.211057 -0.008558
v 0.02446 -0.211057 -0.008558
v 0.023529 -0.211237 -0.008244
v 0.023529 -0.211237 -0.008244
v 0.023529 -0.211237 -0.008244
v 0.024432 -0.211184 -0.008709
v 0.024432 -0.211184 -0.008709
v 0.024428 -0.211357 -0.008809
v 0.024428 -0.211357 -0.008809
v 0.024444 -0.21153 -0.008844
v 0.024444 -0.21153 -0.008844
v 0.023512 -0.211697 -0.008516
v 0.023512 -0.211697 -0.008516
v 0.023512 -0.211697 -0.008516
v 0.024448 -0.211554 -0.008844
v 0.024448 -0.211554 -0.008844
v 0.024448 -0.211554 -0.008844
v 0.025612 -0.214475 -0.004283
v 0.025612 -0.214475 -0.004283
v 0.023496 -0.211516 -0.008482
v 0.023496 -0.211516 -0.008482
v 0.022673 -0.216765 -0.009929
v 0.023502 -0.211355 -0.008386
v 0.023502 -0.211355 -0.008386
v 0.023968 -0.216944 -0.004915
v 0.023968 -0.216944 -0.004915
v 0.023392 -0.215767 -0.008544
v 0.023392 -0.215767 -0.008544
v 0.023392 -0.215767 -0.008544
v 0.022485 -0.217183 -0.010117
v 0.022485 -0.217183 -0.010117
v 0.022485 -0.217183 -0.010117
v 0.02303 -0.213205 -0.010072
v 0.02303 -0.213205 -0.010072
v 0.02303 -0.213205 -0.010072
v 0.021717 -0.219361 -0.009964
v 0.021717 -0.219361 -0.009964
v 0.022603 -0.216757 -0.010109
v 0.022603 -0.216757 -0.010109
v 0.023668 -0.217393 -0.005802
v 0.023668 -0.217393 -0.005802
v 0.023366 -0.21599 -0.008488
v 0.023366 -0.21599 -0.008488
v 0.023405 -0.216285 -0.008151
v 0.023405 -0.216285 -0.008151
v 0.023464 -0.216312 -0.007927
v 0.023464 -0.216312 -0.007927
v 0.021157 -0.219755 -0.010896
v 0.021157 -0.219755 -0.010896
v 0.022378 -0.217435 -0.010194
v 0.022378 -0.217435 -0.010194
v 0.02337 -0.216173 -0.00835
v 0.02337 -0.216173 -0.00835
v 0.024324 -0.216195 -0.008793
v 0.024324 -0.216195 -0.008793
v 0.024326 -0.216393 -0.008647
v 0.024326 -0.216393 -0.008647
v 0.024355 -0.215959 -0.008844
v 0.024355 -0.215959 -0.008844
v 0.024355 -0.215959 -0.008844
v 0.024361 -0.216516 -0.008438
v 0.024361 -0.216516 -0.008438
v 0.024422 -0.216546 -0.008204
v 0.024422 -0.216546 -0.008204
v 0.0245 -0.216484 -0.007982
v 0.0245 -0.216484 -0.007982
v 0.0245 -0.216484 -0.007982
v 0.023537 -0.21625 -0.007723
v 0.023537 -0.21625 -0.007723
v 0.023537 -0.21625 -0.007723
v 0.024598 -0.214379 -0.004139
v 0.024598 -0.214379 -0.004139
v 0.024712 -0.214036 -0.003504
v 0.024712 -0.214036 -0.003504
v 0.024361 -0.216219 -0.003511
v 0.024361 -0.216219 -0.003511
v 0.024851 -0.214593 -0.000494
v 0.024851 -0.214593 -0.000494
v 0.024851 -0.214593 -0.000494
v 0.025874 -0.214722 -0.000504
v 0.025874 -0.214722 -0.000504
v 0.025874 -0.214722 -0.000504
v 0.025271 -0.216634 -0.00393
v 0.025271 -0.216634 -0.00393
v 0.022917 -0.221788 -0.00393
v 0.024613 -0.217715 -0.00599
v 0.024613 -0.217715 -0.00599
v 0.022001 -0.220168 -0.011203
v 0.022001 -0.220168 -0.011203
v 0.022001 -0.220168 -0.011203
v 0.021609 -0.220902 -0.011203
v 0.021609 -0.220902 -0.011203
v 0.021984 -0.22018 -0.01123
v 0.021984 -0.22018 -0.01123
v 0.019115 -0.221426 -0.014869
v 0.019115 -0.221426 -0.014869
v 0.019206 -0.223065 -0.013209
v 0.018008 -0.221581 -0.01596
v 0.018008 -0.221581 -0.01596
v 0.018008 -0.221581 -0.01596
v 0.018407 -0.218571 -0.016741
v 0.018874 -0.220168 -0.015825
v 0.018874 -0.220168 -0.015825
v 0.013503 -0.221429 -0.018749
v 0.015851 -0.225438 -0.015107
v 0.015851 -0.225438 -0.015107
v 0.01776 -0.225136 -0.01271
v 0.01776 -0.225136 -0.01271
v 0.014659 -0.225337 -0.016365
v 0.014659 -0.225337 -0.016365
v 0.014659 -0.225337 -0.016365
v 0.014726 -0.225349 -0.016299
v 0.014726 -0.225349 -0.016299
v 0.017114 -0.224517 -0.012433
v 0.017114 -0.224517 -0.012433
v 0.016548 -0.225666 -0.011023
v 0.016548 -0.225666 -0.011023
v 0.016548 -0.225666 -0.011023
v 0.018696 -0.223838 -0.010023
v 0.018696 -0.223838 -0.010023
v 0.013808 -0.226444 -0.015345
v 0.013808 -0.226444 -0.015345
v 0.018822 -0.224749 -0.011203
v 0.018822 -0.224749 -0.011203
v 0.018822 -0.224749 -0.011203
v 0.020301 -0.223989 -0.008845
v 0.020301 -0.223989 -0.008845
v 0.020301 -0.223989 -0.008845
v 0.019007 -0.22454 -0.011203
v 0.019007 -0.22454 -0.011203
v 0.02141 -0.221246 -0.011203
v 0.02141 -0.221246 -0.011203
v 0.019431 -0.226009 -0.004265
v 0.019431 -0.226009 -0.004265
v 0.019431 -0.226009 -0.004265
v 0.017461 -0.227173 -0.007983
v 0.017461 -0.227173 -0.007983
v 0.017461 -0.227173 -0.007983
v 0.019552 -0.223373 -0.008624
v 0.019552 -0.223373 -0.008624
v 0.019552 -0.223373 -0.008624
v 0.019593 -0.225889 -0.00393
v 0.019593 -0.225889 -0.00393
v 0.019593 -0.225889 -0.00393
v 0.019593 -0.225889 -0.00393
v 0.017701 -0.22673 -0.008845
v 0.017701 -0.22673 -0.008845
v 0.017701 -0.22673 -0.008845
v 0.017033 -0.226014 -0.008642
v 0.017033 -0.226014 -0.008642
v 0.017033 -0.226014 -0.008642
v 0.017499 -0.226937 -0.008766
v 0.017499 -0.226937 -0.008766
v 0.017363 -0.227191 -0.008265
v 0.017363 -0.227191 -0.008265
v 0.016802 -0.226441 -0.007807
v 0.016802 -0.226441 -0.007807
v 0.016802 -0.226441 -0.007807
v 0.016721 -0.226374 -0.008359
v 0.016721 -0.226374 -0.008359
v 0.017375 -0.227107 -0.008552
v 0.017375 -0.227107 -0.008552
v 0.01671 -0.226456 -0.00808
v 0.01671 -0.226456 -0.00808
v 0.014821 -0.227478 -0.010053
v 0.009635 -0.230737 -0.010053
v 0.012282 -0.229201 -0.010247
v 0.012282 -0.229201 -0.010247
v 0.016378 -0.226114 -0.01023
v 0.016378 -0.226114 -0.01023
v 0.016378 -0.226114 -0.01023
v 0.016841 -0.22621 -0.008567
v 0.016841 -0.22621 -0.008567
v 0.01431 -0.228247 -0.008652
v 0.01431 -0.228247 -0.008652
v 0.01431 -0.228247 -0.008652
v 0.014735 -0.227999 -0.008374
v 0.014735 -0.227999 -0.008374
v 0.014735 -0.227999 -0.008374
v 0.015169 -0.227836 -0.007629
v 0.015169 -0.227836 -0.007629
v 0.014789 -0.227445 -0.010241
v 0.014789 -0.227445 -0.010241
v 0.014547 -0.228091 -0.008577
v 0.014547 -0.228091 -0.008577
v 0.015133 -0.228878 -0.008768
v 0.015133 -0.228878 -0.008768
v 0.014891 -0.229038 -0.008845
v 0.014891 -0.229038 -0.008845
v 0.014891 -0.229038 -0.008845
v 0.013372 -0.230936 -0.0031
v 0.012989 -0.230326 -0.008845
v 0.012989 -0.230326 -0.008845
v 0.015329 -0.228781 -0.008559
v 0.015329 -0.228781 -0.008559
v 0.015329 -0.228781 -0.008559
v 0.017537 -0.227732 -0.004553
v 0.017537 -0.227732 -0.004553
v 0.017537 -0.227732 -0.004553
v 0.016888 -0.226976 -0.004457
v 0.016888 -0.226976 -0.004457
v 0.016888 -0.226976 -0.004457
v 0.01736 -0.226672 -0.003509
v 0.01736 -0.226672 -0.003509
v 0.01736 -0.226672 -0.003509
v 0.018258 -0.227254 -0.0031
v 0.018258 -0.227254 -0.0031
v 0.018722 -0.22557 -0.000498
v 0.018722 -0.22557 -0.000498
v 0.018722 -0.22557 -0.000498
v 0.019426 -0.226281 -0.000505
v 0.019426 -0.226281 -0.000505
v 0.019426 -0.226281 -0.000505
v 0.019484 -0.226225 -0.000203
v 0.019484 -0.226225 -0.000203
v 0.019426 -0.226281 9.8E-05
v 0.019426 -0.226281 9.8E-05
v 0.019426 -0.226281 9.8E-05
v 0.01878 -0.225514 -0.000203
v 0.01878 -0.225514 -0.000203
v 0.018722 -0.22557 9.1E-05
v 0.018722 -0.22557 9.1E-05
v 0.018722 -0.22557 9.1E-05
v 0.020332 -0.223862 9.1E-05
v 0.020332 -0.223862 9.1E-05
v 0.020332 -0.223862 9.1E-05
v 0.019043 -0.225068 0.003098
v 0.019043 -0.225068 0.003098
v 0.019043 -0.225068 0.003098
v 0.02113 -0.22446 -0.000203
v 0.02113 -0.22446 -0.000203
v 0.020376 -0.223813 -0.000203
v 0.020376 -0.223813 -0.000203
v 0.021077 -0.22452 9.8E-05
v 0.021077 -0.22452 9.8E-05
v 0.021077 -0.22452 9.8E-05
v 0.020326 -0.223869 -0.000492
v 0.020326 -0.223869 -0.000492
v 0.020326 -0.223869 -0.000492
v 0.019041 -0.225068 -0.003506
v 0.019041 -0.225068 -0.003506
v 0.019041 -0.225068 -0.003506
v 0.021077 -0.22452 -0.000505
v 0.021077 -0.22452 -0.000505
v 0.021077 -0.22452 -0.000505
v 0.018725 -0.225307 -0.004172
v 0.018725 -0.225307 -0.004172
v 0.018725 -0.225307 -0.004172
v 0.018725 -0.225307 -0.004172
v 0.019594 -0.225889 0.003523
v 0.019594 -0.225889 0.003523
v 0.019594 -0.225889 0.003523
v 0.019594 -0.225889 0.003523
v 0.022918 -0.221789 0.003524
v 0.025272 -0.216634 0.003524
v 0.025272 -0.216634 0.003524
v 0.025874 -0.214722 9.8E-05
v 0.025874 -0.214722 9.8E-05
v 0.025874 -0.214722 9.8E-05
v 0.020302 -0.22399 0.008438
v 0.020302 -0.22399 0.008438
v 0.020302 -0.22399 0.008438
v 0.021411 -0.221248 0.010797
v 0.021411 -0.221248 0.010797
v 0.019007 -0.224544 0.010797
v 0.019007 -0.224544 0.010797
v 0.021611 -0.220902 0.010797
v 0.021611 -0.220902 0.010797
v 0.024613 -0.217716 0.005584
v 0.024613 -0.217716 0.005584
v 0.022002 -0.22017 0.010797
v 0.022002 -0.22017 0.010797
v 0.022002 -0.22017 0.010797
v 0.02172 -0.219363 0.009557
v 0.02172 -0.219363 0.009557
v 0.021985 -0.220182 0.010824
v 0.021985 -0.220182 0.010824
v 0.021155 -0.219756 0.010489
v 0.021155 -0.219756 0.010489
v 0.019115 -0.22143 0.014465
v 0.019115 -0.22143 0.014465
v 0.019206 -0.223068 0.012805
v 0.01801 -0.221585 0.015554
v 0.01801 -0.221585 0.015554
v 0.01801 -0.221585 0.015554
v 0.018875 -0.220172 0.015421
v 0.018875 -0.220172 0.015421
v 0.013501 -0.221432 0.018345
v 0.015851 -0.225441 0.014702
v 0.015851 -0.225441 0.014702
v 0.018406 -0.218573 0.016338
v 0.022231 -0.215295 0.013032
v 0.020336 -0.215247 0.015183
v 0.020336 -0.215247 0.015183
v 0.020336 -0.215247 0.015183
v 0.020332 -0.213353 0.015117
v 0.020332 -0.213353 0.015117
v 0.020332 -0.213353 0.015117
v 0.019036 -0.219865 0.015396
v 0.019036 -0.219865 0.015396
v 0.019036 -0.219865 0.015396
v 0.022245 -0.217605 0.009989
v 0.022245 -0.217605 0.009989
v 0.022245 -0.217605 0.009989
v 0.022722 -0.218246 0.011035
v 0.022722 -0.218246 0.011035
v 0.022871 -0.218129 0.010797
v 0.022871 -0.218129 0.010797
v 0.022871 -0.218129 0.010797
v 0.023393 -0.217456 0.010077
v 0.023393 -0.217456 0.010077
v 0.023393 -0.217456 0.010077
v 0.023629 -0.213602 0.010798
v 0.023629 -0.213602 0.010798
v 0.02314 -0.217903 0.010349
v 0.02314 -0.217903 0.010349
v 0.02314 -0.217903 0.010349
v 0.023231 -0.217801 0.010211
v 0.023231 -0.217801 0.010211
v 0.022335 -0.217509 0.009845
v 0.022335 -0.217509 0.009845
v 0.02242 -0.217362 0.009749
v 0.02242 -0.217362 0.009749
v 0.023321 -0.217645 0.010113
v 0.023321 -0.217645 0.010113
v 0.022487 -0.217184 0.009712
v 0.022487 -0.217184 0.009712
v 0.022487 -0.217184 0.009712
v 0.022606 -0.216758 0.009704
v 0.022606 -0.216758 0.009704
v 0.023956 -0.213179 0.010077
v 0.023956 -0.213179 0.010077
v 0.023956 -0.213179 0.010077
v 0.023629 -0.212631 0.010698
v 0.023629 -0.212631 0.010698
v 0.023842 -0.212749 0.010274
v 0.023842 -0.212749 0.010274
v 0.023921 -0.212938 0.01013
v 0.023921 -0.212938 0.01013
v 0.023739 -0.212643 0.010475
v 0.023739 -0.212643 0.010475
v 0.02354 -0.212702 0.010885
v 0.02354 -0.212702 0.010885
v 0.02354 -0.212702 0.010885
v 0.023581 -0.212658 0.010798
v 0.023581 -0.212658 0.010798
v 0.023581 -0.212658 0.010798
v 0.021921 -0.214309 0.013503
v 0.021921 -0.214309 0.013503
v 0.020088 -0.210347 0.014702
v 0.021274 -0.212686 0.014113
v 0.021274 -0.212686 0.014113
v 0.023191 -0.210458 0.010798
v 0.023191 -0.210458 0.010798
v 0.023191 -0.210458 0.010798
v 0.023346 -0.210173 0.01035
v 0.023346 -0.210173 0.01035
v 0.023346 -0.210173 0.01035
v 0.02338 -0.210053 0.010212
v 0.02338 -0.210053 0.010212
v 0.023379 -0.209882 0.010112
v 0.023379 -0.209882 0.010112
v 0.019108 -0.208689 0.014958
v 0.019108 -0.208689 0.014958
v 0.020997 -0.205446 0.010886
v 0.020997 -0.205446 0.010886
v 0.020997 -0.205446 0.010886
v 0.017761 -0.225139 0.012303
v 0.017761 -0.225139 0.012303
v 0.017114 -0.224518 0.012026
v 0.017114 -0.224518 0.012026
v 0.014725 -0.225352 0.015896
v 0.014725 -0.225352 0.015896
v 0.01466 -0.225341 0.015958
v 0.01466 -0.225341 0.015958
v 0.01466 -0.225341 0.015958
v 0.01381 -0.226447 0.014938
v 0.01381 -0.226447 0.014938
v 0.013142 -0.226586 0.016046
v 0.013142 -0.226586 0.016046
v 0.013142 -0.226586 0.016046
v 0.013599 -0.226232 0.016027
v 0.013599 -0.226232 0.016027
v 0.008722 -0.223525 0.018983
v 0.008722 -0.223525 0.018983
v 0.008723 -0.223527 0.018982
v 0.008723 -0.223527 0.018982
v 0.004764 -0.226927 0.018343
v 0.010163 -0.225817 0.017953
v 0.010163 -0.225817 0.017953
v 0.011364 -0.227728 0.016155
v 0.011364 -0.227728 0.016155
v 0.009553 -0.228839 0.016047
v 0.009553 -0.228839 0.016047
v 0.009553 -0.228839 0.016047
v 0.013601 -0.226701 0.015571
v 0.013601 -0.226701 0.015571
v 0.011365 -0.227729 0.016154
v 0.011365 -0.227729 0.016154
v 0.014843 -0.226819 0.014128
v 0.014843 -0.226819 0.014128
v 0.016547 -0.225665 0.010623
v 0.016547 -0.225665 0.010623
v 0.016547 -0.225665 0.010623
v 0.01721 -0.226367 0.010884
v 0.01721 -0.226367 0.010884
v 0.01721 -0.226367 0.010884
v 0.012709 -0.229866 0.010797
v 0.012709 -0.229866 0.010797
v 0.012709 -0.229866 0.010797
v 0.014483 -0.228662 0.010797
v 0.014483 -0.228662 0.010797
v 0.017033 -0.226831 0.010077
v 0.017033 -0.226831 0.010077
v 0.017033 -0.226831 0.010077
v 0.017323 -0.226359 0.010633
v 0.017323 -0.226359 0.010633
v 0.017263 -0.226352 0.010797
v 0.017263 -0.226352 0.010797
v 0.017263 -0.226352 0.010797
v 0.012801 -0.230026 0.010076
v 0.012801 -0.230026 0.010076
v 0.012284 -0.229203 0.00984
v 0.012284 -0.229203 0.00984
v 0.008085 -0.232453 0.010077
v 0.008085 -0.232453 0.010077
v 0.008085 -0.232453 0.010077
v 0.014791 -0.227447 0.009836
v 0.014791 -0.227447 0.009836
v 0.00962 -0.230696 0.009836
v 0.00962 -0.230696 0.009836
v 0.012703 -0.22987 0.010797
v 0.012703 -0.22987 0.010797
v 0.010852 -0.230944 0.010796
v 0.010852 -0.230944 0.010796
v 0.009028 -0.230467 0.014138
v 0.009028 -0.230467 0.014138
v 0.007534 -0.232509 0.010633
v 0.007534 -0.232509 0.010633
v 0.00759 -0.232411 0.010885
v 0.00759 -0.232411 0.010885
v 0.00759 -0.232411 0.010885
v 0.007554 -0.232452 0.010797
v 0.007554 -0.232452 0.010797
v 0.007554 -0.232452 0.010797
v 0.00719 -0.231609 0.010361
v 0.00719 -0.231609 0.010361
v 0.007251 -0.231507 0.010619
v 0.007251 -0.231507 0.010619
v 0.007251 -0.231507 0.010619
v 0.007265 -0.231659 0.010095
v 0.007265 -0.231659 0.010095
v 0.007613 -0.232561 0.010356
v 0.007613 -0.232561 0.010356
v 0.004674 -0.232653 0.009617
v 0.004674 -0.232653 0.009617
v 0.007722 -0.231553 0.009828
v 0.007722 -0.231553 0.009828
v 0.007722 -0.231553 0.009828
v 0.005437 -0.233162 0.010797
v 0.005437 -0.233162 0.010797
v 0.005437 -0.233162 0.010797
v 0.004116 -0.234163 0.008438
v 0.004116 -0.234163 0.008438
v 0.004116 -0.234163 0.008438
v 0.007349 -0.2321 0.008236
v 0.007349 -0.2321 0.008236
v 0.007349 -0.2321 0.008236
v 0.003886 -0.233221 0.008218
v 0.003886 -0.233221 0.008218
v 0.003886 -0.233221 0.008218
v 0.005967 -0.23152 0.012027
v 0.005967 -0.23152 0.012027
v 0.007463 -0.231638 0.009897
v 0.007463 -0.231638 0.009897
v 0.009636 -0.23074 0.009647
v 0.00759 -0.231603 0.009844
v 0.00759 -0.231603 0.009844
v 0.00781 -0.231974 0.007953
v 0.00781 -0.231974 0.007953
v 0.007888 -0.232 0.007673
v 0.007888 -0.232 0.007673
v 0.014824 -0.227481 0.009647
v 0.009806 -0.231205 0.007238
v 0.009806 -0.231205 0.007238
v 0.007834 -0.232077 0.0074
v 0.007834 -0.232077 0.0074
v 0.007834 -0.232077 0.0074
v 0.014311 -0.228249 0.008245
v 0.014311 -0.228249 0.008245
v 0.014311 -0.228249 0.008245
v 0.010134 -0.230891 0.007967
v 0.010134 -0.230891 0.007967
v 0.010134 -0.230891 0.007967
v 0.00761 -0.232012 0.00816
v 0.00761 -0.232012 0.00816
v 0.010299 -0.230762 0.00817
v 0.010299 -0.230762 0.00817
v 0.010543 -0.230616 0.008245
v 0.010543 -0.230616 0.008245
v 0.010543 -0.230616 0.008245
v 0.011003 -0.231482 0.008438
v 0.011003 -0.231482 0.008438
v 0.011003 -0.231482 0.008438
v 0.012991 -0.230328 0.008438
v 0.012991 -0.230328 0.008438
v 0.014892 -0.229039 0.008438
v 0.014892 -0.229039 0.008438
v 0.014892 -0.229039 0.008438
v 0.013372 -0.230936 0.002693
v 0.008678 -0.233299 0.004145
v 0.008678 -0.233299 0.004145
v 0.008678 -0.233299 0.004145
v 0.01533 -0.228783 0.008152
v 0.01533 -0.228783 0.008152
v 0.01533 -0.228783 0.008152
v 0.01533 -0.228783 0.008152
v 0.006552 -0.23437 9.8E-05
v 0.006552 -0.23437 9.8E-05
v 0.006552 -0.23437 9.8E-05
v 0.018258 -0.227254 0.002693
v 0.018258 -0.227254 0.002693
v 0.018258 -0.227254 0.002693
v 0.007935 -0.23374 0.002693
v 0.007935 -0.23374 0.002693
v 0.017538 -0.227732 0.004145
v 0.017538 -0.227732 0.004145
v 0.017538 -0.227732 0.004145
v 0.017538 -0.227732 0.004145
v 0.010582 -0.231766 0.008152
v 0.010582 -0.231766 0.008152
v 0.010582 -0.231766 0.008152
v 0.010754 -0.231631 0.008361
v 0.010754 -0.231631 0.008361
v 0.016889 -0.226977 0.00405
v 0.016889 -0.226977 0.00405
v 0.016889 -0.226977 0.00405
v 0.01517 -0.227837 0.007222
v 0.01517 -0.227837 0.007222
v 0.01517 -0.227837 0.007222
v 0.017361 -0.226672 0.003102
v 0.017361 -0.226672 0.003102
v 0.017361 -0.226672 0.003102
v 0.017361 -0.226672 0.003102
v 0.018726 -0.225308 0.003765
v 0.018726 -0.225308 0.003765
v 0.018726 -0.225308 0.003765
v 0.018726 -0.225308 0.003765
v 0.016806 -0.22644 0.007402
v 0.016806 -0.22644 0.007402
v 0.016806 -0.22644 0.007402
v 0.017462 -0.227175 0.007576
v 0.017462 -0.227175 0.007576
v 0.017462 -0.227175 0.007576
v 0.019432 -0.22601 0.003859
v 0.019432 -0.22601 0.003859
v 0.019432 -0.22601 0.003859
v 0.017364 -0.227193 0.007858
v 0.017364 -0.227193 0.007858
v 0.017376 -0.227108 0.008145
v 0.017376 -0.227108 0.008145
v 0.017702 -0.226732 0.008438
v 0.017702 -0.226732 0.008438
v 0.017702 -0.226732 0.008438
v 0.017034 -0.226016 0.008236
v 0.017034 -0.226016 0.008236
v 0.017034 -0.226016 0.008236
v 0.019553 -0.223375 0.008218
v 0.019553 -0.223375 0.008218
v 0.019553 -0.223375 0.008218
v 0.0175 -0.226939 0.008359
v 0.0175 -0.226939 0.008359
v 0.016722 -0.226375 0.007953
v 0.016722 -0.226375 0.007953
v 0.016842 -0.226212 0.008161
v 0.016842 -0.226212 0.008161
v 0.016712 -0.226456 0.007674
v 0.016712 -0.226456 0.007674
v 0.018697 -0.22384 0.009617
v 0.018697 -0.22384 0.009617
v 0.018824 -0.224751 0.010797
v 0.018824 -0.224751 0.010797
v 0.018824 -0.224751 0.010797
v 0.01638 -0.226115 0.009828
v 0.01638 -0.226115 0.009828
v 0.01638 -0.226115 0.009828
v 0.016662 -0.225659 0.010361
v 0.016662 -0.225659 0.010361
v 0.016674 -0.225748 0.010094
v 0.016674 -0.225748 0.010094
v 0.016568 -0.225918 0.009897
v 0.016568 -0.225918 0.009897
v 0.017335 -0.226453 0.010356
v 0.017335 -0.226453 0.010356
v 0.017225 -0.22663 0.010149
v 0.017225 -0.22663 0.010149
v 0.014736 -0.228001 0.007967
v 0.014736 -0.228001 0.007967
v 0.014736 -0.228001 0.007967
v 0.015134 -0.22888 0.008361
v 0.015134 -0.22888 0.008361
v 0.014548 -0.228092 0.008171
v 0.014548 -0.228092 0.008171
v 0.006215 -0.233428 9.2E-05
v 0.006215 -0.233428 9.2E-05
v 0.006215 -0.233428 9.2E-05
v 0.0078 -0.232679 0.003102
v 0.0078 -0.232679 0.003102
v 0.0078 -0.232679 0.003102
v 0.005626 -0.233498 0.003099
v 0.005626 -0.233498 0.003099
v 0.005626 -0.233498 0.003099
v 0.005979 -0.233316 0.003765
v 0.005979 -0.233316 0.003765
v 0.005979 -0.233316 0.003765
v 0.005979 -0.233316 0.003765
v 0.008279 -0.232386 0.00405
v 0.008279 -0.232386 0.00405
v 0.008279 -0.232386 0.00405
v 0.008209 -0.232988 0.007576
v 0.008209 -0.232988 0.007576
v 0.008209 -0.232988 0.007576
v 0.006126 -0.234351 0.003524
v 0.006126 -0.234351 0.003524
v 0.006126 -0.234351 0.003524
v 0.006126 -0.234351 0.003524
v 0.006305 -0.234258 0.003859
v 0.006305 -0.234258 0.003859
v 0.006305 -0.234258 0.003859
v 0.004252 -0.235092 9.8E-05
v 0.004252 -0.235092 9.8E-05
v 0.004252 -0.235092 9.8E-05
v 0.001006 -0.235564 0.003524
v 0.001006 -0.235563 -0.00393
v -0.004647 -0.235453 0.003524
v -0.004647 -0.235453 0.003524
v -5.1E-05 -0.234037 0.010797
v -5.1E-05 -0.234037 0.010797
v -5.1E-05 -0.234037 0.010797
v 0.00118 -0.233971 0.010797
v 0.00118 -0.233971 0.010797
v -0.00339 -0.235328 0.005583
v -0.00339 -0.235328 0.005583
v 0.00518 -0.233235 0.010797
v 0.00518 -0.233235 0.010797
v -0.006629 -0.23517 9.8E-05
v -0.006629 -0.23517 9.8E-05
v -0.006629 -0.23517 9.8E-05
v -0.006705 -0.235146 -0.000203
v -0.006629 -0.23517 -0.000504
v -0.006629 -0.23517 -0.000504
v -0.006629 -0.23517 -0.000504
v -0.004628 -0.234455 0.003104
v -0.004628 -0.234455 0.003104
v -0.006301 -0.234194 8.9E-05
v -0.006301 -0.234194 8.9E-05
v -0.006301 -0.234194 8.9E-05
v -0.008328 -0.233303 -0.000493
v -0.008328 -0.233303 -0.000493
v -0.008328 -0.233303 -0.000493
v -0.008328 -0.233303 8.9E-05
v -0.008328 -0.233303 8.9E-05
v -0.008328 -0.233303 8.9E-05
v -0.006367 -0.234174 -0.000203
v -0.006367 -0.234174 -0.000203
v -0.006745 -0.233827 0.003098
v -0.006745 -0.233827 0.003098
v -0.006737 -0.234828 0.003879
v -0.006737 -0.234828 0.003879
v -0.007407 -0.234715 0.002725
v -0.007407 -0.234715 0.002725
v -0.006386 -0.233873 0.003735
v -0.006386 -0.233873 0.003735
v -0.003825 -0.234416 0.004475
v -0.003825 -0.234416 0.004475
v -0.004447 -0.234695 0.007577
v -0.004447 -0.234695 0.007577
v -0.004447 -0.234695 0.007577
v -0.00424 -0.233726 0.007317
v -0.00424 -0.233726 0.007317
v -0.00424 -0.233726 0.007317
v -0.004358 -0.234651 0.007798
v -0.004358 -0.234651 0.007798
v -0.004154 -0.233688 0.007521
v -0.004154 -0.233688 0.007521
v -0.003425 -0.233169 0.009522
v -0.004152 -0.233623 0.007745
v -0.004152 -0.233623 0.007745
v -0.004238 -0.233543 0.007944
v -0.004238 -0.233543 0.007944
v -0.004452 -0.234499 0.00824
v -0.004452 -0.234499 0.00824
v -0.004358 -0.234583 0.008031
v -0.004358 -0.234583 0.008031
v -0.004629 -0.234412 0.008386
v -0.004629 -0.234412 0.008386
v -0.004857 -0.234338 0.008439
v -0.004857 -0.234338 0.008439
v -0.004857 -0.234338 0.008439
v -0.004611 -0.233389 0.008138
v -0.004611 -0.233389 0.008138
v -0.004611 -0.233389 0.008138
v -0.0044 -0.233461 0.008083
v -0.0044 -0.233461 0.008083
v -0.008865 -0.232518 0.008439
v -0.008865 -0.232518 0.008439
v -0.008865 -0.232518 0.008439
v -0.008332 -0.231738 0.00811
v -0.008332 -0.231738 0.00811
v -0.008332 -0.231738 0.00811
v -0.008896 -0.232497 0.008439
v -0.008896 -0.232497 0.008439
v -0.009316 -0.232317 0.008154
v -0.009316 -0.232317 0.008154
v -0.009316 -0.232317 0.008154
v -0.009033 -0.232416 0.008404
v -0.009033 -0.232416 0.008404
v -0.009456 -0.233614 0.002725
v -0.011548 -0.231657 0.004134
v -0.011548 -0.231657 0.004134
v -0.009456 -0.233613 -0.003129
v -0.013296 -0.230206 9.9E-05
v -0.013296 -0.230206 9.9E-05
v -0.013296 -0.230206 9.9E-05
v -0.008896 -0.234142 -0.000202
v -0.008896 -0.234142 -0.000202
v -0.012215 -0.231231 0.002725
v -0.012215 -0.231231 0.002725
v -0.008826 -0.23418 9.9E-05
v -0.008826 -0.23418 9.9E-05
v -0.008826 -0.23418 9.9E-05
v -0.008391 -0.233269 -0.000202
v -0.008391 -0.233269 -0.000202
v -0.011273 -0.230707 0.003095
v -0.011273 -0.230707 0.003095
v -0.012518 -0.229579 9E-05
v -0.012518 -0.229579 9E-05
v -0.012518 -0.229579 9E-05
v -0.012759 -0.228957 0.003099
v -0.012759 -0.228957 0.003099
v -0.012568 -0.229519 -0.000202
v -0.012568 -0.229519 -0.000202
v -0.013924 -0.227692 -0.000492
v -0.013924 -0.227692 -0.000492
v -0.013924 -0.227692 -0.000492
v -0.013924 -0.227692 9E-05
v -0.013924 -0.227692 9E-05
v -0.013924 -0.227692 9E-05
v -0.014743 -0.228267 0.0001
v -0.014743 -0.228267 0.0001
v -0.014743 -0.228267 0.0001
v -0.013969 -0.22763 -0.000202
v -0.013969 -0.22763 -0.000202
v -0.01479 -0.228202 -0.000202
v -0.01479 -0.228202 -0.000202
v -0.015436 -0.22681 -0.003976
v -0.014743 -0.228267 -0.000503
v -0.014743 -0.228267 -0.000503
v -0.014743 -0.228267 -0.000503
v -0.01276 -0.228957 -0.003503
v -0.01276 -0.228957 -0.003503
v -0.01339 -0.229688 -0.003977
v -0.01339 -0.229688 -0.003977
v -0.012501 -0.229163 -0.004097
v -0.012501 -0.229163 -0.004097
v -0.013276 -0.229776 -0.004236
v -0.013276 -0.229776 -0.004236
v -0.011566 -0.230122 -0.008843
v -0.011566 -0.230122 -0.008843
v -0.011566 -0.230122 -0.008843
v -0.011384 -0.230726 -0.007981
v -0.011384 -0.230726 -0.007981
v -0.011384 -0.230726 -0.007981
v -0.01426 -0.226603 -0.008843
v -0.01426 -0.226603 -0.008843
v -0.01426 -0.226603 -0.008843
v -0.010694 -0.230065 -0.007694
v -0.010694 -0.230065 -0.007694
v -0.010694 -0.230065 -0.007694
v -0.00962 -0.231427 -0.006759
v -0.00962 -0.231427 -0.006759
v -0.009071 -0.230498 -0.009875
v -0.010596 -0.230043 -0.007973
v -0.010596 -0.230043 -0.007973
v -0.01128 -0.230704 -0.008274
v -0.01128 -0.230704 -0.008274
v -0.010597 -0.229917 -0.008243
v -0.010597 -0.229917 -0.008243
v -0.011281 -0.230571 -0.008556
v -0.011281 -0.230571 -0.008556
v -0.011384 -0.230361 -0.008763
v -0.011384 -0.230361 -0.008763
v -0.010694 -0.229717 -0.00844
v -0.010694 -0.229717 -0.00844
v -0.010867 -0.22949 -0.008515
v -0.010867 -0.22949 -0.008515
v -0.010867 -0.22949 -0.008515
v -0.013106 -0.225676 -0.009878
v -0.013106 -0.225676 -0.009878
v -0.013106 -0.225676 -0.009878
v -0.013476 -0.226072 -0.008521
v -0.013476 -0.226072 -0.008521
v -0.013476 -0.226072 -0.008521
v -0.013476 -0.226072 -0.008521
v -0.013476 -0.226072 -0.008521
v -0.013476 -0.226072 -0.008521
v -0.01348 -0.226074 -0.008522
v -0.01348 -0.226074 -0.008522
v -0.013551 -0.225869 -0.011201
v -0.013551 -0.225869 -0.011201
v -0.013551 -0.225869 -0.011201
v -0.013551 -0.225869 -0.011201
v -0.013551 -0.225869 -0.011201
v -0.013477 -0.226072 -0.00852
v -0.013477 -0.226072 -0.00852
v -0.013477 -0.226072 -0.008521
v -0.013477 -0.226072 -0.008521
v -0.013478 -0.226073 -0.008521
v -0.013484 -0.226077 -0.008523
v -0.013505 -0.226091 -0.008532
v -0.013505 -0.226091 -0.008532
v -0.013532 -0.22611 -0.008543
v -0.013532 -0.22611 -0.008543
v -0.013588 -0.226148 -0.008566
v -0.013588 -0.226148 -0.008566
v -0.0137 -0.226224 -0.008612
v -0.013924 -0.226376 -0.008705
v -0.013924 -0.226376 -0.008705
v -0.013477 -0.226072 -0.00852
v -0.013477 -0.226072 -0.00852
v -0.013477 -0.226072 -0.00852
v -0.013478 -0.226073 -0.008521
v -0.013491 -0.226081 -0.008526
v -0.013491 -0.226081 -0.008526
v -0.013812 -0.2263 -0.008658
v -0.014036 -0.226452 -0.008751
v -0.014036 -0.226452 -0.008751
v -0.014148 -0.226527 -0.008797
v -0.014148 -0.226527 -0.008797
v -0.013477 -0.226072 -0.00852
v -0.013477 -0.226072 -0.00852
v -0.013477 -0.226072 -0.00852
v -0.013477 -0.226072 -0.00852
v -0.013477 -0.226072 -0.00852
v -0.013477 -0.226072 -0.00852
v -0.013477 -0.226072 -0.00852
v -0.013477 -0.226072 -0.00852
v -0.012705 -0.225051 -0.01308
v -0.012705 -0.225051 -0.01308
v -0.012705 -0.225051 -0.01308
v -0.01209 -0.224637 -0.012697
v -0.01209 -0.224637 -0.012697
v -0.01209 -0.224637 -0.012697
v -0.01209 -0.224637 -0.012697
v -0.013937 -0.22529 -0.011201
v -0.013937 -0.22529 -0.011201
v -0.014365 -0.224636 -0.011201
v -0.014365 -0.224636 -0.011201
v -0.011077 -0.223254 -0.015589
v -0.016872 -0.220683 -0.011201
v -0.016872 -0.220683 -0.011201
v -0.016872 -0.220683 -0.011201
v -0.016872 -0.220683 -0.011201
v -0.018033 -0.221415 -0.007643
v -0.018033 -0.221415 -0.007643
v -0.01376 -0.218679 -0.015553
v -0.01376 -0.218679 -0.015553
v -0.013942 -0.218229 -0.015438
v -0.017037 -0.220205 -0.011138
v -0.017037 -0.220205 -0.011138
v -0.013691 -0.218633 -0.015614
v -0.013691 -0.218633 -0.015614
v -0.009395 -0.215845 -0.017913
v -0.009395 -0.215845 -0.017913
v -0.009597 -0.215446 -0.017753
v -0.004893 -0.212454 -0.018672
v -0.009343 -0.215811 -0.017929
v -0.009343 -0.215811 -0.017929
v -0.013945 -0.21781 -0.015141
v -0.009691 -0.215122 -0.017402
v -0.005024 -0.212179 -0.018317
v -0.013767 -0.217549 -0.014751
v -0.013767 -0.217549 -0.014751
v -0.009653 -0.214963 -0.016952
v -0.009653 -0.214963 -0.016952
v -0.009653 -0.214963 -0.016952
v -0.009653 -0.214963 -0.016952
v -0.016656 -0.219366 -0.010734
v -0.016656 -0.219366 -0.010734
v -0.016656 -0.219366 -0.010734
v -0.016656 -0.219366 -0.010734
v -0.016656 -0.219366 -0.010734
v -0.018086 -0.220423 -0.007511
v -0.017751 -0.220055 -0.007379
v -0.017751 -0.220055 -0.007379
v -0.016958 -0.219712 -0.010965
v -0.016958 -0.219712 -0.010965
v -0.017038 -0.220196 -0.011136
v -0.017038 -0.220196 -0.011136
v -0.016959 -0.219714 -0.010966
v -0.016959 -0.219714 -0.010966
v -0.018189 -0.220922 -0.007607
v -0.018794 -0.221302 -0.003945
v -0.018637 -0.221794 -0.003976
v -0.018637 -0.221794 -0.003976
v -0.015436 -0.226811 0.003574
v -0.018637 -0.221794 0.003575
v -0.018637 -0.221794 0.003575
v -0.018842 -0.221922 -0.000209
v -0.018842 -0.221922 -0.000209
v -0.018639 -0.221795 -0.003962
v -0.018639 -0.221795 -0.003962
v -0.018994 -0.221428 -0.000209
v -0.018879 -0.220923 -0.000209
v -0.018638 -0.221795 0.003561
v -0.018638 -0.221795 0.003561
v -0.018681 -0.220798 -0.0039
v -0.018033 -0.221417 0.007239
v -0.018033 -0.221417 0.007239
v -0.016871 -0.220685 0.010799
v -0.016871 -0.220685 0.010799
v -0.016871 -0.220685 0.010799
v -0.016871 -0.220685 0.010799
v -0.014362 -0.224641 0.010799
v -0.014362 -0.224641 0.010799
v -0.013936 -0.225292 0.010799
v -0.013936 -0.225292 0.010799
v -0.012704 -0.225053 0.012677
v -0.012704 -0.225053 0.012677
v -0.012704 -0.225053 0.012677
v -0.01355 -0.225871 0.010799
v -0.01355 -0.225871 0.010799
v -0.01355 -0.225871 0.010799
v -0.01355 -0.225871 0.010799
v -0.012084 -0.224635 0.012298
v -0.012084 -0.224635 0.012298
v -0.012084 -0.224635 0.012298
v -0.012084 -0.224635 0.012298
v -0.010202 -0.224839 0.015068
v -0.010202 -0.224839 0.015068
v -0.010202 -0.224839 0.015068
v -0.013107 -0.225679 0.009475
v -0.013107 -0.225679 0.009475
v -0.012292 -0.226269 0.010181
v -0.012292 -0.226269 0.010181
v -0.01215 -0.226237 0.010447
v -0.01215 -0.226237 0.010447
v -0.01215 -0.226237 0.010447
v -0.012891 -0.226746 0.010886
v -0.012891 -0.226746 0.010886
v -0.012891 -0.226746 0.010886
v -0.009149 -0.226454 0.014957
v -0.009149 -0.226454 0.014957
v -0.012948 -0.226745 0.010798
v -0.012948 -0.226745 0.010798
v -0.012948 -0.226745 0.010798
v -0.013024 -0.226784 0.010633
v -0.013024 -0.226784 0.010633
v -0.011215 -0.228997 0.010798
v -0.011215 -0.228997 0.010798
v -0.010056 -0.230719 0.010078
v -0.010056 -0.230719 0.010078
v -0.010056 -0.230719 0.010078
v -0.009305 -0.230916 0.010798
v -0.009305 -0.230916 0.010798
v -0.009305 -0.230916 0.010798
v -0.008079 -0.228057 0.014701
v -0.01288 -0.227444 0.010078
v -0.01288 -0.227444 0.010078
v -0.01288 -0.227444 0.010078
v -0.012144 -0.226906 0.009664
v -0.012144 -0.226906 0.009664
v -0.012144 -0.226906 0.009664
v -0.013025 -0.227179 0.010158
v -0.013025 -0.227179 0.010158
v -0.00944 -0.230055 0.009662
v -0.00944 -0.230055 0.009662
v -0.00944 -0.230055 0.009662
v -0.013077 -0.226941 0.01036
v -0.013077 -0.226941 0.01036
v -0.012339 -0.22642 0.009927
v -0.012339 -0.22642 0.009927
v -0.012286 -0.226651 0.009738
v -0.012286 -0.226651 0.009738
v -0.009071 -0.230501 0.009471
v -0.009297 -0.230166 0.009693
v -0.009297 -0.230166 0.009693
v -0.009154 -0.230236 0.009786
v -0.009154 -0.230236 0.009786
v -0.009753 -0.230912 0.01021
v -0.009753 -0.230912 0.01021
v -0.009905 -0.230837 0.010111
v -0.009905 -0.230837 0.010111
v -0.009627 -0.230934 0.01035
v -0.009627 -0.230934 0.01035
v -0.009627 -0.230934 0.01035
v -0.009034 -0.230253 0.009924
v -0.009034 -0.230253 0.009924
v -0.009034 -0.230253 0.009924
v -0.008913 -0.230248 0.010094
v -0.008913 -0.230248 0.010094
v -0.006479 -0.230145 0.014109
v -0.006479 -0.230145 0.014109
v -0.005462 -0.229585 0.015117
v -0.005462 -0.229585 0.015117
v -0.005462 -0.229585 0.015117
v -0.006968 -0.231416 0.010454
v -0.006968 -0.231416 0.010454
v -0.006968 -0.231416 0.010454
v -0.007441 -0.232193 0.010885
v -0.007441 -0.232193 0.010885
v -0.007441 -0.232193 0.010885
v -0.005296 -0.231432 0.013497
v -0.005296 -0.231432 0.013497
v -0.007079 -0.231464 0.010249
v -0.007079 -0.231464 0.010249
v -0.003758 -0.230407 0.015183
v -0.003758 -0.230407 0.015183
v -0.003758 -0.230407 0.015183
v 6.2E-05 -0.230107 0.016336
v -0.004548 -0.232132 0.01303
v -0.006678 -0.232657 0.010798
v -0.006678 -0.232657 0.010798
v -0.002262 -0.233937 0.010797
v -0.002262 -0.233937 0.010797
v -0.002262 -0.233937 0.010797
v 0.000966 -0.231235 0.015392
v 0.000966 -0.231235 0.015392
v 0.000966 -0.231235 0.015392
v -0.002097 -0.233856 0.011027
v -0.002097 -0.233856 0.011027
v -0.002463 -0.233146 0.009989
v -0.002463 -0.233146 0.009989
v -0.002463 -0.233146 0.009989
v -0.002581 -0.234082 0.010349
v -0.002581 -0.234082 0.010349
v -0.002581 -0.234082 0.010349
v -5.9E-05 -0.233095 0.010487
v -5.9E-05 -0.233095 0.010487
v -0.002588 -0.233185 0.009846
v -0.002588 -0.233185 0.009846
v -0.002713 -0.234119 0.010211
v -0.002713 -0.234119 0.010211
v -0.002892 -0.234132 0.010113
v -0.002892 -0.234132 0.010113
v -0.002757 -0.233198 0.009749
v -0.002757 -0.233198 0.009749
v -0.002946 -0.233179 0.009719
v -0.002946 -0.233179 0.009719
v -0.002946 -0.233179 0.009719
v -0.0034 -0.2331 0.009707
v -0.0034 -0.2331 0.009707
v -0.003094 -0.234116 0.010077
v -0.003094 -0.234116 0.010077
v -0.003094 -0.234116 0.010077
v -0.00719 -0.232774 0.010077
v -0.00719 -0.232774 0.010077
v -0.00719 -0.232774 0.010077
v -0.006763 -0.231955 0.009668
v -0.006763 -0.231955 0.009668
v -0.006763 -0.231955 0.009668
v -0.007542 -0.232242 0.010699
v -0.007542 -0.232242 0.010699
v -0.007529 -0.232485 0.010275
v -0.007529 -0.232485 0.010275
v -0.007393 -0.232638 0.010131
v -0.007393 -0.232638 0.010131
v -0.006944 -0.231829 0.009715
v -0.006944 -0.231829 0.009715
v -0.00707 -0.231688 0.00985
v -0.00707 -0.231688 0.00985
v -0.007116 -0.23156 0.010039
v -0.007116 -0.23156 0.010039
v -0.00758 -0.232346 0.010476
v -0.00758 -0.232346 0.010476
v -0.007498 -0.232211 0.010798
v -0.007498 -0.232211 0.010798
v -0.007498 -0.232211 0.010798
v 0.002943 -0.231055 0.015552
v 0.002943 -0.231055 0.015552
v 0.002943 -0.231055 0.015552
v -3.5E-05 -0.234027 0.010822
v -3.5E-05 -0.234027 0.010822
v 0.002334 -0.231987 0.014457
v 0.002334 -0.231987 0.014457
v -0.000658 -0.233434 0.009556
v -0.000658 -0.233434 0.009556
v 0.001301 -0.231222 0.015418
v 0.001301 -0.231222 0.015418
v -0.003271 -0.234338 0.005396
v -0.003271 -0.234338 0.005396
v 0.003765 -0.232774 0.012803
v 0.000774 -0.234002 0.010797
v 0.000774 -0.234002 0.010797
v 0.006245 -0.232373 0.012305
v 0.006245 -0.232373 0.012305
v 0.007756 -0.229721 0.015905
v 0.007756 -0.229721 0.015905
v 0.007342 -0.230792 0.014692
v 0.007342 -0.230792 0.014692
v 0.007771 -0.229667 0.015959
v 0.007771 -0.229667 0.015959
v 0.007771 -0.229667 0.015959
v 0.009042 -0.229095 0.016028
v 0.009042 -0.229095 0.016028
v 0.009143 -0.229375 0.014951
v 0.009143 -0.229375 0.014951
v 0.009456 -0.22931 0.015564
v 0.009456 -0.22931 0.015564
v -0.010693 -0.230066 0.00729
v -0.010693 -0.230066 0.00729
v -0.010693 -0.230066 0.00729
v -0.008753 -0.231555 0.007838
v -0.008753 -0.231555 0.007838
v -0.008753 -0.231555 0.007838
v -0.010693 -0.229719 0.008036
v -0.010693 -0.229719 0.008036
v -0.010596 -0.229919 0.007839
v -0.010596 -0.229919 0.007839
v -0.008636 -0.23158 0.007982
v -0.008636 -0.23158 0.007982
v -0.008488 -0.231644 0.008078
v -0.008488 -0.231644 0.008078
v -0.00962 -0.231428 0.006355
v -0.00962 -0.231428 0.006355
v -0.010866 -0.229492 0.008113
v -0.010866 -0.229492 0.008113
v -0.010866 -0.229492 0.008113
v -0.010595 -0.230045 0.007569
v -0.010595 -0.230045 0.007569
v -0.011383 -0.230727 0.007578
v -0.011383 -0.230727 0.007578
v -0.011383 -0.230727 0.007578
v -0.011279 -0.230705 0.00787
v -0.011279 -0.230705 0.00787
v -0.01128 -0.230573 0.008152
v -0.01128 -0.230573 0.008152
v -0.011382 -0.230363 0.008359
v -0.011382 -0.230363 0.008359
v -0.011565 -0.230123 0.00844
v -0.011565 -0.230123 0.00844
v -0.011565 -0.230123 0.00844
v -0.013275 -0.229777 0.003833
v -0.013275 -0.229777 0.003833
v -0.014259 -0.226605 0.00844
v -0.014259 -0.226605 0.00844
v -0.014259 -0.226605 0.00844
v -0.013476 -0.226074 0.008117
v -0.013476 -0.226074 0.008117
v -0.013476 -0.226074 0.008117
v -0.01339 -0.229689 0.003574
v -0.01339 -0.229689 0.003574
v -0.012499 -0.229163 0.003693
v -0.012499 -0.229163 0.003693
v -0.010856 -0.230958 0.003981
v -0.010856 -0.230958 0.003981
v -0.009191 -0.232346 0.008304
v -0.009191 -0.232346 0.008304
v -0.004693 -0.212829 -0.018849
v -0.004693 -0.212829 -0.018849
v -0.001856 -0.217687 -0.019552
v -0.006616 -0.220828 -0.018358
v -0.009017 -0.226414 -0.015472
v -0.009017 -0.226414 -0.015472
v -0.009017 -0.226414 -0.015472
v -0.009855 -0.22532 -0.015475
v -0.009855 -0.22532 -0.015475
v 0.00124 -0.222438 -0.019702
v -0.00352 -0.225765 -0.018195
v -0.005465 -0.229582 -0.015521
v -0.005465 -0.229582 -0.015521
v -0.005465 -0.229582 -0.015521
v -0.00915 -0.226451 -0.015361
v -0.00915 -0.226451 -0.015361
v -0.008081 -0.228051 -0.015106
v 6.1E-05 -0.230102 -0.016743
v 0.004763 -0.22692 -0.01875
v 0.00294 -0.231052 -0.015958
v 0.00294 -0.231052 -0.015958
v 0.00294 -0.231052 -0.015958
v -0.004551 -0.232128 -0.013437
v 0.000954 -0.231229 -0.015801
v 0.000954 -0.231229 -0.015801
v 0.000954 -0.231229 -0.015801
v 0.0013 -0.231218 -0.015826
v 0.0013 -0.231218 -0.015826
v -0.00376 -0.230403 -0.015588
v -0.00376 -0.230403 -0.015588
v -0.00376 -0.230403 -0.015588
v -0.006986 -0.231408 -0.010853
v -0.006986 -0.231408 -0.010853
v -0.006986 -0.231408 -0.010853
v -0.005297 -0.231429 -0.013903
v -0.005297 -0.231429 -0.013903
v -0.007442 -0.232191 -0.01129
v -0.007442 -0.232191 -0.01129
v -0.007442 -0.232191 -0.01129
v -0.006682 -0.232654 -0.011202
v -0.006682 -0.232654 -0.011202
v -0.002263 -0.233934 -0.011203
v -0.002263 -0.233934 -0.011203
v -0.002263 -0.233934 -0.011203
v -0.003095 -0.234114 -0.010483
v -0.003095 -0.234114 -0.010483
v -0.003095 -0.234114 -0.010483
v -0.007192 -0.232772 -0.010482
v -0.007192 -0.232772 -0.010482
v -0.007192 -0.232772 -0.010482
v -0.007547 -0.232243 -0.011094
v -0.007547 -0.232243 -0.011094
v -0.007499 -0.232209 -0.011202
v -0.007499 -0.232209 -0.011202
v -0.007499 -0.232209 -0.011202
v -0.007085 -0.231468 -0.010645
v -0.007085 -0.231468 -0.010645
v -0.007581 -0.232348 -0.010874
v -0.007581 -0.232348 -0.010874
v -0.007118 -0.231563 -0.010437
v -0.007118 -0.231563 -0.010437
v -0.007069 -0.23169 -0.010251
v -0.007069 -0.23169 -0.010251
v -0.007528 -0.232486 -0.010676
v -0.007528 -0.232486 -0.010676
v -0.007392 -0.232637 -0.010534
v -0.007392 -0.232637 -0.010534
v -0.006943 -0.231828 -0.010119
v -0.006943 -0.231828 -0.010119
v -0.00676 -0.231948 -0.010071
v -0.00676 -0.231948 -0.010071
v -0.00676 -0.231948 -0.010071
v -0.0034 -0.233101 -0.01011
v -0.0034 -0.233101 -0.01011
v -0.003424 -0.233165 -0.009928
v -6.1E-05 -0.233096 -0.010894
v -6.1E-05 -0.233096 -0.010894
v -0.004155 -0.233686 -0.007927
v -0.004155 -0.233686 -0.007927
v -0.004402 -0.233461 -0.008487
v -0.004402 -0.233461 -0.008487
v -0.008332 -0.231735 -0.008516
v -0.008332 -0.231735 -0.008516
v -0.008332 -0.231735 -0.008516
v -0.004615 -0.233399 -0.008537
v -0.004615 -0.233399 -0.008537
v -0.004615 -0.233399 -0.008537
v -0.003827 -0.234415 -0.004879
v -0.003827 -0.234415 -0.004879
v -0.000658 -0.23343 -0.009963
v -0.000658 -0.23343 -0.009963
v -0.002946 -0.233185 -0.010119
v -0.002946 -0.233185 -0.010119
v -0.002946 -0.233185 -0.010119
v -0.004153 -0.233621 -0.00815
v -0.004153 -0.233621 -0.00815
v -0.004239 -0.233542 -0.008349
v -0.004239 -0.233542 -0.008349
v -0.008489 -0.231642 -0.008482
v -0.008489 -0.231642 -0.008482
v -0.003271 -0.234336 -0.005802
v -0.003271 -0.234336 -0.005802
v -0.002674 -0.233192 -0.010195
v -0.002674 -0.233192 -0.010195
v -0.002803 -0.234127 -0.010559
v -0.002803 -0.234127 -0.010559
v -0.002462 -0.233148 -0.010385
v -0.002462 -0.233148 -0.010385
v -0.002462 -0.233148 -0.010385
v -0.002583 -0.23408 -0.010755
v -0.002583 -0.23408 -0.010755
v -0.002583 -0.23408 -0.010755
v -0.002098 -0.233854 -0.011434
v -0.002098 -0.233854 -0.011434
v -0.003391 -0.235327 -0.005989
v -0.003391 -0.235327 -0.005989
v -0.004647 -0.235453 -0.00393
v -0.004647 -0.235453 -0.00393
v -5.3E-05 -0.234035 -0.011203
v -5.3E-05 -0.234035 -0.011203
v -5.3E-05 -0.234035 -0.011203
v -3.7E-05 -0.234026 -0.011227
v -3.7E-05 -0.234026 -0.011227
v 0.000771 -0.234 -0.011203
v 0.000771 -0.234 -0.011203
v 0.002333 -0.231982 -0.014865
v 0.002333 -0.231982 -0.014865
v 0.003765 -0.232771 -0.013211
v 0.001179 -0.233969 -0.011203
v 0.001179 -0.233969 -0.011203
v 0.005182 -0.233232 -0.011203
v 0.005182 -0.233232 -0.011203
v 0.005436 -0.23316 -0.011203
v 0.005436 -0.23316 -0.011203
v 0.005436 -0.23316 -0.011203
v 0.004115 -0.234161 -0.008845
v 0.004115 -0.234161 -0.008845
v 0.004115 -0.234161 -0.008845
v 0.004672 -0.23265 -0.010023
v 0.004672 -0.23265 -0.010023
v 0.003884 -0.23322 -0.008624
v 0.003884 -0.23322 -0.008624
v 0.003884 -0.23322 -0.008624
v 0.007705 -0.233011 -0.008845
v 0.007705 -0.233011 -0.008845
v 0.007705 -0.233011 -0.008845
v 0.008208 -0.232987 -0.007983
v 0.008208 -0.232987 -0.007983
v 0.008208 -0.232987 -0.007983
v 0.006305 -0.234257 -0.004266
v 0.006305 -0.234257 -0.004266
v 0.006305 -0.234257 -0.004266
v 0.006126 -0.23435 -0.00393
v 0.006126 -0.23435 -0.00393
v 0.006126 -0.23435 -0.00393
v 0.006126 -0.23435 -0.00393
v 0.005979 -0.233316 -0.004172
v 0.005979 -0.233316 -0.004172
v 0.005979 -0.233316 -0.004172
v 0.005979 -0.233316 -0.004172
v 0.004252 -0.235092 -0.000505
v 0.004252 -0.235092 -0.000505
v 0.004252 -0.235092 -0.000505
v 0.005626 -0.233497 -0.003505
v 0.005626 -0.233497 -0.003505
v 0.005626 -0.233497 -0.003505
v 0.006216 -0.233427 -0.000498
v 0.006216 -0.233427 -0.000498
v 0.006216 -0.233427 -0.000498
v 0.0078 -0.232678 -0.003509
v 0.0078 -0.232678 -0.003509
v 0.0078 -0.232678 -0.003509
v 0.0078 -0.232678 -0.003509
v 0.003983 -0.234135 -0.000497
v 0.003983 -0.234135 -0.000497
v 0.003983 -0.234135 -0.000497
v 0.004174 -0.235114 -0.000203
v 0.004174 -0.235114 -0.000203
v 0.003991 -0.234133 8.6E-05
v 0.003991 -0.234133 8.6E-05
v 0.003991 -0.234133 8.6E-05
v 0.003919 -0.234154 -0.000203
v 0.003919 -0.234154 -0.000203
v 0.006141 -0.233455 -0.000203
v 0.006141 -0.233455 -0.000203
v 0.006551 -0.23437 -0.000505
v 0.006551 -0.23437 -0.000505
v 0.006551 -0.23437 -0.000505
v 0.006476 -0.234398 -0.000203
v 0.007935 -0.23374 -0.0031
v 0.007935 -0.23374 -0.0031
v 0.007935 -0.23374 -0.0031
v 0.008678 -0.233298 -0.004552
v 0.008678 -0.233298 -0.004552
v 0.008678 -0.233298 -0.004552
v 0.008678 -0.233298 -0.004552
v 0.008279 -0.232385 -0.004456
v 0.008279 -0.232385 -0.004456
v 0.008279 -0.232385 -0.004456
v 0.010581 -0.231764 -0.008559
v 0.010581 -0.231764 -0.008559
v 0.010581 -0.231764 -0.008559
v 0.010581 -0.231764 -0.008559
v 0.009805 -0.231204 -0.007645
v 0.009805 -0.231204 -0.007645
v 0.009805 -0.231204 -0.007645
v 0.007831 -0.232077 -0.007808
v 0.007831 -0.232077 -0.007808
v 0.007831 -0.232077 -0.007808
v 0.010133 -0.23089 -0.008374
v 0.010133 -0.23089 -0.008374
v 0.010133 -0.23089 -0.008374
v 0.010298 -0.23076 -0.008577
v 0.010298 -0.23076 -0.008577
v 0.010753 -0.231629 -0.008768
v 0.010753 -0.231629 -0.008768
v 0.011002 -0.231481 -0.008845
v 0.011002 -0.231481 -0.008845
v 0.011002 -0.231481 -0.008845
v 0.010541 -0.230614 -0.008653
v 0.010541 -0.230614 -0.008653
v 0.010541 -0.230614 -0.008653
v 0.008267 -0.232906 -0.008265
v 0.008267 -0.232906 -0.008265
v 0.007886 -0.231999 -0.00808
v 0.007886 -0.231999 -0.00808
v 0.008185 -0.23288 -0.008552
v 0.008185 -0.23288 -0.008552
v 0.007809 -0.231973 -0.008359
v 0.007809 -0.231973 -0.008359
v 0.00761 -0.23201 -0.008567
v 0.00761 -0.23201 -0.008567
v 0.007979 -0.232919 -0.008766
v 0.007979 -0.232919 -0.008766
v 0.007348 -0.232098 -0.008643
v 0.007348 -0.232098 -0.008643
v 0.007348 -0.232098 -0.008643
v 0.007265 -0.231657 -0.010498
v 0.007265 -0.231657 -0.010498
v 0.007463 -0.231635 -0.010302
v 0.007463 -0.231635 -0.010302
v 0.007189 -0.231609 -0.010763
v 0.007189 -0.231609 -0.010763
v 0.005966 -0.23152 -0.012434
v 0.005966 -0.23152 -0.012434
v 0.007245 -0.23151 -0.011023
v 0.007245 -0.23151 -0.011023
v 0.007245 -0.23151 -0.011023
v 0.007722 -0.231552 -0.010229
v 0.007722 -0.231552 -0.010229
v 0.007722 -0.231552 -0.010229
v 0.008084 -0.232451 -0.010483
v 0.008084 -0.232451 -0.010483
v 0.008084 -0.232451 -0.010483
v 0.009619 -0.230693 -0.010242
v 0.009619 -0.230693 -0.010242
v 0.012799 -0.230024 -0.010483
v 0.012799 -0.230024 -0.010483
v 0.014484 -0.228657 -0.011203
v 0.014484 -0.228657 -0.011203
v 0.017032 -0.226829 -0.010483
v 0.017032 -0.226829 -0.010483
v 0.017032 -0.226829 -0.010483
v 0.012701 -0.229868 -0.011203
v 0.012701 -0.229868 -0.011203
v 0.012708 -0.229864 -0.011203
v 0.012708 -0.229864 -0.011203
v 0.012708 -0.229864 -0.011203
v 0.010853 -0.23094 -0.011203
v 0.010853 -0.23094 -0.011203
v 0.009028 -0.230462 -0.014548
v 0.009028 -0.230462 -0.014548
v 0.007532 -0.232509 -0.011036
v 0.007532 -0.232509 -0.011036
v 0.007553 -0.23245 -0.011203
v 0.007553 -0.23245 -0.011203
v 0.007553 -0.23245 -0.011203
v 0.007588 -0.232409 -0.011291
v 0.007588 -0.232409 -0.011291
v 0.007588 -0.232409 -0.011291
v 0.007614 -0.232559 -0.01076
v 0.007614 -0.232559 -0.01076
v 0.00782 -0.232537 -0.010556
v 0.00782 -0.232537 -0.010556
v 0.009454 -0.229306 -0.015972
v 0.009454 -0.229306 -0.015972
v 0.011363 -0.227725 -0.016561
v 0.011363 -0.227725 -0.016561
v 0.009141 -0.229372 -0.015358
v 0.009141 -0.229372 -0.015358
v 0.00955 -0.228836 -0.016454
v 0.00955 -0.228836 -0.016454
v 0.00955 -0.228836 -0.016454
v 0.00904 -0.229091 -0.016435
v 0.00904 -0.229091 -0.016435
v 0.007768 -0.229664 -0.016365
v 0.007768 -0.229664 -0.016365
v 0.007768 -0.229664 -0.016365
v 0.00734 -0.230788 -0.0151
v 0.00734 -0.230788 -0.0151
v 0.007754 -0.229714 -0.016315
v 0.007754 -0.229714 -0.016315
v 0.008721 -0.223523 -0.019387
v 0.008721 -0.223523 -0.019387
v 0.00872 -0.223521 -0.019388
v 0.00872 -0.223521 -0.019388
v 0.010992 -0.216312 -0.019701
v 0.005761 -0.218815 -0.020013
v 0.005761 -0.218815 -0.020013
v 0.00576 -0.218812 -0.020013
v 0.00576 -0.218812 -0.020013
v 0.00291 -0.214275 -0.019775
v 0.00291 -0.214275 -0.019775
v 0.008054 -0.211463 -0.019552
v 0.009605 -0.2039 -0.017929
v 0.009605 -0.2039 -0.017929
v 0.012946 -0.208535 -0.018357
v 0.004902 -0.206796 -0.018848
v 0.004902 -0.206796 -0.018848
v 0.004889 -0.206805 -0.01885
v 0.004889 -0.206805 -0.01885
v 0.002908 -0.214272 -0.019775
v 0.002908 -0.214272 -0.019775
v 0.000114 -0.20983 -0.019137
v 0.000114 -0.20983 -0.019137
v 0.000114 -0.20983 -0.019137
v 0.000114 -0.20983 -0.019137
v -0.000116 -0.209465 -0.018963
v -0.000116 -0.209465 -0.018963
v -0.004682 -0.212822 -0.01885
v -0.004682 -0.212822 -0.01885
v -0.000118 -0.20946 -0.01896
v -0.000118 -0.20946 -0.01896
v 0.009655 -0.203869 -0.017913
v 0.009655 -0.203869 -0.017913
v 0.016053 -0.213465 -0.018194
v 0.019016 -0.208789 -0.015472
v 0.019016 -0.208789 -0.015472
v 0.019016 -0.208789 -0.015472
v 0.018384 -0.207545 -0.015475
v 0.018384 -0.207545 -0.015475
v 0.020219 -0.205878 -0.010842
v 0.020219 -0.205878 -0.010842
v 0.020219 -0.205878 -0.010842
v 0.021019 -0.205393 -0.011202
v 0.021019 -0.205393 -0.011202
v 0.021019 -0.205393 -0.011202
v 0.020996 -0.205444 -0.011289
v 0.020996 -0.205444 -0.011289
v 0.020996 -0.205444 -0.011289
v 0.019107 -0.208685 -0.01536
v 0.019107 -0.208685 -0.01536
v 0.020313 -0.205774 -0.010577
v 0.020313 -0.205774 -0.010577
v 0.020466 -0.205801 -0.010325
v 0.020466 -0.205801 -0.010325
v 0.021092 -0.205339 -0.011027
v 0.021092 -0.205339 -0.011027
v 0.021256 -0.205363 -0.010758
v 0.021256 -0.205363 -0.010758
v 0.021446 -0.205512 -0.010559
v 0.021446 -0.205512 -0.010559
v 0.021618 -0.205755 -0.010482
v 0.021618 -0.205755 -0.010482
v 0.021618 -0.205755 -0.010482
v 0.02248 -0.209974 -0.010056
v 0.02248 -0.209974 -0.010056
v 0.02248 -0.209974 -0.010056
v 0.020648 -0.20595 -0.010138
v 0.020648 -0.20595 -0.010138
v 0.023336 -0.20969 -0.010482
v 0.023336 -0.20969 -0.010482
v 0.023336 -0.20969 -0.010482
v 0.022296 -0.207928 -0.011202
v 0.022296 -0.207928 -0.011202
v 0.020818 -0.206187 -0.010059
v 0.020818 -0.206187 -0.010059
v 0.020818 -0.206187 -0.010059
v 0.02319 -0.210456 -0.011202
v 0.02319 -0.210456 -0.011202
v 0.02319 -0.210456 -0.011202
v 0.020088 -0.210346 -0.015105
v 0.021273 -0.212682 -0.014517
v 0.021273 -0.212682 -0.014517
v 0.02033 -0.21335 -0.015522
v 0.02033 -0.21335 -0.015522
v 0.02033 -0.21335 -0.015522
v 0.02241 -0.210557 -0.010542
v 0.02241 -0.210557 -0.010542
v 0.020334 -0.215244 -0.015588
v 0.020334 -0.215244 -0.015588
v 0.020334 -0.215244 -0.015588
v 0.022641 -0.212783 -0.010848
v 0.022641 -0.212783 -0.010848
v 0.022641 -0.212783 -0.010848
v 0.022732 -0.212709 -0.010644
v 0.022732 -0.212709 -0.010644
v 0.023539 -0.2127 -0.01129
v 0.023539 -0.2127 -0.01129
v 0.023539 -0.2127 -0.01129
v 0.02192 -0.214305 -0.013907
v 0.02192 -0.214305 -0.013907
v 0.023628 -0.213603 -0.011203
v 0.023628 -0.213603 -0.011203
v 0.02223 -0.215294 -0.013435
v 0.02287 -0.218127 -0.011203
v 0.02287 -0.218127 -0.011203
v 0.02287 -0.218127 -0.011203
v 0.019033 -0.219866 -0.0158
v 0.019033 -0.219866 -0.0158
v 0.019033 -0.219866 -0.0158
v 0.022722 -0.218244 -0.011439
v 0.022722 -0.218244 -0.011439
v 0.022247 -0.217606 -0.010385
v 0.022247 -0.217606 -0.010385
v 0.022247 -0.217606 -0.010385
v 0.023139 -0.217901 -0.010755
v 0.023139 -0.217901 -0.010755
v 0.023139 -0.217901 -0.010755
v 0.023392 -0.217454 -0.010483
v 0.023392 -0.217454 -0.010483
v 0.023392 -0.217454 -0.010483
v 0.023278 -0.217723 -0.010559
v 0.023278 -0.217723 -0.010559
v 0.023955 -0.213177 -0.010482
v 0.023955 -0.213177 -0.010482
v 0.023955 -0.213177 -0.010482
v 0.023632 -0.212628 -0.011093
v 0.023632 -0.212628 -0.011093
v 0.02392 -0.212938 -0.010534
v 0.02392 -0.212938 -0.010534
v 0.023843 -0.21275 -0.010676
v 0.023843 -0.21275 -0.010676
v 0.023741 -0.212643 -0.010873
v 0.023741 -0.212643 -0.010873
v 0.022925 -0.212819 -0.010251
v 0.022925 -0.212819 -0.010251
v 0.022832 -0.212721 -0.010436
v 0.022832 -0.212721 -0.010436
v 0.022995 -0.212992 -0.010118
v 0.022995 -0.212992 -0.010118
v 0.02358 -0.212656 -0.011202
v 0.02358 -0.212656 -0.011202
v 0.02358 -0.212656 -0.011202
v 0.022486 -0.210424 -0.010317
v 0.022486 -0.210424 -0.010317
v 0.022486 -0.210424 -0.010317
v 0.023345 -0.210171 -0.010754
v 0.023345 -0.210171 -0.010754
v 0.023345 -0.210171 -0.010754
v 0.022512 -0.210293 -0.010187
v 0.022512 -0.210293 -0.010187
v 0.023379 -0.210045 -0.010611
v 0.023379 -0.210045 -0.010611
v 0.023377 -0.209876 -0.010515
v 0.023377 -0.209876 -0.010515
v 0.02251 -0.210134 -0.010097
v 0.02251 -0.210134 -0.010097
v 0.010161 -0.225813 -0.018359
v 0.010161 -0.225813 -0.018359
v 0.006244 -0.232371 -0.012712
v 0.006244 -0.232371 -0.012712
v 0.01314 -0.226582 -0.016453
v 0.01314 -0.226582 -0.016453
v 0.01314 -0.226582 -0.016453
v 0.011364 -0.227725 -0.01656
v 0.011364 -0.227725 -0.01656
v 0.014844 -0.226816 -0.014531
v 0.014844 -0.226816 -0.014531
v 0.013601 -0.226698 -0.015976
v 0.013601 -0.226698 -0.015976
v 0.017209 -0.226364 -0.011291
v 0.017209 -0.226364 -0.011291
v 0.017209 -0.226364 -0.011291
v 0.017261 -0.22635 -0.011203
v 0.017261 -0.22635 -0.011203
v 0.017261 -0.22635 -0.011203
v 0.017323 -0.226358 -0.011036
v 0.017323 -0.226358 -0.011036
v 0.016662 -0.225658 -0.010764
v 0.016662 -0.225658 -0.010764
v 0.016673 -0.225748 -0.010498
v 0.016673 -0.225748 -0.010498
v 0.017333 -0.226453 -0.01076
v 0.017333 -0.226453 -0.01076
v 0.017223 -0.22663 -0.010556
v 0.017223 -0.22663 -0.010556
v 0.016566 -0.225917 -0.010302
v 0.016566 -0.225917 -0.010302
v 0.013597 -0.226229 -0.016433
v 0.013597 -0.226229 -0.016433
v -0.004628 -0.234455 -0.00351
v -0.004628 -0.234455 -0.00351
v -0.006387 -0.233873 -0.00414
v -0.006387 -0.233873 -0.00414
v -0.006745 -0.233827 -0.003504
v -0.006745 -0.233827 -0.003504
v -0.006302 -0.234207 -0.000491
v -0.006302 -0.234207 -0.000491
v -0.006302 -0.234207 -0.000491
v -0.006737 -0.234827 -0.004284
v -0.006737 -0.234827 -0.004284
v -0.007407 -0.234715 -0.00313
v -0.007407 -0.234715 -0.00313
v -0.008826 -0.23418 -0.000504
v -0.008826 -0.23418 -0.000504
v -0.008826 -0.23418 -0.000504
v -0.004448 -0.234693 -0.007982
v -0.004448 -0.234693 -0.007982
v -0.004448 -0.234693 -0.007982
v -0.008866 -0.232516 -0.008844
v -0.008866 -0.232516 -0.008844
v -0.008866 -0.232516 -0.008844
v -0.008897 -0.232496 -0.008843
v -0.008897 -0.232496 -0.008843
v -0.004858 -0.234336 -0.008844
v -0.004858 -0.234336 -0.008844
v -0.004858 -0.234336 -0.008844
v -0.00463 -0.23441 -0.008792
v -0.00463 -0.23441 -0.008792
v -0.004359 -0.234582 -0.008436
v -0.004359 -0.234582 -0.008436
v -0.004359 -0.23465 -0.008203
v -0.004359 -0.23465 -0.008203
v -0.004453 -0.234497 -0.008645
v -0.004453 -0.234497 -0.008645
v -0.004238 -0.233734 -0.007723
v -0.004238 -0.233734 -0.007723
v -0.004238 -0.233734 -0.007723
v -0.009317 -0.232315 -0.008558
v -0.009317 -0.232315 -0.008558
v -0.009317 -0.232315 -0.008558
v -0.009034 -0.232414 -0.008809
v -0.009034 -0.232414 -0.008809
v -0.009192 -0.232344 -0.008708
v -0.009192 -0.232344 -0.008708
v -0.008636 -0.231579 -0.008386
v -0.008636 -0.231579 -0.008386
v -0.008754 -0.231553 -0.008243
v -0.008754 -0.231553 -0.008243
v -0.008754 -0.231553 -0.008243
v -0.011549 -0.231657 -0.004539
v -0.011549 -0.231657 -0.004539
v -0.010857 -0.230958 -0.004386
v -0.010857 -0.230958 -0.004386
v -0.012215 -0.23123 -0.003129
v -0.012215 -0.23123 -0.003129
v -0.011274 -0.230708 -0.0035
v -0.011274 -0.230708 -0.0035
v -0.012518 -0.229579 -0.000492
v -0.012518 -0.229579 -0.000492
v -0.012518 -0.229579 -0.000492
v -0.013297 -0.230206 -0.000503
v -0.013297 -0.230206 -0.000503
v -0.013297 -0.230206 -0.000503
v -0.013348 -0.230145 -0.000201
v -0.008917 -0.230251 -0.010492
v -0.008917 -0.230251 -0.010492
v -0.009306 -0.230914 -0.011202
v -0.009306 -0.230914 -0.011202
v -0.009306 -0.230914 -0.011202
v -0.009629 -0.230932 -0.010754
v -0.009629 -0.230932 -0.010754
v -0.009629 -0.230932 -0.010754
v -0.00648 -0.230142 -0.014515
v -0.00648 -0.230142 -0.014515
v -0.009038 -0.230257 -0.010317
v -0.009038 -0.230257 -0.010317
v -0.009038 -0.230257 -0.010317
v -0.009157 -0.230234 -0.010187
v -0.009157 -0.230234 -0.010187
v -0.009757 -0.230909 -0.010611
v -0.009757 -0.230909 -0.010611
v -0.009907 -0.230834 -0.010515
v -0.009907 -0.230834 -0.010515
v -0.010058 -0.230717 -0.010482
v -0.010058 -0.230717 -0.010482
v -0.010058 -0.230717 -0.010482
v -0.012881 -0.227442 -0.010482
v -0.012881 -0.227442 -0.010482
v -0.012881 -0.227442 -0.010482
v -0.011218 -0.228992 -0.011202
v -0.011218 -0.228992 -0.011202
v -0.00944 -0.230053 -0.010065
v -0.00944 -0.230053 -0.010065
v -0.00944 -0.230053 -0.010065
v -0.012147 -0.226906 -0.010059
v -0.012147 -0.226906 -0.010059
v -0.012147 -0.226906 -0.010059
v -0.009299 -0.230163 -0.010097
v -0.009299 -0.230163 -0.010097
v -0.013025 -0.22718 -0.010559
v -0.013025 -0.22718 -0.010559
v -0.012286 -0.226652 -0.010139
v -0.012286 -0.226652 -0.010139
v -0.012341 -0.226423 -0.010324
v -0.012341 -0.226423 -0.010324
v -0.0123 -0.226273 -0.010575
v -0.0123 -0.226273 -0.010575
v -0.013078 -0.226945 -0.010757
v -0.013078 -0.226945 -0.010757
v -0.013029 -0.226786 -0.011025
v -0.013029 -0.226786 -0.011025
v -0.012949 -0.226743 -0.011202
v -0.012949 -0.226743 -0.011202
v -0.012949 -0.226743 -0.011202
v -0.012167 -0.22623 -0.010842
v -0.012167 -0.22623 -0.010842
v -0.012167 -0.22623 -0.010842
v -0.012892 -0.226744 -0.011289
v -0.012892 -0.226744 -0.011289
v -0.012892 -0.226744 -0.011289
v -0.010204 -0.224835 -0.015472
v -0.010204 -0.224835 -0.015472
v -0.010204 -0.224835 -0.015472
v 0.007706 -0.233013 0.008438
v 0.007706 -0.233013 0.008438
v 0.007706 -0.233013 0.008438
v 0.008267 -0.232908 0.007858
v 0.008267 -0.232908 0.007858
v 0.00798 -0.23292 0.00836
v 0.00798 -0.23292 0.00836
v 0.008186 -0.232882 0.008146
v 0.008186 -0.232882 0.008146
v 0.00782 -0.232539 0.01015
v 0.00782 -0.232539 0.01015
v 0.005764 -0.218819 0.019609
v 0.005764 -0.218819 0.019609
v 0.023668 -0.217394 0.005397
v 0.023668 -0.217394 0.005397
v 0.023968 -0.216945 0.004511
v 0.023968 -0.216945 0.004511
v 0.023538 -0.216252 0.007317
v 0.023538 -0.216252 0.007317
v 0.023538 -0.216252 0.007317
v 0.024362 -0.216219 0.003104
v 0.024362 -0.216219 0.003104
v 0.024598 -0.214379 0.003733
v 0.024598 -0.214379 0.003733
v 0.023465 -0.216314 0.007522
v 0.023465 -0.216314 0.007522
v 0.023406 -0.216287 0.007745
v 0.023406 -0.216287 0.007745
v 0.024423 -0.216549 0.007798
v 0.024423 -0.216549 0.007798
v 0.024501 -0.216486 0.007577
v 0.024501 -0.216486 0.007577
v 0.024501 -0.216486 0.007577
v 0.024362 -0.216517 0.008032
v 0.024362 -0.216517 0.008032
v 0.024356 -0.215961 0.008439
v 0.024356 -0.215961 0.008439
v 0.024356 -0.215961 0.008439
v 0.024327 -0.216395 0.008241
v 0.024327 -0.216395 0.008241
v 0.023371 -0.216175 0.007944
v 0.023371 -0.216175 0.007944
v 0.024325 -0.216196 0.008388
v 0.024325 -0.216196 0.008388
v 0.02337 -0.215992 0.008082
v 0.02337 -0.215992 0.008082
v 0.023407 -0.215772 0.008132
v 0.023407 -0.215772 0.008132
v 0.023407 -0.215772 0.008132
v 0.023514 -0.211698 0.008111
v 0.023514 -0.211698 0.008111
v 0.023514 -0.211698 0.008111
v 0.024449 -0.211556 0.008439
v 0.024449 -0.211556 0.008439
v 0.024449 -0.211556 0.008439
v 0.024712 -0.214036 0.003098
v 0.024712 -0.214036 0.003098
v 0.024924 -0.212378 8.8E-05
v 0.024924 -0.212378 8.8E-05
v 0.024924 -0.212378 8.8E-05
v 0.024866 -0.214601 8.5E-05
v 0.024866 -0.214601 8.5E-05
v 0.024866 -0.214601 8.5E-05
v 0.024861 -0.214527 -0.000203
v 0.024861 -0.214527 -0.000203
v 0.025885 -0.214643 -0.000203
v 0.025885 -0.214643 -0.000203
v 0.024928 -0.212383 -0.00049
v 0.024928 -0.212383 -0.00049
v 0.024928 -0.212383 -0.00049
v 0.024921 -0.212311 -0.000203
v 0.024921 -0.212311 -0.000203
v 0.025932 -0.212313 -0.000504
v 0.025932 -0.212313 -0.000504
v 0.025932 -0.212313 -0.000504
v 0.0258 -0.213823 -0.00313
v 0.0258 -0.213823 -0.00313
v 0.023595 -0.208355 0.008358
v 0.023595 -0.208355 0.008358
v 0.023739 -0.208534 0.00815
v 0.023739 -0.208534 0.00815
v 0.023857 -0.20859 0.007869
v 0.023857 -0.20859 0.007869
v 0.023922 -0.208507 0.007578
v 0.023922 -0.208507 0.007578
v 0.023922 -0.208507 0.007578
v 0.023459 -0.208089 0.00844
v 0.023459 -0.208089 0.00844
v 0.023459 -0.208089 0.00844
v 0.022676 -0.212741 0.010352
v 0.020648 -0.204633 0.008117
v 0.020648 -0.204633 0.008117
v 0.020648 -0.204633 0.008117
v 0.018748 -0.205264 0.012298
v 0.018748 -0.205264 0.012298
v 0.018748 -0.205264 0.012298
v 0.018748 -0.205264 0.012298
v 0.020497 -0.204479 0.010799
v 0.020497 -0.204479 0.010799
v 0.020497 -0.204479 0.010799
v 0.020497 -0.204479 0.010799
v 0.019394 -0.204887 0.012676
v 0.019394 -0.204887 0.012676
v 0.019394 -0.204887 0.012676
v 0.002907 -0.214277 0.019372
v 0.002907 -0.214277 0.019372
v 0.004902 -0.206802 0.018447
v 0.004902 -0.206802 0.018447
v 0.004891 -0.206809 0.018449
v 0.004891 -0.206809 0.018449
v 0.000116 -0.209834 0.018736
v 0.000116 -0.209834 0.018736
v 0.000116 -0.209834 0.018736
v 0.000116 -0.209834 0.018736
v 0.004651 -0.20646 0.018271
v 0.00446 -0.206222 0.017916
v 0.009135 -0.203292 0.017001
v 0.013088 -0.200671 0.01435
v 0.013088 -0.200671 0.01435
v -0.00028 -0.209204 0.0182
v -0.00028 -0.209204 0.0182
vn -0.3884 0.4536 0.8021
vn -0.5038 0.3436 0.7926
vn -0.5155 0.7273 0.4531
vn -0.5863 0.6682 0.4579
vn -0.3607 0.5776 0.7323
vn -0.3607 0.5776 0.7323
vn -0.1825 0.1827 0.9661
vn -0.1825 0.1827 0.9661
vn -0.2626 0.4143 0.8714
vn -0.2626 0.4143 0.8714
vn -0.2956 0.0834 0.9517
vn -0.2956 0.0834 0.9517
vn -0.4682 0.7436 0.4773
vn -0.4682 0.7436 0.4773
vn -0.2304 0.1618 0.9596
vn -0.2304 0.1618 0.9596
vn -0.0361 0.023 0.9991
vn -0.0361 0.023 0.9991
vn -0.1419 -0.0049 0.9899
vn -0.0104 0.0154 0.9998
vn -0.0104 0.0154 0.9998
vn -0.088 -0.1623 0.9828
vn -0.3178 -0.1573 0.935
vn -0.5365 -0.3083 0.7856
vn -0.2323 -0.3244 0.9169
vn -0.3811 -0.6456 0.6618
vn -0.3811 -0.6456 0.6618
vn -0.3811 -0.6456 0.6618
vn -0.5747 -0.4278 0.6976
vn -0.5747 -0.4278 0.6976
vn -0.3944 0.0029 0.9189
vn -0.3944 0.0029 0.9189
vn -0.5054 -0.1226 0.8541
vn -0.5054 -0.1226 0.8541
vn -0.6539 -0.2299 0.7208
vn -0.6539 -0.2299 0.7208
vn -0.716 0.1601 0.6795
vn -0.9127 0.0632 0.4037
vn -0.9127 0.0632 0.4037
vn -0.7189 0.563 0.4077
vn -0.8038 -0.1868 -0.5647
vn -0.8038 -0.1868 -0.5647
vn -0.8954 0.0689 -0.4399
vn -0.8954 0.0689 -0.4399
vn -0.6 0.7918 0.1138
vn -0.5322 0.8466 0
vn -0.6311 0.7722 0.0736
vn -0.5322 0.8466 0.0001
vn -0.5329 0.8462 0.0003
vn -0.5322 0.8466 0
vn -0.6311 0.7722 0.0736
vn -0.1938 0.5721 0.797
vn -0.1938 0.5721 0.797
vn -0.9703 -0.027 0.2403
vn -0.8737 0.4654 0.1418
vn -0.9931 -0.04 0.1102
vn -0.8847 0.4617 0.0647
vn -0.5329 0.8462 0.0003
vn -0.6395 0.7678 0.0383
vn -0.5329 0.8462 0.0003
vn -0.5322 0.8466 0.0001
vn -0.5322 0.8466 0
vn -0.6409 0.7675 0.0173
vn -0.5311 0.8473 0.0002
vn -0.5323 0.8466 0.0002
vn -0.6419 0.7668 0.0001
vn -0.5311 0.8473 0.0002
vn -0.5311 0.8473 0.0002
vn -0.5322 0.8466 0.0001
vn -0.5324 0.8465 -0.0001
vn -0.5323 0.8466 0.0002
vn -0.5322 0.8466 0
vn -0.6414 0.767 -0.0172
vn -0.5332 0.846 -0.0003
vn -0.5323 0.8466 0.0002
vn -0.5322 0.8466 0.0001
vn -0.5322 0.8466 0
vn -0.5394 0.8336 0.1192
vn -0.5322 0.8466 0.0015
vn -0.5603 0.8189 0.1241
vn -0.5322 0.8466 0.0001
vn -0.5322 0.8466 0
vn -0.5323 0.8466 0
vn -0.5322 0.8466 0.0015
vn -0.5322 0.8466 0.0001
vn -0.5173 0.8474 0.12
vn -0.5282 0.8403 0.1216
vn -0.5282 0.8403 0.1216
vn -0.5322 0.8466 0.0015
vn -0.5324 0.8465 -0.0001
vn -0.5322 0.8466 0.0001
vn -0.5322 0.8466 -0.0007
vn -0.5395 0.8334 -0.1204
vn -0.5322 0.8466 0.0001
vn -0.5322 0.8466 -0.0007
vn -0.5174 0.8474 -0.1191
vn -0.5322 0.8466 -0.0007
vn -0.5284 0.8402 -0.1219
vn -0.5284 0.8402 -0.1219
vn -0.5323 0.8466 0.0002
vn -0.4951 0.86 -0.1239
vn -0.5322 0.8466 0.0001
vn -0.4128 0.9107 -0.0172
vn -0.5318 0.8468 0.0001
vn -0.5323 0.8466 0.0002
vn -0.5322 0.8466 0.0001
vn -0.4321 0.7801 -0.4526
vn -0.2403 0.5468 -0.802
vn -0.4836 0.7158 -0.5037
vn -0.4836 0.7158 -0.5037
vn -0.3482 0.8182 -0.4574
vn -0.9767 0.0096 -0.2143
vn -0.9767 0.0096 -0.2143
vn -0.0911 0.6034 -0.7922
vn -0.1954 0.8918 -0.4081
vn -0.5322 0.8466 0.0001
vn -0.4535 0.884 -0.1139
vn -0.4228 0.9032 -0.0736
vn -0.5323 0.8466 0.0002
vn -0.4228 0.9032 -0.0736
vn -0.5322 0.8466 0.0001
vn -0.5322 0.8466 0.0001
vn -0.4145 0.9093 -0.0381
vn -0.2165 0.9568 -0.1939
vn -0.2165 0.9568 -0.1939
vn -0.0412 0.9891 -0.1413
vn 0.0176 0.9501 -0.3115
vn 0.0176 0.9501 -0.3115
vn 0.4046 0.7911 -0.4588
vn 0.4046 0.7911 -0.4588
vn 0.4477 0.8612 -0.2408
vn 0.1664 0.7143 -0.6797
vn 0.3266 0.4005 -0.8561
vn 0.3266 0.4005 -0.8561
vn 0.488 0.4881 -0.7237
vn 0.488 0.4881 -0.7237
vn 0.5921 0.6379 -0.4924
vn 0.5921 0.6379 -0.4924
vn 0.6549 0.5614 -0.5059
vn 0.6549 0.5614 -0.5059
vn 0.6549 0.5614 -0.5059
vn 0.6549 0.5614 -0.5059
vn 0.7492 0.6027 -0.2748
vn 0.7492 0.6027 -0.2748
vn 0.7771 0.618 -0.1191
vn 0.7771 0.618 -0.1191
vn 0.8482 0.513 -0.1318
vn 0.7525 0.4742 -0.457
vn 0.7525 0.4742 -0.457
vn 0.7673 0.48 -0.4252
vn 0.7673 0.48 -0.4252
vn 0.5104 0.3499 -0.7855
vn 0.8753 -0.1186 -0.4687
vn 0.8753 -0.1186 -0.4687
vn 0.4657 -0.8811 -0.0823
vn 0.9194 -0.3373 -0.2023
vn 0.9194 -0.3373 -0.2023
vn 0.9194 -0.3373 -0.2023
vn 0.4657 -0.8811 -0.0823
vn 0.6272 0.314 -0.7128
vn 0.6272 0.314 -0.7128
vn 0.6272 0.314 -0.7128
vn 0.8791 -0.2813 -0.3848
vn 0.8791 -0.2813 -0.3848
vn 0.8791 -0.2813 -0.3848
vn 0.4657 -0.8811 -0.0823
vn 0.7585 0.3013 -0.5778
vn 0.7585 0.3013 -0.5778
vn 0.7585 0.3013 -0.5778
vn 0.8895 -0.3206 -0.3256
vn 0.8895 -0.3206 -0.3256
vn 0.7053 -0.4271 -0.5657
vn 0.7053 -0.4271 -0.5657
vn 0.7053 -0.4271 -0.5657
vn 0.4949 -0.8677 -0.0472
vn 0 0 1
vn 0.5594 -0.5855 0.5867
vn -0.5524 0.8006 -0.232
vn 0.5671 -0.5611 0.603
vn 0.1751 -0.7192 -0.6723
vn 0.4071 0.0731 -0.9104
vn 0.4071 0.0731 -0.9104
vn 0.4071 0.0731 -0.9104
vn 0 0.4494 0.8933
vn 0 0.4494 0.8933
vn 0.4426 0.1026 -0.8908
vn 0.4426 0.1026 -0.8908
vn 0.4426 0.1026 -0.8908
vn 0 0 1
vn 0 0.0348 0.9994
vn 0 0.0348 0.9994
vn 0 0 1
vn 0 0.9687 0.2483
vn 0 1 0
vn 0.5671 -0.5611 0.603
vn 0.5658 -0.5599 0.6053
vn -0.1698 -0.1188 -0.9783
vn 0.5671 -0.5611 0.603
vn -0.5537 0.7913 -0.2593
vn -0.5524 0.8006 -0.232
vn 0.5594 -0.5855 0.5867
vn -0.5524 0.8006 -0.232
vn 0.1751 -0.7192 -0.6723
vn 0.5594 -0.5855 0.5867
vn -0.3866 0.8655 0.3185
vn 0.1751 -0.7192 -0.6723
vn 0.4951 -0.8676 -0.0464
vn 0.4949 -0.8677 -0.0472
vn 0.4949 -0.8677 -0.0472
vn -0.5055 0.8626 -0.0169
vn -0.5196 0.8445 0.1296
vn 0.2485 0.1036 0.9631
vn -0.1617 -0.3438 -0.925
vn 0 -0.8087 -0.5883
vn 0 -0.8087 -0.5883
vn 0 -1 0
vn 0 -1 0
vn 0 1 0
vn 0 1 0
vn 0 1 0
vn 0 1 0
vn 0 1 0
vn 0 1 0
vn 0.96 -0.217 0.1769
vn 0.4459 -0.7634 0.4673
vn 0.96 -0.217 0.1769
vn 0.9401 -0.3378 0.0454
vn 0.9401 -0.3378 0.0454
vn 0.9401 -0.3378 0.0454
vn 0.5328 -0.1989 -0.8225
vn 0.5328 -0.1989 -0.8225
vn 0.7047 -0.4132 -0.5768
vn 0.7047 -0.4132 -0.5768
vn 0.8409 -0.4809 -0.2481
vn 0.8409 -0.4809 -0.2481
vn 0.756 -0.3382 -0.5605
vn 0.756 -0.3382 -0.5605
vn 0.9031 0.2073 -0.3761
vn 0.5971 -0.1341 -0.7909
vn 0.5971 -0.1341 -0.7909
vn 0.8635 -0.438 -0.2501
vn 0.8635 -0.438 -0.2501
vn 0.9339 -0.3573 0.0134
vn 0.9339 -0.3573 0.0134
vn 0.9339 -0.3573 0.0134
vn 0.3701 0.7919 -0.4857
vn 0.3701 0.7919 -0.4857
vn 0.4459 -0.7634 0.4673
vn 0.9381 -0.2722 0.2141
vn 0.9381 -0.2722 0.2141
vn 0.4459 -0.7634 0.4673
vn 0.9501 -0.1951 0.2434
vn 0.9501 -0.1951 0.2434
vn 0.3604 0.8347 -0.4164
vn 0.3604 0.8347 -0.4164
vn 0.3448 0.819 -0.4586
vn 0.3448 0.819 -0.4586
vn 0.9299 -0.2398 0.2788
vn 0.9299 -0.2398 0.2788
vn 0.3667 0.8862 -0.2832
vn 0.3667 0.8862 -0.2832
vn 0.3667 0.8862 -0.2832
vn 0.9235 -0.2782 0.2641
vn 0.9235 -0.2782 0.2641
vn 0.9235 -0.2782 0.2641
vn 0.9644 -0.1376 0.2258
vn 0.9644 -0.1376 0.2258
vn 0.9644 -0.1376 0.2258
vn 0.9364 -0.3508 -0.0001
vn 0.9364 -0.3508 -0.0001
vn 0.9914 0.0765 0.1059
vn 0.9914 0.0765 0.1059
vn 0.9637 -0.1024 -0.2468
vn 0.9637 -0.1024 -0.2468
vn 0.9637 -0.1024 -0.2468
vn 0.4448 -0.7624 -0.47
vn 0.9302 -0.2393 -0.2784
vn 0.9302 -0.2393 -0.2784
vn 0.9234 -0.2785 -0.2643
vn 0.9234 -0.2785 -0.2643
vn 0.9234 -0.2785 -0.2643
vn 0.9504 -0.1942 -0.2429
vn 0.4448 -0.7624 -0.47
vn 0.9504 -0.1942 -0.2429
vn 0.4449 -0.7626 -0.4696
vn 0.8482 0.513 0.1318
vn 0.7673 0.4801 0.4252
vn 0.7673 0.4801 0.4252
vn 0.7524 0.4742 0.4571
vn 0.7524 0.4742 0.4571
vn 0.9597 -0.2181 -0.1773
vn 0.9597 -0.2181 -0.1773
vn 0.4449 -0.7626 -0.4696
vn 0.7468 0.6058 0.2746
vn 0.7468 0.6058 0.2746
vn 0.7588 0.3002 0.5781
vn 0.7588 0.3002 0.5781
vn 0.7588 0.3002 0.5781
vn 0.7808 0.6106 0.1325
vn 0.7808 0.6106 0.1325
vn 0.4447 0.8628 0.2403
vn 0.4675 0.877 0.1108
vn 0.9974 -0.0726 0
vn 0.9974 -0.0726 0
vn 0.978 -0.1906 0.0849
vn 0.978 -0.1906 0.0849
vn 0.472 0.8816 0.0002
vn 0.4665 0.8777 -0.1098
vn -0.029 0.9996 0.0001
vn 0.9778 0.197 -0.0715
vn 0.9778 0.197 -0.0715
vn -0.0324 0.9974 -0.0643
vn -0.0319 0.9974 0.0649
vn -0.4124 0.911 0.0001
vn -0.5318 0.8468 0.0001
vn -0.5321 0.8467 0.0002
vn -0.5323 0.8465 0.0001
vn -0.5318 0.8468 0.0001
vn -0.4134 0.9104 0.0174
vn -0.5322 0.8466 0.0001
vn -0.5323 0.8466 0
vn -0.5321 0.8467 0.0002
vn -0.4223 0.9034 0.0741
vn -0.5323 0.8465 0.0001
vn -0.5322 0.8466 0.0001
vn -0.4223 0.9034 0.0741
vn -0.5323 0.8466 0
vn -0.5322 0.8466 0.0001
vn -0.4947 0.86 0.1251
vn -0.5321 0.8467 0.0002
vn -0.4148 0.9091 0.0385
vn -0.5323 0.8465 0.0001
vn -0.041 0.989 0.1418
vn -0.3602 0.5214 0.7736
vn -0.3602 0.5214 0.7736
vn 0.2843 0.8683 -0.4066
vn 0.2843 0.8683 -0.4066
vn 0.3473 0.8474 0.4016
vn 0.3473 0.8474 0.4016
vn 0.6558 0.7441 -0.1275
vn 0.6558 0.7441 -0.1275
vn 0.6559 0.5605 0.5056
vn 0.6559 0.5605 0.5056
vn 0.6559 0.5605 0.5056
vn 0.6559 0.5605 0.5056
vn 0.1691 0.7125 0.681
vn -0.0888 0.6009 0.7944
vn -0.1927 0.8912 0.4107
vn 0.4915 0.4883 0.7211
vn 0.4915 0.4883 0.7211
vn 0.3299 0.4013 0.8545
vn 0.3299 0.4013 0.8545
vn 0.5105 0.3499 0.7855
vn 0.1711 0.357 0.9183
vn 0.1711 0.357 0.9183
vn 0.055 0.3034 0.9513
vn 0.055 0.3034 0.9513
vn 0.2794 0.2181 0.9351
vn 0.7428 0.068 0.666
vn 0.7428 0.068 0.666
vn 0.7428 0.068 0.666
vn 0.0658 0.1258 0.9899
vn 0.3929 0.0688 0.917
vn 0.1842 0.009 0.9829
vn 0.6347 0.3324 0.6976
vn 0.6347 0.3324 0.6976
vn 0.1527 0.8605 0.4861
vn 0.1527 0.8605 0.4861
vn 0.1527 0.8605 0.4861
vn 0.6315 0.3174 0.7074
vn 0.6315 0.3174 0.7074
vn 0.6315 0.3174 0.7074
vn 0.6977 0.5581 0.4492
vn 0.6977 0.5581 0.4492
vn 0.284 0.9151 0.2863
vn 0.284 0.9151 0.2863
vn 0.8891 -0.3215 0.3259
vn 0.8891 -0.3215 0.3259
vn 0.1399 0.8864 0.4412
vn 0.1399 0.8864 0.4412
vn 0.1399 0.8864 0.4412
vn 0.462 0.8867 0.0162
vn 0.462 0.8867 0.0162
vn 0.2109 0.9503 0.229
vn 0.2109 0.9503 0.229
vn 0.3649 0.9291 -0.0607
vn 0.3649 0.9291 -0.0607
vn 0.6151 0.7654 -0.1893
vn 0.6151 0.7654 -0.1893
vn 0.5831 0.7542 -0.302
vn 0.5831 0.7542 -0.302
vn 0.7794 0.5085 -0.3659
vn 0.7794 0.5085 -0.3659
vn 0.7794 0.5085 -0.3659
vn 0.9045 0.2504 -0.3451
vn 0.9045 0.2504 -0.3451
vn 0.9045 0.2504 -0.3451
vn 0.8037 0.3471 0.4833
vn 0.8037 0.3471 0.4833
vn 0.8297 0.2687 -0.4892
vn 0.8297 0.2687 -0.4892
vn 0.8297 0.2687 -0.4892
vn 0.6948 0.3718 -0.6156
vn 0.6948 0.3718 -0.6156
vn 0.6948 0.3718 -0.6156
vn 0.7461 0.5953 -0.2982
vn 0.7461 0.5953 -0.2982
vn 0.9023 0.2068 0.3784
vn 0.9214 -0.2127 0.3254
vn 0.4886 0.71 0.5071
vn 0.4886 0.71 0.5071
vn 0.4886 0.71 0.5071
vn 0.8837 -0.4649 0.0546
vn 0.8837 -0.4649 0.0546
vn 0.4051 0.0744 0.9112
vn 0.4051 0.0744 0.9112
vn 0.4051 0.0744 0.9112
vn 0.9318 -0.3619 -0.0268
vn 0.9318 -0.3619 -0.0268
vn 0.9318 -0.3619 -0.0268
vn 0.6743 0.7247 0.1418
vn 0.6743 0.7247 0.1418
vn 0.7948 0.5982 -0.1023
vn 0.7948 0.5982 -0.1023
vn 0.8689 -0.4359 0.2345
vn 0.8689 -0.4359 0.2345
vn 0.4629 -0.0012 -0.8864
vn 0.4629 -0.0012 -0.8864
vn 0.4629 -0.0012 -0.8864
vn 0.9319 -0.3627 0.0044
vn 0.9319 -0.3627 0.0044
vn 0.9319 -0.3627 0.0044
vn 0.4092 0.7208 0.5595
vn 0.4092 0.7208 0.5595
vn 0.4092 0.7208 0.5595
vn 0.551 0.7544 0.3568
vn 0.551 0.7544 0.3568
vn 0.8576 0.3929 -0.332
vn 0.8576 0.3929 -0.332
vn 0.7367 0.1648 -0.6559
vn 0.7367 0.1648 -0.6559
vn 0.9713 -0.2043 -0.122
vn 0.9713 -0.2043 -0.122
vn 0.386 0.2645 0.8838
vn 0.386 0.2645 0.8838
vn 0.4375 0.5584 0.7049
vn 0.4375 0.5584 0.7049
vn 0.7563 -0.3394 0.5594
vn 0.7563 -0.3394 0.5594
vn 0.5991 -0.1313 0.7898
vn 0.5991 -0.1313 0.7898
vn 0.9685 0.0192 -0.2484
vn 0.9685 0.0192 -0.2484
vn 0.3701 0.7919 0.4858
vn 0.3701 0.7919 0.4858
vn 0.9383 -0.2724 -0.2132
vn 0.4448 -0.7624 -0.47
vn 0.4449 -0.7626 -0.4696
vn 0.9383 -0.2724 -0.2132
vn 0.3451 0.8189 0.4586
vn 0.3451 0.8189 0.4586
vn 0.4721 0.7678 0.4331
vn 0.4721 0.7678 0.4331
vn 0.4703 0.693 0.5464
vn 0.4703 0.693 0.5464
vn 0.4703 0.693 0.5464
vn 0.3726 0.3404 0.8633
vn 0.3726 0.3404 0.8633
vn 0.3698 0.5728 0.7315
vn 0.3698 0.5728 0.7315
vn 0.4495 0.1255 0.8844
vn 0.4495 0.1255 0.8844
vn 0.9816 0.1576 0.1074
vn 0.7443 -0.6394 -0.1928
vn 0.7443 -0.6394 -0.1928
vn 0.8151 -0.5322 -0.2288
vn 0.8151 -0.5322 -0.2288
vn 0.8151 -0.5322 -0.2288
vn 0.7538 -0.6091 -0.2465
vn 0.7538 -0.6091 -0.2465
vn 0.3968 0.8714 0.2884
vn 0.3968 0.8714 0.2884
vn 0.3968 0.8714 0.2884
vn 0.9816 0.1577 -0.1075
vn 0.8784 -0.478 0.0016
vn 0.8784 -0.478 0.0016
vn 0.4727 0.8019 0.3652
vn 0.4727 0.8019 0.3652
vn 0.3668 0.8864 0.2823
vn 0.3668 0.8864 0.2823
vn 0.3668 0.8864 0.2823
vn 0.3601 0.8345 0.417
vn 0.3601 0.8345 0.417
vn 0.3959 0.9183 0.0006
vn 0.3959 0.9183 0.0006
vn 0.2717 0.9624 0.0001
vn 0.2717 0.9624 0.0001
vn 0.3966 0.8714 -0.2886
vn 0.3966 0.8714 -0.2886
vn 0.3966 0.8714 -0.2886
vn 0.4726 0.802 -0.3653
vn 0.4726 0.802 -0.3653
vn 0.4718 0.7679 -0.4333
vn 0.4718 0.7679 -0.4333
vn 0.4711 0.6929 -0.5459
vn 0.4711 0.6929 -0.5459
vn 0.4711 0.6929 -0.5459
vn 0.4111 0.7173 -0.5626
vn 0.4111 0.7173 -0.5626
vn 0.4111 0.7173 -0.5626
vn 0.3692 0.5733 -0.7314
vn 0.3692 0.5733 -0.7314
vn 0.3724 0.3414 -0.863
vn 0.3724 0.3414 -0.863
vn 0.449 0.126 -0.8846
vn 0.449 0.126 -0.8846
vn 0.0144 0.1387 -0.9902
vn 0.0144 0.1387 -0.9902
vn 0.0144 0.1387 -0.9902
vn 0.5326 0.0677 -0.8437
vn 0.5326 0.0677 -0.8437
vn 0.5326 0.0677 -0.8437
vn 0.7445 -0.6393 0.1925
vn 0.7445 -0.6393 0.1925
vn 0.3861 0.266 -0.8833
vn 0.3861 0.266 -0.8833
vn 0.922 -0.2128 -0.3236
vn 0.4329 0.556 -0.7096
vn 0.4329 0.556 -0.7096
vn 0.7605 0.4471 -0.4709
vn 0.7605 0.4471 -0.4709
vn 0.4029 -0.1155 -0.9079
vn 0.4029 -0.1155 -0.9079
vn 0.4029 -0.1155 -0.9079
vn 0.8108 -0.3769 0.4478
vn 0.8108 -0.3769 0.4478
vn 0.8108 -0.3769 0.4478
vn 0.478 0.049 0.877
vn 0.478 0.049 0.877
vn 0.478 0.049 0.877
vn 0.7298 0.3694 -0.5753
vn 0.7298 0.3694 -0.5753
vn 0.8982 -0.1745 0.4035
vn 0.8982 -0.1745 0.4035
vn 0.7396 0.4557 -0.4953
vn 0.7396 0.4557 -0.4953
vn 0.4566 -0.4017 -0.7938
vn 0.4566 -0.4017 -0.7938
vn 0.4623 -0.8122 -0.3559
vn 0.4623 -0.8122 -0.3559
vn 0.4824 -0.8724 -0.0791
vn 0.4824 -0.8724 -0.0791
vn 0.7436 0.3377 -0.5771
vn 0.7436 0.3377 -0.5771
vn 0.4651 -0.5792 0.6695
vn 0.4651 -0.5792 0.6695
vn 0.4557 -0.6453 -0.6131
vn 0.4557 -0.6453 -0.6131
vn 0.3739 -0.4041 -0.8348
vn 0.3739 -0.4041 -0.8348
vn 0.3721 -0.6695 -0.6429
vn 0.3721 -0.6695 -0.6429
vn 0.4699 -0.1293 -0.8732
vn 0.4699 -0.1293 -0.8732
vn 0.4699 -0.1293 -0.8732
vn 0.4129 -0.829 -0.3772
vn 0.4129 -0.829 -0.3772
vn 0.4819 -0.8722 -0.0841
vn 0.4819 -0.8722 -0.0841
vn 0.6128 -0.7808 0.122
vn 0.6128 -0.7808 0.122
vn 0.6128 -0.7808 0.122
vn 0.5631 -0.817 0.1239
vn 0.5631 -0.817 0.1239
vn 0.5631 -0.817 0.1239
vn 0.645 -0.7243 0.2437
vn 0.645 -0.7243 0.2437
vn 0.662 -0.6936 0.284
vn 0.662 -0.6936 0.284
vn 0.7634 0.4786 -0.4339
vn 0.7634 0.4786 -0.4339
vn 0.7755 0.5701 -0.2712
vn 0.7755 0.5701 -0.2712
vn 0.7755 0.5701 -0.2712
vn 0.8286 0.4743 -0.2975
vn 0.8286 0.4743 -0.2975
vn 0.8286 0.4743 -0.2975
vn 0.8671 0.3329 -0.3705
vn 0.8671 0.3329 -0.3705
vn 0.8544 -0.5114 -0.0922
vn 0.8309 0.2896 -0.4752
vn 0.8309 0.2896 -0.4752
vn 0.7873 0.2722 -0.5532
vn 0.7873 0.2722 -0.5532
vn 0.7873 0.2722 -0.5532
vn 0.823 -0.4557 -0.3391
vn 0.823 -0.4557 -0.3391
vn 0.7502 0.2605 -0.6078
vn 0.7502 0.2605 -0.6078
vn 0.7164 0.1298 -0.6855
vn 0.7164 0.1298 -0.6855
vn 0.727 -0.5212 -0.447
vn 0.6214 -0.3773 -0.6866
vn 0.6214 -0.3773 -0.6866
vn 0.6214 -0.3773 -0.6866
vn 0.5523 -0.1374 -0.8223
vn 0.7302 -0.3723 -0.573
vn 0.7302 -0.3723 -0.573
vn 0.3632 -0.2055 -0.9088
vn 0.0558 -0.9866 -0.1533
vn 0.0558 -0.9866 -0.1533
vn 0.1702 -0.984 0.0522
vn 0.1702 -0.984 0.0522
vn 0.5787 -0.5354 -0.6152
vn 0.5787 -0.5354 -0.6152
vn 0.5787 -0.5354 -0.6152
vn 0.041 -0.9886 -0.1445
vn 0.041 -0.9886 -0.1445
vn 0.1362 -0.9793 0.1498
vn 0.1362 -0.9793 0.1498
vn 0.8818 -0.0043 -0.4715
vn 0.8818 -0.0043 -0.4715
vn 0.8818 -0.0043 -0.4715
vn 0.1631 -0.9662 0.1997
vn 0.1631 -0.9662 0.1997
vn 0.8599 -0.0461 -0.5084
vn 0.8599 -0.0461 -0.5084
vn 0.1934 -0.9731 0.1254
vn 0.1934 -0.9731 0.1254
vn 0.1934 -0.9731 0.1254
vn 0.7103 -0.4637 -0.5295
vn 0.7103 -0.4637 -0.5295
vn 0.7103 -0.4637 -0.5295
vn 0.7397 -0.5991 -0.3066
vn 0.7397 -0.5991 -0.3066
vn 0.8015 -0.5072 -0.3167
vn 0.8015 -0.5072 -0.3167
vn 0.1336 -0.9556 0.2625
vn 0.1336 -0.9556 0.2625
vn -0.573 -0.6435 0.5076
vn 0.0208 -0.9839 0.1773
vn 0.0208 -0.9839 0.1773
vn 0.0208 -0.9839 0.1773
vn -0.1454 -0.8407 -0.5216
vn -0.1454 -0.8407 -0.5216
vn -0.1454 -0.8407 -0.5216
vn -0.5736 -0.6459 0.5039
vn -0.573 -0.6435 0.5076
vn 0.1533 -0.9462 0.2849
vn 0.1533 -0.9462 0.2849
vn 0.3161 -0.4494 -0.8355
vn 0.3161 -0.4494 -0.8355
vn 0.3161 -0.4494 -0.8355
vn 0.3071 -0.4553 -0.8357
vn 0.3071 -0.4553 -0.8357
vn 0.3071 -0.4553 -0.8357
vn 0.0585 -0.6442 -0.7626
vn 0.0585 -0.6442 -0.7626
vn -0.1241 -0.9875 -0.097
vn -0.1241 -0.9875 -0.097
vn 0.0302 -0.9881 0.1505
vn 0.0302 -0.9881 0.1505
vn 0.0302 -0.9881 0.1505
vn 0.0221 -0.8954 -0.4448
vn 0.0221 -0.8954 -0.4448
vn -0.1073 -0.8748 -0.4724
vn -0.1073 -0.8748 -0.4724
vn -0.0197 -0.9942 -0.1059
vn -0.0197 -0.9942 -0.1059
vn 0.5944 -0.7728 -0.2222
vn 0.4383 -0.8705 -0.2237
vn 0.3235 -0.5151 0.7937
vn 0.3235 -0.5151 0.7937
vn 0.529 -0.4666 0.7088
vn 0.529 -0.4666 0.7088
vn 0.529 -0.4666 0.7088
vn 0.171 -0.6904 -0.7029
vn 0.171 -0.6904 -0.7029
vn 0.3812 -0.4172 -0.825
vn 0.3812 -0.4172 -0.825
vn 0.3812 -0.4172 -0.825
vn 0.821 -0.1676 -0.5457
vn 0.821 -0.1676 -0.5457
vn 0.821 -0.1676 -0.5457
vn 0.8741 -0.1012 -0.4751
vn 0.8741 -0.1012 -0.4751
vn 0.52 -0.6804 0.5164
vn 0.52 -0.6804 0.5164
vn 0.6431 -0.3168 -0.6972
vn 0.6431 -0.3168 -0.6972
vn 0.6139 -0.1959 -0.7647
vn 0.6139 -0.1959 -0.7647
vn 0.3952 -0.4022 -0.8259
vn 0.3952 -0.4022 -0.8259
vn 0.3952 -0.4022 -0.8259
vn 0.5314 -0.8458 -0.0477
vn 0.3194 -0.5082 -0.7998
vn 0.3194 -0.5082 -0.7998
vn 0.826 -0.1495 -0.5434
vn 0.826 -0.1495 -0.5434
vn 0.826 -0.1495 -0.5434
vn 0.6234 0.599 -0.5025
vn 0.8954 -0.1608 -0.4151
vn 0.8954 -0.1608 -0.4151
vn 0.6234 0.599 -0.5025
vn 0.8957 -0.0831 -0.4369
vn 0.8957 -0.0831 -0.4369
vn 0.9086 -0.0784 -0.4102
vn 0.9086 -0.0784 -0.4102
vn 0.6234 0.599 -0.5025
vn 0.9164 -0.1546 -0.3692
vn 0.9164 -0.1546 -0.3692
vn 0.9574 -0.0635 -0.2817
vn 0.9574 -0.0635 -0.2817
vn 0.9574 -0.0635 -0.2817
vn 0.954 -0.0659 -0.2923
vn 0.954 -0.0659 -0.2923
vn 0.954 -0.0659 -0.2923
vn 0.9981 0.062 0.0003
vn 0.9981 0.062 0.0003
vn 0.954 -0.0661 0.2926
vn 0.954 -0.0661 0.2926
vn 0.954 -0.0661 0.2926
vn 0.997 -0.0776 -0.0008
vn 0.997 -0.0776 -0.0008
vn 0.9572 -0.0641 0.2823
vn 0.9572 -0.0641 0.2823
vn 0.9572 -0.0641 0.2823
vn 0.0336 -0.9643 -0.2628
vn 0.0336 -0.9643 -0.2628
vn 0.0336 -0.9643 -0.2628
vn 0.0796 -0.9445 -0.3187
vn -0.5729 -0.6458 -0.5047
vn 0.0796 -0.9445 -0.3187
vn 0.2557 -0.9664 0.0273
vn 0.2557 -0.9664 0.0273
vn -0.0015 -0.9999 0.0128
vn -0.0015 -0.9999 0.0128
vn 0.2087 -0.9478 -0.2411
vn 0.2087 -0.9478 -0.2411
vn 0.2087 -0.9478 -0.2411
vn 0.0436 -0.9622 0.269
vn 0.0436 -0.9622 0.269
vn 0.0436 -0.9622 0.269
vn -0.5736 -0.6459 0.5039
vn 0.0798 -0.9447 0.318
vn 0.0798 -0.9447 0.318
vn 0.1996 -0.9531 0.2276
vn 0.1996 -0.9531 0.2276
vn 0.1996 -0.9531 0.2276
vn 0.068 -0.9538 0.2926
vn 0.068 -0.9538 0.2926
vn -0.573 -0.6435 0.5076
vn -0.5736 -0.6459 0.5039
vn 0.1536 -0.946 -0.2855
vn 0.1536 -0.946 -0.2855
vn -0.5729 -0.6458 -0.5047
vn -0.5724 -0.6437 -0.5078
vn 0.8544 -0.5114 0.092
vn 0.8671 0.3331 0.3705
vn 0.8671 0.3331 0.3705
vn 0.8269 0.4769 0.2979
vn 0.8269 0.4769 0.2979
vn 0.8269 0.4769 0.2979
vn 0.7105 -0.4632 0.5297
vn 0.7105 -0.4632 0.5297
vn 0.7105 -0.4632 0.5297
vn 0.8016 -0.507 0.3167
vn 0.8016 -0.507 0.3167
vn 0.7398 -0.599 0.3063
vn 0.7398 -0.599 0.3063
vn 0.8231 -0.4556 0.339
vn 0.8231 -0.4556 0.339
vn 0.8308 0.2893 0.4754
vn 0.8308 0.2893 0.4754
vn 0.7881 0.2711 0.5526
vn 0.7881 0.2711 0.5526
vn 0.7881 0.2711 0.5526
vn 0.7283 0.3699 0.5769
vn 0.7283 0.3699 0.5769
vn 0.7492 0.2611 0.6087
vn 0.7492 0.2611 0.6087
vn 0.7437 0.3366 0.5777
vn 0.7437 0.3366 0.5777
vn 0.7164 0.1299 0.6855
vn 0.7164 0.1299 0.6855
vn 0.727 -0.5213 0.4469
vn 0.6215 -0.3775 0.6865
vn 0.6215 -0.3775 0.6865
vn 0.6215 -0.3775 0.6865
vn 0.7303 -0.3722 0.5729
vn 0.7303 -0.3722 0.5729
vn 0.3529 -0.2246 0.9083
vn 0.0564 -0.9866 0.1532
vn 0.0564 -0.9866 0.1532
vn 0.5519 -0.1373 0.8225
vn 0.8171 -0.1258 0.5626
vn 0.6661 -0.0164 0.7457
vn 0.6661 -0.0164 0.7457
vn 0.6661 -0.0164 0.7457
vn 0.7088 0.0393 0.7043
vn 0.7088 0.0393 0.7043
vn 0.7088 0.0393 0.7043
vn 0.7477 -0.3156 0.5842
vn 0.7477 -0.3156 0.5842
vn 0.7477 -0.3156 0.5842
vn 0.5506 -0.8244 -0.1308
vn 0.5506 -0.8244 -0.1308
vn 0.5506 -0.8244 -0.1308
vn 0.5507 -0.8337 0.0406
vn 0.5507 -0.8337 0.0406
vn 0.6032 -0.7973 -0.0212
vn 0.6032 -0.7973 -0.0212
vn 0.6032 -0.7973 -0.0212
vn 0.8932 -0.2621 -0.3653
vn 0.8932 -0.2621 -0.3653
vn 0.8932 -0.2621 -0.3653
vn 0.8927 -0.0469 0.4482
vn 0.8927 -0.0469 0.4482
vn 0.5857 -0.8014 -0.1216
vn 0.5857 -0.8014 -0.1216
vn 0.5857 -0.8014 -0.1216
vn 0.6518 -0.7087 -0.27
vn 0.6518 -0.7087 -0.27
vn 0.6294 -0.713 -0.3089
vn 0.6294 -0.713 -0.3089
vn 0.413 -0.4888 -0.7685
vn 0.413 -0.4888 -0.7685
vn 0.7653 -0.5119 -0.3902
vn 0.7653 -0.5119 -0.3902
vn 0.8517 -0.3324 -0.4052
vn 0.8517 -0.3324 -0.4052
vn 0.8517 -0.3324 -0.4052
vn 0.8985 -0.1745 -0.4029
vn 0.8985 -0.1745 -0.4029
vn 0.9234 0.0627 -0.3787
vn 0.9234 0.0627 -0.3787
vn 0.9234 0.0627 -0.3787
vn 0.5101 0.7774 0.3681
vn 0.5101 0.7774 0.3681
vn 0.7641 0.6306 -0.1358
vn 0.7641 0.6306 -0.1358
vn 0.8673 0.3779 -0.3239
vn 0.8673 0.3779 -0.3239
vn 0.6392 0.761 0.1106
vn 0.6392 0.761 0.1106
vn 0.4558 0.6862 0.5669
vn 0.4558 0.6862 0.5669
vn 0.4558 0.6862 0.5669
vn -0.1895 0.9341 0.3027
vn -0.1895 0.9341 0.3027
vn -0.1895 0.9341 0.3027
vn 0.4925 0.5366 0.6852
vn 0.4925 0.5366 0.6852
vn 0.6499 0.2288 0.7248
vn 0.7839 -0.5789 0.2244
vn 0.7839 -0.5789 0.2244
vn 0.8975 -0.4132 0.1541
vn 0.8975 -0.4132 0.1541
vn 0.8975 -0.4132 0.1541
vn 0.9255 -0.3787 -0.0043
vn 0.9255 -0.3787 -0.0043
vn 0.9255 -0.3787 -0.0043
vn 0.9451 -0.2671 -0.1881
vn 0.9451 -0.2671 -0.1881
vn 0.9427 -0.0116 -0.3334
vn 0.9427 -0.0116 -0.3334
vn 0.1726 0.6662 0.7255
vn 0.1726 0.6662 0.7255
vn 0.1487 0.8004 0.5808
vn 0.1487 0.8004 0.5808
vn 0.1487 0.8004 0.5808
vn 0.1697 -0.9841 -0.053
vn 0.1697 -0.9841 -0.053
vn 0.1362 -0.9792 -0.1502
vn 0.1362 -0.9792 -0.1502
vn 0.0449 -0.957 0.2866
vn 0.0449 -0.957 0.2866
vn 0.7903 0.0889 0.6063
vn 0.7903 0.0889 0.6063
vn 0.7903 0.0889 0.6063
vn 0.8599 -0.0462 0.5083
vn 0.8599 -0.0462 0.5083
vn 0.4848 -0.5057 0.7136
vn 0.4848 -0.5057 0.7136
vn 0.4848 -0.5057 0.7136
vn 0.3046 -0.3197 0.8972
vn 0.3046 -0.3197 0.8972
vn 0.1127 -0.2902 0.9503
vn 0.1127 -0.2902 0.9503
vn 0.2175 -0.2982 0.9294
vn 0.2175 -0.2982 0.9294
vn 0.025 -0.4069 0.9131
vn 0.3458 -0.3386 0.8751
vn 0.3458 -0.3386 0.8751
vn 0.341 -0.5147 0.7867
vn 0.341 -0.5147 0.7867
vn 0.2693 -0.6459 0.7143
vn 0.2693 -0.6459 0.7143
vn 0.2693 -0.6459 0.7143
vn 0.7466 -0.0914 0.659
vn 0.7466 -0.0914 0.659
vn 0.477 -0.5505 0.6851
vn 0.477 -0.5505 0.6851
vn 0.7733 -0.1325 0.62
vn 0.7733 -0.1325 0.62
vn 0.8841 -0.0113 0.4671
vn 0.8841 -0.0113 0.4671
vn 0.8841 -0.0113 0.4671
vn 0.8711 -0.0061 0.4911
vn 0.8711 -0.0061 0.4911
vn 0.8711 -0.0061 0.4911
vn 0.5195 -0.7879 0.3308
vn 0.5195 -0.7879 0.3308
vn 0.5195 -0.7879 0.3308
vn 0.5781 -0.7781 0.2457
vn 0.5781 -0.7781 0.2457
vn 0.6253 -0.587 -0.5143
vn 0.6253 -0.587 -0.5143
vn 0.6253 -0.587 -0.5143
vn 0.9709 0.0478 0.2346
vn 0.9709 0.0478 0.2346
vn -0.6452 -0.6776 -0.3531
vn -0.6452 -0.6776 -0.3531
vn -0.6452 -0.6776 -0.3531
vn 0.458 -0.729 -0.5087
vn 0.458 -0.729 -0.5087
vn 0.3239 -0.5155 -0.7933
vn 0.3239 -0.5155 -0.7933
vn 0.2574 -0.8187 -0.5133
vn 0.2574 -0.8187 -0.5133
vn 0.2574 -0.8187 -0.5133
vn 0.5209 -0.6811 -0.5146
vn 0.5209 -0.6811 -0.5146
vn 0.3872 -0.7641 -0.5159
vn 0.3872 -0.7641 -0.5159
vn 0.5046 -0.7976 0.3304
vn 0.5046 -0.7976 0.3304
vn 0.4502 -0.8584 0.246
vn 0.4502 -0.8584 0.246
vn -0.2175 -0.7539 0.6199
vn -0.2175 -0.7539 0.6199
vn -0.4513 -0.8695 0.2008
vn -0.4513 -0.8695 0.2008
vn -0.3435 -0.7737 0.5324
vn -0.3435 -0.7737 0.5324
vn -0.3435 -0.7737 0.5324
vn -0.4151 -0.7957 0.4411
vn -0.4151 -0.7957 0.4411
vn -0.4151 -0.7957 0.4411
vn -0.3639 -0.8968 0.2517
vn -0.3639 -0.8968 0.2517
vn -0.3779 -0.7948 0.4749
vn -0.3779 -0.7948 0.4749
vn -0.3779 -0.7948 0.4749
vn -0.2528 -0.963 -0.0932
vn -0.2528 -0.963 -0.0932
vn -0.3655 -0.9171 -0.1591
vn -0.3655 -0.9171 -0.1591
vn 0.8004 -0.5656 -0.1986
vn 0.8004 -0.5656 -0.1986
vn 0.2245 -0.65 -0.726
vn 0.2245 -0.65 -0.726
vn 0.2245 -0.65 -0.726
vn 0.7932 -0.5961 -0.1242
vn 0.7932 -0.5961 -0.1242
vn 0.7932 -0.5961 -0.1242
vn 0.1047 -0.8394 0.5333
vn 0.1047 -0.8394 0.5333
vn 0.1047 -0.8394 0.5333
vn 0.2774 -0.4749 0.8352
vn 0.2774 -0.4749 0.8352
vn 0.2774 -0.4749 0.8352
vn 0.8204 -0.2341 0.5216
vn 0.8204 -0.2341 0.5216
vn 0.8204 -0.2341 0.5216
vn 0.8233 -0.5476 -0.1493
vn 0.8233 -0.5476 -0.1493
vn -0.0413 -0.9285 -0.3689
vn -0.0413 -0.9285 -0.3689
vn 0.4382 -0.8707 0.2233
vn 0.1318 -0.8032 -0.581
vn 0.1318 -0.8032 -0.581
vn 0.797 -0.4101 0.4434
vn 0.797 -0.4101 0.4434
vn 0.9035 -0.4154 0.1054
vn 0.9035 -0.4154 0.1054
vn 0.5941 -0.7724 0.2244
vn -0.2876 -0.8317 0.4749
vn -0.2876 -0.8317 0.4749
vn 0.8773 -0.4554 -0.1514
vn 0.8773 -0.4554 -0.1514
vn 0.8773 -0.4554 -0.1514
vn 0.3801 -0.4176 0.8253
vn 0.3801 -0.4176 0.8253
vn 0.3801 -0.4176 0.8253
vn -0.204 -0.813 0.5454
vn -0.204 -0.813 0.5454
vn -0.204 -0.813 0.5454
vn 0.5481 -0.4519 0.7038
vn 0.5481 -0.4519 0.7038
vn 0.0058 -0.7173 0.6968
vn 0.0058 -0.7173 0.6968
vn 0.2108 -0.5247 0.8248
vn 0.2108 -0.5247 0.8248
vn 0.2108 -0.5247 0.8248
vn 0.191 -0.53 0.8262
vn 0.191 -0.53 0.8262
vn 0.191 -0.53 0.8262
vn 0.3194 -0.5085 0.7997
vn 0.3194 -0.5085 0.7997
vn 0.3947 -0.4022 0.8261
vn 0.3947 -0.4022 0.8261
vn 0.3947 -0.4022 0.8261
vn 0.5314 -0.8458 0.0475
vn -0.8101 -0.3017 0.5026
vn -0.2437 -0.8767 0.4147
vn -0.2437 -0.8767 0.4147
vn 0.6297 0.5961 0.4981
vn 0.8258 -0.1503 0.5436
vn 0.8258 -0.1503 0.5436
vn 0.8258 -0.1503 0.5436
vn -0.3537 -0.8886 0.292
vn -0.3537 -0.8886 0.292
vn -0.3537 -0.8886 0.292
vn 0.9165 -0.1547 0.369
vn 0.9165 -0.1547 0.369
vn 0.6199 0.6005 0.5051
vn -0.2581 -0.8928 0.3691
vn -0.2581 -0.8928 0.3691
vn 0.8955 -0.1608 0.415
vn 0.8955 -0.1608 0.415
vn 0.6232 0.5989 0.503
vn 0.6199 0.6005 0.5051
vn -0.2225 -0.8094 0.5434
vn -0.2225 -0.8094 0.5434
vn -0.2225 -0.8094 0.5434
vn -0.09 -0.6373 0.7654
vn -0.09 -0.6373 0.7654
vn 0.8957 -0.083 0.4369
vn 0.6232 0.5989 0.503
vn 0.8957 -0.083 0.4369
vn 0.6297 0.5961 0.4981
vn 0.8742 -0.1018 0.4747
vn 0.8742 -0.1018 0.4747
vn 0.9088 -0.0789 0.4098
vn 0.9088 -0.0789 0.4098
vn 0.6232 0.5989 0.503
vn 0.6199 0.6005 0.5051
vn -0.5724 -0.6437 -0.5078
vn -0.5729 -0.6458 -0.5047
vn 0.0684 -0.9537 -0.2929
vn 0.0684 -0.9537 -0.2929
vn 0.0277 -0.9877 -0.1536
vn 0.0277 -0.9877 -0.1536
vn 0.0277 -0.9877 -0.1536
vn 0.0188 -0.9839 -0.178
vn 0.0188 -0.9839 -0.178
vn 0.0188 -0.9839 -0.178
vn -0.5724 -0.6437 -0.5078
vn 0.1351 -0.9553 -0.2631
vn 0.1351 -0.9553 -0.2631
vn -0.1249 -0.9875 0.0967
vn -0.1249 -0.9875 0.0967
vn -0.1101 -0.8742 0.4728
vn -0.1101 -0.8742 0.4728
vn 0.3166 -0.4497 0.8352
vn 0.3166 -0.4497 0.8352
vn 0.3166 -0.4497 0.8352
vn 0.3078 -0.4556 0.8353
vn 0.3078 -0.4556 0.8353
vn 0.3078 -0.4556 0.8353
vn -0.1449 -0.8409 0.5214
vn -0.1449 -0.8409 0.5214
vn -0.1449 -0.8409 0.5214
vn 0.0589 -0.6454 0.7616
vn 0.0589 -0.6454 0.7616
vn 0.0227 -0.8967 0.4421
vn 0.0227 -0.8967 0.4421
vn 0.171 -0.6914 0.7019
vn 0.171 -0.6914 0.7019
vn -0.0173 -0.9944 0.104
vn -0.0173 -0.9944 0.104
vn 0.1631 -0.9662 -0.1995
vn 0.1631 -0.9662 -0.1995
vn 0.1939 -0.973 -0.1254
vn 0.1939 -0.973 -0.1254
vn 0.1939 -0.973 -0.1254
vn 0.5292 -0.4689 -0.7071
vn 0.5292 -0.4689 -0.7071
vn 0.5292 -0.4689 -0.7071
vn 0.9679 -0.0599 0.2441
vn 0.9679 -0.0599 0.2441
vn 0.9765 -0.1931 -0.0953
vn 0.9765 -0.1931 -0.0953
vn 0.8235 -0.3992 -0.4031
vn 0.8235 -0.3992 -0.4031
vn 0.9847 -0.0693 -0.1597
vn 0.9847 -0.0693 -0.1597
vn 0.8264 -0.3238 -0.4607
vn 0.8264 -0.3238 -0.4607
vn 0.8216 -0.1672 0.545
vn 0.8216 -0.1672 0.545
vn 0.6297 0.5961 0.4981
vn 0.6145 -0.1988 0.7634
vn 0.6145 -0.1988 0.7634
vn 0.6437 -0.3198 0.6953
vn 0.6437 -0.3198 0.6953
vn -0.3573 -0.8914 0.2789
vn -0.3573 -0.8914 0.2789
vn -0.3573 -0.8914 0.2789
vn -0.8101 -0.3017 0.5026
vn -0.3234 -0.8527 0.4102
vn -0.3234 -0.8527 0.4102
vn 0.8307 0.2354 -0.5046
vn 0.8168 -0.4815 -0.3179
vn 0.8168 -0.4815 -0.3179
vn 0.8295 -0.4759 -0.2922
vn 0.8283 0.2359 -0.5082
vn 0.8307 0.2354 -0.5046
vn 0.8295 -0.4759 -0.2922
vn -0.314 -0.843 0.4367
vn -0.8101 -0.3017 0.5026
vn -0.314 -0.843 0.4367
vn 0.8782 -0.4443 -0.1772
vn 0.8782 -0.4443 -0.1772
vn 0.8782 -0.4443 -0.1772
vn 0.7855 -0.5491 -0.2853
vn 0.7855 -0.5491 -0.2853
vn 0.8283 0.2359 -0.5082
vn 0.8307 0.2354 -0.5046
vn 0.8283 0.2359 -0.5082
vn 0.8018 -0.5365 -0.2632
vn 0.8018 -0.5365 -0.2632
vn 0.7614 -0.6022 -0.24
vn 0.7614 -0.6022 -0.24
vn 0.7614 -0.6022 -0.24
vn 0.0906 -0.9916 0.0921
vn 0.0907 -0.9916 -0.0923
vn -0.6758 -0.6373 0.3704
vn -0.6758 -0.6373 0.3704
vn -0.5777 -0.6112 0.541
vn -0.5777 -0.6112 0.541
vn -0.5777 -0.6112 0.541
vn 0.1044 -0.9438 0.3135
vn 0.1044 -0.9438 0.3135
vn -0.6211 -0.6236 0.4748
vn -0.6211 -0.6236 0.4748
vn 0.2197 -0.9261 0.3065
vn 0.2197 -0.9261 0.3065
vn -0.7867 -0.541 0.2973
vn -0.7867 -0.541 0.2973
vn -0.7867 -0.541 0.2973
vn -0.923 -0.3847 -0.0009
vn -0.7877 -0.5393 -0.2977
vn -0.7877 -0.5393 -0.2977
vn -0.7877 -0.5393 -0.2977
vn -0.7622 -0.4811 0.4332
vn -0.7622 -0.4811 0.4332
vn -0.8497 -0.4508 0.2735
vn -0.8497 -0.4508 0.2735
vn -0.8497 -0.4508 0.2735
vn 0.3134 -0.9146 0.2556
vn 0.3134 -0.9146 0.2556
vn 0.3134 -0.9146 0.2556
vn 0.3161 -0.914 -0.2542
vn 0.3161 -0.914 -0.2542
vn 0.3161 -0.914 -0.2542
vn -0.8829 -0.4694 0.0139
vn -0.8829 -0.4694 0.0139
vn 0.3385 -0.897 -0.2843
vn 0.3385 -0.897 -0.2843
vn 0.2547 -0.9476 -0.1926
vn 0.2547 -0.9476 -0.1926
vn 0.2232 -0.9432 -0.2462
vn 0.2232 -0.9432 -0.2462
vn 0.3742 -0.8947 -0.2439
vn 0.3742 -0.8947 -0.2439
vn -0.7327 -0.492 0.4702
vn -0.7327 -0.492 0.4702
vn 0.4389 -0.8904 -0.121
vn 0.4389 -0.8904 -0.121
vn 0.4389 -0.8904 -0.121
vn 0.4895 -0.8633 -0.1232
vn 0.4895 -0.8633 -0.1232
vn 0.4895 -0.8633 -0.1232
vn 0.5774 -0.812 0.0854
vn 0.5774 -0.812 0.0854
vn 0.5822 -0.8094 0.0774
vn 0.5822 -0.8094 0.0774
vn -0.208 -0.9223 0.3256
vn 0.5314 -0.7692 0.3549
vn 0.5314 -0.7692 0.3549
vn 0.3865 -0.6908 0.6111
vn 0.3865 -0.6908 0.6111
vn 0.4474 -0.6242 0.6405
vn 0.4474 -0.6242 0.6405
vn 0.5704 -0.7312 0.3741
vn 0.5704 -0.7312 0.3741
vn 0.2083 -0.51 0.8346
vn 0.2083 -0.51 0.8346
vn -0.0845 -0.48 0.8732
vn -0.0845 -0.48 0.8732
vn -0.0845 -0.48 0.8732
vn -0.0704 -0.4138 0.9077
vn -0.0704 -0.4138 0.9077
vn -0.0704 -0.4138 0.9077
vn 0.1663 -0.5884 0.7913
vn 0.1663 -0.5884 0.7913
vn -0.2806 -0.4487 0.8485
vn -0.2806 -0.4487 0.8485
vn -0.2806 -0.4487 0.8485
vn -0.1332 0.0313 0.9906
vn -0.1332 0.0313 0.9906
vn -0.1332 0.0313 0.9906
vn -0.3112 -0.3451 0.8855
vn -0.3112 -0.3451 0.8855
vn -0.8299 -0.1272 0.5432
vn -0.8299 -0.1272 0.5432
vn -0.8299 -0.1272 0.5432
vn -0.4726 -0.1843 0.8618
vn -0.4726 -0.1843 0.8618
vn -0.5669 -0.8168 0.1072
vn -0.8952 -0.0942 0.4355
vn -0.8952 -0.0942 0.4355
vn -0.567 -0.8167 -0.1073
vn -0.9562 0.0195 0.292
vn -0.9562 0.0195 0.292
vn -0.9562 0.0195 0.292
vn 0.0517 -0.9987 -0.0015
vn 0.0517 -0.9987 -0.0015
vn -0.9263 -0.08 0.3681
vn -0.9263 -0.08 0.3681
vn 0.1253 -0.9659 -0.2267
vn 0.1253 -0.9659 -0.2267
vn 0.1253 -0.9659 -0.2267
vn 0.3386 -0.9409 -0.0013
vn 0.3386 -0.9409 -0.0013
vn -0.9067 0.035 0.4202
vn -0.9067 0.035 0.4202
vn -0.9566 0.0529 0.2864
vn -0.9566 0.0529 0.2864
vn -0.9566 0.0529 0.2864
vn -0.1874 -0.9419 -0.2788
vn -0.1874 -0.9419 -0.2788
vn -0.9992 0.0395 0.0008
vn -0.9992 0.0395 0.0008
vn -0.1465 -0.9535 0.2634
vn -0.1465 -0.9535 0.2634
vn -0.1465 -0.9535 0.2634
vn -0.1457 -0.9537 -0.263
vn -0.1457 -0.9537 -0.263
vn -0.1457 -0.9537 -0.263
vn -0.3259 -0.9126 -0.247
vn -0.3259 -0.9126 -0.247
vn -0.3259 -0.9126 -0.247
vn -0.0942 -0.9956 0.0004
vn -0.0942 -0.9956 0.0004
vn -0.498 -0.8608 0.1051
vn -0.498 -0.8608 0.1051
vn -0.83 -0.5419 -0.1319
vn -0.2947 -0.9282 0.227
vn -0.2947 -0.9282 0.227
vn -0.2947 -0.9282 0.227
vn -0.1874 -0.9418 0.2789
vn -0.1874 -0.9418 0.2789
vn -0.2359 -0.9408 0.2433
vn -0.2359 -0.9408 0.2433
vn -0.1601 -0.9633 0.2155
vn -0.1601 -0.9633 0.2155
vn -0.2209 -0.9591 0.1772
vn -0.2209 -0.9591 0.1772
vn -0.2853 -0.3538 -0.8907
vn -0.2853 -0.3538 -0.8907
vn -0.2853 -0.3538 -0.8907
vn -0.0953 -0.9942 0.0494
vn -0.0953 -0.9942 0.0494
vn -0.0953 -0.9942 0.0494
vn -0.6039 -0.5486 -0.5783
vn -0.6039 -0.5486 -0.5783
vn -0.6039 -0.5486 -0.5783
vn -0.0778 -0.9966 0.0276
vn -0.0778 -0.9966 0.0276
vn -0.0778 -0.9966 0.0276
vn -0.875 0.0156 -0.4839
vn -0.875 0.0156 -0.4839
vn -0.5791 -0.7231 -0.3764
vn 0.0165 -0.9719 -0.2349
vn 0.0165 -0.9719 -0.2349
vn 0.0687 -0.9663 -0.248
vn 0.0687 -0.9663 -0.248
vn -0.0233 -0.8248 -0.5649
vn -0.0233 -0.8248 -0.5649
vn 0.0664 -0.8102 -0.5824
vn 0.0664 -0.8102 -0.5824
vn -0.0561 -0.5621 -0.8251
vn -0.0561 -0.5621 -0.8251
vn -0.1438 -0.5899 -0.7946
vn -0.1438 -0.5899 -0.7946
vn -0.2435 -0.3297 -0.9121
vn -0.2435 -0.3297 -0.9121
vn -0.2435 -0.3297 -0.9121
vn 0.5919 -0.8018 -0.0822
vn -0.097 -0.9405 -0.3258
vn -0.097 -0.9405 -0.3258
vn 0.0699 -0.8431 -0.5332
vn 0.0699 -0.8431 -0.5332
vn 0.0699 -0.8431 -0.5332
vn 0.5862 -0.8093 -0.0383
vn 0 -1 0
vn 0.1118 -0.6242 0.7732
vn 0.3021 -0.1132 -0.9465
vn 0.3021 -0.1132 -0.9465
vn -0.1279 -0.9141 -0.3848
vn -0.1279 -0.9141 -0.3848
vn -0.1279 -0.9141 -0.3848
vn 0.5919 -0.8018 -0.0822
vn 0.5915 -0.8021 -0.0828
vn 0 1 0
vn 0 1 0
vn 0 -1 0
vn 0 -0.5578 0.83
vn 0.8258 -0.5611 -0.0573
vn -0.5626 0.8003 0.2076
vn 0.1118 -0.6242 0.7732
vn 0.022 -0.5304 0.8474
vn 0.5862 -0.8093 -0.0383
vn 0.5849 -0.8104 -0.0334
vn 0.5862 -0.8093 -0.0383
vn -0.5616 0.8274 -0.0051
vn -0.5476 0.8365 0.019
vn 0.3971 -0.4962 0.772
vn 0.3971 -0.4962 0.772
vn 0 1 0
vn 0 1 0
vn 0 -1 0
vn 0 0.9775 0.211
vn 0.1118 -0.6242 0.7732
vn 0.0971 -0.6083 0.7877
vn -0.5781 0.8142 0.0538
vn -0.3578 -0.0499 0.9324
vn -0.3578 -0.0499 0.9324
vn -0.3913 -0.0919 0.9157
vn -0.3913 -0.0919 0.9157
vn 0 1 0
vn 0 1 0
vn 0 1 0
vn 0 1 0
vn 0 1 0
vn 0 1 0
vn 0 1 0
vn 0 1 0
vn 0.5915 -0.8021 -0.0828
vn -0.2739 -0.8396 -0.4691
vn -0.2739 -0.8396 -0.4691
vn -0.0952 -0.9747 -0.2021
vn -0.0952 -0.9747 -0.2021
vn 0.5915 -0.8021 -0.0828
vn 0.5919 -0.8018 -0.0822
vn -0.7652 -0.4834 -0.4252
vn -0.7652 -0.4834 -0.4252
vn -0.7536 -0.4726 -0.457
vn -0.7536 -0.4726 -0.457
vn -0.5366 -0.3081 -0.7856
vn -0.79 -0.3469 -0.5056
vn -0.79 -0.3469 -0.5056
vn -0.79 -0.3469 -0.5056
vn -0.79 -0.3469 -0.5056
vn -0.8697 -0.4101 -0.2746
vn -0.8697 -0.4101 -0.2746
vn -0.6533 -0.232 -0.7207
vn -0.6533 -0.232 -0.7207
vn -0.7157 0.1566 -0.6806
vn -0.9688 -0.1469 0.1998
vn -0.9688 -0.1469 0.1998
vn -0.5051 -0.1234 -0.8542
vn -0.5051 -0.1234 -0.8542
vn -0.3944 0.0005 -0.9189
vn -0.3944 0.0005 -0.9189
vn -0.503 0.3403 -0.7944
vn -0.3872 0.4511 -0.8041
vn -0.2964 0.0827 -0.9515
vn -0.2964 0.0827 -0.9515
vn -0.7194 0.5607 -0.41
vn -0.5862 0.6666 -0.4604
vn -0.515 0.7259 -0.4558
vn -0.532 0.8467 0.0004
vn -0.6004 0.7915 -0.1145
vn -0.5604 0.8188 -0.1242
vn -0.5322 0.8466 0
vn -0.5324 0.8465 -0.0001
vn -0.532 0.8467 0.0004
vn -0.5322 0.8466 0
vn -0.6309 0.7724 -0.0738
vn -0.6309 0.7724 -0.0738
vn -0.532 0.8467 0.0004
vn -0.5332 0.846 -0.0003
vn -0.8736 0.4655 -0.1416
vn -0.6396 0.7677 -0.0382
vn -0.5332 0.846 -0.0003
vn -0.7759 0.5635 -0.2835
vn -0.7759 0.5635 -0.2835
vn -0.4716 0.1565 -0.8678
vn -0.4716 0.1565 -0.8678
vn -0.4136 0.4581 -0.7868
vn -0.4136 0.4581 -0.7868
vn -0.9703 -0.027 -0.2403
vn -0.993 -0.0405 -0.1107
vn -0.8878 -0.44 -0.1352
vn -0.8878 -0.44 -0.1352
vn -0.83 -0.542 0.1318
vn -0.8946 -0.4309 0.1185
vn -0.8946 -0.4309 0.1185
vn -0.367 -0.9302 0
vn -0.367 -0.9302 0
vn -0.4367 -0.8951 -0.0901
vn -0.4367 -0.8951 -0.0901
vn -0.9991 -0.0426 0
vn -0.8886 0.4587 0
vn -0.0725 -0.9955 0.0608
vn -0.0725 -0.9955 0.0608
vn -0.885 0.4611 -0.0647
vn -0.8697 -0.4102 0.2746
vn -0.8697 -0.4102 0.2746
vn -0.7896 -0.3472 0.5059
vn -0.7896 -0.3472 0.5059
vn -0.7896 -0.3472 0.5059
vn -0.7896 -0.3472 0.5059
vn -0.7535 -0.4725 0.457
vn -0.7535 -0.4725 0.457
vn -0.7652 -0.4833 0.4253
vn -0.7652 -0.4833 0.4253
vn -0.2734 -0.8395 0.4696
vn -0.2734 -0.8395 0.4696
vn 0.5914 -0.8021 0.0829
vn -0.1278 -0.9142 0.3847
vn -0.1278 -0.9142 0.3847
vn -0.1278 -0.9142 0.3847
vn 0.5914 -0.8021 0.0829
vn 0.5914 -0.8021 0.0829
vn -0.0978 -0.9745 0.202
vn -0.0978 -0.9745 0.202
vn -0.0978 -0.9745 0.202
vn -0.5572 -0.4306 0.71
vn -0.5572 -0.4306 0.71
vn -0.5572 -0.4306 0.71
vn -0.0959 -0.9405 0.3259
vn -0.0959 -0.9405 0.3259
vn -0.945 0.1386 0.2963
vn -0.945 0.1386 0.2963
vn -0.836 0.2473 0.4899
vn -0.836 0.2473 0.4899
vn -0.836 0.2473 0.4899
vn -0.783 0.2181 0.5825
vn -0.783 0.2181 0.5825
vn -0.783 0.2181 0.5825
vn -0.6744 0.1397 0.725
vn -0.6744 0.1397 0.725
vn -0.8571 0.263 0.4428
vn -0.8571 0.263 0.4428
vn -0.8571 0.263 0.4428
vn -0.9486 0.2211 0.2266
vn -0.9486 0.2211 0.2266
vn -0.6612 -0.5742 0.4827
vn -0.6612 -0.5742 0.4827
vn -0.6165 -0.7075 -0.3454
vn -0.6165 -0.7075 -0.3454
vn -0.6165 -0.7075 -0.3454
vn -0.011 -0.988 0.1538
vn -0.011 -0.988 0.1538
vn -0.011 -0.988 0.1538
vn -0.4878 -0.4868 0.7246
vn -0.7966 -0.4819 -0.3649
vn -0.7966 -0.4819 -0.3649
vn -0.7966 -0.4819 -0.3649
vn -0.6646 -0.4436 -0.6013
vn -0.6646 -0.4436 -0.6013
vn -0.6646 -0.4436 -0.6013
vn -0.9312 -0.1978 -0.3061
vn -0.9312 -0.1978 -0.3061
vn -0.6079 -0.6299 -0.4834
vn -0.6079 -0.6299 -0.4834
vn -0.6079 -0.6299 -0.4834
vn -0.9953 0.0747 -0.0619
vn -0.9953 0.0747 -0.0619
vn -0.9995 -0.0295 0.0145
vn -0.9995 -0.0295 0.0145
vn -0.9394 -0.2765 -0.2025
vn -0.9394 -0.2765 -0.2025
vn -0.5786 -0.7226 0.3782
vn -0.4437 -0.8624 -0.2438
vn -0.4437 -0.8624 -0.2438
vn -0.2277 -0.9681 -0.1047
vn -0.2277 -0.9681 -0.1047
vn -0.1755 -0.9672 -0.1837
vn -0.1755 -0.9672 -0.1837
vn -0.397 -0.8537 -0.3371
vn -0.397 -0.8537 -0.3371
vn -0.0543 -0.9985 -0.0062
vn -0.0543 -0.9985 -0.0062
vn -0.0543 -0.9985 -0.0062
vn -0.0574 -0.9983 0.0044
vn -0.0574 -0.9983 0.0044
vn -0.0574 -0.9983 0.0044
vn 0.0358 -0.9982 0.0489
vn 0.0358 -0.9982 0.0489
vn 0.1791 -0.9576 0.2257
vn 0.1791 -0.9576 0.2257
vn -0.3423 -0.622 0.7042
vn -0.3423 -0.622 0.7042
vn -0.3423 -0.622 0.7042
vn -0.8416 -0.0948 0.5317
vn -0.8416 -0.0948 0.5317
vn -0.8416 -0.0948 0.5317
vn -0.7955 -0.1116 0.5956
vn -0.7955 -0.1116 0.5956
vn -0.7955 -0.1116 0.5956
vn -0.7002 -0.2048 0.6839
vn -0.7002 -0.2048 0.6839
vn -0.9063 -0.1759 0.3844
vn -0.9063 -0.1759 0.3844
vn -0.2733 -0.6083 0.7452
vn -0.2733 -0.6083 0.7452
vn -0.2733 -0.6083 0.7452
vn -0.1154 -0.5576 0.8221
vn -0.2405 -0.7912 0.5623
vn -0.3443 -0.8248 0.4486
vn -0.3443 -0.8248 0.4486
vn 0.4567 -0.8894 -0.0207
vn 0.4567 -0.8894 -0.0207
vn 0.4567 -0.8894 -0.0207
vn -0.039 -0.8117 0.5828
vn -0.039 -0.8117 0.5828
vn -0.039 -0.8117 0.5828
vn 0.5128 -0.8576 0.0402
vn 0.5128 -0.8576 0.0402
vn 0.5043 -0.8532 -0.133
vn 0.5043 -0.8532 -0.133
vn 0.5043 -0.8532 -0.133
vn 0.4682 -0.8751 -0.1224
vn 0.4682 -0.8751 -0.1224
vn 0.4682 -0.8751 -0.1224
vn -0.6253 -0.5244 0.5779
vn -0.6253 -0.5244 0.5779
vn 0.371 -0.8756 -0.3095
vn 0.371 -0.8756 -0.3095
vn 0.3566 -0.8928 -0.2754
vn 0.3566 -0.8928 -0.2754
vn 0.1337 -0.907 -0.3994
vn 0.1337 -0.907 -0.3994
vn 0.2576 -0.558 -0.7888
vn 0.2576 -0.558 -0.7888
vn -0.0772 -0.9075 -0.413
vn -0.0772 -0.9075 -0.413
vn -0.0772 -0.9075 -0.413
vn -0.2291 -0.8864 -0.4023
vn -0.2291 -0.8864 -0.4023
vn -0.1491 -0.918 -0.3675
vn -0.1491 -0.918 -0.3675
vn -0.1491 -0.918 -0.3675
vn -0.4572 -0.8054 -0.3772
vn -0.4572 -0.8054 -0.3772
vn -0.4572 -0.8054 -0.3772
vn -0.2522 -0.412 -0.8756
vn -0.2522 -0.412 -0.8756
vn -0.2522 -0.412 -0.8756
vn -0.9284 -0.1479 0.3408
vn -0.9284 -0.1479 0.3408
vn -0.8989 -0.4168 -0.1347
vn -0.8989 -0.4168 -0.1347
vn -0.7162 -0.6203 -0.3198
vn -0.7162 -0.6203 -0.3198
vn -0.7011 -0.6247 -0.3438
vn -0.7011 -0.6247 -0.3438
vn -0.8835 -0.4569 -0.1028
vn -0.8835 -0.4569 -0.1028
vn -0.9449 -0.2948 0.1423
vn -0.9449 -0.2948 0.1423
vn -0.9629 -0.2454 0.112
vn -0.9629 -0.2454 0.112
vn -0.8591 -0.1022 0.5014
vn -0.8591 -0.1022 0.5014
vn -0.8591 -0.1022 0.5014
vn 0.0623 -0.7308 0.6797
vn 0.0623 -0.7308 0.6797
vn 0.0623 -0.7308 0.6797
vn -0.5628 -0.5546 0.613
vn -0.5628 -0.5546 0.613
vn -0.4207 -0.5969 0.6831
vn -0.4207 -0.5969 0.6831
vn -0.6487 -0.4967 0.5766
vn -0.6487 -0.4967 0.5766
vn 0.0189 -0.8196 0.5726
vn 0.0189 -0.8196 0.5726
vn -0.7314 -0.4697 0.4944
vn -0.7314 -0.4697 0.4944
vn 0.1566 -0.8791 0.4501
vn 0.0471 -0.856 -0.5148
vn 0.0471 -0.856 -0.5148
vn 0.8126 -0.5805 -0.0521
vn 0.8126 -0.5805 -0.0521
vn 0.9155 -0.3697 0.1585
vn 0.9155 -0.3697 0.1585
vn 0.8516 -0.511 0.1168
vn 0.8516 -0.511 0.1168
vn 0.2323 -0.7531 0.6155
vn 0.2323 -0.7531 0.6155
vn 0.2323 -0.7531 0.6155
vn 0.1626 -0.4263 0.8899
vn 0.1626 -0.4263 0.8899
vn -0.3314 -0.7949 0.5082
vn -0.3314 -0.7949 0.5082
vn -0.2419 -0.7122 0.659
vn -0.2419 -0.7122 0.659
vn -0.0783 -0.9965 -0.029
vn -0.0783 -0.9965 -0.029
vn -0.0783 -0.9965 -0.029
vn -0.8295 -0.0575 0.5555
vn -0.8295 -0.0575 0.5555
vn -0.8295 -0.0575 0.5555
vn -0.1419 -0.5923 0.7931
vn -0.1419 -0.5923 0.7931
vn -0.0238 -0.8248 0.5649
vn -0.0238 -0.8248 0.5649
vn -0.6914 -0.1514 0.7064
vn -0.6914 -0.1514 0.7064
vn -0.4033 -0.2379 0.8836
vn -0.4033 -0.2379 0.8836
vn -0.875 0.0152 0.4838
vn -0.875 0.0152 0.4838
vn -0.2437 -0.3319 0.9113
vn -0.2437 -0.3319 0.9113
vn -0.2437 -0.3319 0.9113
vn 0.0177 -0.9726 0.2318
vn 0.0177 -0.9726 0.2318
vn -0.0958 -0.9942 -0.0495
vn -0.0958 -0.9942 -0.0495
vn -0.0958 -0.9942 -0.0495
vn 0.071 -0.9665 0.2466
vn 0.071 -0.9665 0.2466
vn 0.0661 -0.8111 0.5812
vn 0.0661 -0.8111 0.5812
vn -0.0523 -0.5621 0.8254
vn -0.0523 -0.5621 0.8254
vn -0.2852 -0.3538 0.8908
vn -0.2852 -0.3538 0.8908
vn -0.2852 -0.3538 0.8908
vn -0.2206 -0.9591 -0.1773
vn -0.2206 -0.9591 -0.1773
vn -0.6029 -0.5492 0.5787
vn -0.6029 -0.5492 0.5787
vn -0.6029 -0.5492 0.5787
vn 0.0498 -0.6451 0.7625
vn 0.0498 -0.6451 0.7625
vn 0.0498 -0.6451 0.7625
vn -0.2368 -0.9409 -0.2423
vn -0.2368 -0.9409 -0.2423
vn -0.1607 -0.9632 -0.2153
vn -0.1607 -0.9632 -0.2153
vn -0.8866 0.0425 0.4605
vn -0.8866 0.0425 0.4605
vn -0.6781 -0.0928 0.7291
vn -0.6781 -0.0928 0.7291
vn -0.2386 0.1573 -0.9583
vn -0.2386 0.1573 -0.9583
vn -0.142 -0.0046 -0.9899
vn -0.3178 -0.157 -0.9351
vn -0.3835 -0.6387 -0.667
vn -0.3835 -0.6387 -0.667
vn -0.3835 -0.6387 -0.667
vn -0.5742 -0.4278 -0.698
vn -0.5742 -0.4278 -0.698
vn -0.0881 -0.1619 -0.9829
vn -0.2324 -0.3241 -0.917
vn -0.3422 -0.6219 -0.7044
vn -0.3422 -0.6219 -0.7044
vn -0.3422 -0.6219 -0.7044
vn -0.6756 0.1318 -0.7254
vn -0.6756 0.1318 -0.7254
vn -0.4878 -0.4865 -0.7248
vn -0.1155 -0.5569 -0.8225
vn 0.0461 -0.4055 -0.9129
vn 0.0623 -0.7306 -0.6799
vn 0.0623 -0.7306 -0.6799
vn 0.0623 -0.7306 -0.6799
vn -0.2408 -0.791 -0.5624
vn -0.041 -0.8105 -0.5843
vn -0.041 -0.8105 -0.5843
vn -0.041 -0.8105 -0.5843
vn 0.0181 -0.8193 -0.5731
vn 0.0181 -0.8193 -0.5731
vn -0.2734 -0.6081 -0.7453
vn -0.2734 -0.6081 -0.7453
vn -0.2734 -0.6081 -0.7453
vn -0.8496 -0.1179 -0.5141
vn -0.8496 -0.1179 -0.5141
vn -0.8496 -0.1179 -0.5141
vn -0.6985 -0.2084 -0.6846
vn -0.6985 -0.2084 -0.6846
vn -0.7982 -0.1162 -0.591
vn -0.7982 -0.1162 -0.591
vn -0.7982 -0.1162 -0.591
vn -0.3444 -0.8246 -0.4488
vn -0.3444 -0.8246 -0.4488
vn 0.454 -0.8908 0.0196
vn 0.454 -0.8908 0.0196
vn 0.454 -0.8908 0.0196
vn -0.1167 -0.9207 0.3723
vn -0.1167 -0.9207 0.3723
vn -0.1167 -0.9207 0.3723
vn -0.4569 -0.8058 0.3768
vn -0.4569 -0.8058 0.3768
vn -0.4569 -0.8058 0.3768
vn -0.9308 -0.1474 -0.3344
vn -0.9308 -0.1474 -0.3344
vn -0.8602 -0.1014 -0.4998
vn -0.8602 -0.1014 -0.4998
vn -0.8602 -0.1014 -0.4998
vn -0.9167 -0.174 -0.3597
vn -0.9167 -0.174 -0.3597
vn -0.9613 -0.2546 -0.1056
vn -0.9613 -0.2546 -0.1056
vn -0.9445 -0.3019 -0.1295
vn -0.9445 -0.3019 -0.1295
vn -0.8798 -0.4613 0.1146
vn -0.8798 -0.4613 0.1146
vn -0.8964 -0.4209 0.1388
vn -0.8964 -0.4209 0.1388
vn -0.7146 -0.6173 0.3291
vn -0.7146 -0.6173 0.3291
vn -0.6811 -0.6191 0.3909
vn -0.6811 -0.6191 0.3909
vn -0.2494 -0.4126 0.8761
vn -0.2494 -0.4126 0.8761
vn -0.2494 -0.4126 0.8761
vn -0.2336 -0.882 0.4093
vn -0.2336 -0.882 0.4093
vn -0.2091 -0.9251 -0.3171
vn -0.6262 -0.524 -0.5773
vn -0.6262 -0.524 -0.5773
vn 0.5888 -0.8035 -0.0872
vn 0.5888 -0.8035 -0.0872
vn 0.1677 -0.5949 -0.7861
vn 0.1677 -0.5949 -0.7861
vn -0.1328 0.0427 -0.9902
vn -0.1328 0.0427 -0.9902
vn -0.1328 0.0427 -0.9902
vn -0.0673 -0.3985 -0.9147
vn -0.0673 -0.3985 -0.9147
vn -0.0673 -0.3985 -0.9147
vn -0.7323 -0.493 -0.4698
vn -0.7323 -0.493 -0.4698
vn -0.6491 -0.498 -0.575
vn -0.6491 -0.498 -0.575
vn 0.0468 -0.8191 0.5717
vn 0.0468 -0.8191 0.5717
vn 0.0468 -0.8191 0.5717
vn 0.5308 -0.7694 -0.3554
vn 0.5308 -0.7694 -0.3554
vn 0.3894 -0.6903 -0.6098
vn 0.3894 -0.6903 -0.6098
vn -0.4072 -0.2339 -0.8829
vn -0.4072 -0.2339 -0.8829
vn -0.7313 -0.4694 -0.4949
vn -0.7313 -0.4694 -0.4949
vn 0.3252 -0.6495 0.6873
vn 0.3252 -0.6495 0.6873
vn 0.2567 -0.8949 0.365
vn 0.2567 -0.8949 0.365
vn 0.4622 -0.871 0.1662
vn 0.4622 -0.871 0.1662
vn 0.4622 -0.871 0.1662
vn 0.4521 -0.879 0.1517
vn 0.4521 -0.879 0.1517
vn 0.4521 -0.879 0.1517
vn 0.51 -0.8591 -0.0422
vn 0.51 -0.8591 -0.0422
vn -0.6212 -0.6233 -0.475
vn -0.6212 -0.6233 -0.475
vn -0.6757 -0.6375 -0.3702
vn -0.6757 -0.6375 -0.3702
vn -0.5855 -0.5964 -0.5491
vn -0.5855 -0.5964 -0.5491
vn -0.5855 -0.5964 -0.5491
vn -0.5606 -0.5627 -0.6075
vn -0.5606 -0.5627 -0.6075
vn 0.0537 -0.9392 -0.3393
vn 0.0537 -0.9392 -0.3393
vn -0.4206 -0.5972 -0.683
vn -0.4206 -0.5972 -0.683
vn 0.1564 -0.879 -0.4504
vn 0.1095 -0.9421 -0.3168
vn 0.1095 -0.9421 -0.3168
vn 0.2195 -0.9262 -0.3066
vn 0.2195 -0.9262 -0.3066
vn 0.7933 -0.596 0.1245
vn 0.7933 -0.596 0.1245
vn 0.7933 -0.596 0.1245
vn 0.1021 -0.8383 -0.5355
vn 0.1021 -0.8383 -0.5355
vn 0.1021 -0.8383 -0.5355
vn 0.8003 -0.5658 0.1985
vn 0.8003 -0.5658 0.1985
vn 0.8205 -0.2331 -0.522
vn 0.8205 -0.2331 -0.522
vn 0.8205 -0.2331 -0.522
vn 0.2681 -0.4802 -0.8352
vn 0.2681 -0.4802 -0.8352
vn 0.2681 -0.4802 -0.8352
vn 0.878 -0.4444 0.1778
vn 0.878 -0.4444 0.1778
vn 0.878 -0.4444 0.1778
vn 0.8017 -0.5368 0.2628
vn 0.8017 -0.5368 0.2628
vn 0.8289 0.2365 0.507
vn 0.7859 -0.5488 0.285
vn 0.7859 -0.5488 0.285
vn 0.831 0.236 0.5038
vn 0.8289 0.2365 0.507
vn 0.8298 -0.4752 0.2926
vn 0.831 0.236 0.5038
vn 0.8289 0.2365 0.507
vn 0.8298 -0.4752 0.2926
vn 0.7744 -0.5892 0.2306
vn 0.7744 -0.5892 0.2306
vn 0.7744 -0.5892 0.2306
vn 0.8166 -0.4817 0.318
vn 0.8166 -0.4817 0.318
vn 0.831 0.236 0.5038
vn -0.3574 -0.8905 -0.2817
vn -0.3574 -0.8905 -0.2817
vn -0.3574 -0.8905 -0.2817
vn -0.3233 -0.8528 -0.4101
vn -0.8101 -0.2975 -0.5051
vn -0.8101 -0.3012 -0.503
vn -0.3233 -0.8528 -0.4101
vn 0.8536 -0.4497 0.2629
vn 0.8536 -0.4497 0.2629
vn 0.8536 -0.4497 0.2629
vn 0.7584 -0.6513 0.0238
vn 0.7584 -0.6513 0.0238
vn 0.8479 -0.4568 -0.269
vn 0.8479 -0.4568 -0.269
vn 0.8479 -0.4568 -0.269
vn 0.9028 -0.4299 -0.0117
vn 0.9028 -0.4299 -0.0117
vn -0.3639 -0.9314 -0.0007
vn -0.3639 -0.9314 -0.0007
vn -0.3552 -0.8879 -0.2922
vn -0.3552 -0.8879 -0.2922
vn -0.3552 -0.8879 -0.2922
vn -0.4881 -0.8728 0.0011
vn -0.2583 -0.8927 -0.3692
vn -0.2583 -0.8927 -0.3692
vn -0.8101 -0.2975 -0.5051
vn -0.8101 -0.2975 -0.5051
vn -0.8101 -0.3012 -0.503
vn -0.2439 -0.8765 -0.4151
vn -0.2439 -0.8765 -0.4151
vn -0.8101 -0.3012 -0.503
vn -0.3141 -0.8429 -0.4369
vn -0.3141 -0.8429 -0.4369
vn -0.81 -0.3098 -0.4979
vn -0.2231 -0.8094 -0.5433
vn -0.2231 -0.8094 -0.5433
vn -0.2231 -0.8094 -0.5433
vn -0.81 -0.3098 -0.4979
vn -0.2874 -0.8317 -0.4751
vn -0.2874 -0.8317 -0.4751
vn 0.8779 -0.4538 0.1532
vn 0.8779 -0.4538 0.1532
vn 0.8779 -0.4538 0.1532
vn -0.2042 -0.8124 -0.5462
vn -0.2042 -0.8124 -0.5462
vn -0.81 -0.3098 -0.4979
vn 0.0061 -0.7165 -0.6975
vn 0.0061 -0.7165 -0.6975
vn -0.0922 -0.636 -0.7662
vn -0.0922 -0.636 -0.7662
vn 0.1907 -0.5308 -0.8257
vn 0.1907 -0.5308 -0.8257
vn 0.1907 -0.5308 -0.8257
vn 0.2102 -0.5261 -0.824
vn 0.2102 -0.5261 -0.824
vn 0.2102 -0.5261 -0.824
vn 0.9443 -0.3143 -0.0975
vn 0.9443 -0.3143 -0.0975
vn 0.9032 -0.4162 -0.105
vn 0.9032 -0.4162 -0.105
vn 0.8358 -0.2786 -0.4731
vn 0.8358 -0.2786 -0.4731
vn 0.7986 -0.4092 -0.4415
vn 0.7986 -0.4092 -0.4415
vn 0.5483 -0.4528 -0.7031
vn 0.5483 -0.4528 -0.7031
vn 0.556 -0.3355 -0.7604
vn 0.556 -0.3355 -0.7604
vn 0.2771 -0.4749 -0.8353
vn 0.2771 -0.4749 -0.8353
vn 0.2771 -0.4749 -0.8353
vn -0.2493 -0.9634 0.0988
vn -0.2493 -0.9634 0.0988
vn -0.0014 -0.916 0.4011
vn -0.0014 -0.916 0.4011
vn -0.3669 -0.8999 -0.2355
vn -0.3669 -0.8999 -0.2355
vn 0.8235 -0.5474 0.1494
vn 0.8235 -0.5474 0.1494
vn -0.3785 -0.7972 -0.4703
vn -0.3785 -0.7972 -0.4703
vn -0.3785 -0.7972 -0.4703
vn 0.1898 -0.6789 0.7093
vn 0.1898 -0.6789 0.7093
vn 0.1898 -0.6789 0.7093
vn 0.257 -0.8189 0.5132
vn 0.257 -0.8189 0.5132
vn 0.257 -0.8189 0.5132
vn 0.3877 -0.7641 0.5156
vn 0.3877 -0.7641 0.5156
vn 0.458 -0.7292 0.5084
vn 0.458 -0.7292 0.5084
vn 0.5782 -0.7779 -0.246
vn 0.5782 -0.7779 -0.246
vn 0.6263 -0.5863 0.5137
vn 0.6263 -0.5863 0.5137
vn 0.6263 -0.5863 0.5137
vn 0.4744 -0.8156 -0.3312
vn 0.4744 -0.8156 -0.3312
vn 0.4902 -0.8067 -0.3301
vn 0.4902 -0.8067 -0.3301
vn 0.4902 -0.8067 -0.3301
vn 0.4502 -0.8582 -0.2465
vn 0.4502 -0.8582 -0.2465
vn -0.2163 -0.7541 -0.6201
vn -0.2163 -0.7541 -0.6201
vn -0.453 -0.8692 -0.1983
vn -0.453 -0.8692 -0.1983
vn -0.4062 -0.8055 -0.4314
vn -0.4062 -0.8055 -0.4314
vn -0.4062 -0.8055 -0.4314
vn -0.3334 -0.774 -0.5383
vn -0.3334 -0.774 -0.5383
vn -0.3334 -0.774 -0.5383
vn -0.3619 -0.9177 0.1639
vn -0.3619 -0.9177 0.1639
vn -0.0634 -0.8875 0.4565
vn -0.0634 -0.8875 0.4565
vn -0.2416 -0.7123 -0.6589
vn -0.2416 -0.7123 -0.6589
vn 0.4235 -0.6312 -0.6498
vn 0.4235 -0.6312 -0.6498
vn -0.3312 -0.7948 -0.5085
vn -0.3312 -0.7948 -0.5085
vn 0.2449 -0.6558 -0.7141
vn 0.2449 -0.6558 -0.7141
vn 0.2449 -0.6558 -0.7141
vn 0.1575 -0.4173 -0.895
vn 0.1575 -0.4173 -0.895
vn -0.4407 -0.6724 -0.5947
vn -0.4407 -0.6724 -0.5947
vn -0.4407 -0.6724 -0.5947
vn 0.8516 -0.5108 -0.1174
vn 0.8516 -0.5108 -0.1174
vn 0.9247 -0.2993 -0.2354
vn 0.9247 -0.2993 -0.2354
vn 0.1376 -0.3359 -0.9318
vn 0.1376 -0.3359 -0.9318
vn 0.2345 -0.2258 -0.9455
vn 0.2345 -0.2258 -0.9455
vn 0.1842 0.0091 -0.9828
vn 0.023 -0.0457 -0.9987
vn 0.023 -0.0457 -0.9987
vn -0.0066 0.0169 -0.9998
vn -0.0066 0.0169 -0.9998
vn -0.0054 0.0417 -0.9991
vn -0.0054 0.0417 -0.9991
vn 0.0658 0.126 -0.9898
vn 0.058 0.3062 -0.9502
vn 0.058 0.3062 -0.9502
vn 0.2794 0.2183 -0.935
vn -0.0282 0.2826 -0.9588
vn -0.0282 0.2826 -0.9588
vn -0.0417 0.2394 -0.97
vn -0.0417 0.2394 -0.97
vn 0.0091 0.0645 -0.9979
vn 0.0091 0.0645 -0.9979
vn -0.1321 0.2101 -0.9687
vn -0.1321 0.2101 -0.9687
vn -0.1321 0.2101 -0.9687
vn -0.1321 0.2101 -0.9687
vn -0.2341 0.3683 -0.8997
vn -0.2341 0.3683 -0.8997
vn -0.1896 0.1862 -0.964
vn -0.1896 0.1862 -0.964
vn -0.3355 0.5379 -0.7734
vn -0.3355 0.5379 -0.7734
vn 0.1739 0.3598 -0.9167
vn 0.1739 0.3598 -0.9167
vn 0.3929 0.0688 -0.917
vn 0.7444 0.0667 -0.6643
vn 0.7444 0.0667 -0.6643
vn 0.7444 0.0667 -0.6643
vn 0.6342 0.3325 -0.698
vn 0.6342 0.3325 -0.698
vn 0.1301 0.8718 -0.4722
vn 0.1301 0.8718 -0.4722
vn 0.1301 0.8718 -0.4722
vn 0.1353 0.8878 -0.4399
vn 0.1353 0.8878 -0.4399
vn 0.1353 0.8878 -0.4399
vn 0.1475 0.7998 -0.5819
vn 0.1475 0.7998 -0.5819
vn 0.1475 0.7998 -0.5819
vn 0.174 0.6666 -0.7248
vn 0.174 0.6666 -0.7248
vn 0.2856 0.9167 -0.2793
vn 0.2856 0.9167 -0.2793
vn 0.4666 0.8844 -0.0035
vn 0.4666 0.8844 -0.0035
vn 0.2143 0.9516 -0.2203
vn 0.2143 0.9516 -0.2203
vn 0.3692 0.927 0.0656
vn 0.3692 0.927 0.0656
vn 0.586 0.7507 0.305
vn 0.586 0.7507 0.305
vn 0.782 0.5079 0.3613
vn 0.782 0.5079 0.3613
vn 0.782 0.5079 0.3613
vn 0.8344 0.2556 0.4882
vn 0.8344 0.2556 0.4882
vn 0.8344 0.2556 0.4882
vn 0.6538 0.7285 0.2047
vn 0.6538 0.7285 0.2047
vn 0.9061 0.2515 0.3403
vn 0.9061 0.2515 0.3403
vn 0.9061 0.2515 0.3403
vn 0.8036 0.3471 -0.4835
vn 0.8036 0.3471 -0.4835
vn 0.6807 0.4067 0.6093
vn 0.6807 0.4067 0.6093
vn 0.6807 0.4067 0.6093
vn 0.8978 -0.4122 -0.1551
vn 0.8978 -0.4122 -0.1551
vn 0.8978 -0.4122 -0.1551
vn 0.6498 0.229 -0.7248
vn 0.7843 -0.578 -0.2254
vn 0.7843 -0.578 -0.2254
vn 0.7084 0.0397 -0.7047
vn 0.7084 0.0397 -0.7047
vn 0.7084 0.0397 -0.7047
vn 0.8831 -0.466 -0.0545
vn 0.8831 -0.466 -0.0545
vn 0.666 -0.0165 -0.7457
vn 0.666 -0.0165 -0.7457
vn 0.666 -0.0165 -0.7457
vn 0.4557 0.7185 -0.5254
vn 0.4557 0.7185 -0.5254
vn 0.4557 0.7185 -0.5254
vn 0.557 0.743 -0.371
vn 0.557 0.743 -0.371
vn 0.4505 0.6905 -0.5659
vn 0.4505 0.6905 -0.5659
vn 0.4505 0.6905 -0.5659
vn 0.4879 0.5423 -0.684
vn 0.4879 0.5423 -0.684
vn 0.8927 -0.047 -0.4481
vn 0.8927 -0.047 -0.4481
vn 0.817 -0.126 -0.5627
vn 0.6067 -0.7947 0.0194
vn 0.6067 -0.7947 0.0194
vn 0.6067 -0.7947 0.0194
vn 0.7476 -0.3162 -0.5841
vn 0.7476 -0.3162 -0.5841
vn 0.7476 -0.3162 -0.5841
vn 0.5527 -0.8323 -0.042
vn 0.5527 -0.8323 -0.042
vn 0.5834 -0.7948 0.1672
vn 0.5834 -0.7948 0.1672
vn 0.5834 -0.7948 0.1672
vn 0.595 -0.7888 0.1541
vn 0.595 -0.7888 0.1541
vn 0.595 -0.7888 0.1541
vn 0.8804 -0.2931 0.3729
vn 0.8804 -0.2931 0.3729
vn 0.8804 -0.2931 0.3729
vn 0.6991 -0.6178 0.36
vn 0.6991 -0.6178 0.36
vn 0.9243 0.063 0.3764
vn 0.9243 0.063 0.3764
vn 0.9243 0.063 0.3764
vn 0.5135 0.7791 -0.3596
vn 0.5135 0.7791 -0.3596
vn 0.8656 0.3771 0.3294
vn 0.8656 0.3771 0.3294
vn 0.7678 0.6257 0.1379
vn 0.7678 0.6257 0.1379
vn 0.6414 0.7602 -0.1029
vn 0.6414 0.7602 -0.1029
vn 0.796 0.5946 0.1132
vn 0.796 0.5946 0.1132
vn 0.6807 0.721 -0.1297
vn 0.6807 0.721 -0.1297
vn 0.8681 0.3611 0.3407
vn 0.8681 0.3611 0.3407
vn -0.1478 0.967 -0.2075
vn -0.1478 0.967 -0.2075
vn -0.1478 0.967 -0.2075
vn 0.9411 -0.338 0.0011
vn 0.9411 -0.338 0.0011
vn 0.9411 -0.338 0.0011
vn 0.9265 -0.3761 0.0077
vn 0.9265 -0.3761 0.0077
vn 0.9265 -0.3761 0.0077
vn 0.9721 -0.1885 0.1393
vn 0.9721 -0.1885 0.1393
vn 0.9454 -0.2604 0.1959
vn 0.9454 -0.2604 0.1959
vn 0.945 -0.0072 0.3271
vn 0.945 -0.0072 0.3271
vn 0.9657 0.0009 0.2595
vn 0.9657 0.0009 0.2595
vn 0.1561 -0.4578 -0.8753
vn 0.1561 -0.4578 -0.8753
vn 0.8127 -0.5803 0.0517
vn 0.8127 -0.5803 0.0517
vn 0.4651 -0.5226 -0.7145
vn 0.4651 -0.5226 -0.7145
vn 0.4651 -0.5226 -0.7145
vn 0.4667 -0.7604 -0.4516
vn 0.4667 -0.7604 -0.4516
vn 0.7736 -0.1318 -0.6199
vn 0.7736 -0.1318 -0.6199
vn 0.7468 -0.0915 -0.6588
vn 0.7468 -0.0915 -0.6588
vn 0.8425 -0.0357 -0.5376
vn 0.8425 -0.0357 -0.5376
vn 0.8425 -0.0357 -0.5376
vn 0.9021 0.0188 -0.4312
vn 0.9021 0.0188 -0.4312
vn 0.9021 0.0188 -0.4312
vn 0.9797 0.0287 -0.1984
vn 0.9797 0.0287 -0.1984
vn 0.9694 -0.0601 -0.2382
vn 0.9694 -0.0601 -0.2382
vn 0.9759 -0.1939 0.1
vn 0.9759 -0.1939 0.1
vn 0.9838 -0.0723 0.1642
vn 0.9838 -0.0723 0.1642
vn 0.8269 -0.3303 0.4551
vn 0.8269 -0.3303 0.4551
vn 0.8228 -0.3975 0.4062
vn 0.8228 -0.3975 0.4062
vn 0.3227 -0.3429 -0.8822
vn 0.3227 -0.3429 -0.8822
vn -0.7618 -0.4812 -0.4338
vn -0.7618 -0.4812 -0.4338
vn 0.3745 -0.8945 0.2442
vn 0.3745 -0.8945 0.2442
vn 0.3382 -0.8975 0.2829
vn 0.3382 -0.8975 0.2829
vn -0.8559 -0.4413 -0.2698
vn -0.8559 -0.4413 -0.2698
vn -0.8559 -0.4413 -0.2698
vn 0.255 -0.9476 0.1924
vn 0.255 -0.9476 0.1924
vn 0.2232 -0.9433 0.2456
vn 0.2232 -0.9433 0.2456
vn 0.1256 -0.9656 0.2276
vn 0.1256 -0.9656 0.2276
vn 0.1256 -0.9656 0.2276
vn 0.4366 -0.8915 0.121
vn 0.4366 -0.8915 0.121
vn 0.4366 -0.8915 0.121
vn -0.2778 -0.4386 -0.8547
vn -0.2778 -0.4386 -0.8547
vn -0.2778 -0.4386 -0.8547
vn -0.3199 -0.3486 -0.881
vn -0.3199 -0.3486 -0.881
vn -0.0866 -0.477 -0.8746
vn -0.0866 -0.477 -0.8746
vn -0.0866 -0.477 -0.8746
vn 0.2074 -0.5081 -0.836
vn 0.2074 -0.5081 -0.836
vn 0.5691 -0.7322 -0.3741
vn 0.5691 -0.7322 -0.3741
vn 0.5727 -0.8151 -0.0868
vn 0.5727 -0.8151 -0.0868
vn 0.4512 -0.6211 -0.6408
vn 0.4512 -0.6211 -0.6408
vn 0.5286 -0.8418 0.1096
vn 0.5286 -0.8418 0.1096
vn 0.5286 -0.8418 0.1096
vn -0.8298 -0.1258 -0.5436
vn -0.8298 -0.1258 -0.5436
vn -0.8298 -0.1258 -0.5436
vn -0.4723 -0.1806 -0.8628
vn -0.4723 -0.1806 -0.8628
vn -0.6798 -0.091 -0.7278
vn -0.6798 -0.091 -0.7278
vn -0.69 -0.1494 -0.7082
vn -0.69 -0.1494 -0.7082
vn -0.8276 -0.0595 -0.5581
vn -0.8276 -0.0595 -0.5581
vn -0.8276 -0.0595 -0.5581
vn -0.8954 -0.0944 -0.4351
vn -0.8954 -0.0944 -0.4351
vn -0.8866 0.0424 -0.4607
vn -0.8866 0.0424 -0.4607
vn -0.9264 -0.0795 -0.3681
vn -0.9264 -0.0795 -0.3681
vn -0.9068 0.0356 -0.4202
vn -0.9068 0.0356 -0.4202
vn -0.9563 0.053 -0.2876
vn -0.9563 0.053 -0.2876
vn -0.9563 0.053 -0.2876
vn -0.9567 0.02 -0.2905
vn -0.9567 0.02 -0.2905
vn -0.9567 0.02 -0.2905
vn -0.9857 0.1688 0.0022
vn 0.0374 -0.9981 -0.0493
vn 0.0374 -0.9981 -0.0493
vn -0.0123 -0.9878 -0.155
vn -0.0123 -0.9878 -0.155
vn -0.0123 -0.9878 -0.155
vn -0.057 -0.9984 0.0042
vn -0.057 -0.9984 0.0042
vn -0.057 -0.9984 0.0042
vn 0.1785 -0.9574 -0.2268
vn 0.1785 -0.9574 -0.2268
vn -0.0777 -0.997 -0.0003
vn -0.0777 -0.997 -0.0003
vn -0.0777 -0.997 -0.0003
vn -0.241 -0.9629 0.1216
vn -0.241 -0.9629 0.1216
vn -0.1743 -0.9655 0.1933
vn -0.1743 -0.9655 0.1933
vn -0.3971 -0.8519 0.3413
vn -0.3971 -0.8519 0.3413
vn -0.616 -0.7082 0.3451
vn -0.616 -0.7082 0.3451
vn -0.616 -0.7082 0.3451
vn -0.7962 -0.486 0.3602
vn -0.7962 -0.486 0.3602
vn -0.7962 -0.486 0.3602
vn -0.6611 -0.5739 -0.4832
vn -0.6611 -0.5739 -0.4832
vn -0.6071 -0.6313 0.4826
vn -0.6071 -0.6313 0.4826
vn -0.6071 -0.6313 0.4826
vn -0.6613 -0.437 0.6097
vn -0.6613 -0.437 0.6097
vn -0.6613 -0.437 0.6097
vn -0.4454 -0.8586 0.2537
vn -0.4454 -0.8586 0.2537
vn -0.9299 -0.1998 0.3088
vn -0.9299 -0.1998 0.3088
vn -0.9394 -0.2707 0.2102
vn -0.9394 -0.2707 0.2102
vn -0.9993 -0.0379 -0.0034
vn -0.9993 -0.0379 -0.0034
vn -0.9516 0.1396 -0.2739
vn -0.9516 0.1396 -0.2739
vn -0.9955 0.0672 0.0666
vn -0.9955 0.0672 0.0666
vn -0.9514 0.2187 -0.2167
vn -0.9514 0.2187 -0.2167
vn -0.8594 0.2608 -0.4397
vn -0.8594 0.2608 -0.4397
vn -0.8594 0.2608 -0.4397
vn -0.8443 0.2633 -0.4667
vn -0.8443 0.2633 -0.4667
vn -0.8443 0.2633 -0.4667
vn -0.7817 0.215 -0.5854
vn -0.7817 0.215 -0.5854
vn -0.7817 0.215 -0.5854
vn -0.5571 -0.43 -0.7104
vn -0.5571 -0.43 -0.7104
vn -0.5571 -0.43 -0.7104
vn 0.2671 -0.4816 0.8347
vn 0.2671 -0.4816 0.8347
vn 0.2671 -0.4816 0.8347
vn 0.9435 -0.3169 0.0969
vn 0.9435 -0.3169 0.0969
vn 0.5553 -0.3307 0.7631
vn 0.5553 -0.3307 0.7631
vn 0.8357 -0.2813 0.4716
vn 0.8357 -0.2813 0.4716
vn -0.0656 -0.8864 -0.4582
vn -0.0656 -0.8864 -0.4582
vn 0.0282 -0.0437 0.9986
vn 0.0282 -0.0437 0.9986
vn 0.7402 0.4546 0.4954
vn 0.7402 0.4546 0.4954
vn 0.7607 0.4468 0.4709
vn 0.7607 0.4468 0.4709
vn 0.5641 -0.8163 -0.1242
vn 0.5641 -0.8163 -0.1242
vn 0.5641 -0.8163 -0.1242
vn 0.7631 0.4784 0.4346
vn 0.7631 0.4784 0.4346
vn 0.645 -0.7242 -0.2438
vn 0.645 -0.7242 -0.2438
vn 0.4821 -0.8725 0.0791
vn 0.4821 -0.8725 0.0791
vn 0.4644 -0.8104 0.3572
vn 0.4644 -0.8104 0.3572
vn 0.4818 -0.8721 0.0857
vn 0.4818 -0.8721 0.0857
vn 0.6142 -0.7795 -0.1233
vn 0.6142 -0.7795 -0.1233
vn 0.6142 -0.7795 -0.1233
vn 0.4136 -0.8279 0.379
vn 0.4136 -0.8279 0.379
vn 0.4674 -0.1277 0.8748
vn 0.4674 -0.1277 0.8748
vn 0.4674 -0.1277 0.8748
vn 0.3726 -0.6709 0.6411
vn 0.3726 -0.6709 0.6411
vn 0.4576 -0.6463 0.6107
vn 0.4576 -0.6463 0.6107
vn 0.3732 -0.4041 0.8351
vn 0.3732 -0.4041 0.8351
vn 0.4633 -0.4095 0.7859
vn 0.4633 -0.4095 0.7859
vn 0.3871 -0.1108 0.9154
vn 0.3871 -0.1108 0.9154
vn 0.3871 -0.1108 0.9154
vn 0.0207 0.1357 0.9905
vn 0.0207 0.1357 0.9905
vn 0.0207 0.1357 0.9905
vn 0.5312 0.0655 0.8447
vn 0.5312 0.0655 0.8447
vn 0.5312 0.0655 0.8447
vn 0.6632 -0.6929 -0.2829
vn 0.6632 -0.6929 -0.2829
vn 0.6878 -0.6813 -0.2506
vn 0.6878 -0.6813 -0.2506
vn 0.6878 -0.6813 -0.2506
vn 0.7667 0.5833 0.2683
vn 0.7667 0.5833 0.2683
vn 0.7667 0.5833 0.2683
vn 0.8056 0.5923 -0.0149
vn 0.8056 0.5923 -0.0149
vn 0.7451 0.667 0.0016
vn 0.7451 0.667 0.0016
vn 0.6874 -0.6786 0.2589
vn 0.6874 -0.6786 0.2589
vn 0.6874 -0.6786 0.2589
vn 0.7124 -0.7017 0.0111
vn 0.7124 -0.7017 0.0111
vn 0.8166 -0.5302 0.2281
vn 0.8166 -0.5302 0.2281
vn 0.8166 -0.5302 0.2281
vn 0.7539 -0.6093 0.2456
vn 0.7539 -0.6093 0.2456
vn 0.5307 -0.2022 0.8231
vn 0.5307 -0.2022 0.8231
vn 0.7055 -0.413 0.5759
vn 0.7055 -0.413 0.5759
vn 0.8419 -0.4798 0.2469
vn 0.8419 -0.4798 0.2469
vn 0.9378 -0.344 -0.0473
vn 0.9378 -0.344 -0.0473
vn 0.9378 -0.344 -0.0473
vn 0.4418 0.1017 0.8913
vn 0.4418 0.1017 0.8913
vn 0.4418 0.1017 0.8913
vn 0.7241 0.4988 0.4762
vn 0.5599 -0.325 0.7621
vn 0.5599 -0.325 0.7621
vn 0.5599 -0.325 0.7621
vn 0.9203 -0.3351 0.2019
vn 0.9203 -0.3351 0.2019
vn 0.4659 -0.881 0.0823
vn 0.9203 -0.3351 0.2019
vn 0.8791 -0.2812 0.3847
vn 0.8791 -0.2812 0.3847
vn 0.4659 -0.881 0.0823
vn 0.8791 -0.2812 0.3847
vn 0.8752 -0.12 0.4687
vn 0.4659 -0.881 0.0823
vn 0.8752 -0.12 0.4687
vn -0.0593 0.0239 0.998
vn -0.0593 0.0239 0.998
vn -0.0091 0.3026 0.9531
vn -0.0091 0.3026 0.9531
vn -0.0558 0.2701 0.9612
vn -0.0558 0.2701 0.9612
vn -0.1321 0.21 0.9688
vn -0.1321 0.21 0.9688
vn -0.1321 0.21 0.9688
vn -0.1321 0.21 0.9688
vn -0.2381 0.5442 0.8045
vn -0.4309 0.7787 0.4559
vn -0.3459 0.817 0.4614
vn -0.4524 0.8843 0.1152
vn -0.5322 0.8466 0.0001
vn -0.5145 0.8199 0.2511
vn -0.5145 0.8199 0.2511
vt 0.25575000 0.33978500
vt 0.51028100 0.33978500
vt 0.25575000 0.65971900
vt 0.51028100 0.65971900
vt 0.00000400 0.33978500
vt 0.99996600 0.34462900
vt 0.00020900 0.24487100
vt 0.25575000 0.00177400
vt 0.99996600 0.34030300
vt 0.00000400 0.33542700
vt 0.50763700 0.00173600
vt 0.00344600 0.49088400
vt 0.00000400 0.65753100
vt 0.99998200 0.66004900
vt 0.25645900 0.00175900
vt 0.00020600 0.24555000
vt 0.19347600 0.00151000
vt 0.00153100 0.19364500
vt 0.19347600 0.24555000
vt 0.01014900 0.38611400
vt 0.38598800 0.00999200
vt 0.38611000 0.24555000
vt 0.19347600 0.49088400
vt 0.19347600 0.74237100
vt 0.38611000 0.49088400
vt 0.32045600 0.73481800
vt 0.19814300 0.01130900
vt 0.99518500 1.00000000
vt 0.11893500 0.01126700
vt 0.27440600 0.74237100
vt 0.51028100 0.00171900
vt 0.00353100 0.49350700
vt 0.01401400 0.74237100
vt 0.75270100 0.00146500
vt 0.01420200 0.74676400
vt 0.75691500 0.00161200
vt 0.75691500 0.33978500
vt 0.00004500 0.34107700
vt 0.99999800 0.34052500
vt 0.75691500 0.65971900
vt 0.00004500 0.34033400
vt 0.99999800 0.33978500
vt 0.00016800 0.66251500
vt 0.99999800 0.65971900
vt 0.75691500 0.99395400
vt 0.09465000 0.13091100
vt 0.00034100 0.99925800
vt 0.20656900 0.05146200
vt 0.20656900 0.05146200
vt 0.20656900 0.05146200
vt 0.99999800 0.99407200
vt 0.99999800 0.65613400
vt 0.00016600 0.65890500
vt 0.16597200 0.34107700
vt 0.16597200 0.65890500
vt 0.33194400 0.34107700
vt 0.33194400 0.65890500
vt 0.30006600 0.02132200
vt 0.16597200 0.99719000
vt 0.39867700 0.00537700
vt 0.39867700 0.00537700
vt 0.39867700 0.00537700
vt 0.33194400 0.99995300
vt 0.39867700 0.00537700
vt 0.39867700 0.00537700
vt 0.50029900 0.99977600
vt 0.50023100 0.00000200
vt 0.60131900 0.00536200
vt 0.60131900 0.00536200
vt 0.60131900 0.00536200
vt 0.60131900 0.00536200
vt 0.60131900 0.00536200
vt 0.66865400 0.99991000
vt 0.60131900 0.00536200
vt 0.00779900 0.37072300
vt 0.00779900 0.37072300
vt 0.00779900 0.37072300
vt 0.25575000 0.99396700
vt 0.00779900 0.37072300
vt 0.51028100 0.99411300
vt 0.03332900 0.24401800
vt 0.03332900 0.24401800
vt 0.00779900 0.62927600
vt 0.00779900 0.62927600
vt 0.00779900 0.62927600
vt 0.74431600 0.99401500
vt 1.00000000 0.99400100
vt 0.00000400 0.99396800
vt 0.00002600 0.49998600
vt 0.99220100 0.37072300
vt 0.99220100 0.37072300
vt 0.99220100 0.37072300
vt 0.74429900 0.99400400
vt 0.99220200 0.62926600
vt 0.99220200 0.62926600
vt 0.25576600 0.99396100
vt 0.99997400 0.50001200
vt 0.00000400 0.99396500
vt 1.00000000 0.99399800
vt 0.96666700 0.75599700
vt 0.51031700 0.99409800
vt 0.96666700 0.75599700
vt 0.33171000 0.99931100
vt 0.60130200 0.99464200
vt 0.60130200 0.99464200
vt 0.60130200 0.99464200
vt 0.25576600 0.65971900
vt 0.25576600 0.33978500
vt 0.99998400 0.66004800
vt 0.00000700 0.65754300
vt 0.51031700 0.65971900
vt 0.00000700 0.65971900
vt 0.99998400 0.66220800
vt 0.51031700 0.33978500
vt 0.75696300 0.65971900
vt 0.90534700 0.86909400
vt 0.75696300 0.99398500
vt 0.00000200 0.99962900
vt 0.79340200 0.94855200
vt 1.00000000 0.99405000
vt 0.79340200 0.94855200
vt 0.69983300 0.97870000
vt 0.16585500 0.99993900
vt 0.00000200 0.66283300
vt 0.99997100 0.65971900
vt 0.16585500 0.65890200
vt 0.99997100 0.65581800
vt 0.00000200 0.65890200
vt 0.00000100 0.34107400
vt 0.99995000 0.34036900
vt 0.16585500 0.34107400
vt 0.75696300 0.33978500
vt 0.75270500 0.00147300
vt 0.01401400 0.74237100
vt 0.75696300 0.00164100
vt 0.01420400 0.74681000
vt 0.99995000 0.33978500
vt 0.00000100 0.34048700
vt 0.00000000 0.00000300
vt 0.99994100 0.00177500
vt 0.02478500 1.00000000
vt 0.99300700 1.00000000
vt 0.16585500 0.00007200
vt 0.99693100 0.83122300
vt 0.33105200 0.00008600
vt 0.99922100 0.66685600
vt 0.50129000 0.66685600
vt 0.19347600 0.99097200
vt 0.57048300 0.99999800
vt 0.50129000 0.99999800
vt 0.22107300 0.98860700
vt 0.19347600 0.74237100
vt 0.22839100 0.89112800
vt 0.00000000 1.00000000
vt 0.16257100 0.00046600
vt 0.99991600 0.89663200
vt 0.99480100 0.00000000
vt 0.99276600 0.99932900
vt 0.99480100 0.00000000
vt 0.91488900 0.98858600
vt 0.99973500 0.00000000
vt 0.25468900 0.74497300
vt 0.00249900 0.46257900
vt 0.24685600 0.98602100
vt 0.43643800 0.99999800
vt 0.00249900 0.46257900
vt 0.00116100 1.00000000
vt 0.43645300 0.88682200
vt 0.00011000 0.00000000
vt 0.99994600 0.67583200
vt 0.99988800 0.80236300
vt 0.99888100 0.99988100
vt 0.99889600 0.00000300
vt 0.99991600 0.75687500
vt 0.99888100 0.99988100
vt 0.99888100 0.99988100
vt 0.99888100 0.99988100
vt 0.99889600 0.00000300
vt 0.99888100 0.99988100
vt 0.99888100 0.99988100
vt 0.99718200 1.00000000
vt 0.78260600 0.75687500
vt 0.99994400 0.00652600
vt 0.99778500 0.00000000
vt 0.99777100 1.00000000
vt 0.00011000 0.99824900
vt 0.05022700 0.88682200
vt 0.00006000 0.00000000
vt 0.99884700 0.99998500
vt 0.99884700 0.99998500
vt 0.99886100 0.00000000
vt 0.99860400 1.00000000
vt 0.99861800 0.00000000
vt 0.99834000 0.00000000
vt 0.99666100 1.00000000
vt 0.99666100 1.00000000
vt 0.99445000 0.00000000
vt 0.99444000 1.00000000
vt 0.99000400 0.00000000
vt 0.99000400 0.00000000
vt 0.98111700 1.00000000
vt 0.98111300 0.00000000
vt 0.96335300 1.00000000
vt 0.96335300 1.00000000
vt 0.92776300 0.00000000
vt 0.92782400 1.00000000
vt 0.85662900 0.00000000
vt 0.85676600 1.00000000
vt 0.71416500 1.00000000
vt 0.71387600 0.00000000
vt 0.57112300 0.00000000
vt 0.42836900 0.00000000
vt 0.28561600 0.00000000
vt 0.14286300 0.00000000
vt 0.14376200 1.00000000
vt 0.99874300 1.00000000
vt 0.99875700 0.00000000
vt 0.99881200 1.00000000
vt 0.99882700 0.00000000
vt 0.99882900 0.99999800
vt 0.99884400 0.00000000
vt 0.99882000 1.00000000
vt 0.99883500 0.00000000
vt 0.00186900 0.50571700
vt 0.00186900 0.50571700
vt 0.19098600 0.67835700
vt 0.00117100 0.00066800
vt 0.00673500 0.84700100
vt 0.00006000 1.00000000
vt 0.00002200 0.25847400
vt 0.02452000 0.88303500
vt 0.00654300 0.87337200
vt 0.00006000 0.50365100
vt 0.00003700 0.74674100
vt 0.00008500 0.86036900
vt 0.99945200 0.50365100
vt 0.75866300 0.74795200
vt 0.67098000 0.80236300
vt 0.76867200 0.75438100
vt 0.99957600 0.25843900
vt 0.75506900 0.73930800
vt 0.99956900 0.74674100
vt 0.99737500 0.00000000
vt 1.00000000 0.99516700
vt 0.75813500 0.73043300
vt 0.67098000 0.70332300
vt 0.99634500 0.81281100
vt 0.99733100 0.50571700
vt 0.99733100 0.50571700
vt 0.86178200 0.61840100
vt 0.00179100 0.54015500
vt 0.00179100 0.54015500
vt 0.20354000 0.66685600
vt 0.76605800 0.60027400
vt 0.99660000 0.38236400
vt 0.74104900 0.62758900
vt 0.99647400 0.49630600
vt 0.87854500 0.60027400
vt 0.99711300 0.58732900
vt 0.85019000 0.50883400
vt 0.99979800 0.99973900
vt 1.00000000 0.00000000
vt 0.96321700 0.50883400
vt 1.00000000 0.99990400
vt 0.99982600 0.00000000
vt 0.00117100 1.00000000
vt 0.37122700 0.51327800
vt 0.00001900 0.00142900
vt 0.99986400 0.49997300
vt 0.96703000 0.50002300
vt 0.00000000 0.49997300
vt 0.37790300 0.49998500
vt 0.00001900 0.99715800
vt 0.37122700 0.48673100
vt 0.00118600 0.00000000
vt 0.99803900 0.41250600
vt 0.99803900 0.41250600
vt 0.87859500 0.39979200
vt 0.96321700 0.49120600
vt 1.00000000 0.00019600
vt 0.99992600 1.00000000
vt 0.00180500 0.45981900
vt 0.00180500 0.45981900
vt 0.20356200 0.33317100
vt 0.00180500 0.45981900
vt 0.50129000 0.33317100
vt 0.50129000 0.00000700
vt 0.98860700 0.22122300
vt 0.57088300 0.00000200
vt 0.99097800 0.19348000
vt 0.19101600 0.32167700
vt 0.00188400 0.49423700
vt 0.00188400 0.49423700
vt 0.83427100 0.00005300
vt 0.99692500 0.16843700
vt 0.43645300 0.11318700
vt 0.00116100 0.00024600
vt 0.00011000 1.00000000
vt 0.66916300 0.00008800
vt 0.99922100 0.33317100
vt 0.83427100 0.34107400
vt 0.66854100 0.34107400
vt 0.50012500 0.00030500
vt 1.00000000 0.49960000
vt 0.99922700 0.33378400
vt 0.66854100 0.00009000
vt 0.50012500 0.34107400
vt 0.33171000 0.34107400
vt 0.50012500 0.65890200
vt 0.99922700 0.66620400
vt 0.33171000 0.00008800
vt 0.33171000 0.65890200
vt 0.66854100 0.65890200
vt 0.50012500 0.99973700
vt 0.49975400 0.99999900
vt 0.39866900 0.99463800
vt 0.39866900 0.99463800
vt 0.39866900 0.99463800
vt 0.66854100 0.99991300
vt 0.39866900 0.99463800
vt 0.39866900 0.99463800
vt 0.20656900 0.94853900
vt 0.99966000 0.99921600
vt 0.20656900 0.94853900
vt 0.20656900 0.94853900
vt 0.00000200 0.99409900
vt 0.03333300 0.75599900
vt 0.03333300 0.75599900
vt 0.49028800 0.99414200
vt 0.03333300 0.75599900
vt 0.83427100 0.99723600
vt 0.29998400 0.97865000
vt 0.83427100 0.65890200
vt 0.99983400 0.65890200
vt 0.00000200 0.65867200
vt 0.99983400 0.66029900
vt 0.00000200 0.66004900
vt 0.99995500 0.34107400
vt 0.00000200 0.34538300
vt 0.00000200 0.34030300
vt 0.99995600 0.33592000
vt 0.99999600 0.00000000
vt 0.00000000 0.00912100
vt 1.00000000 0.02497800
vt 0.99300700 0.00000900
vt 0.24352100 0.34030300
vt 0.49028800 0.34030300
vt 0.24352100 0.66004900
vt 0.24352100 0.00901800
vt 0.74683800 0.01439300
vt 0.24781800 0.00907200
vt 0.74237000 0.01419400
vt 0.74237000 0.19348000
vt 0.49364300 0.00372900
vt 0.49028800 0.00902900
vt 0.49306300 0.00904400
vt 0.49088400 0.00363900
vt 0.49088400 0.19348000
vt 0.73487300 0.32050200
vt 0.80191600 0.01136500
vt 0.99701100 0.00000000
vt 0.24555100 0.19348000
vt 0.49088400 0.38611400
vt 0.24555100 0.38611400
vt 0.88124200 0.01130500
vt 0.74237000 0.27457400
vt 0.94398800 0.16510600
vt 1.00000000 0.99489100
vt 0.99768500 0.00000000
vt 0.91479600 0.01141400
vt 0.74505000 0.25489300
vt 0.99916900 1.00000000
vt 0.94671900 0.16958200
vt 0.99917500 0.12899300
vt 0.99982500 0.25636900
vt 0.94789100 0.17417500
vt 0.99992300 0.19787600
vt 0.99724000 0.32373300
vt 0.00040700 0.11041200
vt 0.98140400 0.28490300
vt 0.99331300 0.00029000
vt 0.94441600 0.18274300
vt 0.99982500 0.50109800
vt 0.00007000 0.25636900
vt 0.99878600 0.22924900
vt 0.00019200 0.50109800
vt 0.98668200 0.60843300
vt 0.99886900 0.74432300
vt 0.93420900 0.18911600
vt 0.00025100 0.74432300
vt 0.95078600 0.88730500
vt 0.89941900 0.99577000
vt 0.00020700 0.99858500
vt 0.00063100 0.00000000
vt 0.00063100 0.99600500
vt 0.13412900 0.99577000
vt 0.00001600 0.00000000
vt 0.48507800 0.00028800
vt 0.96243100 0.38611400
vt 0.99495600 1.00000000
vt 0.70220300 0.19150600
vt 0.99887500 0.02968800
vt 0.91951700 0.19154800
vt 0.99825300 1.00000000
vt 1.00000000 0.00037300
vt 0.92726500 0.19098400
vt 0.99843300 0.86961000
vt 0.67098000 0.19787600
vt 0.33028800 0.19787600
vt 0.98796800 0.99545300
vt 0.99422700 0.00000000
vt 0.54848400 0.16512500
vt 0.97945200 0.04456200
vt 0.67098000 0.17544200
vt 0.99738100 0.00000000
vt 0.78260600 0.24316600
vt 0.99934400 0.99338400
vt 1.00000000 0.00412700
vt 0.75864500 0.26945700
vt 0.99726300 1.00000000
vt 0.55070100 0.17927500
vt 0.99611100 0.39273800
vt 0.99673700 0.58956400
vt 0.54525300 0.18559000
vt 0.75506000 0.26069900
vt 0.99947700 0.25328000
vt 0.52399500 0.19154800
vt 0.99060400 0.00000000
vt 1.00000000 0.99213000
vt 1.00000000 1.00000000
vt 0.67773700 0.18273400
vt 0.98217900 0.00180300
vt 0.99740400 0.99940200
vt 0.62879500 0.25198000
vt 0.99860800 0.00000000
vt 0.55138700 0.17224700
vt 0.99545300 0.19810800
vt 0.53566300 0.19014500
vt 0.99800000 0.79075400
vt 0.99896600 0.88998900
vt 0.53001100 0.19134200
vt 0.68438300 0.18727100
vt 0.99936200 0.66763800
vt 0.99901600 0.33923900
vt 0.61404200 0.24421600
vt 0.99794700 0.66772000
vt 0.62265800 0.24731300
vt 0.99917800 0.49638500
vt 0.75865900 0.25204600
vt 0.99908400 0.74155500
vt 0.76867000 0.24561000
vt 0.69312100 0.19041400
vt 0.99889800 0.33827300
vt 0.99629500 0.18716000
vt 0.67098000 0.29673600
vt 0.86180800 0.38163600
vt 0.99827700 0.49423700
vt 0.99827700 0.49423700
vt 0.99827700 0.49423700
vt 0.99731100 0.50374600
vt 0.74108600 0.37245600
vt 0.00160400 0.50374600
vt 0.77046000 0.25178600
vt 0.54534700 0.01733900
vt 0.00107900 0.00004800
vt 0.00002200 1.00000000
vt 0.51559500 0.00228000
vt 0.00002500 0.33923900
vt 0.53283000 0.00830900
vt 0.00002400 0.66772000
vt 0.00004500 0.04127900
vt 0.49831600 0.00018100
vt 0.49831600 0.33303200
vt 0.21450600 0.26690400
vt 0.00056400 0.50049300
vt 0.42182500 0.48284900
vt 0.00039500 0.00030500
vt 0.00000000 1.00000000
vt 0.27795200 0.33303200
vt 0.00039700 0.34736100
vt 0.00001400 0.00106100
vt 0.99241500 0.48284900
vt 0.00107900 1.00000000
vt 0.49831600 0.66698600
vt 0.00000000 0.50001400
vt 0.42941000 0.49999900
vt 0.84853600 0.33303200
vt 0.00103700 0.67817400
vt 1.00000000 0.99992900
vt 0.85019000 0.49120600
vt 0.99988700 0.00000000
vt 0.99747300 0.61777800
vt 0.76611200 0.39979200
vt 0.85392600 0.50002400
vt 0.99993500 0.50000100
vt 0.00000000 0.50001800
vt 0.99999900 0.49998100
vt 0.00001400 1.00000000
vt 0.99241500 0.51715100
vt 0.00104000 0.00001500
vt 0.84851900 0.66698600
vt 0.00099800 0.32183100
vt 0.77041100 0.74826100
vt 0.00156100 0.49630600
vt 0.54534700 0.98266100
vt 0.00104000 0.99981700
vt 0.00002200 0.00000000
vt 0.99649500 0.00285000
vt 0.99892000 1.00000000
vt 0.62889100 0.74808800
vt 0.00002800 0.33225500
vt 0.53282900 0.99168900
vt 0.00002300 0.66073900
vt 0.51559700 0.99772100
vt 0.49831600 0.99981900
vt 0.00004500 0.95872100
vt 1.00000000 0.99607200
vt 0.60432400 0.75687500
vt 0.97262000 0.00000000
vt 0.00002200 1.00000000
vt 0.49593300 0.99981200
vt 0.00032400 0.00050600
vt 0.00054500 0.49946200
vt 0.21448500 0.73311500
vt 0.99840300 0.66073900
vt 0.61403900 0.75577500
vt 0.33028800 0.80236300
vt 0.62266000 0.75268200
vt 0.99719500 0.33225500
vt 0.99054200 0.27365000
vt 0.33028800 0.64309000
vt 0.38701500 0.75687500
vt 1.00000000 0.00000000
vt 0.99651100 0.99908900
vt 0.98725100 0.00000000
vt 1.00000000 0.99719600
vt 0.30661700 0.80849200
vt 0.99605400 0.00702000
vt 0.98460300 1.00000000
vt 0.52399800 0.80841600
vt 0.96215000 0.59744000
vt 0.18298200 0.80236300
vt 0.99161000 0.10892900
vt 0.33028800 0.80842700
vt 0.30500900 0.67028900
vt 0.98391400 0.32920900
vt 0.99907800 0.20778900
vt 0.37513600 0.75500400
vt 0.35987200 0.74405200
vt 0.99750000 0.61031700
vt 0.35884700 0.73689600
vt 0.99758700 0.80473900
vt 0.15507700 0.83329900
vt 0.97411900 0.65965600
vt 0.99716400 0.49214100
vt 0.29234100 0.81098100
vt 0.36554400 0.75047200
vt 0.99799300 0.41129000
vt 0.00009800 0.20778900
vt 0.03354000 0.99672000
vt 0.00007200 0.41129000
vt 0.01403000 0.98796000
vt 0.05711500 0.99981200
vt 0.00013200 0.00318800
vt 0.00032400 1.00000000
vt 0.00016900 0.61031700
vt 0.00255900 0.97544300
vt 0.00047600 0.96150800
vt 0.00013800 0.80473900
vt 0.00013200 1.00000000
vt 0.00037900 0.00085900
vt 0.00770100 0.94835900
vt 0.99499000 0.00000000
vt 0.36254400 0.73043300
vt 0.99832100 0.99401600
vt 0.99828900 0.49946200
vt 0.46448300 0.61963200
vt 0.48236200 0.60027400
vt 0.99623700 0.58673700
vt 0.99673000 0.18648600
vt 0.36977700 0.60027400
vt 0.45459900 0.50883400
vt 0.99975800 0.00000000
vt 1.00000000 0.99403500
vt 0.01151500 0.00018000
vt 0.99485000 0.51327400
vt 0.00001100 1.00000000
vt 0.01326100 0.20487200
vt 0.86731200 0.66470900
vt 0.49988600 0.66470900
vt 0.78971900 0.75665300
vt 0.01010800 0.32920900
vt 0.58529000 1.00000000
vt 0.02674600 0.65787300
vt 0.77377200 0.68378800
vt 0.52749000 1.00000000
vt 0.79292500 0.65540500
vt 0.02756400 0.65965600
vt 0.77340400 0.68240200
vt 0.52906400 0.91699000
vt 0.70914300 0.49088400
vt 0.79292500 0.49088400
vt 0.96184600 1.00000000
vt 0.68213600 0.43326600
vt 0.00003800 1.00000000
vt 0.58474500 0.49088400
vt 0.09674600 0.99629000
vt 0.65194100 0.49088400
vt 0.58474500 0.24555100
vt 0.79292500 0.29935900
vt 0.48861300 0.18124900
vt 0.07059000 0.50775000
vt 0.85399700 0.40875100
vt 0.75370000 0.24257000
vt 0.99701600 0.00000000
vt 0.75231700 0.99739600
vt 0.75593600 0.24555100
vt 0.96295000 0.00969500
vt 0.87819800 0.87128300
vt 0.99976800 0.50775000
vt 0.80556100 0.82551800
vt 0.99876800 0.00144700
vt 0.99640700 1.00000000
vt 0.95600600 0.79388800
vt 0.99385300 0.82185200
vt 0.66680100 0.96437800
vt 0.99975000 0.79606500
vt 0.00426500 0.70510400
vt 0.19711200 1.00000000
vt 0.88712900 0.48012900
vt 0.00004900 0.00000000
vt 0.29257000 0.88682300
vt 0.00587400 0.99997500
vt 0.21648200 1.00000000
vt 0.88224600 0.49088400
vt 0.80177300 0.64156800
vt 0.49988600 1.00000000
vt 0.00047000 0.50155800
vt 0.14629000 0.67960300
vt 0.00047000 0.50155800
vt 0.00520700 0.84700100
vt 0.00001000 1.00000000
vt 0.00029500 0.00051500
vt 0.99998900 0.74969200
vt 0.99245500 0.99997500
vt 0.99364900 0.00000000
vt 0.00045100 0.54612200
vt 0.00045100 0.54612200
vt 0.00045100 0.54612200
vt 0.15883700 0.66470900
vt 0.00004900 0.99864700
vt 0.03876400 0.88682300
vt 0.00001000 0.00000000
vt 0.99988000 1.00000000
vt 0.99962600 0.00429500
vt 0.80575600 0.74962800
vt 0.00004200 0.25465200
vt 0.01918100 0.88316500
vt 0.00000700 0.75406000
vt 0.00007300 0.85996100
vt 0.99974600 0.99633500
vt 0.78003100 0.72395300
vt 0.99975500 0.00000000
vt 0.78011400 0.74083600
vt 0.99969300 0.50661200
vt 0.00494100 0.87322800
vt 0.00001100 0.50661200
vt 0.99967000 0.75406000
vt 0.77632100 0.73226400
vt 0.66680100 0.79388800
vt 0.33353300 0.79388800
vt 0.99939400 0.50004800
vt 0.49993800 0.79995800
vt 0.99950500 0.99942400
vt 0.77983400 0.79981900
vt 0.99991700 0.00000000
vt 0.99981400 0.25465200
vt 0.79103500 0.74724800
vt 0.99955700 0.00072000
vt 0.99996200 1.00000000
vt 0.61832200 0.74963700
vt 0.99992300 0.00487300
vt 0.99844000 1.00000000
vt 0.64405000 0.74108600
vt 0.99811100 0.90265100
vt 0.66680100 0.71841800
vt 0.66680100 0.79993600
vt 0.99781700 0.79764100
vt 0.99993200 0.49730600
vt 0.63334800 0.74732200
vt 0.00000000 0.49730600
vt 0.67493200 0.99518600
vt 0.00001000 0.99433500
vt 0.00005500 0.00000000
vt 0.65545600 0.99981000
vt 0.50005000 0.66524200
vt 0.00006600 0.49983800
vt 0.50005000 0.99981000
vt 0.00030800 0.99967800
vt 0.00001000 0.00000000
vt 0.68923200 0.98265900
vt 0.00044300 0.49691000
vt 0.00044300 0.49691000
vt 0.84293400 0.74858000
vt 0.99977400 0.49690100
vt 0.99977400 0.49690100
vt 0.76141000 0.62415200
vt 0.78917600 0.59637400
vt 0.99992700 0.37754400
vt 0.99992700 0.37754400
vt 0.00028900 0.31803600
vt 0.89759600 0.66524200
vt 0.99978300 0.00013200
vt 1.00000000 1.00000000
vt 0.87681300 0.50858300
vt 0.00030800 0.00000000
vt 0.99481600 0.51715100
vt 0.00000600 0.99785200
vt 0.00000000 0.49998900
vt 1.00000000 0.49999900
vt 0.00031800 1.00000000
vt 0.99481600 0.48284900
vt 0.00000600 0.00226200
vt 0.88086800 0.50001400
vt 0.99989800 0.49988000
vt 0.99999200 0.00000000
vt 0.87681300 0.49145000
vt 0.99978400 0.99986000
vt 0.99997400 0.98974600
vt 0.99564200 0.49145000
vt 0.99259600 0.00000000
vt 0.90772500 0.40366900
vt 0.99861400 0.40776300
vt 0.99861400 0.40776300
vt 0.00000000 0.50001400
vt 0.29159000 0.50000000
vt 0.99968000 0.50001400
vt 0.99896800 0.50001600
vt 0.00031000 0.00069200
vt 0.00000500 1.00000000
vt 0.28644000 0.48672700
vt 1.00000000 0.01036600
vt 0.99279800 1.00000000
vt 0.99519400 0.50843000
vt 0.99878300 0.59202800
vt 0.99878300 0.59202800
vt 0.90768100 0.59637400
vt 0.00029500 0.99927900
vt 0.28644000 0.51327400
vt 0.00000500 0.00000000
vt 0.88824000 0.61590300
vt 0.99959600 0.50155800
vt 0.99959600 0.50155800
vt 0.99959600 0.50155800
vt 0.15886000 0.33531800
vt 0.00046900 0.45381400
vt 0.00046900 0.45381400
vt 0.00046900 0.45381400
vt 0.49988600 0.33531800
vt 0.86733600 0.33531800
vt 0.01329400 0.79518900
vt 0.00001100 0.00000000
vt 0.99485000 0.48672700
vt 0.01154400 0.99984000
vt 0.29257000 0.11317800
vt 0.00004900 1.00000000
vt 0.00586300 0.00000000
vt 0.49988600 0.00000000
vt 0.64163700 0.80181200
vt 0.21630300 0.00000100
vt 0.49088400 0.88231400
vt 0.65553900 0.79292300
vt 0.52762300 0.00000000
vt 0.78973100 0.24336400
vt 0.01012900 0.67083700
vt 0.58528900 0.00000100
vt 0.02680900 0.34215800
vt 0.68384900 0.77381700
vt 0.96333700 0.40269400
vt 0.18292500 0.19787600
vt 0.02763100 0.34036900
vt 0.68245900 0.77344800
vt 0.15493900 0.16709900
vt 0.97999200 0.34036900
vt 0.53095500 0.08288800
vt 0.49088400 0.70916400
vt 0.49088400 0.79292300
vt 0.43335500 0.68222300
vt 0.96419100 0.00000000
vt 0.00000000 0.00000000
vt 0.49088400 0.65200600
vt 0.09665200 0.00365200
vt 0.24555100 0.58474500
vt 0.48782500 0.81898500
vt 0.29941200 0.79292300
vt 0.49088400 0.58474500
vt 0.74237000 0.58474500
vt 0.63825100 0.52750800
vt 0.99955700 0.00000000
vt 0.40438800 0.00893300
vt 0.67776500 0.47293000
vt 0.51819800 0.01034600
vt 1.00000000 1.00000000
vt 0.50246000 0.64511300
vt 0.11702300 0.00431300
vt 0.98203200 1.00000000
vt 0.28214600 0.18273400
vt 1.00000000 0.00145200
vt 0.99622300 1.00000000
vt 0.00366600 0.12693800
vt 0.74237000 0.71604600
vt 0.00000000 0.00050200
vt 0.00038600 0.08270500
vt 0.75506500 0.71849100
vt 0.00015000 0.99998000
vt 0.00001300 0.00000000
vt 0.13427700 0.99725600
vt 0.82423700 0.00019600
vt 0.87563100 0.58474500
vt 0.00286200 0.00000000
vt 0.00001300 0.98306100
vt 0.04813100 0.62394000
vt 0.06890400 0.81354200
vt 0.00001400 0.66943800
vt 0.28802100 0.18746900
vt 0.99695300 0.66943800
vt 0.29655500 0.19062900
vt 0.99824500 0.34391200
vt 0.09896400 0.94847700
vt 0.00001100 0.34391200
vt 1.00000000 0.00000000
vt 0.30658900 0.19177600
vt 0.98735700 0.99998000
vt 0.99169400 0.89095500
vt 0.33028800 0.19184500
vt 0.00015000 0.00216900
vt 0.89952500 0.99725600
vt 0.00008500 1.00000000
vt 0.99789200 0.14004600
vt 0.00007300 0.19810800
vt 0.97598300 0.72731800
vt 0.00007100 0.58956400
vt 0.00014600 0.79075400
vt 0.94227600 0.92481600
vt 0.00003700 0.39273800
vt 0.99526100 0.44982000
vt 0.89031600 0.55408800
vt 0.00000000 1.00000000
vt 0.00048800 0.02176900
vt 0.00020400 0.10774200
vt 0.99339400 0.00050200
vt 0.89480700 0.55448900
vt 0.33553300 0.41478700
vt 0.74237000 0.54415800
vt 0.74237000 0.38611400
vt 0.54714200 0.76886300
vt 0.74237000 0.47903300
vt 0.00063400 0.08528200
vt 0.93196200 0.47985900
vt 0.00000000 0.00029000
vt 0.00371600 0.00000000
vt 0.04795100 0.62293200
vt 0.00001600 0.98040300
vt 0.00001900 0.66763800
vt 0.06870300 0.81240100
vt 0.09925900 0.94855900
vt 0.00001900 0.33827300
vt 0.74237000 0.31989200
vt 0.93667700 0.02987100
vt 0.00000000 1.00000000
vt 0.97700600 0.28547800
vt 0.00038500 0.02429200
vt 0.40885200 0.85402100
vt 0.07040300 0.49225600
vt 0.87816800 0.12884700
vt 0.99973800 0.49225600
vt 0.24555100 0.75590400
vt 0.96183800 0.99072300
vt 0.24269900 0.75376500
vt 0.75228200 0.00260300
vt 0.99436000 1.00000000
vt 0.66680100 0.03563300
vt 0.99847900 0.20397400
vt 0.16432200 0.77575500
vt 0.99852600 0.00000000
vt 0.63112400 0.00003800
vt 0.18754800 0.76955000
vt 0.66680100 0.00060700
vt 0.03063500 0.58474500
vt 0.58465300 0.03049200
vt 0.03064800 0.58483600
vt 0.58474500 0.03050600
vt 0.58474500 0.24555000
vt 0.68857800 0.04947500
vt 0.04962700 0.68864800
vt 0.79286400 0.07699300
vt 0.07710600 0.79292300
vt 0.36879000 0.00000000
vt 0.99917600 1.00000000
vt 0.77549900 0.16466600
vt 0.76448600 0.09893400
vt 0.18443700 0.79292300
vt 0.79292500 0.07701200
vt 0.07712400 0.79298400
vt 0.30547600 0.38698600
vt 0.24555100 0.83828800
vt 1.00000000 0.99764200
vt 0.80556100 0.17451500
vt 0.99881700 0.00000000
vt 0.00000000 1.00000000
vt 0.38887100 0.92155800
vt 0.00016800 0.01312100
vt 0.15655900 1.00000000
vt 0.50067000 0.00000000
vt 1.00000000 0.15638200
vt 0.24555100 0.97439200
vt 0.68532100 0.00027100
vt 0.95153600 0.99739900
vt 0.00003000 0.99535000
vt 0.00102800 0.00000000
vt 0.99941400 0.22869200
vt 0.00001100 0.24663500
vt 0.39252900 0.92374000
vt 0.00009700 0.10001200
vt 0.99676200 0.00000000
vt 0.00158700 0.49995200
vt 0.50002100 0.99758100
vt 0.49993800 0.20023500
vt 0.99945000 0.49995200
vt 0.00005200 0.00310900
vt 0.00102800 1.00000000
vt 0.04841000 0.99739900
vt 0.66680100 0.20023100
vt 0.99787200 0.20226800
vt 0.99841400 0.79688500
vt 0.33353300 0.20022700
vt 0.50002100 0.00000000
vt 0.99991500 0.15669600
vt 0.31568300 0.00033000
vt 0.97434000 0.24555000
vt 0.30783400 0.61478700
vt 0.83777700 0.24555000
vt 0.00056600 0.22869500
vt 0.00001700 0.75332700
vt 0.92130100 0.38936500
vt 0.00014300 0.98727700
vt 0.00000000 0.00000000
vt 0.00318400 0.00000000
vt 0.92348200 0.39302700
vt 0.00012000 0.90021500
vt 0.19025600 0.18298100
vt 0.99986700 0.75332700
vt 0.19462700 0.17464000
vt 1.00000000 0.00225900
vt 0.99866700 1.00000000
vt 0.99991200 0.50277900
vt 0.19387900 0.19158000
vt 0.00005000 0.50277900
vt 0.00653300 0.61326500
vt 0.04403300 0.20628100
vt 0.99049500 0.82183100
vt 0.99925800 0.00000000
vt 0.21999000 0.20021400
vt 1.00000000 0.99965600
vt 0.88691600 0.48060000
vt 0.00426200 0.70513000
vt 0.80288400 0.00000300
vt 0.00587000 0.99997500
vt 0.70743000 0.11318000
vt 0.00006800 0.00000000
vt 0.99998000 1.00000000
vt 0.99928300 0.00319000
vt 0.19406600 0.25037500
vt 0.99336000 0.00000000
vt 0.00000000 0.25030500
vt 0.98975600 0.99997500
vt 0.99977200 0.50750600
vt 0.12171000 0.12879000
vt 0.99946900 0.25074800
vt 0.20497400 0.19795700
vt 0.33353300 0.20628100
vt 0.99935200 0.12530700
vt 0.21225500 0.19970000
vt 0.21979500 0.25916300
vt 0.99975900 0.50651000
vt 0.22358600 0.26773900
vt 0.99987400 0.75401200
vt 0.66680100 0.20628100
vt 0.33353300 0.28114400
vt 0.99880500 0.90472400
vt 0.21979400 0.27608000
vt 1.00000000 0.00000000
vt 1.00000000 0.99764100
vt 0.99983100 0.00000000
vt 0.99955700 0.99927200
vt 0.61832300 0.25038100
vt 0.99881900 1.00000000
vt 1.00000000 0.00268900
vt 0.35577500 0.25894700
vt 0.99967700 0.25455200
vt 0.20886300 0.25275300
vt 0.36650100 0.25268600
vt 0.99985100 0.49734300
vt 1.00000000 0.00058900
vt 0.99978600 1.00000000
vt 0.38150200 0.25038100
vt 0.34454400 0.00019000
vt 0.00001000 0.99533600
vt 0.00005500 0.00000000
vt 0.50005000 0.00019000
vt 0.00006600 0.50016200
vt 0.65545600 0.00019000
vt 0.00001000 0.00575100
vt 0.00005500 1.00000000
vt 0.50005000 0.33477700
vt 0.00043100 0.49685600
vt 0.15702400 0.25147300
vt 0.00043100 0.49685600
vt 0.00031800 0.00022200
vt 0.00031800 0.00022200
vt 0.68923200 0.01734100
vt 0.00001000 1.00000000
vt 0.00518400 0.48284900
vt 0.00000600 0.99808200
vt 0.00030000 0.00000000
vt 0.89760800 0.33477700
vt 0.00029900 0.68197100
vt 0.00029900 0.68197100
vt 0.10239300 0.33477700
vt 0.00028200 0.31804200
vt 0.84296400 0.25146200
vt 0.00046000 0.50314000
vt 0.00046000 0.50314000
vt 0.00046000 0.50314000
vt 0.31076800 0.01734100
vt 0.00030000 0.99981900
vt 0.00001000 0.00000000
vt 0.32505200 0.00482300
vt 0.00000000 0.49734300
vt 0.76144100 0.37589000
vt 0.99980900 0.50314000
vt 0.99980900 0.50314000
vt 0.99849700 0.09731800
vt 0.66680100 0.28161400
vt 0.99849700 0.09731800
vt 0.99993700 0.62251700
vt 0.78921200 0.40366900
vt 0.99993700 0.62251700
vt 0.99993700 0.62251700
vt 0.99946100 0.49839700
vt 0.99946100 0.49839700
vt 0.99946100 0.49839700
vt 0.88827000 0.38413100
vt 0.99950200 1.00000000
vt 0.78022500 0.27601300
vt 0.99967600 0.00306300
vt 0.00031000 0.99956500
vt 0.00520700 0.15300000
vt 0.00002200 0.00000000
vt 0.00048900 0.49839700
vt 0.00048900 0.49839700
vt 0.14630900 0.32041900
vt 0.00002400 0.14004100
vt 0.00002600 0.24595700
vt 0.00494300 0.12677100
vt 0.00002300 0.49342500
vt 0.03876400 0.11317800
vt 0.00002200 1.00000000
vt 0.00004900 0.00137200
vt 0.99984400 0.99564900
vt 0.99996800 0.00000000
vt 0.80575800 0.25038100
vt 1.00000000 0.25030400
vt 0.98988400 0.00000000
vt 0.99332700 1.00000000
vt 0.00006300 0.74537900
vt 0.01919500 0.11684900
vt 0.99979000 0.49342500
vt 0.78012000 0.25916300
vt 0.99979500 0.74537900
vt 0.79102900 0.25273900
vt 0.99989400 0.24595700
vt 0.77638700 0.26773700
vt 0.99056600 0.17817000
vt 0.95593700 0.20628100
vt 0.00425700 0.29485700
vt 0.48023100 0.88715200
vt 0.19711200 0.00000100
vt 0.77983400 0.20021400
vt 0.99911200 1.00000000
vt 0.99950400 0.00051700
vt 0.80963200 0.18297900
vt 0.99987200 0.24663500
vt 0.99990400 0.49712500
vt 0.80600100 0.19159100
vt 0.99948400 0.74921000
vt 0.79486500 0.19796000
vt 0.00003000 0.49714700
vt 0.99339600 0.61399800
vt 0.00004000 0.74921000
vt 0.97540000 0.89771300
vt 0.64405000 0.25894700
vt 1.00000000 0.99670800
vt 0.99854500 0.00000000
vt 0.67492900 0.00481300
vt 0.00000000 0.50267400
vt 0.99986500 0.50267400
vt 0.63334900 0.25267900
vt 0.99925900 0.00012400
vt 0.99966900 1.00000000
vt 0.12293400 0.49142400
vt 0.99996800 0.37747100
vt 0.21069200 0.40366900
vt 0.99996800 0.37747100
vt 0.99836000 0.59210900
vt 0.09210700 0.40366900
vt 0.99836000 0.59210900
vt 0.99920100 0.50152200
vt 0.99920100 0.50152200
vt 0.99920100 0.50152200
vt 0.11157600 0.38412100
vt 0.23846400 0.37589600
vt 0.99994800 0.49685600
vt 0.99994800 0.49685600
vt 0.00033900 0.00033000
vt 0.99479300 0.15300100
vt 0.00001100 1.00000000
vt 0.00051100 0.54613500
vt 0.84115400 0.33531200
vt 0.00051100 0.54613500
vt 0.00051100 0.54613500
vt 0.00053300 0.50152200
vt 0.85371200 0.32040500
vt 0.00053300 0.50152200
vt 0.00000500 0.00000000
vt 0.71356000 0.48672800
vt 0.00033900 0.99934300
vt 0.50066500 0.33531200
vt 0.50066500 0.66471600
vt 0.01321900 0.20487500
vt 0.13269200 0.33531200
vt 0.41476100 0.00000300
vt 0.02661800 0.65819100
vt 0.77389600 0.68360700
vt 0.50066500 0.00000300
vt 0.80197900 0.64123700
vt 0.21023000 0.24339700
vt 0.01003900 0.32925600
vt 0.88224300 0.49088400
vt 0.78424800 0.00000200
vt 0.00515000 0.48672800
vt 0.00001100 1.00000000
vt 0.01144500 0.00008000
vt 0.00001300 0.50001400
vt 0.01148100 0.99989000
vt 0.00001100 0.00000000
vt 0.00515000 0.51327500
vt 0.99715800 0.18637700
vt 0.63007700 0.39979300
vt 1.00000000 0.99726200
vt 0.99971000 0.00000000
vt 0.54543400 0.49120500
vt 0.43240100 0.50883500
vt 0.99994600 0.99864700
vt 0.98079100 0.00000000
vt 1.00000000 0.00036500
vt 0.43240100 0.49120500
vt 0.98032700 1.00000000
vt 0.99976800 0.50001400
vt 0.54192600 0.50002800
vt 0.51743000 0.39979300
vt 0.99610000 0.58725600
vt 0.00039900 0.49958300
vt 0.78558200 0.26685700
vt 0.72210000 0.33303300
vt 0.00029900 0.65285600
vt 0.99822700 0.49958300
vt 0.53538400 0.38035300
vt 0.66866500 0.35801200
vt 0.99146600 0.27148000
vt 0.99237900 0.05164100
vt 0.00031200 0.00084700
vt 0.00013100 1.00000000
vt 0.99489300 0.00000000
vt 0.99889300 0.99406900
vt 0.63749500 0.26957700
vt 0.99959700 0.03853100
vt 0.00013700 0.80478200
vt 0.99815000 0.80478200
vt 0.64108400 0.26308900
vt 0.66866500 0.19788000
vt 0.64007300 0.25594400
vt 0.99795800 0.61041400
vt 0.63443600 0.24952200
vt 0.99827400 0.41142100
vt 0.00007200 0.41142100
vt 0.98617900 0.01212900
vt 0.00016800 0.61041400
vt 0.99755900 0.02463300
vt 0.00009500 0.20788700
vt 0.96676800 0.00334400
vt 0.00013100 0.00064400
vt 0.94296000 0.00018800
vt 0.00046700 1.00000000
vt 0.99602300 0.99978400
vt 1.00000000 0.00000000
vt 0.61302300 0.24313200
vt 0.99916900 0.20788700
vt 0.62487900 0.24497200
vt 0.00046700 0.00000000
vt 0.50410800 0.00018800
vt 0.00002200 0.99980000
vt 0.39570000 0.24313200
vt 0.97279100 0.00002300
vt 1.00000000 1.00000000
vt 0.00005300 0.93706700
vt 0.50047300 0.00020700
vt 0.45468900 0.01733900
vt 0.00067900 1.00000000
vt 0.00002200 0.00116800
vt 0.48440400 0.00228800
vt 0.00002300 0.66034500
vt 0.50047300 0.33303300
vt 0.22902400 0.25218200
vt 0.00121900 0.49542900
vt 0.50047300 0.66698500
vt 0.00001300 0.99732600
vt 0.00067900 0.00000000
vt 0.00758500 0.48284900
vt 0.57063600 0.49999900
vt 0.00000000 0.49998600
vt 0.15148900 0.33303300
vt 0.00062900 0.32184000
vt 0.00031200 0.99998100
vt 0.57822100 0.48284900
vt 0.00000000 0.00000000
vt 0.99921600 0.49998600
vt 0.42872300 0.50003000
vt 0.23441700 0.39979300
vt 0.99670900 0.38217000
vt 1.00000000 0.00017100
vt 0.14981900 0.49120500
vt 0.99988800 1.00000000
vt 0.12144500 0.39979300
vt 0.99866800 0.58731300
vt 0.99994000 0.49987800
vt 0.14600600 0.50002400
vt 1.00000000 0.00000000
vt 0.03678600 0.50883500
vt 0.99979500 0.99838200
vt 0.99989600 0.00021000
vt 1.00000000 0.99999900
vt 0.03678600 0.49120500
vt 0.00001900 0.00000000
vt 0.62851700 0.48673500
vt 0.00108200 0.99999200
vt 0.99987100 0.49998600
vt 0.03311800 0.50003500
vt 0.62183700 0.50001000
vt 0.00000000 0.49998600
vt 0.50051000 0.66685700
vt 0.62851700 0.51328200
vt 0.00001900 1.00000000
vt 0.00106600 0.00010700
vt 0.99774800 0.41294100
vt 0.12149500 0.60027300
vt 0.00161400 0.46020100
vt 0.79635000 0.66685700
vt 0.99805700 0.49472500
vt 0.13821700 0.61843100
vt 0.80892400 0.67836300
vt 0.00168600 0.49472500
vt 0.94972000 0.88682300
vt 0.00024400 0.00038200
vt 0.00006100 1.00000000
vt 0.99324000 0.84700200
vt 0.00106600 0.99998000
vt 0.00006100 0.00000000
vt 0.56325000 0.88682300
vt 0.00116100 0.00000000
vt 0.00024400 1.00000000
vt 0.24188000 0.73046300
vt 1.00000000 0.00002000
vt 0.99757500 0.99998200
vt 0.32774400 0.70097000
vt 0.99762300 0.19702100
vt 0.32774400 0.80235900
vt 0.24561700 0.73939500
vt 0.99959500 0.25456400
vt 0.00003800 0.25456400
vt 0.99989300 0.86044600
vt 0.24190000 0.74807000
vt 0.99945300 0.49877900
vt 0.99330400 0.87349000
vt 0.00006100 0.49877900
vt 0.00002300 0.74360900
vt 0.97525300 0.88309500
vt 0.99953200 0.74360900
vt 0.23172200 0.75446200
vt 0.21740700 0.75690900
vt 0.99992400 0.99858900
vt 0.99755300 0.00000000
vt 0.99994800 0.32384700
vt 0.99994800 0.32384700
vt 0.00011200 0.80235900
vt 0.99980600 0.99999700
vt 0.00008400 0.75690900
vt 0.99888100 0.00011900
vt 0.99888100 0.00011900
vt 0.99888100 0.00011900
vt 0.99888100 0.00011900
vt 0.99444000 0.00000000
vt 0.99535600 1.00000000
vt 0.00249900 0.53742100
vt 0.98605600 0.24667200
vt 0.56326500 0.99999800
vt 0.00249900 0.53742100
vt 0.00249900 0.53742100
vt 0.99977100 1.00000000
vt 0.99884700 0.00001500
vt 0.99832600 0.00000000
vt 0.99832600 0.00000000
vt 0.99666100 0.00000000
vt 0.99090700 1.00000000
vt 0.96335300 0.00000000
vt 0.96335300 0.00000000
vt 0.92782400 0.00000000
vt 0.92782400 0.00000000
vt 0.85676600 0.00000000
vt 0.85742800 1.00000000
vt 0.71456400 1.00000000
vt 0.42896400 0.00000000
vt 0.42883600 1.00000000
vt 0.99952800 1.00000000
vt 0.99860400 0.00000000
vt 0.99860400 0.00000000
vt 0.99777100 0.00000000
vt 0.98111700 0.00000000
vt 0.98200800 1.00000000
vt 0.57170000 1.00000000
vt 0.28597200 1.00000000
vt 0.28636300 0.00000000
vt 0.14310800 1.00000000
vt 0.14376200 0.00000000
vt 0.99874300 0.00000000
vt 0.99966700 1.00000000
vt 0.99973600 1.00000000
vt 0.99881200 0.00000000
vt 0.99882900 0.00000200
vt 0.99975300 1.00000000
vt 0.99882000 0.00000000
vt 0.99974500 1.00000000
vt 0.16250000 0.99953400
vt 0.00000000 0.00000000
vt 0.89117900 0.22820500
vt 0.99298300 0.00067000
vt 0.00008400 0.89668400
vt 0.99480100 1.00000000
vt 0.99480100 1.00000000
vt 0.98857100 0.22163400
vt 0.50051000 0.99999800
vt 0.42971900 0.99999800
vt 0.99098700 0.19348000
vt 0.74237000 0.19348000
vt 0.00709400 1.00000000
vt 0.00008400 0.00906700
vt 1.00000000 0.00000100
vt 1.00000000 0.02497800
vt 0.83432700 0.00005300
vt 0.00312000 0.83157900
vt 0.24347300 0.00901000
vt 0.74689900 0.01439600
vt 0.24347300 0.34030000
vt 0.99988700 0.33596800
vt 0.00001000 0.34030000
vt 0.24783000 0.00904400
vt 0.74237000 0.01419400
vt 0.49368000 0.00373100
vt 0.49025300 0.00900100
vt 0.49025300 0.34030000
vt 0.74429900 0.34030000
vt 0.49088400 0.00363900
vt 0.49306500 0.00901400
vt 0.24347300 0.66004800
vt 0.49025300 0.66004800
vt 0.74429900 0.66004800
vt 0.90534000 0.13089900
vt 0.24347300 0.99400100
vt 0.49025300 0.99412100
vt 0.96666000 0.24398000
vt 0.96666000 0.24398000
vt 0.96666000 0.24398000
vt 0.79342900 0.05146500
vt 0.00007800 0.99417600
vt 0.99966300 0.99936300
vt 0.79342900 0.05146500
vt 0.79342900 0.05146500
vt 0.83432700 0.65890500
vt 0.83432700 0.99724600
vt 0.70000400 0.02134900
vt 0.00002100 0.66004800
vt 0.99977700 0.66037500
vt 0.99988500 0.34107700
vt 0.00001000 0.34533700
vt 0.00002100 0.65859900
vt 0.99977800 0.65890500
vt 0.83432700 0.34107700
vt 0.66865400 0.34107700
vt 0.00079000 0.66685700
vt 0.66928500 0.00008000
vt 0.50051000 0.33317100
vt 0.33130700 0.00008200
vt 0.00079000 0.33317100
vt 0.00000000 0.50038600
vt 0.50029900 0.00029800
vt 0.00078400 0.66623400
vt 0.66865400 0.00008100
vt 0.50029900 0.34107700
vt 0.50029900 0.65890500
vt 0.33194400 0.00008300
vt 0.00078400 0.33380300
vt 0.66865400 0.65890500
vt 0.16597200 0.00005400
vt 0.00311700 0.16858700
vt 0.00000500 0.00000100
vt 0.00709400 0.00001600
vt 0.02478500 1.00000000
vt 1.00000000 0.00179500
vt 0.19347600 0.99095800
vt 0.43017800 0.00000000
vt 0.50051000 0.00001100
vt 0.22147600 0.98856200
vt 0.22805300 0.89116700
vt 0.00000000 1.00000000
vt 0.16232100 0.00191800
vt 0.24652300 0.98605300
vt 0.56326500 0.00001800
vt 0.00249800 0.46324600
vt 0.00249800 0.46324600
vt 0.99750100 0.00000000
vt 0.00008400 0.10335600
vt 0.99702300 0.99751400
vt 0.99750100 0.00000000
vt 0.08523200 0.01138900
vt 0.99909200 0.00000000
vt 0.25456500 0.74509300
vt 0.99723200 0.67658800
vt 0.00007700 0.19788000
vt 0.05231600 0.17416000
vt 0.99984400 0.74337600
vt 0.99767000 1.00000000
vt 0.99871200 0.00474900
vt 0.05671200 0.16524700
vt 0.00000000 0.00000000
vt 0.28525300 0.97701000
vt 0.00028500 0.97719100
vt 0.31983000 0.74237100
vt 0.93460400 0.96992200
vt 0.28467100 0.98141000
vt 0.00669200 0.00023100
vt 0.00040700 0.89081400
vt 0.00006300 0.74337600
vt 0.00121000 0.23089000
vt 0.51426900 0.00022900
vt 0.38611000 0.96239300
vt 0.86589100 0.99577000
vt 0.00030200 0.00000000
vt 0.00001600 0.99870600
vt 1.00000000 0.00023100
vt 0.48066600 0.93158600
vt 0.00063300 0.91472800
vt 0.38611000 0.74237100
vt 0.10058800 0.99577000
vt 0.00020600 0.00000000
vt 0.00030200 0.99941100
vt 0.99837500 0.00210700
vt 0.99999000 1.00000000
vt 0.08048800 0.19150700
vt 0.00025100 0.25539700
vt 0.04915700 0.88700400
vt 0.99860300 1.00000000
vt 0.29781600 0.19146600
vt 0.99585600 0.00017200
vt 0.00019400 0.49843500
vt 0.01338600 0.60912400
vt 0.05581500 0.18270900
vt 0.99982900 0.49843500
vt 0.06600200 0.18905900
vt 0.99889500 0.25536700
vt 0.32774400 0.19788000
vt 0.99877600 0.66192800
vt 0.30763500 0.19040400
vt 0.99932100 0.33223900
vt 0.31626900 0.18731100
vt 0.93079000 0.81570000
vt 0.00001800 0.33223900
vt 0.90034200 0.94981400
vt 0.00001600 0.66192800
vt 0.00372300 1.00000000
vt 0.00001500 0.01069700
vt 0.95207000 0.62290900
vt 1.00000000 0.00000000
vt 0.32228300 0.18269200
vt 0.98368500 0.99905900
vt 0.32774400 0.17699400
vt 0.98135300 0.96532300
vt 0.54550600 0.23219100
vt 0.47934700 0.74237100
vt 1.00000000 0.00000000
vt 0.48182600 0.01028800
vt 0.47331200 0.67744300
vt 0.98317800 0.00472900
vt 0.99228300 1.00000000
vt 0.45258700 0.16536200
vt 0.00009900 0.97684200
vt 0.00000000 0.00000000
vt 0.55448000 0.88999800
vt 0.33427600 0.58377200
vt 0.54453500 0.74237100
vt 0.44841600 0.17214500
vt 0.99743000 0.80180000
vt 0.52778700 0.63786300
vt 0.99962800 1.00000000
vt 0.59552000 0.00885400
vt 0.58474500 0.49088400
vt 0.58474500 0.74237100
vt 0.17342400 0.00029700
vt 0.58474500 0.87554200
vt 1.00000000 0.00075700
vt 0.00038600 0.91724700
vt 0.71873300 0.75467000
vt 0.88355200 0.00440800
vt 0.97994900 0.00000000
vt 0.64545800 0.50212000
vt 0.00352300 0.87435700
vt 0.71635400 0.74237100
vt 0.99642600 0.00000000
vt 0.71789900 0.18269200
vt 1.00000000 0.99855100
vt 0.00001600 0.01689400
vt 0.00286700 1.00000000
vt 0.95186000 0.62307700
vt 0.97854800 0.65985400
vt 0.84510100 0.16711800
vt 0.71201200 0.18742200
vt 0.99710200 0.33042900
vt 0.93112200 0.81249100
vt 0.00001700 0.33042900
vt 0.00000900 0.65597300
vt 0.90105900 0.94732200
vt 0.70346200 0.19057200
vt 0.99831700 0.65597300
vt 0.98776400 0.00000000
vt 0.69342600 0.19150700
vt 1.00000000 0.99922400
vt 0.66866500 0.19169400
vt 0.99195300 0.11385300
vt 0.86571600 0.99572300
vt 0.00001300 1.00000000
vt 0.00012800 0.00016100
vt 0.00008700 0.00000000
vt 0.10047700 0.99572300
vt 0.00012800 0.99876900
vt 0.47603600 0.19181100
vt 0.99661800 0.00447900
vt 0.98510500 1.00000000
vt 0.00007600 0.80180000
vt 0.00214300 0.13839400
vt 0.00007400 0.41022300
vt 0.02397300 0.72580100
vt 0.05771400 0.92317300
vt 0.00015200 0.20908000
vt 0.99982100 0.20908000
vt 0.46413800 0.19008400
vt 0.45452900 0.18551900
vt 0.99864100 0.41022300
vt 0.44908400 0.17918800
vt 0.99806100 0.60709000
vt 0.00003900 0.60709000
vt 0.00470700 0.44819100
vt 0.00020700 0.89099100
vt 0.00661000 0.00075700
vt 0.55488300 0.89448900
vt 0.96166400 1.00000000
vt 1.00000000 0.00000000
vt 0.68212200 0.43349400
vt 0.77355200 0.68231500
vt 0.02737700 0.65985400
vt 0.52685700 0.91703300
vt 0.70946900 0.49088400
vt 0.96212500 0.59752500
vt 0.81706800 0.19788000
vt 0.90329600 0.00371000
vt 0.65206300 0.49088400
vt 0.98434100 0.32925600
vt 0.69497100 0.32976200
vt 0.79292500 0.49088400
vt 0.47235200 0.00000300
vt 0.79292500 0.65540200
vt 0.07059500 0.50750600
vt 0.85370400 0.40922600
vt 0.75530400 0.24555000
vt 0.96735600 0.00794900
vt 0.48526500 0.18237500
vt 0.79292500 0.30027000
vt 0.24756700 0.00257900
vt 0.99531400 0.00000000
vt 0.75346700 0.24310700
vt 0.33353300 0.00056000
vt 0.76935100 0.18762800
vt 0.99921000 0.79831100
vt 0.33353300 0.03520600
vt 0.79292500 0.18510500
vt 0.76180700 0.89955100
vt 0.99745800 0.00009600
vt 1.00000000 1.00000000
vt 0.24185700 0.26957000
vt 0.99888300 0.99992500
vt 0.37122800 0.25194700
vt 0.99752100 0.00000000
vt 0.99904200 0.25634900
vt 0.23173000 0.24553300
vt 0.99918200 0.50116000
vt 0.24191400 0.25193700
vt 0.99790100 0.33166100
vt 0.37739800 0.24729700
vt 0.38593900 0.24418700
vt 0.99872500 0.66034500
vt 0.32774400 0.29909300
vt 0.99698000 0.80294200
vt 0.21741600 0.24305000
vt 0.99932600 0.00149100
vt 0.99734500 1.00000000
vt 0.24562600 0.26063000
vt 0.99950800 0.74539000
vt 0.00006100 0.99932500
vt 0.99324000 0.15301400
vt 0.00108200 0.00000000
vt 0.00003800 0.74539000
vt 0.99989400 0.13959900
vt 0.00006100 0.50116000
vt 0.99331800 0.12653900
vt 0.97526500 0.11692500
vt 0.00002300 0.25634900
vt 0.00024400 0.99960100
vt 0.00006100 0.00000000
vt 0.94972000 0.11319400
vt 0.00170200 0.50532100
vt 0.80892100 0.32165300
vt 0.00116100 0.99975400
vt 0.00024400 0.00000000
vt 0.56325000 0.11319400
vt 0.99741400 1.00000000
vt 0.00008400 0.24313200
vt 0.99953500 0.00001400
vt 0.79633600 0.33317100
vt 0.00162900 0.53989200
vt 0.99900400 0.50532100
vt 0.13820800 0.38158800
vt 0.25952700 0.37264000
vt 0.99689200 0.49542900
vt 0.00002800 0.33166100
vt 0.46714800 0.00834200
vt 0.24555100 0.00042300
vt 0.74373100 0.00863400
vt 0.24555100 0.19348000
vt 0.49088400 0.19348000
vt 0.73484400 0.32058600
vt 0.99838200 0.00000000
vt 0.19814200 0.98868600
vt 0.11912000 0.98873400
vt 0.74237000 0.27465500
vt 0.24555100 0.38611400
vt 0.49088400 0.38611400
vt 1.00000000 1.00000000
vt 0.48178100 0.98970500
vt 0.67750600 0.47338300
vt 0.93782200 0.02996900
vt 0.74237000 0.31996300
vt 0.74237000 0.38611400
vt 0.49088400 0.58474500
vt 0.24555100 0.58474500
vt 0.96473800 0.00000000
vt 0.43362700 0.68216100
vt 0.99996200 1.00000000
vt 0.74237000 0.58474500
vt 0.50240000 0.64518500
vt 0.98219700 1.00000000
vt 0.88297000 0.99572700
vt 0.49088400 0.65205300
vt 0.90333200 0.99637800
vt 0.99976600 0.00000000
vt 0.63792300 0.52787200
vt 0.59552800 0.99114000
vt 0.98870700 0.00000000
vt 0.98251100 0.99755900
vt 0.45154400 0.83496000
vt 0.33455600 0.41604500
vt 0.74237000 0.54461500
vt 0.00000000 1.00000000
vt 0.89001900 0.55456800
vt 0.00010100 0.01182100
vt 0.17291800 1.00000000
vt 0.87564000 0.58474500
vt 0.00038600 0.08276800
vt 0.75471800 0.71878900
vt 1.00000000 1.00000000
vt 0.00001300 0.00000000
vt 0.86571600 0.00274200
vt 0.00012700 0.99947900
vt 0.10047500 0.00274200
vt 0.00008700 1.00000000
vt 0.00012700 0.00098700
vt 0.00189000 0.84785800
vt 0.00006600 0.19793200
vt 0.89451000 0.55497100
vt 0.00660800 1.00000000
vt 0.00020700 0.09866900
vt 0.44825900 0.82802500
vt 0.99115200 0.19793200
vt 0.00004000 0.39262100
vt 0.00508400 0.54114800
vt 0.99337800 0.39262100
vt 0.44911300 0.82101800
vt 0.45464300 0.81472500
vt 0.99547100 0.58959300
vt 0.00007400 0.58959300
vt 0.02459500 0.26772400
vt 0.00014700 0.79085100
vt 0.05814900 0.07368400
vt 0.99768900 0.79085100
vt 0.46420800 0.81018900
vt 1.00000000 0.99639300
vt 0.47603400 0.80853300
vt 0.99032400 0.00000000
vt 0.98931000 0.88621600
vt 0.66866500 0.80847800
vt 0.66866500 0.80235900
vt 0.97817000 0.34013900
vt 0.84495300 0.83326800
vt 0.99953200 0.19520500
vt 0.64108800 0.73692100
vt 0.62485000 0.75498500
vt 0.99889500 0.79208900
vt 0.39570000 0.75690900
vt 1.00000000 0.00019400
vt 0.97611000 0.99999900
vt 0.61305000 0.75659700
vt 0.98936200 0.00024700
vt 0.99203500 1.00000000
vt 0.99402400 0.72853100
vt 0.66866500 0.64199400
vt 0.96638100 0.40233400
vt 0.81701000 0.80235900
vt 0.98199900 1.00000000
vt 0.69342800 0.80854300
vt 0.99613000 0.00397000
vt 0.99953500 0.38955600
vt 0.64008000 0.74406000
vt 0.99993100 0.58854400
vt 0.63444400 0.75047900
vt 0.99868400 0.33968300
vt 0.38594800 0.75580800
vt 0.98751200 0.67071100
vt 0.69496700 0.67028100
vt 0.99913800 0.50799300
vt 0.70768700 0.81102800
vt 0.91629400 0.10743900
vt 0.00000100 0.50799300
vt 0.71789900 0.81734800
vt 0.99666800 1.00000000
vt 1.00000000 0.00029700
vt 0.00001300 0.99656800
vt 0.00286500 0.00000000
vt 0.95186100 0.37624600
vt 0.74237000 0.71640000
vt 0.00355100 0.12584500
vt 0.21023000 0.75660700
vt 0.01007500 0.67071100
vt 0.13271400 0.66471600
vt 0.01326100 0.79505700
vt 0.02670600 0.34177400
vt 0.41476000 1.00000000
vt 0.68366900 0.77394000
vt 0.02745500 0.34013900
vt 0.68239900 0.77360200
vt 0.47222000 1.00000000
vt 0.65553400 0.79292300
vt 0.52912700 0.08280400
vt 0.49088400 0.70947800
vt 0.49088400 0.79292300
vt 0.64130700 0.80201700
vt 0.50066500 1.00000000
vt 0.78443100 1.00000000
vt 0.49088400 0.88231400
vt 0.00427000 0.29487200
vt 0.80288400 1.00000000
vt 0.48070200 0.88693800
vt 0.00588000 0.00000000
vt 0.70743000 0.88682300
vt 0.00006800 1.00000000
vt 0.04396400 0.79388800
vt 0.99371200 0.17814700
vt 0.00001100 0.74969100
vt 0.99303600 1.00000000
vt 0.99225800 0.00000000
vt 0.00002200 1.00000000
vt 0.96123600 0.88682300
vt 0.00006800 0.00098500
vt 0.00032500 0.99958200
vt 0.00002200 0.00000000
vt 0.99479300 0.84700200
vt 0.85373800 0.67962500
vt 0.00051400 0.49852200
vt 0.00051400 0.49852200
vt 0.84117700 0.66471600
vt 0.00049300 0.45390300
vt 0.00049300 0.45390300
vt 0.00049300 0.45390300
vt 0.99953800 0.49852200
vt 0.99953800 0.49852200
vt 0.99953800 0.49852200
vt 0.11161100 0.61591800
vt 0.00032500 0.00065200
vt 0.00000500 1.00000000
vt 0.71356000 0.51327500
vt 0.09214500 0.59637400
vt 0.99870800 0.40786400
vt 0.99870800 0.40786400
vt 1.00000000 0.00000000
vt 0.99958800 0.99988400
vt 0.12301200 0.50858300
vt 0.99999700 0.62243900
vt 0.99999700 0.62243900
vt 0.99999700 0.62243900
vt 0.21072900 0.59637400
vt 0.99998300 0.99032400
vt 0.00418300 0.50858300
vt 0.99272700 0.00000000
vt 0.70841000 0.50000100
vt 0.00000000 0.49998600
vt 0.00459900 0.49159200
vt 1.00000000 0.00943900
vt 0.99236700 1.00000000
vt 0.00080800 0.50001700
vt 0.99967800 0.49993800
vt 0.11896900 0.50001900
vt 0.99989400 0.49991100
vt 0.00029000 1.00000000
vt 0.00518400 0.51715100
vt 0.00000600 0.00187500
vt 0.00000000 0.49999900
vt 0.10240500 0.66524200
vt 0.00027300 0.68195100
vt 0.00027300 0.68195100
vt 0.00041400 0.50309500
vt 0.00041400 0.50309500
vt 0.00041400 0.50309500
vt 0.15705400 0.74856800
vt 0.99992100 0.50309500
vt 0.99992100 0.50309500
vt 0.23849600 0.62414700
vt 0.00029000 0.00028100
vt 0.00001000 1.00000000
vt 0.31076800 0.98265900
vt 0.00029000 0.00028100
vt 0.99841100 0.09530900
vt 0.99841100 0.09530900
vt 0.33353300 0.71888800
vt 0.21968800 0.72398900
vt 0.99941100 0.00294600
vt 0.99966800 1.00000000
vt 0.35577500 0.74108600
vt 0.99995400 0.99572900
vt 0.99872100 0.00000000
vt 0.36650200 0.74731500
vt 0.99994900 0.50267600
vt 0.32504900 0.99517600
vt 0.00000000 0.50267600
vt 0.00005500 1.00000000
vt 0.00001000 0.00455900
vt 0.34454400 0.99981000
vt 0.99994800 0.00000000
vt 1.00000000 0.99941700
vt 0.38150200 0.74965200
vt 0.00002700 0.24597000
vt 0.99997600 0.85996200
vt 0.22353500 0.73226500
vt 0.99976500 0.24597000
vt 0.99505600 0.87323100
vt 0.00002300 0.49345300
vt 0.21980100 0.74083600
vt 0.99979100 0.49345300
vt 0.20888700 0.74726300
vt 0.99990600 0.74541800
vt 0.98080200 0.88315300
vt 0.00006400 0.74541800
vt 1.00000000 0.00000000
vt 0.19406600 0.74965200
vt 0.99995300 0.99686200
vt 0.19390900 0.80857500
vt 0.99950000 0.49727400
vt 0.20500200 0.80221700
vt 0.99995500 0.74925600
vt 0.19019500 0.81714100
vt 0.99828200 0.24668400
vt 0.99973400 0.49248900
vt 0.12168700 0.87134700
vt 0.19426300 0.82551800
vt 0.99629100 0.00000000
vt 0.99829800 0.99863800
vt 0.21999000 0.79981900
vt 0.99991600 1.00000000
vt 1.00000000 0.00040300
vt 0.00102700 0.00000000
vt 0.00002900 0.99645900
vt 0.04846500 0.00260100
vt 0.33353300 0.79996000
vt 0.99843600 0.20312700
vt 0.50002100 0.00242000
vt 0.00158600 0.50004800
vt 0.68568900 1.00000000
vt 0.97433700 0.24555100
vt 0.95159100 0.00260100
vt 0.00102700 1.00000000
vt 0.00005200 0.00508700
vt 0.15688800 0.99990800
vt 0.50002100 1.00000000
vt 0.50072400 1.00000000
vt 0.15654700 1.00000000
vt 1.00000000 0.15639400
vt 0.24555100 0.97438400
vt 0.31603800 1.00000000
vt 0.24555100 0.83770200
vt 0.30891100 0.38452500
vt 0.00057800 0.76499900
vt 0.00001000 0.24668400
vt 0.00009700 0.09511300
vt 0.39314600 0.92349700
vt 0.00323800 1.00000000
vt 0.00000000 1.00000000
vt 0.00012300 0.00763900
vt 0.38948500 0.92131700
vt 0.00672100 0.38273800
vt 0.00003000 0.49727400
vt 0.02465200 0.10179100
vt 0.00004000 0.74926600
vt 0.76288600 0.10024600
vt 0.18522700 0.79292300
vt 0.07712200 0.79292300
vt 0.79287600 0.07698100
vt 0.99983200 0.20165300
vt 0.33353300 0.96480500
vt 0.36878000 1.00000000
vt 1.00000000 0.00000000
vt 0.16483400 0.77553300
vt 0.33353300 0.99944000
vt 0.18778500 0.76938900
vt 0.24327500 0.75349900
vt 0.24753200 0.99742000
vt 0.99790300 1.00000000
vt 0.48693200 0.81782300
vt 0.30035600 0.79292300
vt 0.97175800 0.99259100
vt 0.24555100 0.75521200
vt 0.58474500 0.03046800
vt 0.03068400 0.58482100
vt 0.03067300 0.58474500
vt 0.58466900 0.03045600
vt 0.38611000 0.24555100
vt 0.38611000 0.00996800
vt 0.01018900 0.38622700
vt 0.01018200 0.38611400
vt 0.38599700 0.00995900
vt 0.00154700 0.19364200
vt 0.19347600 0.00149300
vt 0.19347600 0.24555100
vt 0.00344500 0.49088400
vt 0.50763800 0.00174300
vt 0.19347600 0.49088400
vt 0.00020600 0.24555100
vt 0.25647400 0.00175800
vt 0.00020900 0.24487100
vt 0.25576600 0.00177300
vt 0.19331300 0.00148700
vt 0.00154700 0.19348000
vt 0.00051000 0.00420900
vt 0.99995400 0.00901700
vt 0.00401200 0.00032300
vt 0.00000000 0.00171500
vt 0.00000700 0.33545100
vt 0.99996900 0.34030000
vt 0.74429900 0.00849900
vt 0.24500300 0.00043300
vt 0.99996900 0.34460300
vt 0.00000700 0.33978500
vt 0.51031700 0.00172800
vt 0.00353200 0.49354100
vt 0.38611000 0.49088400
vt 0.32036400 0.73479500
vt 0.80191700 0.98863000
vt 0.99979600 1.00000000
vt 0.27384800 0.74237100
vt 0.88223600 0.98869000
vt 0.99738100 0.00228900
vt 0.99319800 1.00000000
vt 0.94398800 0.83493400
vt 0.28476100 0.98140000
vt 0.00040600 0.90162800
vt 0.99331000 1.00000000
vt 0.28533700 0.97700100
vt 0.00000000 0.00000000
vt 0.00038500 0.98893000
vt 0.93866300 0.96982000
vt 0.31974800 0.74237100
vt 0.94785300 0.82601000
vt 0.99715900 0.74411100
vt 0.99934200 0.49941800
vt 0.94419000 0.81750100
vt 0.00005000 0.74411100
vt 0.99880800 0.75578900
vt 0.00020000 0.49941800
vt 0.98603900 0.38316500
vt 0.00024800 0.25597000
vt 0.95022900 0.11023000
vt 0.89941700 0.00423800
vt 0.00063000 1.00000000
vt 0.00020500 0.00127100
vt 1.00000000 0.96869200
vt 0.99497000 0.00000000
vt 0.70220800 0.80849200
vt 0.93400700 0.81117400
vt 0.99999000 0.25597000
vt 0.00063000 0.00415600
vt 0.13412900 0.00423800
vt 0.00001500 1.00000000
vt 0.38611000 0.96240100
vt 0.48448800 1.00000000
vt 0.99991900 0.00000000
vt 1.00000000 0.99962200
vt 0.91951700 0.80849200
vt 0.00000000 1.00000000
vt 0.47975600 0.93194800
vt 0.00063400 0.91471100
vt 0.38611000 0.74237100
vt 0.47892600 0.74237100
vt 0.54677600 0.23132400
vt 0.47279400 0.67770200
vt 1.00000000 0.00000000
vt 0.51824200 0.98964700
vt 0.97653000 0.95621500
vt 0.67098000 0.82486300
vt 0.52740400 0.63817300
vt 0.99972900 1.00000000
vt 0.40438800 0.99105900
vt 0.98811100 1.00000000
vt 0.98087000 0.00222100
vt 0.54767000 0.83469600
vt 0.99316400 0.80213700
vt 0.55153400 0.82794000
vt 0.00049000 0.98898300
vt 0.00000000 0.00000000
vt 0.55400000 0.89029400
vt 0.33535000 0.58498900
vt 0.54407000 0.74237100
vt 0.58474500 0.87556400
vt 0.82379500 1.00000000
vt 0.58474500 0.74237100
vt 0.71843600 0.75501700
vt 0.00038600 0.91728900
vt 0.00000000 1.00000000
vt 0.98184900 0.00000000
vt 0.11673900 0.99560000
vt 0.64520900 0.50228800
vt 0.00365300 0.87323800
vt 0.71600000 0.74237100
vt 1.00000000 0.99970000
vt 0.28214600 0.81730600
vt 0.99460400 0.00000000
vt 0.00001300 0.00348400
vt 0.00286300 1.00000000
vt 0.04813100 0.37720800
vt 0.13427700 0.00427900
vt 0.00001300 1.00000000
vt 0.00015000 0.00036700
vt 0.00000100 0.49214100
vt 0.08370900 0.10878100
vt 0.00015000 0.99809800
vt 0.89952400 0.00427900
vt 0.00008600 0.00000000
vt 0.00006500 0.80213700
vt 0.99812400 0.84717700
vt 0.00015200 0.20930700
vt 0.94183900 0.07523600
vt 0.97538400 0.26870100
vt 0.00007200 0.41060300
vt 0.99489100 0.54135800
vt 0.00004300 0.60752700
vt 0.54515100 0.81465700
vt 0.99757600 0.41060300
vt 0.99544100 0.60752700
vt 0.55067500 0.82094300
vt 0.53560200 0.81012600
vt 0.99975800 0.20930700
vt 0.00020500 0.90206500
vt 0.99339200 1.00000000
vt 0.55440100 0.89478600
vt 0.98121000 0.99993000
vt 0.99908000 0.00000000
vt 0.67773700 0.81730600
vt 0.00001500 0.00009500
vt 0.04795100 0.37718200
vt 0.00371500 1.00000000
vt 0.99954100 0.33208500
vt 0.68467700 0.81292200
vt 0.06976400 0.18099800
vt 0.00001600 0.33208500
vt 0.09991400 0.04951100
vt 0.00001600 0.66155900
vt 0.99979100 0.66148000
vt 0.69330300 0.80984900
vt 0.04965600 0.68863900
vt 0.68858500 0.04944500
vt 0.07079200 0.49248900
vt 0.40934800 0.85373300
vt 0.77570100 0.16416200
vt 1.00000000 1.00000000
vt 0.63113400 0.99996200
vt 0.79292500 0.07699600
vt 0.07713600 0.79297200
vt 0.30522300 0.61235400
vt 0.83834800 0.24555100
vt 0.79292500 0.18434300
vt 0.76498000 0.90076200
vt 0.00000000 0.00000000
vt 0.92154200 0.38875000
vt 0.00019300 0.99187600
vt 0.00012000 0.90458200
vt 0.92372500 0.39241000
vt 0.99681700 1.00000000
vt 0.00001600 0.75335500
vt 0.99944100 0.76501500
vt 0.99843500 0.75335500
vt 0.80969300 0.81714500
vt 0.80597200 0.80856400
vt 0.99964000 0.50280100
vt 0.00005000 0.50280100
vt 0.99330400 0.38218400
vt 0.97529500 0.10155300
vt 0.00007600 0.25077700
vt 0.99996200 0.25077700
vt 0.79484200 0.80221200
vt 0.66680100 0.99939300
vt 0.76949600 0.18738700
vt 0.99923300 0.81350600
vt 0.63014400 0.60027300
vt 0.99818800 0.50046300
vt 0.53542300 0.61968100
vt 0.51749800 0.60027300
vt 0.99608800 0.41295500
vt 0.99131100 1.00000000
vt 0.54562300 0.50876900
vt 0.98859800 0.00350100
vt 0.78560500 0.73316500
vt 0.00037900 0.50046300
vt 0.00028200 0.34719900
vt 0.72211800 0.66698500
vt 0.00000000 1.00000000
vt 0.57822100 0.51715100
vt 0.00029600 0.00008800
vt 0.00029600 0.99906100
vt 0.99237900 0.94835900
vt 0.00004700 0.00000000
vt 0.50410800 0.99981200
vt 0.00047400 0.99998400
vt 0.00002200 0.00000000
vt 0.50047300 0.99979300
vt 0.00005300 0.06282000
vt 0.94296000 0.99981200
vt 0.00004700 0.99908100
vt 0.00047400 0.00000000
vt 0.96675400 0.99667000
vt 0.00016300 0.79208900
vt 0.99755200 0.97537200
vt 0.00008400 0.38955600
vt 0.00005300 0.19520500
vt 0.99960000 0.96147100
vt 0.98616300 0.98787500
vt 0.00004500 0.58854400
vt 0.99255100 0.00660900
vt 0.98753500 1.00000000
vt 0.63771100 0.73039200
vt 0.45468900 0.98266100
vt 0.00066400 0.00006700
vt 0.00002200 1.00000000
vt 0.00002500 0.33968300
vt 0.48441900 0.99771400
vt 0.46717700 0.99167500
vt 0.00002400 0.66837900
vt 0.99773900 0.66837900
vt 0.37741400 0.75270600
vt 0.37122800 0.74809400
vt 0.99721300 0.99894700
vt 0.99920400 0.00000000
vt 0.00119900 0.50451900
vt 0.22906200 0.74785300
vt 0.99605600 0.50451900
vt 0.25955800 0.62739900
vt 0.15150600 0.66698500
vt 0.00061500 0.67814300
vt 0.99591600 0.61767600
vt 0.23447400 0.60027300
vt 1.00000000 0.99991600
vt 0.14981900 0.50883500
vt 0.99979800 0.00000000
vt 0.00001300 0.00135700
vt 0.00066400 1.00000000
vt 0.00758500 0.51715100
vt 0.00000000 0.49997500
vt 0.32774400 0.82326100
vt 0.97883100 0.03444000
vt 0.93160000 0.48076900
vt 1.00000000 1.00000000
vt 0.00063300 0.08600800
vt 0.00372000 0.00079800
vt 0.00001300 1.00000000
vt 0.95207000 0.37717500
vt 0.54575100 0.76818000
vt 0.74237000 0.47943900
vt 0.99931100 0.99093200
vt 0.98271700 0.00000000
vt 0.32228300 0.81734800
vt 0.31611800 0.81295900
vt 0.99974600 0.66788900
vt 0.93025000 0.18094600
vt 0.00001700 0.66788900
vt 0.00002100 0.33813900
vt 0.90006900 0.04947600
vt 0.86589000 0.00422600
vt 0.00001600 0.00000000
vt 0.00030100 0.99995900
vt 0.00020800 1.00000000
vt 0.00030100 0.00058300
vt 0.10058300 0.00422600
vt 0.96242900 0.38611400
vt 0.51367600 1.00000000
vt 0.99585800 0.99999500
vt 0.99994600 0.00027400
vt 0.29785900 0.80883600
vt 0.08048800 0.80853300
vt 0.99998800 0.00000000
vt 1.00000000 0.99774500
vt 0.30755200 0.80989300
vt 0.99989800 0.33813900
vt 0.00025100 0.74429600
vt 0.04972300 0.11041500
vt 0.06620900 0.81122900
vt 0.99997200 0.74429600
vt 0.99930500 0.50103800
vt 0.05604600 0.81753100
vt 0.99714100 0.25614400
vt 0.05235500 0.82601900
vt 0.00020200 0.50103800
vt 0.01402400 0.38221800
vt 0.00005400 0.25614400
vt 0.00119600 0.75389500
vt 0.00040800 0.09696100
vt 0.00668700 1.00000000
vt 0.98141400 0.28481200
vt 0.99319600 0.00000000
vt 0.99653100 0.99803900
vt 0.05601500 0.83497900
vt 0.00028800 0.00939900
vt 0.97701400 0.28539400
vt 0.00000000 1.00000000
vt 0.74509600 0.25465400
vt 0.99988300 1.00000000
vt 0.08514300 0.98862100
vt 0.96123600 0.11318000
vt 0.00001100 0.00000000
vt 0.00006800 0.99899600
vt 0.99992700 0.14004100
vt 0.00000700 0.75401200
vt 0.98081200 0.11683500
vt 0.00004300 0.25455200
vt 0.99505500 0.12676900
vt 0.00001200 0.50651000
vt 0.00007600 0.25074800
vt 0.02447400 0.89637100
vt 0.01015600 0.38623700
vt 0.38611000 0.01000100
vt 0.30502900 0.32976700
vt 0.98685900 0.67083700
vt 0.33028800 0.35691500
vt 0.99363300 0.72633100
vt 1.00000000 0.00531100
vt 0.36254400 0.26960800
vt 0.99467600 1.00000000
vt 0.36984600 0.39979200
vt 0.99939700 0.81362400
vt 0.99835800 0.50049300
vt 0.46452100 0.38040200
vt 0.35884900 0.26311100
vt 0.99920400 0.19527700
vt 0.99899900 0.38971800
vt 0.35987700 0.25594800
vt 0.00001600 0.19527700
vt 0.00039400 0.03849700
vt 0.00004900 0.00000000
vt 0.00770100 0.05164100
vt 0.00039500 0.99923600
vt 0.00253500 0.02455100
vt 0.00007200 0.38971800
vt 0.00032000 0.00000000
vt 0.05711500 0.00018800
vt 0.00004900 0.99679800
vt 0.00004600 0.58875300
vt 0.01403900 0.01204000
vt 0.99924300 0.58875300
vt 0.36555300 0.24952100
vt 0.03353200 0.00327000
vt 0.00016600 0.79224000
vt 0.99801400 0.79224000
vt 0.37518700 0.24503700
vt 0.38699100 0.24344500
vt 0.99087500 1.00000000
vt 0.98917800 0.00086100
vt 0.97470500 1.00000000
vt 0.60432400 0.24315900
vt 1.00000000 0.00355900
vt 0.00032000 0.99953300
vt 0.00002200 0.00000000
vt 0.49593300 0.00018800
vt 0.99631000 0.41306200
vt 0.48243100 0.39979200
vt 0.56762500 0.49120600
vt 1.00000000 0.99535700
vt 0.98045500 0.00000000
vt 0.98507100 0.00510300
vt 0.98769500 1.00000000
vt 0.45429400 0.49131300
vt 0.45796400 0.50002800
vt 0.99981600 0.49998600
vt 0.00001200 0.49998600
vt 1.00000000 0.50000000
vt 0.99586900 0.00557900
vt 0.56736000 0.50874300
vt 0.97689200 1.00000000
vt 0.57105300 0.50003100
vt 0.99920100 0.49994200
vt 0.00000000 0.00000000
vt 0.42182500 0.51715100
vt 0.00037900 0.99961300
vt 0.00038100 0.65257600
vt 0.27793500 0.66698600
vt 0.00002200 0.74155500
vt 0.02452000 0.11697400
vt 0.00654500 0.12663500
vt 0.00006000 0.49638500
vt 0.00003700 0.25328000
vt 0.00008500 0.13963800
vt 0.00673500 0.15300800
vt 0.00006000 0.00000000
vt 0.00118600 0.99941300
vt 0.00011000 0.00177700
vt 0.05022700 0.11318700
vt 0.00006000 1.00000000
vt 0.54992100 0.16874800
vt 0.99741500 0.00000000
vt 0.99991600 0.24316600
vt 0.99902900 0.99998600
vt 0.99750100 1.00000000
vt 0.99662300 0.00249300
vt 0.99750100 1.00000000
vt 0.99991600 0.10340900
vt 0.98602400 0.24700400
vt 0.43643800 0.00001100
vt 0.00249800 0.53675400
vt 0.00249800 0.53675400
vt 0.00000000 0.00000000
vt 0.16239200 0.99808200
vt 0.89115900 0.22854500
vt 0.00153000 0.19348000
vt 0.19331000 0.00150300
vt 0.24555100 0.00042400
vt 0.74373300 0.00867600
vt 0.24499000 0.00043300
vt 0.74431600 0.00853800
vt 0.00000000 0.00171200
vt 0.00401200 0.00031400
vt 0.00051900 0.00420900
vt 0.99995300 0.00905300
vt 0.74431600 0.34030300
vt 0.74431600 0.66004900
vt 0.49028800 0.66004900
vt 0.24352100 0.99396300
vt 0.09465700 0.86909900
vt 0.99998200 0.66222100
vt 0.00000400 0.65971900
f 60/60/60 58/58/58 49/49/49
f 61/61/61 48/48/48 81/81/81
f 68/68/68 67/67/67 64/64/64
f 71/71/71 65/65/65 75/75/75
f 62/62/62 82/82/82 77/77/77
f 50/50/50 46/46/46 82/82/82
f 85/85/85 94/94/94 76/76/76
f 79/79/79 89/89/89 84/84/84
f 91/91/91 69/69/69 76/76/76
f 94/94/94 91/91/91 76/76/76
f 95/95/95 97/97/97 92/92/92
f 106/106/106 102/102/102 94/94/94
f 85/85/85 106/106/106 94/94/94
f 121/121/121 116/116/116 102/102/102
f 106/106/106 122/122/122 121/121/121
f 105/105/105 119/119/119 100/100/100
f 159/159/159 155/155/155 166/166/166
f 192/192/192 189/189/189 176/176/176
f 198/198/198 195/195/195 179/179/179
f 178/178/178 200/200/200 202/202/202
f 204/204/204 201/201/201 177/177/177
f 206/206/206 203/203/203 180/180/180
f 209/209/209 208/208/208 175/175/175
f 248/248/248 225/225/225 251/251/251
f 318/318/318 315/315/315 104/104/104
f 324/324/324 332/332/332 317/317/317
f 330/330/330 322/322/322 316/316/316
f 83/83/83 327/327/327 321/321/321
f 85/85/85 320/320/320 106/106/106
f 702/702/702 705/705/705 710/710/710
f 745/745/745 754/754/754 647/647/647
f 753/753/753 640/640/640 648/648/648
f 1048/1048/1048 1041/1041/1041 1033/1033/1033
f 1049/1049/1049 1034/1034/1034 1028/1028/1028
f 757/757/757 1051/1051/1051 733/733/733
f 758/758/758 1060/1060/1060 1050/1050/1050
f 1043/1043/1043 1104/1104/1104 1019/1019/1019
f 1016/1016/1016 1123/1123/1123 1112/1112/1112
f 1119/1119/1119 1132/1132/1132 1130/1130/1130
f 1115/1115/1115 1120/1120/1120 1131/1131/1131
f 1310/1310/1310 1336/1336/1336 1321/1321/1321
f 1311/1311/1311 1338/1338/1338 1325/1325/1325
f 1309/1309/1309 1327/1327/1327 1329/1329/1329
f 1320/1320/1320 1345/1345/1345 1335/1335/1335
f 1346/1346/1346 1347/1347/1347 1319/1319/1319
f 1347/1347/1347 1352/1352/1352 1319/1319/1319
f 1352/1352/1352 1350/1350/1350 1319/1319/1319
f 1318/1318/1318 1353/1353/1353 1358/1358/1358
f 1317/1317/1317 1359/1359/1359 1303/1303/1303
f 1390/1390/1390 1393/1393/1393 72/72/72
f 90/90/90 1391/1391/1391 70/70/70
f 1392/1392/1392 1387/1387/1387 1396/1396/1396
f 1397/1397/1397 1400/1400/1400 74/74/74
f 1440/1440/1440 1435/1435/1435 1439/1439/1439
f 1819/1819/1819 1815/1815/1815 1822/1822/1822
f 1818/1818/1818 1821/1821/1821 1829/1829/1829
f 1834/1834/1834 1856/1856/1856 1855/1855/1855
f 1835/1835/1835 1860/1860/1860 1857/1857/1857
f 1867/1867/1867 1875/1875/1875 1863/1863/1863
f 283/283/283 457/457/457 276/276/276
f 285/285/285 293/293/293 458/458/458
f 2378/2378/2378 2381/2381/2381 2374/2374/2374
f 328/328/328 2397/2397/2397 325/325/325
f 1/1/1 2/2/2 11/11/11
f 4/4/4 2/2/2 1/1/1
f 13/13/13 3/3/3 1/1/1
f 3/3/3 4/4/4 1/1/1
f 1/1/1 5/5/5 13/13/13
f 10/10/10 5/5/5 1/1/1
f 10/10/10 1/1/1 8/8/8
f 15/15/15 8/8/8 1/1/1
f 11/11/11 15/15/15 1/1/1
f 19/19/19 16/16/16 12/12/12
f 16/16/16 19/19/19 17/17/17
f 17/17/17 7/7/7 16/16/16
f 21/21/21 17/17/17 19/19/19
f 23/23/23 19/19/19 12/12/12
f 21/21/21 19/19/19 22/22/22
f 23/23/23 22/22/22 19/19/19
f 32/32/32 24/24/24 23/23/23
f 23/23/23 24/24/24 30/30/30
f 23/23/23 25/25/25 22/22/22
f 25/25/25 23/23/23 26/26/26
f 23/23/23 30/30/30 26/26/26
f 23/23/23 12/12/12 32/32/32
f 32/32/32 33/33/33 24/24/24
f 2/2/2 31/31/31 11/11/11
f 34/34/34 31/31/31 2/2/2
f 24/24/24 33/33/33 35/35/35
f 2/2/2 37/37/37 34/34/34
f 37/37/37 36/36/36 34/34/34
f 40/40/40 37/37/37 2/2/2
f 39/39/39 42/42/42 37/37/37
f 37/37/37 44/44/44 39/39/39
f 37/37/37 40/40/40 44/44/44
f 37/37/37 42/42/42 36/36/36
f 40/40/40 45/45/45 44/44/44
f 45/45/45 51/51/51 44/44/44
f 53/53/53 43/43/43 47/47/47
f 44/44/44 52/52/52 39/39/39
f 55/55/55 53/53/53 47/47/47
f 54/54/54 38/38/38 53/53/53
f 55/55/55 54/54/54 53/53/53
f 55/55/55 56/56/56 54/54/54
f 47/47/47 59/59/59 55/55/55
f 55/55/55 57/57/57 56/56/56
f 57/57/57 55/55/55 59/59/59
f 57/57/57 59/59/59 63/63/63
f 57/57/57 63/63/63 66/66/66
f 4/4/4 3/3/3 80/80/80
f 3/3/3 78/78/78 80/80/80
f 4/4/4 80/80/80 45/45/45
f 3/3/3 88/88/88 78/78/78
f 107/107/107 98/98/98 96/96/96
f 107/107/107 96/96/96 101/101/101
f 107/107/107 112/112/112 98/98/98
f 107/107/107 111/111/111 108/108/108
f 110/110/110 107/107/107 108/108/108
f 110/110/110 112/112/112 107/107/107
f 111/111/111 107/107/107 101/101/101
f 99/99/99 113/113/113 109/109/109
f 111/111/111 114/114/114 108/108/108
f 111/111/111 115/115/115 114/114/114
f 115/115/115 111/111/111 117/117/117
f 111/111/111 101/101/101 117/117/117
f 115/115/115 117/117/117 120/120/120
f 124/124/124 118/118/118 123/123/123
f 115/115/115 120/120/120 125/125/125
f 126/126/126 124/124/124 123/123/123
f 115/115/115 125/125/125 127/127/127
f 126/126/126 128/128/128 124/124/124
f 131/131/131 129/129/129 128/128/128
f 132/132/132 127/127/127 130/130/130
f 126/126/126 131/131/131 128/128/128
f 132/132/132 115/115/115 127/127/127
f 130/130/130 137/137/137 132/132/132
f 114/114/114 132/132/132 133/133/133
f 115/115/115 132/132/132 114/114/114
f 132/132/132 135/135/135 133/133/133
f 132/132/132 137/137/137 135/135/135
f 138/138/138 129/129/129 131/131/131
f 143/143/143 139/139/139 138/138/138
f 137/137/137 140/140/140 135/135/135
f 138/138/138 131/131/131 143/143/143
f 149/149/149 142/142/142 144/144/144
f 144/144/144 146/146/146 147/147/147
f 131/131/131 145/145/145 143/143/143
f 149/149/149 144/144/144 147/147/147
f 136/136/136 141/141/141 148/148/148
f 147/147/147 150/150/150 149/149/149
f 136/136/136 148/148/148 152/152/152
f 148/148/148 151/151/151 153/153/153
f 152/152/152 148/148/148 153/153/153
f 158/158/158 161/161/161 154/154/154
f 152/152/152 153/153/153 162/162/162
f 151/151/151 164/164/164 153/153/153
f 172/172/172 163/163/163 167/167/167
f 168/168/168 165/165/165 150/150/150
f 172/172/172 170/170/170 163/163/163
f 170/170/170 157/157/157 163/163/163
f 186/186/186 181/181/181 173/173/173
f 171/171/171 174/174/174 182/182/182
f 173/173/173 194/194/194 184/184/184
f 196/196/196 185/185/185 172/172/172
f 169/169/169 186/186/186 173/173/173
f 167/167/167 215/215/215 172/172/172
f 173/173/173 193/193/193 194/194/194
f 173/173/173 197/197/197 199/199/199
f 173/173/173 205/205/205 207/207/207
f 173/173/173 210/210/210 211/211/211
f 173/173/173 211/211/211 212/212/212
f 173/173/173 212/212/212 213/213/213
f 173/173/173 213/213/213 214/214/214
f 191/191/191 217/217/217 193/193/193
f 216/216/216 218/218/218 190/190/190
f 218/218/218 220/220/220 190/190/190
f 191/191/191 223/223/223 219/219/219
f 218/218/218 222/222/222 220/220/220
f 191/191/191 221/221/221 223/223/223
f 226/226/226 228/228/228 187/187/187
f 226/226/226 187/187/187 168/168/168
f 228/228/228 232/232/232 187/187/187
f 183/183/183 188/188/188 230/230/230
f 232/232/232 231/231/231 187/187/187
f 228/228/228 235/235/235 232/232/232
f 230/230/230 233/233/233 236/236/236
f 233/233/233 234/234/234 236/236/236
f 238/238/238 239/239/239 237/237/237
f 238/238/238 237/237/237 241/241/241
f 236/236/236 240/240/240 230/230/230
f 234/234/234 242/242/242 236/236/236
f 238/238/238 241/241/241 245/245/245
f 244/244/244 242/242/242 234/234/234
f 245/245/245 246/246/246 238/238/238
f 245/245/245 250/250/250 246/246/246
f 224/224/224 249/249/249 243/243/243
f 243/243/243 227/227/227 224/224/224
f 234/234/234 229/229/229 244/244/244
f 259/259/259 249/249/249 252/252/252
f 250/250/250 258/258/258 254/254/254
f 250/250/250 254/254/254 256/256/256
f 250/250/250 256/256/256 246/246/246
f 260/260/260 254/254/254 258/258/258
f 260/260/260 258/258/258 263/263/263
f 266/266/266 264/264/264 259/259/259
f 252/252/252 266/266/266 259/259/259
f 267/267/267 253/253/253 147/147/147
f 272/272/272 267/267/267 147/147/147
f 269/269/269 268/268/268 271/271/271
f 269/269/269 265/265/265 268/268/268
f 271/271/271 273/273/273 269/269/269
f 147/147/147 274/274/274 272/272/272
f 277/277/277 280/280/280 275/275/275
f 277/277/277 275/275/275 282/282/282
f 273/273/273 281/281/281 269/269/269
f 286/286/286 284/284/284 274/274/274
f 147/147/147 286/286/286 274/274/274
f 286/286/286 147/147/147 146/146/146
f 286/286/286 287/287/287 296/296/296
f 286/286/286 289/289/289 287/287/287
f 286/286/286 295/295/295 289/289/289
f 300/300/300 286/286/286 146/146/146
f 291/291/291 284/284/284 286/286/286
f 296/296/296 291/291/291 286/286/286
f 286/286/286 300/300/300 295/295/295
f 299/299/299 302/302/302 301/301/301
f 301/301/301 294/294/294 299/299/299
f 299/299/299 306/306/306 302/302/302
f 146/146/146 304/304/304 300/300/300
f 304/304/304 305/305/305 300/300/300
f 307/307/307 302/302/302 306/306/306
f 307/307/307 306/306/306 303/303/303
f 309/309/309 307/307/307 308/308/308
f 308/308/308 307/307/307 311/311/311
f 309/309/309 302/302/302 307/307/307
f 307/307/307 303/303/303 311/311/311
f 308/308/308 311/311/311 145/145/145
f 146/146/146 310/310/310 304/304/304
f 312/312/312 309/309/309 308/308/308
f 309/309/309 313/313/313 302/302/302
f 309/309/309 312/312/312 314/314/314
f 313/313/313 309/309/309 314/314/314
f 312/312/312 103/103/103 314/314/314
f 313/313/313 314/314/314 319/319/319
f 313/313/313 319/319/319 331/331/331
f 333/333/333 331/331/331 323/323/323
f 333/333/333 313/313/313 331/331/331
f 333/333/333 323/323/323 334/334/334
f 301/301/301 333/333/333 334/334/334
f 333/333/333 301/301/301 302/302/302
f 313/313/313 333/333/333 302/302/302
f 301/301/301 334/334/334 338/338/338
f 323/323/323 336/336/336 334/334/334
f 339/339/339 335/335/335 337/337/337
f 338/338/338 341/341/341 342/342/342
f 346/346/346 340/340/340 339/339/339
f 338/338/338 342/342/342 294/294/294
f 346/346/346 339/339/339 337/337/337
f 294/294/294 301/301/301 338/338/338
f 346/346/346 347/347/347 351/351/351
f 348/348/348 347/347/347 346/346/346
f 337/337/337 348/348/348 346/346/346
f 346/346/346 349/349/349 340/340/340
f 351/351/351 349/349/349 346/346/346
f 353/353/353 350/350/350 352/352/352
f 353/353/353 352/352/352 354/354/354
f 347/347/347 355/355/355 351/351/351
f 358/358/358 354/354/354 357/357/357
f 356/356/356 355/355/355 347/347/347
f 358/358/358 353/353/353 354/354/354
f 359/359/359 366/366/366 358/358/358
f 359/359/359 358/358/358 363/363/363
f 362/362/362 358/358/358 357/357/357
f 364/364/364 358/358/358 362/362/362
f 366/366/366 353/353/353 358/358/358
f 364/364/364 363/363/363 358/358/358
f 365/365/365 360/360/360 367/367/367
f 365/365/365 367/367/367 373/373/373
f 370/370/370 365/365/365 373/373/373
f 353/353/353 366/366/366 371/371/371
f 375/375/375 374/374/374 369/369/369
f 370/370/370 373/373/373 376/376/376
f 379/379/379 375/375/375 369/369/369
f 377/377/377 370/370/370 376/376/376
f 376/376/376 382/382/382 377/377/377
f 379/379/379 384/384/384 375/375/375
f 386/386/386 383/383/383 375/375/375
f 384/384/384 386/386/386 375/375/375
f 386/386/386 390/390/390 388/388/388
f 386/386/386 388/388/388 383/383/383
f 392/392/392 391/391/391 387/387/387
f 392/392/392 387/387/387 385/385/385
f 394/394/394 395/395/395 400/400/400
f 398/398/398 396/396/396 392/392/392
f 398/398/398 392/392/392 385/385/385
f 390/390/390 393/393/393 404/404/404
f 400/400/400 405/405/405 394/394/394
f 403/403/403 401/401/401 408/408/408
f 390/390/390 404/404/404 407/407/407
f 406/406/406 403/403/403 377/377/377
f 403/403/403 408/408/408 377/377/377
f 409/409/409 408/408/408 427/427/427
f 445/445/445 408/408/408 409/409/409
f 408/408/408 414/414/414 412/412/412
f 408/408/408 412/412/412 436/436/436
f 431/431/431 414/414/414 408/408/408
f 416/416/416 377/377/377 408/408/408
f 451/451/451 416/416/416 408/408/408
f 408/408/408 455/455/455 419/419/419
f 419/419/419 425/425/425 408/408/408
f 408/408/408 436/436/436 421/421/421
f 408/408/408 421/421/421 424/424/424
f 408/408/408 424/424/424 438/438/438
f 425/425/425 449/449/449 408/408/408
f 408/408/408 441/441/441 427/427/427
f 442/442/442 431/431/431 408/408/408
f 447/447/447 434/434/434 408/408/408
f 434/434/434 455/455/455 408/408/408
f 408/408/408 438/438/438 441/441/441
f 452/452/452 442/442/442 408/408/408
f 445/445/445 447/447/447 408/408/408
f 449/449/449 451/451/451 408/408/408
f 401/401/401 452/452/452 408/408/408
f 454/454/454 435/435/435 465/465/465
f 455/455/455 456/456/456 419/419/419
f 455/455/455 461/461/461 456/456/456
f 462/462/462 460/460/460 454/454/454
f 454/454/454 465/465/465 462/462/462
f 473/473/473 463/463/463 464/464/464
f 464/464/464 467/467/467 472/472/472
f 464/464/464 469/469/469 467/467/467
f 470/470/470 466/466/466 433/433/433
f 473/473/473 464/464/464 472/472/472
f 474/474/474 479/479/479 473/473/473
f 474/474/474 473/473/473 472/472/472
f 473/473/473 479/479/479 476/476/476
f 473/473/473 476/476/476 486/486/486
f 482/482/482 487/487/487 473/473/473
f 482/482/482 473/473/473 484/484/484
f 486/486/486 484/484/484 473/473/473
f 473/473/473 487/487/487 463/463/463
f 488/488/488 489/489/489 492/492/492
f 488/488/488 483/483/483 489/489/489
f 492/492/492 462/462/462 488/488/488
f 493/493/493 278/278/278 456/456/456
f 278/278/278 493/493/493 490/490/490
f 492/492/492 460/460/460 462/462/462
f 461/461/461 493/493/493 456/456/456
f 279/279/279 278/278/278 490/490/490
f 495/495/495 491/491/491 481/481/481
f 263/263/263 279/279/279 490/490/490
f 263/263/263 490/490/490 494/494/494
f 261/261/261 495/495/495 496/496/496
f 494/494/494 260/260/260 263/263/263
f 495/495/495 481/481/481 496/496/496
f 496/496/496 498/498/498 261/261/261
f 499/499/499 497/497/497 482/482/482
f 262/262/262 500/500/500 502/502/502
f 484/484/484 501/501/501 499/499/499
f 484/484/484 499/499/499 482/482/482
f 255/255/255 262/262/262 502/502/502
f 502/502/502 504/504/504 255/255/255
f 503/503/503 501/501/501 484/484/484
f 504/504/504 257/257/257 255/255/255
f 505/505/505 503/503/503 484/484/484
f 247/247/247 257/257/257 504/504/504
f 504/504/504 506/506/506 247/247/247
f 508/508/508 507/507/507 511/511/511
f 506/506/506 509/509/509 247/247/247
f 514/514/514 512/512/512 505/505/505
f 515/515/515 514/514/514 505/505/505
f 484/484/484 515/515/515 505/505/505
f 517/517/517 525/525/525 516/516/516
f 516/516/516 520/520/520 517/517/517
f 524/524/524 521/521/521 515/515/515
f 525/525/525 513/513/513 516/516/516
f 515/515/515 484/484/484 524/524/524
f 527/527/527 238/238/238 526/526/526
f 527/527/527 526/526/526 518/518/518
f 238/238/238 528/528/528 526/526/526
f 513/513/513 525/525/525 529/529/529
f 238/238/238 510/510/510 528/528/528
f 511/511/511 529/529/529 508/508/508
f 511/511/511 513/513/513 529/529/529
f 238/238/238 527/527/527 540/540/540
f 527/527/527 531/531/531 545/545/545
f 551/551/551 531/531/531 527/527/527
f 532/532/532 548/548/548 527/527/527
f 518/518/518 532/532/532 527/527/527
f 537/537/537 544/544/544 527/527/527
f 556/556/556 537/537/537 527/527/527
f 527/527/527 544/544/544 540/540/540
f 545/545/545 542/542/542 527/527/527
f 527/527/527 542/542/542 553/553/553
f 548/548/548 557/557/557 527/527/527
f 549/549/549 551/551/551 527/527/527
f 557/557/557 549/549/549 527/527/527
f 556/556/556 527/527/527 553/553/553
f 559/559/559 558/558/558 547/547/547
f 561/561/561 550/550/550 558/558/558
f 559/559/559 561/561/561 558/558/558
f 561/561/561 566/566/566 550/550/550
f 562/562/562 560/560/560 563/563/563
f 567/567/567 562/562/562 563/563/563
f 572/572/572 568/568/568 567/567/567
f 566/566/566 569/569/569 550/550/550
f 572/572/572 567/567/567 563/563/563
f 576/576/576 573/573/573 571/571/571
f 569/569/569 570/570/570 575/575/575
f 524/524/524 572/572/572 563/563/563
f 576/576/576 571/571/571 523/523/523
f 574/574/574 577/577/577 531/531/531
f 579/579/579 576/576/576 523/523/523
f 577/577/577 578/578/578 581/581/581
f 577/577/577 581/581/581 531/531/531
f 582/582/582 581/581/581 578/578/578
f 580/580/580 583/583/583 585/585/585
f 588/588/588 530/530/530 580/580/580
f 580/580/580 585/585/585 588/588/588
f 590/590/590 589/589/589 586/586/586
f 591/591/591 589/589/589 590/590/590
f 588/588/588 592/592/592 530/530/530
f 541/541/541 546/546/546 592/592/592
f 592/592/592 546/546/546 530/530/530
f 593/593/593 591/591/591 590/590/590
f 592/592/592 594/594/594 541/541/541
f 590/590/590 596/596/596 593/593/593
f 599/599/599 595/595/595 597/597/597
f 594/594/594 598/598/598 541/541/541
f 554/554/554 598/598/598 600/600/600
f 598/598/598 554/554/554 541/541/541
f 601/601/601 599/599/599 597/597/597
f 600/600/600 603/603/603 554/554/554
f 597/597/597 602/602/602 601/601/601
f 604/604/604 601/601/601 602/602/602
f 553/553/553 605/605/605 607/607/607
f 606/606/606 608/608/608 604/604/604
f 609/609/609 606/606/606 604/604/604
f 604/604/604 602/602/602 610/610/610
f 610/610/610 609/609/609 604/604/604
f 611/611/611 612/612/612 620/620/620
f 613/613/613 610/610/610 602/602/602
f 615/615/615 618/618/618 611/611/611
f 620/620/620 615/615/615 611/611/611
f 610/610/610 617/617/617 609/609/609
f 621/621/621 619/619/619 624/624/624
f 621/621/621 626/626/626 619/619/619
f 626/626/626 616/616/616 619/619/619
f 628/628/628 625/625/625 620/620/620
f 620/620/620 612/612/612 628/628/628
f 628/628/628 633/633/633 625/625/625
f 632/632/632 629/629/629 634/634/634
f 630/630/630 613/613/613 602/602/602
f 602/602/602 635/635/635 630/630/630
f 636/636/636 635/635/635 602/602/602
f 634/634/634 637/637/637 590/590/590
f 590/590/590 632/632/632 634/634/634
f 590/590/590 637/637/637 596/596/596
f 602/602/602 597/597/597 636/636/636
f 590/590/590 650/650/650 632/632/632
f 650/650/650 639/639/639 632/632/632
f 639/639/639 641/641/641 632/632/632
f 641/641/641 652/652/652 632/632/632
f 633/633/633 645/645/645 625/625/625
f 646/646/646 631/631/631 651/651/651
f 651/651/651 654/654/654 646/646/646
f 655/655/655 653/653/653 657/657/657
f 641/641/641 660/660/660 652/652/652
f 660/660/660 658/658/658 652/652/652
f 661/661/661 668/668/668 659/659/659
f 659/659/659 642/642/642 661/661/661
f 660/660/660 666/666/666 658/658/658
f 667/667/667 659/659/659 665/665/665
f 659/659/659 668/668/668 665/665/665
f 670/670/670 669/669/669 662/662/662
f 670/670/670 664/664/664 669/669/669
f 681/681/681 671/671/671 670/670/670
f 670/670/670 671/671/671 673/673/673
f 673/673/673 687/687/687 670/670/670
f 670/670/670 687/687/687 675/675/675
f 624/624/624 670/670/670 675/675/675
f 670/670/670 656/656/656 678/678/678
f 670/670/670 678/678/678 664/664/664
f 690/690/690 681/681/681 670/670/670
f 670/670/670 686/686/686 684/684/684
f 670/670/670 684/684/684 690/690/690
f 662/662/662 686/686/686 670/670/670
f 670/670/670 624/624/624 656/656/656
f 691/691/691 693/693/693 689/689/689
f 689/689/689 682/682/682 691/691/691
f 693/693/693 680/680/680 689/689/689
f 679/679/679 694/694/694 697/697/697
f 696/696/696 698/698/698 695/695/695
f 696/696/696 695/695/695 701/701/701
f 695/695/695 692/692/692 701/701/701
f 699/699/699 683/683/683 685/685/685
f 703/703/703 699/699/699 685/685/685
f 682/682/682 700/700/700 691/691/691
f 701/701/701 704/704/704 696/696/696
f 685/685/685 706/706/706 703/703/703
f 711/711/711 703/703/703 709/709/709
f 704/704/704 712/712/712 696/696/696
f 709/709/709 713/713/713 711/711/711
f 713/713/713 716/716/716 711/711/711
f 696/696/696 712/712/712 717/717/717
f 718/718/718 714/714/714 725/725/725
f 696/696/696 717/717/717 722/722/722
f 717/717/717 720/720/720 722/722/722
f 719/719/719 718/718/718 725/725/725
f 730/730/730 724/724/724 715/715/715
f 725/725/725 726/726/726 723/723/723
f 730/730/730 727/727/727 724/724/724
f 725/725/725 723/723/723 719/719/719
f 715/715/715 744/744/744 730/730/730
f 734/734/734 731/731/731 739/739/739
f 730/730/730 732/732/732 727/727/727
f 729/729/729 737/737/737 735/735/735
f 735/735/735 740/740/740 729/729/729
f 744/744/744 738/738/738 730/730/730
f 715/715/715 747/747/747 744/744/744
f 735/735/735 737/737/737 742/742/742
f 742/742/742 750/750/750 735/735/735
f 748/748/748 743/743/743 746/746/746
f 749/749/749 650/650/650 590/590/590
f 736/736/736 749/749/749 590/590/590
f 649/649/649 748/748/748 746/746/746
f 715/715/715 708/708/708 747/747/747
f 751/751/751 747/747/747 708/708/708
f 752/752/752 663/663/663 643/643/643
f 662/662/662 751/751/751 707/707/707
f 751/751/751 708/708/708 707/707/707
f 752/752/752 643/643/643 638/638/638
f 734/734/734 739/739/739 756/756/756
f 590/590/590 759/759/759 741/741/741
f 590/590/590 741/741/741 736/736/736
f 759/759/759 755/755/755 741/741/741
f 759/759/759 760/760/760 774/774/774
f 763/763/763 760/760/760 759/759/759
f 763/763/763 759/759/759 590/590/590
f 765/765/765 755/755/755 759/759/759
f 759/759/759 770/770/770 765/765/765
f 759/759/759 768/768/768 770/770/770
f 773/773/773 768/768/768 759/759/759
f 759/759/759 776/776/776 773/773/773
f 759/759/759 774/774/774 776/776/776
f 779/779/779 781/781/781 777/777/777
f 777/777/777 775/775/775 779/779/779
f 772/772/772 778/778/778 782/782/782
f 779/779/779 784/784/784 781/781/781
f 785/785/785 781/781/781 784/784/784
f 772/772/772 782/782/782 786/786/786
f 786/786/786 787/787/787 772/772/772
f 787/787/787 786/786/786 788/788/788
f 784/784/784 789/789/789 785/785/785
f 792/792/792 790/790/790 783/783/783
f 788/788/788 791/791/791 796/796/796
f 788/788/788 796/796/796 793/793/793
f 788/788/788 793/793/793 795/795/795
f 795/795/795 787/787/787 788/788/788
f 793/793/793 796/796/796 364/364/364
f 796/796/796 797/797/797 798/798/798
f 804/804/804 797/797/797 796/796/796
f 796/796/796 798/798/798 801/801/801
f 363/363/363 796/796/796 801/801/801
f 796/796/796 791/791/791 804/804/804
f 796/796/796 363/363/363 364/364/364
f 783/783/783 807/807/807 805/805/805
f 805/805/805 792/792/792 783/783/783
f 810/810/810 806/806/806 808/808/808
f 804/804/804 811/811/811 797/797/797
f 808/808/808 813/813/813 810/810/810
f 797/797/797 811/811/811 814/814/814
f 812/812/812 822/822/822 817/817/817
f 818/818/818 812/812/812 817/817/817
f 814/814/814 819/819/819 797/797/797
f 808/808/808 820/820/820 813/813/813
f 822/822/822 823/823/823 817/817/817
f 824/824/824 821/821/821 826/826/826
f 821/821/821 809/809/809 826/826/826
f 830/830/830 826/826/826 828/828/828
f 783/783/783 827/827/827 825/825/825
f 830/830/830 824/824/824 826/826/826
f 783/783/783 825/825/825 807/807/807
f 828/828/828 816/816/816 830/830/830
f 823/823/823 829/829/829 817/817/817
f 783/783/783 409/409/409 827/827/827
f 828/828/828 831/831/831 816/816/816
f 409/409/409 832/832/832 827/827/827
f 815/815/815 833/833/833 834/834/834
f 409/409/409 835/835/835 832/832/832
f 427/427/427 835/835/835 409/409/409
f 834/834/834 428/428/428 836/836/836
f 836/836/836 815/815/815 834/834/834
f 838/838/838 429/429/429 440/440/440
f 439/439/439 843/843/843 838/838/838
f 838/838/838 440/440/440 439/439/439
f 818/818/818 817/817/817 837/837/837
f 818/818/818 837/837/837 839/839/839
f 837/837/837 841/841/841 839/839/839
f 837/837/837 844/844/844 841/841/841
f 842/842/842 843/843/843 423/423/423
f 843/843/843 439/439/439 423/423/423
f 845/845/845 842/842/842 422/422/422
f 842/842/842 423/423/423 422/422/422
f 841/841/841 846/846/846 839/839/839
f 845/845/845 422/422/422 437/437/437
f 840/840/840 845/845/845 437/437/437
f 849/849/849 840/840/840 437/437/437
f 849/849/849 850/850/850 840/840/840
f 839/839/839 851/851/851 818/818/818
f 819/819/819 852/852/852 847/847/847
f 411/411/411 849/849/849 437/437/437
f 853/853/853 848/848/848 410/410/410
f 847/847/847 854/854/854 819/819/819
f 799/799/799 853/853/853 410/410/410
f 797/797/797 854/854/854 798/798/798
f 854/854/854 797/797/797 819/819/819
f 802/802/802 800/800/800 412/412/412
f 414/414/414 802/802/802 412/412/412
f 856/856/856 803/803/803 413/413/413
f 801/801/801 855/855/855 363/363/363
f 801/801/801 857/857/857 855/855/855
f 855/855/855 857/857/857 859/859/859
f 413/413/413 858/858/858 856/856/856
f 413/413/413 861/861/861 858/858/858
f 398/398/398 860/860/860 396/396/396
f 855/855/855 859/859/859 399/399/399
f 860/860/860 862/862/862 396/396/396
f 443/443/443 864/864/864 863/863/863
f 862/862/862 865/865/865 866/866/866
f 862/862/862 866/866/866 396/396/396
f 863/863/863 430/430/430 443/443/443
f 413/413/413 432/432/432 861/861/861
f 453/453/453 402/402/402 867/867/867
f 867/867/867 864/864/864 453/453/453
f 402/402/402 397/397/397 867/867/867
f 864/864/864 443/443/443 453/453/453
f 363/363/363 855/855/855 868/868/868
f 868/868/868 855/855/855 399/399/399
f 869/869/869 870/870/870 368/368/368
f 361/361/361 869/869/869 368/368/368
f 871/871/871 868/868/868 399/399/399
f 363/363/363 868/868/868 359/359/359
f 369/369/369 872/872/872 379/379/379
f 399/399/399 380/380/380 871/871/871
f 876/876/876 874/874/874 794/794/794
f 787/787/787 795/795/795 873/873/873
f 794/794/794 881/881/881 876/876/876
f 793/793/793 877/877/877 795/795/795
f 794/794/794 878/878/878 881/881/881
f 875/875/875 880/880/880 882/882/882
f 880/880/880 888/888/888 882/882/882
f 891/891/891 884/884/884 879/879/879
f 884/884/884 887/887/887 879/879/879
f 889/889/889 879/879/879 877/877/877
f 889/889/889 891/891/891 879/879/879
f 22/22/22 893/893/893 892/892/892
f 22/22/22 892/892/892 890/890/890
f 894/894/894 892/892/892 893/893/893
f 891/891/891 895/895/895 884/884/884
f 896/896/896 894/894/894 893/893/893
f 895/895/895 897/897/897 884/884/884
f 900/900/900 896/896/896 893/893/893
f 900/900/900 903/903/903 896/896/896
f 897/897/897 902/902/902 884/884/884
f 906/906/906 902/902/902 897/897/897
f 897/897/897 904/904/904 906/906/906
f 905/905/905 910/910/910 907/907/907
f 905/905/905 907/907/907 883/883/883
f 911/911/911 906/906/906 916/916/916
f 883/883/883 901/901/901 905/905/905
f 904/904/904 913/913/913 906/906/906
f 913/913/913 916/916/916 906/906/906
f 917/917/917 927/927/927 918/918/918
f 917/917/917 918/918/918 921/921/921
f 921/921/921 925/925/925 917/917/917
f 916/916/916 923/923/923 911/911/911
f 917/917/917 914/914/914 927/927/927
f 926/926/926 929/929/929 934/934/934
f 935/935/935 929/929/929 926/926/926
f 926/926/926 931/931/931 935/935/935
f 932/932/932 927/927/927 939/939/939
f 934/934/934 920/920/920 926/926/926
f 927/927/927 937/937/937 939/939/939
f 914/914/914 937/937/937 927/927/927
f 940/940/940 942/942/942 945/945/945
f 942/942/942 940/940/940 938/938/938
f 943/943/943 932/932/932 939/939/939
f 939/939/939 948/948/948 943/943/943
f 945/945/945 949/949/949 940/940/940
f 944/944/944 950/950/950 952/952/952
f 950/950/950 946/946/946 952/952/952
f 946/946/946 955/955/955 952/952/952
f 951/951/951 953/953/953 960/960/960
f 958/958/958 952/952/952 956/956/956
f 957/957/957 951/951/951 960/960/960
f 958/958/958 944/944/944 952/952/952
f 953/953/953 978/978/978 960/960/960
f 963/963/963 983/983/983 960/960/960
f 960/960/960 981/981/981 963/963/963
f 966/966/966 968/968/968 961/961/961
f 966/966/966 961/961/961 977/977/977
f 968/968/968 976/976/976 961/961/961
f 960/960/960 975/975/975 973/973/973
f 981/981/981 960/960/960 973/973/973
f 980/980/980 957/957/957 960/960/960
f 983/983/983 980/980/980 960/960/960
f 979/979/979 982/982/982 930/930/930
f 982/982/982 962/962/962 930/930/930
f 981/981/981 973/973/973 1001/1001/1001
f 981/981/981 1001/1001/1001 984/984/984
f 981/981/981 984/984/984 986/986/986
f 981/981/981 986/986/986 991/991/991
f 981/981/981 988/988/988 928/928/928
f 988/988/988 981/981/981 996/996/996
f 981/981/981 936/936/936 963/963/963
f 928/928/928 936/936/936 981/981/981
f 991/991/991 989/989/989 981/981/981
f 981/981/981 989/989/989 999/999/999
f 981/981/981 1006/1006/1006 996/996/996
f 981/981/981 999/999/999 1002/1002/1002
f 981/981/981 1002/1002/1002 1006/1006/1006
f 1004/1004/1004 1011/1011/1011 995/995/995
f 1004/1004/1004 1009/1009/1009 1011/1011/1011
f 1008/1008/1008 1005/1005/1005 1003/1003/1003
f 1011/1011/1011 1014/1014/1014 995/995/995
f 1012/1012/1012 1010/1010/1010 1015/1015/1015
f 1015/1015/1015 1010/1010/1010 1007/1007/1007
f 1017/1017/1017 1029/1029/1029 1015/1015/1015
f 1035/1035/1035 1017/1017/1017 1015/1015/1015
f 1015/1015/1015 1031/1031/1031 1021/1021/1021
f 1015/1015/1015 1021/1021/1021 1012/1012/1012
f 1015/1015/1015 1029/1029/1029 1023/1023/1023
f 696/696/696 1015/1015/1015 1023/1023/1023
f 1015/1015/1015 1026/1026/1026 1031/1031/1031
f 722/722/722 1026/1026/1026 1015/1015/1015
f 1015/1015/1015 1007/1007/1007 1035/1035/1035
f 722/722/722 1015/1015/1015 696/696/696
f 1036/1036/1036 997/997/997 990/990/990
f 1018/1018/1018 1036/1036/1036 990/990/990
f 1007/1007/1007 1038/1038/1038 1035/1035/1035
f 998/998/998 1037/1037/1037 1039/1039/1039
f 1039/1039/1039 1008/1008/1008 1003/1003/1003
f 1039/1039/1039 1003/1003/1003 998/998/998
f 1032/1032/1032 1042/1042/1042 1045/1045/1045
f 1045/1045/1045 1020/1020/1020 1032/1032/1032
f 1047/1047/1047 732/732/732 1053/1053/1053
f 732/732/732 1047/1047/1047 727/727/727
f 1027/1027/1027 728/728/728 1046/1046/1046
f 1040/1040/1040 1047/1047/1047 1053/1053/1053
f 1057/1057/1057 1054/1054/1054 1052/1052/1052
f 1040/1040/1040 1053/1053/1053 1055/1055/1055
f 1061/1061/1061 1057/1057/1057 1052/1052/1052
f 765/765/765 1058/1058/1058 1062/1062/1062
f 765/765/765 1062/1062/1062 755/755/755
f 1056/1056/1056 1059/1059/1059 1064/1064/1064
f 1065/1065/1065 1063/1063/1063 1058/1058/1058
f 1067/1067/1067 1065/1065/1065 1058/1058/1058
f 765/765/765 1067/1067/1067 1058/1058/1058
f 1076/1076/1076 1068/1068/1068 1070/1070/1070
f 1075/1075/1075 1071/1071/1071 1069/1069/1069
f 1069/1069/1069 766/766/766 1075/1075/1075
f 1067/1067/1067 1077/1077/1077 1065/1065/1065
f 1070/1070/1070 1080/1080/1080 1076/1076/1076
f 1066/1066/1066 1076/1076/1076 1078/1078/1078
f 1076/1076/1076 1080/1080/1080 1078/1078/1078
f 1081/1081/1081 1072/1072/1072 988/988/988
f 1079/1079/1079 1081/1081/1081 988/988/988
f 1083/1083/1083 1079/1079/1079 988/988/988
f 1064/1064/1064 1078/1078/1078 1082/1082/1082
f 1064/1064/1064 1066/1066/1066 1078/1078/1078
f 1055/1055/1055 1083/1083/1083 988/988/988
f 1064/1064/1064 1082/1082/1082 1056/1056/1056
f 1084/1084/1084 1074/1074/1074 767/767/767
f 1072/1072/1072 1073/1073/1073 1085/1085/1085
f 1084/1084/1084 767/767/767 1086/1086/1086
f 876/876/876 1084/1084/1084 1086/1086/1086
f 1089/1089/1089 988/988/988 1085/1085/1085
f 1072/1072/1072 1085/1085/1085 988/988/988
f 1085/1085/1085 1097/1097/1097 1089/1089/1089
f 1085/1085/1085 875/875/875 908/908/908
f 1085/1085/1085 908/908/908 1092/1092/1092
f 1085/1085/1085 1092/1092/1092 1095/1095/1095
f 1085/1085/1085 1095/1095/1095 1097/1097/1097
f 919/919/919 1090/1090/1090 1096/1096/1096
f 1096/1096/1096 1094/1094/1094 1098/1098/1098
f 1100/1100/1100 919/919/919 1096/1096/1096
f 1098/1098/1098 1100/1100/1100 1096/1096/1096
f 918/918/918 1101/1101/1101 1099/1099/1099
f 918/918/918 1099/1099/1099 921/921/921
f 1098/1098/1098 1094/1094/1094 1093/1093/1093
f 922/922/922 1098/1098/1098 1093/1093/1093
f 922/922/922 1093/1093/1093 912/912/912
f 1093/1093/1093 909/909/909 912/912/912
f 1089/1089/1089 933/933/933 988/988/988
f 934/934/934 1091/1091/1091 920/920/920
f 1086/1086/1086 874/874/874 876/876/876
f 787/787/787 873/873/873 1087/1087/1087
f 787/787/787 1087/1087/1087 771/771/771
f 770/770/770 1088/1088/1088 765/765/765
f 988/988/988 1044/1044/1044 1055/1055/1055
f 1044/1044/1044 1040/1040/1040 1055/1055/1055
f 1102/1102/1102 1044/1044/1044 988/988/988
f 988/988/988 1108/1108/1108 1102/1102/1102
f 1106/1106/1106 1022/1022/1022 1103/1103/1103
f 1103/1103/1103 1107/1107/1107 1106/1106/1106
f 988/988/988 996/996/996 1108/1108/1108
f 1107/1107/1107 1013/1013/1013 1106/1106/1106
f 1107/1107/1107 994/994/994 1013/1013/1013
f 1021/1021/1021 1105/1105/1105 1012/1012/1012
f 1030/1030/1030 1018/1018/1018 1114/1114/1114
f 1109/1109/1109 1025/1025/1025 1030/1030/1030
f 1114/1114/1114 1109/1109/1109 1030/1030/1030
f 1111/1111/1111 1113/1113/1113 1116/1116/1116
f 1121/1121/1121 1116/1116/1116 1113/1113/1113
f 1121/1121/1121 1113/1113/1113 1122/1122/1122
f 991/991/991 1121/1121/1121 1122/1122/1122
f 990/990/990 1124/1124/1124 1018/1018/1018
f 991/991/991 1122/1122/1122 989/989/989
f 1118/1118/1118 992/992/992 1125/1125/1125
f 1118/1118/1118 1125/1125/1125 1134/1134/1134
f 1133/1133/1133 1126/1126/1126 969/969/969
f 1129/1129/1129 1133/1133/1133 969/969/969
f 1128/1128/1128 1137/1137/1137 1117/1117/1117
f 1136/1136/1136 1129/1129/1129 1138/1138/1138
f 1138/1138/1138 1129/1129/1129 969/969/969
f 1138/1138/1138 969/969/969 1150/1150/1150
f 1136/1136/1136 1138/1138/1138 1139/1139/1139
f 1139/1139/1139 1138/1138/1138 1151/1151/1151
f 1147/1147/1147 1141/1141/1141 1138/1138/1138
f 1138/1138/1138 1141/1141/1141 1151/1151/1151
f 1138/1138/1138 1145/1145/1145 1142/1142/1142
f 1142/1142/1142 1147/1147/1147 1138/1138/1138
f 1150/1150/1150 1145/1145/1145 1138/1138/1138
f 1154/1154/1154 1152/1152/1152 1160/1160/1160
f 1151/1151/1151 1154/1154/1154 1157/1157/1157
f 1139/1139/1139 1151/1151/1151 1157/1157/1157
f 1158/1158/1158 1161/1161/1161 1153/1153/1153
f 1158/1158/1158 1153/1153/1153 1140/1140/1140
f 1162/1162/1162 1167/1167/1167 1163/1163/1163
f 1170/1170/1170 1162/1162/1162 1163/1163/1163
f 1162/1162/1162 1159/1159/1159 1171/1171/1171
f 1162/1162/1162 1171/1171/1171 1167/1167/1167
f 1160/1160/1160 1169/1169/1169 1154/1154/1154
f 1172/1172/1172 1173/1173/1173 1176/1176/1176
f 1172/1172/1172 1177/1177/1177 1173/1173/1173
f 1176/1176/1176 1168/1168/1168 1172/1172/1172
f 1178/1178/1178 1171/1171/1171 1159/1159/1159
f 1178/1178/1178 1159/1159/1159 1179/1179/1179
f 1186/1186/1186 1178/1178/1178 1179/1179/1179
f 1177/1177/1177 1182/1182/1182 1173/1173/1173
f 1177/1177/1177 1184/1184/1184 1182/1182/1182
f 1188/1188/1188 1183/1183/1183 1185/1185/1185
f 1185/1185/1185 1189/1189/1189 1188/1188/1188
f 1190/1190/1190 1186/1186/1186 1179/1179/1179
f 1190/1190/1190 1179/1179/1179 1191/1191/1191
f 1192/1192/1192 1190/1190/1190 1191/1191/1191
f 1188/1188/1188 1189/1189/1189 1193/1193/1193
f 1194/1194/1194 1192/1192/1192 1191/1191/1191
f 1196/1196/1196 1193/1193/1193 1195/1195/1195
f 1196/1196/1196 1198/1198/1198 1193/1193/1193
f 1198/1198/1198 1188/1188/1188 1193/1193/1193
f 1181/1181/1181 1187/1187/1187 1199/1199/1199
f 1181/1181/1181 1199/1199/1199 1203/1203/1203
f 1199/1199/1199 1201/1201/1201 1203/1203/1203
f 1199/1199/1199 1197/1197/1197 1201/1201/1201
f 1210/1210/1210 1204/1204/1204 1205/1205/1205
f 1208/1208/1208 1206/1206/1206 1202/1202/1202
f 1174/1174/1174 1181/1181/1181 1203/1203/1203
f 1208/1208/1208 1202/1202/1202 1200/1200/1200
f 1174/1174/1174 1203/1203/1203 1211/1211/1211
f 1205/1205/1205 1214/1214/1214 1210/1210/1210
f 1216/1216/1216 1212/1212/1212 1215/1215/1215
f 1174/1174/1174 1211/1211/1211 1217/1217/1217
f 1217/1217/1217 1221/1221/1221 1218/1218/1218
f 1223/1223/1223 1217/1217/1217 1218/1218/1218
f 1222/1222/1222 1216/1216/1216 1215/1215/1215
f 1217/1217/1217 1223/1223/1223 1174/1174/1174
f 1218/1218/1218 1224/1224/1224 1223/1223/1223
f 1223/1223/1223 1175/1175/1175 1174/1174/1174
f 1235/1235/1235 1175/1175/1175 1223/1223/1223
f 1224/1224/1224 1232/1232/1232 1223/1223/1223
f 1226/1226/1226 1223/1223/1223 1229/1229/1229
f 1223/1223/1223 1226/1226/1226 1230/1230/1230
f 1223/1223/1223 1232/1232/1232 1229/1229/1229
f 1223/1223/1223 1230/1230/1230 1235/1235/1235
f 1237/1237/1237 1166/1166/1166 1236/1236/1236
f 1237/1237/1237 1236/1236/1236 1231/1231/1231
f 1176/1176/1176 1234/1234/1234 1168/1168/1168
f 1164/1164/1164 1237/1237/1237 1231/1231/1231
f 1167/1167/1167 1238/1238/1238 1163/1163/1163
f 1240/1240/1240 1241/1241/1241 1233/1233/1233
f 1233/1233/1233 1225/1225/1225 1240/1240/1240
f 1241/1241/1241 1228/1228/1228 1233/1233/1233
f 1242/1242/1242 1239/1239/1239 1244/1244/1244
f 1242/1242/1242 1244/1244/1244 1253/1253/1253
f 1227/1227/1227 1243/1243/1243 1246/1246/1246
f 1249/1249/1249 1247/1247/1247 1242/1242/1242
f 1242/1242/1242 1253/1253/1253 1249/1249/1249
f 1253/1253/1253 1258/1258/1258 1249/1249/1249
f 1257/1257/1257 1251/1251/1251 1254/1254/1254
f 1256/1256/1256 1252/1252/1252 1245/1245/1245
f 1257/1257/1257 1254/1254/1254 1260/1260/1260
f 1250/1250/1250 1257/1257/1257 1260/1260/1260
f 1261/1261/1261 1259/1259/1259 1255/1255/1255
f 1261/1261/1261 1262/1262/1262 1259/1259/1259
f 1260/1260/1260 1263/1263/1263 1250/1250/1250
f 1265/1265/1265 1264/1264/1264 1267/1267/1267
f 1265/1265/1265 1248/1248/1248 1264/1264/1264
f 1261/1261/1261 1268/1268/1268 1262/1262/1262
f 1271/1271/1271 1268/1268/1268 1261/1261/1261
f 1267/1267/1267 1269/1269/1269 1265/1265/1265
f 1267/1267/1267 1272/1272/1272 1269/1269/1269
f 1273/1273/1273 1276/1276/1276 1271/1271/1271
f 1279/1279/1279 1273/1273/1273 1271/1271/1271
f 1272/1272/1272 1277/1277/1277 1284/1284/1284
f 1279/1279/1279 1271/1271/1271 1261/1261/1261
f 1272/1272/1272 1284/1284/1284 1269/1269/1269
f 1287/1287/1287 1285/1285/1285 1282/1282/1282
f 1285/1285/1285 1270/1270/1270 1282/1282/1282
f 1282/1282/1282 1288/1288/1288 1287/1287/1287
f 1289/1289/1289 1283/1283/1283 1278/1278/1278
f 1288/1288/1288 1292/1292/1292 1287/1287/1287
f 1289/1289/1289 1278/1278/1278 1290/1290/1290
f 1290/1290/1290 1293/1293/1293 1289/1289/1289
f 1292/1292/1292 1299/1299/1299 1287/1287/1287
f 1290/1290/1290 1295/1295/1295 1293/1293/1293
f 1295/1295/1295 1296/1296/1296 1293/1293/1293
f 1296/1296/1296 1298/1298/1298 1293/1293/1293
f 1299/1299/1299 1300/1300/1300 1287/1287/1287
f 1301/1301/1301 1298/1298/1298 1296/1296/1296
f 1300/1300/1300 1305/1305/1305 1287/1287/1287
f 1300/1300/1300 1307/1307/1307 1305/1305/1305
f 1306/1306/1306 1302/1302/1302 1274/1274/1274
f 1296/1296/1296 1275/1275/1275 1301/1301/1301
f 1314/1314/1314 1304/1304/1304 1308/1308/1308
f 1308/1308/1308 1323/1323/1323 1312/1312/1312
f 1324/1324/1324 1313/1313/1313 1306/1306/1306
f 1280/1280/1280 1314/1314/1314 1308/1308/1308
f 1334/1334/1334 1319/1319/1319 1306/1306/1306
f 1308/1308/1308 1322/1322/1322 1337/1337/1337
f 1308/1308/1308 1337/1337/1337 1323/1323/1323
f 1339/1339/1339 1324/1324/1324 1306/1306/1306
f 1308/1308/1308 1326/1326/1326 1328/1328/1328
f 1331/1331/1331 1330/1330/1330 1306/1306/1306
f 1340/1340/1340 1331/1331/1331 1306/1306/1306
f 1333/1333/1333 1340/1340/1340 1306/1306/1306
f 1308/1308/1308 1332/1332/1332 1342/1342/1342
f 1306/1306/1306 1274/1274/1274 1281/1281/1281
f 1308/1308/1308 1344/1344/1344 1280/1280/1280
f 1343/1343/1343 1341/1341/1341 1306/1306/1306
f 1320/1320/1320 1349/1349/1349 1348/1348/1348
f 1349/1349/1349 1351/1351/1351 1348/1348/1348
f 1355/1355/1355 1315/1315/1315 1360/1360/1360
f 1361/1361/1361 1316/1316/1316 1279/1279/1279
f 1261/1261/1261 1362/1362/1362 1361/1361/1361
f 1261/1261/1261 1361/1361/1361 1279/1279/1279
f 1355/1355/1355 1360/1360/1360 1363/1363/1363
f 1261/1261/1261 1370/1370/1370 1362/1362/1362
f 1355/1355/1355 1363/1363/1363 1364/1364/1364
f 1364/1364/1364 1363/1363/1363 1372/1372/1372
f 1363/1363/1363 1368/1368/1368 1372/1372/1372
f 1370/1370/1370 1365/1365/1365 1362/1362/1362
f 1375/1375/1375 1373/1373/1373 1371/1371/1371
f 1376/1376/1376 1371/1371/1371 1373/1373/1373
f 1371/1371/1371 1366/1366/1366 1375/1375/1375
f 1364/1364/1364 1372/1372/1372 1377/1377/1377
f 1364/1364/1364 1377/1377/1377 1378/1378/1378
f 1380/1380/1380 1379/1379/1379 1376/1376/1376
f 1373/1373/1373 1380/1380/1380 1376/1376/1376
f 1384/1384/1384 1380/1380/1380 1373/1373/1373
f 1380/1380/1380 1381/1381/1381 1383/1383/1383
f 1385/1385/1385 1381/1381/1381 1380/1380/1380
f 1383/1383/1383 1379/1379/1379 1380/1380/1380
f 1384/1384/1384 1385/1385/1385 1380/1380/1380
f 1385/1385/1385 1386/1386/1386 1381/1381/1381
f 1385/1385/1385 1384/1384/1384 1388/1388/1388
f 1386/1386/1386 1385/1385/1385 1389/1389/1389
f 1385/1385/1385 1388/1388/1388 1389/1389/1389
f 1386/1386/1386 1389/1389/1389 93/93/93
f 1398/1398/1398 1399/1399/1399 1395/1395/1395
f 1398/1398/1398 1395/1395/1395 1402/1402/1402
f 1394/1394/1394 1388/1388/1388 1384/1384/1384
f 1384/1384/1384 1401/1401/1401 1394/1394/1394
f 1402/1402/1402 1406/1406/1406 1398/1398/1398
f 1375/1375/1375 1404/1404/1404 1401/1401/1401
f 1373/1373/1373 1375/1375/1375 1401/1401/1401
f 1401/1401/1401 1384/1384/1384 1373/1373/1373
f 1404/1404/1404 1405/1405/1405 1401/1401/1401
f 1407/1407/1407 1398/1398/1398 1406/1406/1406
f 1407/1407/1407 1406/1406/1406 1403/1403/1403
f 1398/1398/1398 1407/1407/1407 1408/1408/1408
f 1410/1410/1410 1408/1408/1408 1407/1407/1407
f 1407/1407/1407 1369/1369/1369 1410/1410/1410
f 1369/1369/1369 1407/1407/1407 1403/1403/1403
f 1409/1409/1409 1411/1411/1411 1413/1413/1413
f 1409/1409/1409 1261/1261/1261 1411/1411/1411
f 1413/1413/1413 1414/1414/1414 1409/1409/1409
f 1261/1261/1261 1409/1409/1409 1370/1370/1370
f 1414/1414/1414 1416/1416/1416 1409/1409/1409
f 1410/1410/1410 1417/1417/1417 1408/1408/1408
f 1418/1418/1418 1408/1408/1408 1417/1417/1417
f 1418/1418/1418 1417/1417/1417 1415/1415/1415
f 1419/1419/1419 1418/1418/1418 56/56/56
f 56/56/56 1418/1418/1418 1420/1420/1420
f 1419/1419/1419 1408/1408/1408 1418/1418/1418
f 1418/1418/1418 1415/1415/1415 1420/1420/1420
f 56/56/56 1420/1420/1420 1412/1412/1412
f 1413/1413/1413 1421/1421/1421 1414/1414/1414
f 57/57/57 1419/1419/1419 56/56/56
f 1419/1419/1419 1422/1422/1422 1408/1408/1408
f 1419/1419/1419 57/57/57 66/66/66
f 1422/1422/1422 1419/1419/1419 66/66/66
f 1422/1422/1422 73/73/73 1399/1399/1399
f 1398/1398/1398 1422/1422/1422 1399/1399/1399
f 1422/1422/1422 1398/1398/1398 1408/1408/1408
f 1422/1422/1422 66/66/66 73/73/73
f 54/54/54 56/56/56 1412/1412/1412
f 54/54/54 1412/1412/1412 1423/1423/1423
f 1424/1424/1424 1413/1413/1413 1411/1411/1411
f 38/38/38 54/54/54 1423/1423/1423
f 1423/1423/1423 1425/1425/1425 38/38/38
f 1430/1430/1430 1426/1426/1426 1424/1424/1424
f 1430/1430/1430 1424/1424/1424 1411/1411/1411
f 35/35/35 1427/1427/1427 1429/1429/1429
f 1411/1411/1411 1431/1431/1431 1430/1430/1430
f 1429/1429/1429 1432/1432/1432 1433/1433/1433
f 35/35/35 1429/1429/1429 24/24/24
f 24/24/24 1429/1429/1429 1433/1433/1433
f 1432/1432/1432 1436/1436/1436 1433/1433/1433
f 24/24/24 1433/1433/1433 1446/1446/1446
f 1442/1442/1442 1445/1445/1445 1434/1434/1434
f 1444/1444/1444 1441/1441/1441 1448/1448/1448
f 1449/1449/1449 1444/1444/1444 1448/1448/1448
f 24/24/24 1446/1446/1446 30/30/30
f 1453/1453/1453 29/29/29 1444/1444/1444
f 1449/1449/1449 1453/1453/1453 1444/1444/1444
f 1452/1452/1452 1458/1458/1458 28/28/28
f 1453/1453/1453 27/27/27 29/29/29
f 1461/1461/1461 1456/1456/1456 1451/1451/1451
f 1452/1452/1452 1454/1454/1454 1458/1458/1458
f 1451/1451/1451 1450/1450/1450 1461/1461/1461
f 1450/1450/1450 1462/1462/1462 1461/1461/1461
f 1460/1460/1460 1463/1463/1463 1464/1464/1464
f 1455/1455/1455 1459/1459/1459 1465/1465/1465
f 1466/1466/1466 1469/1469/1469 1464/1464/1464
f 1473/1473/1473 1466/1466/1466 1464/1464/1464
f 1472/1472/1472 1465/1465/1465 1470/1470/1470
f 1465/1465/1465 1472/1472/1472 1457/1457/1457
f 1465/1465/1465 1457/1457/1457 1455/1455/1455
f 1463/1463/1463 1473/1473/1473 1464/1464/1464
f 1476/1476/1476 1474/1474/1474 1479/1479/1479
f 1475/1475/1475 1477/1477/1477 1483/1483/1483
f 1485/1485/1485 1480/1480/1480 1473/1473/1473
f 1483/1483/1483 1467/1467/1467 1475/1475/1475
f 1463/1463/1463 1485/1485/1485 1473/1473/1473
f 1484/1484/1484 1450/1450/1450 1487/1487/1487
f 1479/1479/1479 1484/1484/1484 1487/1487/1487
f 1484/1484/1484 1462/1462/1462 1450/1450/1450
f 1487/1487/1487 1489/1489/1489 1479/1479/1479
f 1448/1448/1448 1486/1486/1486 1449/1449/1449
f 1448/1448/1448 1488/1488/1488 1486/1486/1486
f 1479/1479/1479 1489/1489/1489 1476/1476/1476
f 1448/1448/1448 1478/1478/1478 1488/1488/1488
f 1490/1490/1490 1492/1492/1492 1482/1482/1482
f 1490/1490/1490 1482/1482/1482 1478/1478/1478
f 1468/1468/1468 1481/1481/1481 1491/1491/1491
f 1490/1490/1490 1494/1494/1494 1492/1492/1492
f 1496/1496/1496 1491/1491/1491 1493/1493/1493
f 1498/1498/1498 1468/1468/1468 1491/1491/1491
f 1496/1496/1496 1498/1498/1498 1491/1491/1491
f 1466/1466/1466 1497/1497/1497 1501/1501/1501
f 1497/1497/1497 1495/1495/1495 1501/1501/1501
f 1466/1466/1466 1501/1501/1501 1469/1469/1469
f 1493/1493/1493 1500/1500/1500 1496/1496/1496
f 1471/1471/1471 1499/1499/1499 1506/1506/1506
f 1499/1499/1499 1504/1504/1504 1506/1506/1506
f 1493/1493/1493 1502/1502/1502 1500/1500/1500
f 1514/1514/1514 1505/1505/1505 1490/1490/1490
f 1490/1490/1490 1505/1505/1505 1503/1503/1503
f 1507/1507/1507 1471/1471/1471 1506/1506/1506
f 1506/1506/1506 1509/1509/1509 1507/1507/1507
f 1514/1514/1514 1510/1510/1510 1505/1505/1505
f 1515/1515/1515 1513/1513/1513 1521/1521/1521
f 1512/1512/1512 1516/1516/1516 1518/1518/1518
f 1512/1512/1512 1518/1518/1518 1523/1523/1523
f 1520/1520/1520 1514/1514/1514 1490/1490/1490
f 1514/1514/1514 1524/1524/1524 1510/1510/1510
f 1511/1511/1511 1522/1522/1522 1525/1525/1525
f 1522/1522/1522 1519/1519/1519 1526/1526/1526
f 1522/1522/1522 1526/1526/1526 1525/1525/1525
f 1528/1528/1528 1526/1526/1526 1519/1519/1519
f 1526/1526/1526 1528/1528/1528 1531/1531/1531
f 1525/1525/1525 1526/1526/1526 1534/1534/1534
f 1526/1526/1526 1531/1531/1531 1536/1536/1536
f 1526/1526/1526 1536/1536/1536 1534/1534/1534
f 1535/1535/1535 1530/1530/1530 1539/1539/1539
f 1539/1539/1539 1533/1533/1533 1535/1535/1535
f 1546/1546/1546 1537/1537/1537 1540/1540/1540
f 1530/1530/1530 1541/1541/1541 1539/1539/1539
f 1538/1538/1538 1545/1545/1545 1544/1544/1544
f 1532/1532/1532 1538/1538/1538 1544/1544/1544
f 1548/1548/1548 1549/1549/1549 1546/1546/1546
f 1546/1546/1546 1540/1540/1540 1548/1548/1548
f 1549/1549/1549 1552/1552/1552 1546/1546/1546
f 1545/1545/1545 1551/1551/1551 1544/1544/1544
f 1555/1555/1555 1552/1552/1552 1549/1549/1549
f 1551/1551/1551 1554/1554/1554 1191/1191/1191
f 1551/1551/1551 1191/1191/1191 1544/1544/1544
f 1554/1554/1554 1556/1556/1556 1191/1191/1191
f 1557/1557/1557 1553/1553/1553 1560/1560/1560
f 1549/1549/1549 1559/1559/1559 1555/1555/1555
f 1560/1560/1560 1563/1563/1563 1557/1557/1557
f 1562/1562/1562 1558/1558/1558 1527/1527/1527
f 1558/1558/1558 1542/1542/1542 1529/1529/1529
f 1558/1558/1558 1529/1529/1529 1527/1527/1527
f 1558/1558/1558 1550/1550/1550 1547/1547/1547
f 1558/1558/1558 1547/1547/1547 1542/1542/1542
f 1563/1563/1563 1566/1566/1566 1557/1557/1557
f 1565/1565/1565 1561/1561/1561 1572/1572/1572
f 1568/1568/1568 1562/1562/1562 1527/1527/1527
f 1568/1568/1568 1570/1570/1570 1562/1562/1562
f 1570/1570/1570 1571/1571/1571 1562/1562/1562
f 1572/1572/1572 1573/1573/1573 1565/1565/1565
f 1572/1572/1572 1576/1576/1576 1573/1573/1573
f 1572/1572/1572 1569/1569/1569 1576/1576/1576
f 1575/1575/1575 1577/1577/1577 1490/1490/1490
f 1574/1574/1574 1575/1575/1575 1490/1490/1490
f 1569/1569/1569 1578/1578/1578 1576/1576/1576
f 1577/1577/1577 1520/1520/1520 1490/1490/1490
f 1569/1569/1569 1579/1579/1579 1578/1578/1578
f 1579/1579/1579 1521/1521/1521 1578/1578/1578
f 1579/1579/1579 1567/1567/1567 1521/1521/1521
f 1568/1568/1568 1580/1580/1580 1570/1570/1570
f 1564/1564/1564 1574/1574/1574 1490/1490/1490
f 1521/1521/1521 1567/1567/1567 1581/1581/1581
f 1582/1582/1582 1568/1568/1568 1527/1527/1527
f 1581/1581/1581 1515/1515/1515 1521/1521/1521
f 1517/1517/1517 1583/1583/1583 1528/1528/1528
f 1490/1490/1490 1191/1191/1191 1564/1564/1564
f 1191/1191/1191 1556/1556/1556 1564/1564/1564
f 1191/1191/1191 1592/1592/1592 1544/1544/1544
f 1544/1544/1544 1593/1593/1593 1532/1532/1532
f 1589/1589/1589 1584/1584/1584 1543/1543/1543
f 1544/1544/1544 1585/1585/1585 1593/1593/1593
f 1543/1543/1543 1588/1588/1588 1589/1589/1589
f 1588/1588/1588 1543/1543/1543 1591/1591/1591
f 1525/1525/1525 1534/1534/1534 1594/1594/1594
f 1525/1525/1525 1594/1594/1594 1586/1586/1586
f 1596/1596/1596 1592/1592/1592 1191/1191/1191
f 1591/1591/1591 1595/1595/1595 1148/1148/1148
f 1148/1148/1148 1143/1143/1143 1591/1591/1591
f 1143/1143/1143 1588/1588/1588 1591/1591/1591
f 1191/1191/1191 1179/1179/1179 1596/1596/1596
f 1148/1148/1148 1595/1595/1595 1180/1180/1180
f 1590/1590/1590 1587/1587/1587 1599/1599/1599
f 1599/1599/1599 1597/1597/1597 1590/1590/1590
f 1586/1586/1586 1590/1590/1590 1597/1597/1597
f 1145/1145/1145 1598/1598/1598 1142/1142/1142
f 1587/1587/1587 1144/1144/1144 1599/1599/1599
f 1597/1597/1597 1599/1599/1599 1146/1146/1146
f 1597/1597/1597 1149/1149/1149 965/965/965
f 1146/1146/1146 1149/1149/1149 1597/1597/1597
f 1601/1601/1601 1605/1605/1605 1597/1597/1597
f 965/965/965 1601/1601/1601 1597/1597/1597
f 1597/1597/1597 1605/1605/1605 1602/1602/1602
f 1586/1586/1586 1597/1597/1597 1602/1602/1602
f 1607/1607/1607 1603/1603/1603 1604/1604/1604
f 977/977/977 1607/1607/1607 1604/1604/1604
f 1604/1604/1604 1600/1600/1600 977/977/977
f 1608/1608/1608 900/900/900 893/893/893
f 893/893/893 1602/1602/1602 1608/1608/1608
f 1612/1612/1612 1609/1609/1609 1606/1606/1606
f 1608/1608/1608 1610/1610/1610 900/900/900
f 1612/1612/1612 1606/1606/1606 978/978/978
f 954/954/954 941/941/941 1611/1611/1611
f 941/941/941 1614/1614/1614 1611/1611/1611
f 1614/1614/1614 899/899/899 1611/1611/1611
f 953/953/953 1612/1612/1612 978/978/978
f 1612/1612/1612 898/898/898 1609/1609/1609
f 900/900/900 1613/1613/1613 903/903/903
f 903/903/903 1613/1613/1613 942/942/942
f 1602/1602/1602 893/893/893 1586/1586/1586
f 977/977/977 1600/1600/1600 966/966/966
f 893/893/893 1525/1525/1525 1586/1586/1586
f 1528/1528/1528 1519/1519/1519 1517/1517/1517
f 25/25/25 1525/1525/1525 22/22/22
f 1525/1525/1525 25/25/25 1511/1511/1511
f 1525/1525/1525 893/893/893 22/22/22
f 1472/1472/1472 1508/1508/1508 1511/1511/1511
f 25/25/25 1472/1472/1472 1511/1511/1511
f 1470/1470/1470 1508/1508/1508 1472/1472/1472
f 1490/1490/1490 1503/1503/1503 1494/1494/1494
f 1448/1448/1448 1490/1490/1490 1478/1478/1478
f 1617/1617/1617 1629/1629/1629 1490/1490/1490
f 1490/1490/1490 1634/1634/1634 1617/1617/1617
f 1490/1490/1490 1629/1629/1629 1619/1619/1619
f 1490/1490/1490 1619/1619/1619 1626/1626/1626
f 1490/1490/1490 1631/1631/1631 1622/1622/1622
f 1490/1490/1490 1622/1622/1622 1624/1624/1624
f 1490/1490/1490 1624/1624/1624 1634/1634/1634
f 1490/1490/1490 1626/1626/1626 1627/1627/1627
f 1191/1191/1191 1490/1490/1490 1627/1627/1627
f 1490/1490/1490 1448/1448/1448 1631/1631/1631
f 1636/1636/1636 1616/1616/1616 1635/1635/1635
f 1639/1639/1639 1635/1635/1635 1623/1623/1623
f 1639/1639/1639 1636/1636/1636 1635/1635/1635
f 1641/1641/1641 1639/1639/1639 1623/1623/1623
f 1637/1637/1637 1640/1640/1640 1642/1642/1642
f 1644/1644/1644 1641/1641/1641 1621/1621/1621
f 1641/1641/1641 1623/1623/1623 1621/1621/1621
f 1637/1637/1637 1642/1642/1642 1647/1647/1647
f 1642/1642/1642 1643/1643/1643 1647/1647/1647
f 1649/1649/1649 1637/1637/1637 1647/1647/1647
f 1649/1649/1649 1647/1647/1647 1652/1652/1652
f 1632/1632/1632 1646/1646/1646 1644/1644/1644
f 1651/1651/1651 1645/1645/1645 1633/1633/1633
f 1438/1438/1438 1650/1650/1650 1447/1447/1447
f 1652/1652/1652 1437/1437/1437 1431/1431/1431
f 1411/1411/1411 1649/1649/1649 1652/1652/1652
f 1411/1411/1411 1652/1652/1652 1431/1431/1431
f 1633/1633/1633 1655/1655/1655 1651/1651/1651
f 1650/1650/1650 1653/1653/1653 1447/1447/1447
f 1448/1448/1448 1654/1654/1654 1631/1631/1631
f 1411/1411/1411 1656/1656/1656 1649/1649/1649
f 1615/1615/1615 1638/1638/1638 1648/1648/1648
f 1658/1658/1658 1648/1648/1648 1657/1657/1657
f 1648/1648/1648 1658/1658/1658 1615/1615/1615
f 1659/1659/1659 1660/1660/1660 1629/1629/1629
f 1617/1617/1617 1659/1659/1659 1629/1629/1629
f 1659/1659/1659 1239/1239/1239 1660/1660/1660
f 1659/1659/1659 1244/1244/1244 1239/1239/1239
f 1245/1245/1245 1658/1658/1658 1657/1657/1657
f 1630/1630/1630 1661/1661/1661 1225/1225/1225
f 1225/1225/1225 1661/1661/1661 1240/1240/1240
f 1657/1657/1657 1256/1256/1256 1245/1245/1245
f 1255/1255/1255 1656/1656/1656 1411/1411/1411
f 1644/1644/1644 1621/1621/1621 1632/1632/1632
f 1219/1219/1219 1618/1618/1618 1630/1630/1630
f 1225/1225/1225 1219/1219/1219 1630/1630/1630
f 1222/1222/1222 1628/1628/1628 1625/1625/1625
f 1215/1215/1215 1628/1628/1628 1222/1222/1222
f 1191/1191/1191 1627/1627/1627 1213/1213/1213
f 1625/1625/1625 1220/1220/1220 1662/1662/1662
f 1662/1662/1662 1222/1222/1222 1625/1625/1625
f 1625/1625/1625 1620/1620/1620 1220/1220/1220
f 1221/1221/1221 1663/1663/1663 1218/1218/1218
f 1457/1457/1457 1472/1472/1472 25/25/25
f 25/25/25 26/26/26 1457/1457/1457
f 1443/1443/1443 1438/1438/1438 1447/1447/1447
f 1425/1425/1425 41/41/41 38/38/38
f 42/42/42 1428/1428/1428 36/36/36
f 1255/1255/1255 1411/1411/1411 1261/1261/1261
f 1403/1403/1403 1367/1367/1367 1369/1369/1369
f 1403/1403/1403 1374/1374/1374 1367/1367/1367
f 1381/1381/1381 1386/1386/1386 109/109/109
f 1386/1386/1386 93/93/93 99/99/99
f 1386/1386/1386 99/99/99 109/109/109
f 1667/1667/1667 1378/1378/1378 1382/1382/1382
f 1666/1666/1666 1382/1382/1382 1664/1664/1664
f 1381/1381/1381 1665/1665/1665 1383/1383/1383
f 1666/1666/1666 1667/1667/1667 1382/1382/1382
f 1667/1667/1667 1364/1364/1364 1378/1378/1378
f 1668/1668/1668 1667/1667/1667 1674/1674/1674
f 1668/1668/1668 1672/1672/1672 1667/1667/1667
f 1672/1672/1672 1364/1364/1364 1667/1667/1667
f 1673/1673/1673 1667/1667/1667 1666/1666/1666
f 1673/1673/1673 1674/1674/1674 1667/1667/1667
f 1677/1677/1677 1680/1680/1680 1674/1674/1674
f 1674/1674/1674 1681/1681/1681 1677/1677/1677
f 1674/1674/1674 1679/1679/1679 1668/1668/1668
f 1674/1674/1674 1680/1680/1680 1679/1679/1679
f 1681/1681/1681 1674/1674/1674 1673/1673/1673
f 1681/1681/1681 1693/1693/1693 1677/1677/1677
f 1682/1682/1682 1681/1681/1681 1673/1673/1673
f 1684/1684/1684 1681/1681/1681 1682/1682/1682
f 1684/1684/1684 1690/1690/1690 1681/1681/1681
f 1681/1681/1681 1686/1686/1686 1693/1693/1693
f 1687/1687/1687 1686/1686/1686 1681/1681/1681
f 1681/1681/1681 1690/1690/1690 1687/1687/1687
f 1692/1692/1692 1698/1698/1698 1696/1696/1696
f 1676/1676/1676 1694/1694/1694 1697/1697/1697
f 1686/1686/1686 1699/1699/1699 1693/1693/1693
f 1698/1698/1698 1700/1700/1700 1696/1696/1696
f 1701/1701/1701 1699/1699/1699 1704/1704/1704
f 1699/1699/1699 1686/1686/1686 1704/1704/1704
f 1703/1703/1703 1707/1707/1707 1709/1709/1709
f 1706/1706/1706 1704/1704/1704 1686/1686/1686
f 1704/1704/1704 1716/1716/1716 1701/1701/1701
f 1703/1703/1703 1709/1709/1709 1711/1711/1711
f 1703/1703/1703 1711/1711/1711 1714/1714/1714
f 1714/1714/1714 1717/1717/1717 1703/1703/1703
f 1718/1718/1718 1715/1715/1715 1720/1720/1720
f 1720/1720/1720 1702/1702/1702 1718/1718/1718
f 1287/1287/1287 1697/1697/1697 1719/1719/1719
f 1287/1287/1287 1719/1719/1719 1724/1724/1724
f 1720/1720/1720 1695/1695/1695 1702/1702/1702
f 1715/1715/1715 1721/1721/1721 1720/1720/1720
f 1721/1721/1721 1723/1723/1723 1720/1720/1720
f 1727/1727/1727 1726/1726/1726 1723/1723/1723
f 1287/1287/1287 1724/1724/1724 1725/1725/1725
f 1721/1721/1721 1727/1727/1727 1723/1723/1723
f 1727/1727/1727 1729/1729/1729 1726/1726/1726
f 1728/1728/1728 1722/1722/1722 1714/1714/1714
f 1711/1711/1711 1730/1730/1730 1728/1728/1728
f 1711/1711/1711 1728/1728/1728 1714/1714/1714
f 1729/1729/1729 1731/1731/1731 1726/1726/1726
f 1733/1733/1733 1731/1731/1731 1729/1729/1729
f 1729/1729/1729 1712/1712/1712 1733/1733/1733
f 1287/1287/1287 1732/1732/1732 1734/1734/1734
f 1738/1738/1738 1287/1287/1287 1734/1734/1734
f 1736/1736/1736 1735/1735/1735 1713/1713/1713
f 1734/1734/1734 1737/1737/1737 1738/1738/1738
f 1763/1763/1763 1287/1287/1287 1738/1738/1738
f 1740/1740/1740 1754/1754/1754 1738/1738/1738
f 1740/1740/1740 1738/1738/1738 1767/1767/1767
f 1738/1738/1738 1752/1752/1752 1742/1742/1742
f 1738/1738/1738 1742/1742/1742 1759/1759/1759
f 1738/1738/1738 1761/1761/1761 1743/1743/1743
f 1738/1738/1738 1743/1743/1743 1748/1748/1748
f 1738/1738/1738 1748/1748/1748 1745/1745/1745
f 1738/1738/1738 1745/1745/1745 1763/1763/1763
f 1738/1738/1738 1765/1765/1765 1752/1752/1752
f 1738/1738/1738 1754/1754/1754 1765/1765/1765
f 1738/1738/1738 1737/1737/1737 1756/1756/1756
f 1738/1738/1738 1756/1756/1756 1767/1767/1767
f 1738/1738/1738 1759/1759/1759 1761/1761/1761
f 1769/1769/1769 1766/1766/1766 1757/1757/1757
f 1769/1769/1769 1773/1773/1773 1766/1766/1766
f 1740/1740/1740 1767/1767/1767 1770/1770/1770
f 1773/1773/1773 1771/1771/1771 1766/1766/1766
f 1772/1772/1772 1774/1774/1774 1705/1705/1705
f 1707/1707/1707 1775/1775/1775 1709/1709/1709
f 1775/1775/1775 1768/1768/1768 1709/1709/1709
f 1777/1777/1777 1688/1688/1688 1772/1772/1772
f 1740/1740/1740 1770/1770/1770 1689/1689/1689
f 1772/1772/1772 1705/1705/1705 1777/1777/1777
f 1686/1686/1686 1776/1776/1776 1706/1706/1706
f 1687/1687/1687 1776/1776/1776 1686/1686/1686
f 1757/1757/1757 1708/1708/1708 1769/1769/1769
f 1751/1751/1751 1764/1764/1764 1779/1779/1779
f 1779/1779/1779 1764/1764/1764 1753/1753/1753
f 1751/1751/1751 1779/1779/1779 1781/1781/1781
f 1782/1782/1782 1779/1779/1779 1753/1753/1753
f 1139/1139/1139 1780/1780/1780 1778/1778/1778
f 1139/1139/1139 1778/1778/1778 1783/1783/1783
f 1753/1753/1753 1785/1785/1785 1782/1782/1782
f 1788/1788/1788 1784/1784/1784 1786/1786/1786
f 1139/1139/1139 1783/1783/1783 1787/1787/1787
f 1790/1790/1790 1791/1791/1791 1788/1788/1788
f 1788/1788/1788 1786/1786/1786 1790/1790/1790
f 1787/1787/1787 1793/1793/1793 1139/1139/1139
f 1791/1791/1791 1792/1792/1792 1788/1788/1788
f 1139/1139/1139 1793/1793/1793 1794/1794/1794
f 1791/1791/1791 1795/1795/1795 1792/1792/1792
f 1139/1139/1139 1794/1794/1794 1800/1800/1800
f 1791/1791/1791 1798/1798/1798 1795/1795/1795
f 1794/1794/1794 1797/1797/1797 1800/1800/1800
f 1803/1803/1803 1799/1799/1799 1796/1796/1796
f 1803/1803/1803 1806/1806/1806 1799/1799/1799
f 1809/1809/1809 1801/1801/1801 1805/1805/1805
f 1800/1800/1800 1808/1808/1808 1812/1812/1812
f 1800/1800/1800 1812/1812/1812 1813/1813/1813
f 1800/1800/1800 1813/1813/1813 1816/1816/1816
f 1800/1800/1800 1816/1816/1816 1139/1139/1139
f 1828/1828/1828 1824/1824/1824 1817/1817/1817
f 1139/1139/1139 1816/1816/1816 1826/1826/1826
f 1827/1827/1827 1836/1836/1836 1832/1832/1832
f 1838/1838/1838 1827/1827/1827 1832/1832/1832
f 1836/1836/1836 1827/1827/1827 1823/1823/1823
f 1828/1828/1828 1839/1839/1839 1824/1824/1824
f 1111/1111/1111 1842/1842/1842 1838/1838/1838
f 1838/1838/1838 1847/1847/1847 1111/1111/1111
f 1838/1838/1838 1832/1832/1832 1847/1847/1847
f 1841/1841/1841 1825/1825/1825 1837/1837/1837
f 1837/1837/1837 1846/1846/1846 1841/1841/1841
f 1842/1842/1842 1845/1845/1845 1838/1838/1838
f 1848/1848/1848 1830/1830/1830 1851/1851/1851
f 1848/1848/1848 1851/1851/1851 1852/1852/1852
f 1024/1024/1024 1110/1110/1110 1848/1848/1848
f 1852/1852/1852 1024/1024/1024 1848/1848/1848
f 1023/1023/1023 1852/1852/1852 1850/1850/1850
f 696/696/696 1023/1023/1023 1850/1850/1850
f 1854/1854/1854 1849/1849/1849 1831/1831/1831
f 1850/1850/1850 1853/1853/1853 696/696/696
f 1854/1854/1854 1831/1831/1831 1833/1833/1833
f 696/696/696 1853/1853/1853 1859/1859/1859
f 1858/1858/1858 1861/1861/1861 1868/1868/1868
f 696/696/696 1859/1859/1859 1865/1865/1865
f 1868/1868/1868 1866/1866/1866 1858/1858/1858
f 671/671/671 1869/1869/1869 1870/1870/1870
f 1873/1873/1873 1869/1869/1869 671/671/671
f 1869/1869/1869 1862/1862/1862 1870/1870/1870
f 1876/1876/1876 1873/1873/1873 671/671/671
f 1879/1879/1879 1864/1864/1864 1874/1874/1874
f 1879/1879/1879 1874/1874/1874 1877/1877/1877
f 1877/1877/1877 1881/1881/1881 1879/1879/1879
f 1865/1865/1865 1878/1878/1878 1882/1882/1882
f 1877/1877/1877 1883/1883/1883 1881/1881/1881
f 697/697/697 1880/1880/1880 1884/1884/1884
f 1882/1882/1882 698/698/698 696/696/696
f 696/696/696 1865/1865/1865 1882/1882/1882
f 1885/1885/1885 1876/1876/1876 671/671/671
f 681/681/681 1885/1885/1885 671/671/671
f 679/679/679 697/697/697 1884/1884/1884
f 1870/1870/1870 1888/1888/1888 671/671/671
f 1871/1871/1871 1811/1811/1811 1886/1886/1886
f 1886/1886/1886 1889/1889/1889 1871/1871/1871
f 1810/1810/1810 1872/1872/1872 1820/1820/1820
f 1862/1862/1862 1823/1823/1823 1870/1870/1870
f 1888/1888/1888 1892/1892/1892 671/671/671
f 1886/1886/1886 1891/1891/1891 1889/1889/1889
f 1891/1891/1891 1893/1893/1893 1889/1889/1889
f 1892/1892/1892 1894/1894/1894 671/671/671
f 1891/1891/1891 1897/1897/1897 1893/1893/1893
f 1897/1897/1897 1895/1895/1895 1893/1893/1893
f 1900/1900/1900 1895/1895/1895 1897/1897/1897
f 1897/1897/1897 1807/1807/1807 1900/1900/1900
f 1808/1808/1808 1896/1896/1896 1890/1890/1890
f 1899/1899/1899 1802/1802/1802 671/671/671
f 1899/1899/1899 1804/1804/1804 1802/1802/1802
f 1894/1894/1894 1899/1899/1899 671/671/671
f 1805/1805/1805 1898/1898/1898 1809/1809/1809
f 1890/1890/1890 1887/1887/1887 1812/1812/1812
f 1808/1808/1808 1890/1890/1890 1812/1812/1812
f 1862/1862/1862 1836/1836/1836 1823/1823/1823
f 1841/1841/1841 1846/1846/1846 1843/1843/1843
f 1843/1843/1843 1135/1135/1135 1841/1841/1841
f 1137/1137/1137 1844/1844/1844 1117/1117/1117
f 1111/1111/1111 1116/1116/1116 1842/1842/1842
f 1139/1139/1139 1826/1826/1826 1840/1840/1840
f 1139/1139/1139 1840/1840/1840 1136/1136/1136
f 1814/1814/1814 1810/1810/1810 1820/1820/1820
f 1802/1802/1802 1905/1905/1905 1901/1901/1901
f 1802/1802/1802 1901/1901/1901 1903/1903/1903
f 1802/1802/1802 1903/1903/1903 1912/1912/1912
f 1907/1907/1907 1803/1803/1803 1796/1796/1796
f 1802/1802/1802 1909/1909/1909 1905/1905/1905
f 1802/1802/1802 1908/1908/1908 1909/1909/1909
f 1912/1912/1912 671/671/671 1802/1802/1802
f 1916/1916/1916 1913/1913/1913 1904/1904/1904
f 1919/1919/1919 1914/1914/1914 1915/1915/1915
f 1912/1912/1912 1918/1918/1918 671/671/671
f 671/671/671 1918/1918/1918 673/673/673
f 1921/1921/1921 672/672/672 1919/1919/1919
f 1919/1919/1919 1915/1915/1915 1921/1921/1921
f 1920/1920/1920 1929/1929/1929 1922/1922/1922
f 1924/1924/1924 1920/1920/1920 1922/1922/1922
f 1933/1933/1933 1920/1920/1920 1917/1917/1917
f 1921/1921/1921 1925/1925/1925 688/688/688
f 1920/1920/1920 1928/1928/1928 1929/1929/1929
f 1933/1933/1933 1928/1928/1928 1920/1920/1920
f 688/688/688 672/672/672 1921/1921/1921
f 1933/1933/1933 1917/1917/1917 1936/1936/1936
f 1943/1943/1943 1934/1934/1934 1932/1932/1932
f 1927/1927/1927 1932/1932/1932 1934/1934/1934
f 1936/1936/1936 1940/1940/1940 1933/1933/1933
f 1932/1932/1932 1939/1939/1939 1943/1943/1943
f 1910/1910/1910 1942/1942/1942 1938/1938/1938
f 1935/1935/1935 1941/1941/1941 1911/1911/1911
f 1938/1938/1938 1906/1906/1906 1910/1910/1910
f 1938/1938/1938 1937/1937/1937 1906/1906/1906
f 1917/1917/1917 1944/1944/1944 1936/1936/1936
f 1937/1937/1937 1945/1945/1945 1906/1906/1906
f 1917/1917/1917 1946/1946/1946 1944/1944/1944
f 1945/1945/1945 1902/1902/1902 1906/1906/1906
f 1945/1945/1945 1947/1947/1947 1902/1902/1902
f 1947/1947/1947 1916/1916/1916 1904/1904/1904
f 1947/1947/1947 1904/1904/1904 1902/1902/1902
f 1952/1952/1952 1948/1948/1948 1935/1935/1935
f 1934/1934/1934 1949/1949/1949 1950/1950/1950
f 1927/1927/1927 1934/1934/1934 1950/1950/1950
f 1935/1935/1935 1911/1911/1911 1952/1952/1952
f 1908/1908/1908 1953/1953/1953 1909/1909/1909
f 1908/1908/1908 1960/1960/1960 1953/1953/1953
f 1952/1952/1952 1955/1955/1955 1948/1948/1948
f 1957/1957/1957 1954/1954/1954 1953/1953/1953
f 1960/1960/1960 1957/1957/1957 1953/1953/1953
f 1956/1956/1956 1958/1958/1958 1959/1959/1959
f 1962/1962/1962 1961/1961/1961 1907/1907/1907
f 1962/1962/1962 1964/1964/1964 1961/1961/1961
f 1968/1968/1968 1959/1959/1959 1965/1965/1965
f 1968/1968/1968 1967/1967/1967 1959/1959/1959
f 1967/1967/1967 1956/1956/1956 1959/1959/1959
f 1969/1969/1969 1971/1971/1971 1970/1970/1970
f 1970/1970/1970 1966/1966/1966 1969/1969/1969
f 1972/1972/1972 1968/1968/1968 1673/1673/1673
f 1965/1965/1965 1682/1682/1682 1968/1968/1968
f 1968/1968/1968 1682/1682/1682 1673/1673/1673
f 1970/1970/1970 1971/1971/1971 1974/1974/1974
f 1673/1673/1673 1973/1973/1973 1972/1972/1972
f 1974/1974/1974 1977/1977/1977 1970/1970/1970
f 1975/1975/1975 1973/1973/1973 1666/1666/1666
f 1974/1974/1974 1976/1976/1976 1977/1977/1977
f 1973/1973/1973 1673/1673/1673 1666/1666/1666
f 1980/1980/1980 1977/1977/1977 1978/1978/1978
f 1977/1977/1977 1981/1981/1981 1978/1978/1978
f 1981/1981/1981 1977/1977/1977 1976/1976/1976
f 1980/1980/1980 1970/1970/1970 1977/1977/1977
f 1976/1976/1976 1983/1983/1983 1981/1981/1981
f 1982/1982/1982 1984/1984/1984 108/108/108
f 1979/1979/1979 1982/1982/1982 108/108/108
f 1976/1976/1976 1985/1985/1985 1983/1983/1983
f 1985/1985/1985 1989/1989/1989 1983/1983/1983
f 1984/1984/1984 1990/1990/1990 1991/1991/1991
f 1991/1991/1991 108/108/108 1984/1984/1984
f 1992/1992/1992 1988/1988/1988 1993/1993/1993
f 1993/1993/1993 1381/1381/1381 1992/1992/1992
f 1991/1991/1991 1996/1996/1996 108/108/108
f 1995/1995/1995 1992/1992/1992 1381/1381/1381
f 1381/1381/1381 109/109/109 1995/1995/1995
f 108/108/108 1996/1996/1996 110/110/110
f 1994/1994/1994 1987/1987/1987 1986/1986/1986
f 1666/1666/1666 1664/1664/1664 1994/1994/1994
f 1381/1381/1381 1993/1993/1993 1665/1665/1665
f 1994/1994/1994 1986/1986/1986 1666/1666/1666
f 1666/1666/1666 1986/1986/1986 1975/1975/1975
f 1980/1980/1980 1999/1999/1999 1970/1970/1970
f 1998/1998/1998 152/152/152 1980/1980/1980
f 1980/1980/1980 1978/1978/1978 1998/1998/1998
f 1980/1980/1980 152/152/152 2003/2003/2003
f 1999/1999/1999 1980/1980/1980 2000/2000/2000
f 1980/1980/1980 2003/2003/2003 2000/2000/2000
f 2007/2007/2007 2004/2004/2004 160/160/160
f 152/152/152 162/162/162 2003/2003/2003
f 2007/2007/2007 2001/2001/2001 2004/2004/2004
f 2016/2016/2016 2007/2007/2007 160/160/160
f 2005/2005/2005 2014/2014/2014 2002/2002/2002
f 2009/2009/2009 2013/2013/2013 2006/2006/2006
f 2006/2006/2006 2017/2017/2017 2009/2009/2009
f 2005/2005/2005 2012/2012/2012 2014/2014/2014
f 171/171/171 2019/2019/2019 2016/2016/2016
f 2016/2016/2016 160/160/160 171/171/171
f 2022/2022/2022 2017/2017/2017 2018/2018/2018
f 2017/2017/2017 2020/2020/2020 2009/2009/2009
f 2022/2022/2022 2020/2020/2020 2017/2017/2017
f 2024/2024/2024 2022/2022/2022 2018/2018/2018
f 2021/2021/2021 2023/2023/2023 2026/2026/2026
f 2023/2023/2023 2025/2025/2025 2026/2026/2026
f 2030/2030/2030 2034/2034/2034 2027/2027/2027
f 2027/2027/2027 2040/2040/2040 2030/2030/2030
f 2033/2033/2033 2039/2039/2039 2028/2028/2028
f 2033/2033/2033 2028/2028/2028 2024/2024/2024
f 2026/2026/2026 2035/2035/2035 2038/2038/2038
f 2021/2021/2021 2026/2026/2026 2038/2038/2038
f 171/171/171 2041/2041/2041 2032/2032/2032
f 171/171/171 238/238/238 2041/2041/2041
f 238/238/238 2031/2031/2031 2041/2041/2041
f 2035/2035/2035 2042/2042/2042 2038/2038/2038
f 2045/2045/2045 2037/2037/2037 2043/2043/2043
f 2010/2010/2010 2021/2021/2021 2038/2038/2038
f 2011/2011/2011 2008/2008/2008 2037/2037/2037
f 2037/2037/2037 2015/2015/2015 2011/2011/2011
f 2037/2037/2037 2045/2045/2045 2015/2015/2015
f 2015/2015/2015 2045/2045/2045 1999/1999/1999
f 2043/2043/2043 2046/2046/2046 2045/2045/2045
f 2045/2045/2045 2046/2046/2046 2048/2048/2048
f 1999/1999/1999 2045/2045/2045 2048/2048/2048
f 2051/2051/2051 2049/2049/2049 2047/2047/2047
f 2058/2058/2058 2050/2050/2050 2052/2052/2052
f 2058/2058/2058 2055/2055/2055 2050/2050/2050
f 2048/2048/2048 2053/2053/2053 606/606/606
f 606/606/606 1999/1999/1999 2048/2048/2048
f 2057/2057/2057 2064/2064/2064 2054/2054/2054
f 2061/2061/2061 2056/2056/2056 2059/2059/2059
f 2060/2060/2060 2058/2058/2058 238/238/238
f 2058/2058/2058 2052/2052/2052 238/238/238
f 2057/2057/2057 2062/2062/2062 2064/2064/2064
f 2066/2066/2066 2068/2068/2068 2065/2065/2065
f 2066/2066/2066 2065/2065/2065 2063/2063/2063
f 2053/2053/2053 2065/2065/2065 2068/2068/2068
f 2068/2068/2068 2066/2066/2066 2069/2069/2069
f 2053/2053/2053 2068/2068/2068 606/606/606
f 2068/2068/2068 2069/2069/2069 2076/2076/2076
f 606/606/606 2068/2068/2068 2074/2074/2074
f 2068/2068/2068 2076/2076/2076 2074/2074/2074
f 2075/2075/2075 2070/2070/2070 2077/2077/2077
f 2077/2077/2077 2072/2072/2072 2075/2075/2075
f 2073/2073/2073 2078/2078/2078 553/553/553
f 2078/2078/2078 556/556/556 553/553/553
f 555/555/555 2079/2079/2079 2080/2080/2080
f 2070/2070/2070 2081/2081/2081 2077/2077/2077
f 555/555/555 2080/2080/2080 2086/2086/2086
f 2083/2083/2083 2082/2082/2082 2071/2071/2071
f 2083/2083/2083 2087/2087/2087 2082/2082/2082
f 536/536/536 555/555/555 2086/2086/2086
f 2086/2086/2086 2084/2084/2084 536/536/536
f 2085/2085/2085 2088/2088/2088 543/543/543
f 543/543/543 535/535/535 2085/2085/2085
f 2089/2089/2089 2083/2083/2083 2067/2067/2067
f 2083/2083/2083 2071/2071/2071 2067/2067/2067
f 2088/2088/2088 539/539/539 543/543/543
f 538/538/538 2090/2090/2090 2093/2093/2093
f 2092/2092/2092 2089/2089/2089 2067/2067/2067
f 2092/2092/2092 2095/2095/2095 2089/2089/2089
f 2095/2095/2095 2094/2094/2094 2089/2089/2089
f 2092/2092/2092 2097/2097/2097 2095/2095/2095
f 2096/2096/2096 2098/2098/2098 2101/2101/2101
f 2093/2093/2093 2096/2096/2096 2100/2100/2100
f 2096/2096/2096 2101/2101/2101 2100/2100/2100
f 2102/2102/2102 2060/2060/2060 238/238/238
f 2099/2099/2099 2102/2102/2102 238/238/238
f 2098/2098/2098 2059/2059/2059 2101/2101/2101
f 2103/2103/2103 2099/2099/2099 238/238/238
f 2093/2093/2093 2100/2100/2100 2104/2104/2104
f 540/540/540 2103/2103/2103 238/238/238
f 2093/2093/2093 2104/2104/2104 538/538/538
f 2098/2098/2098 2091/2091/2091 2059/2059/2059
f 2061/2061/2061 2059/2059/2059 2091/2091/2091
f 2091/2091/2091 2105/2105/2105 2061/2061/2061
f 2106/2106/2106 2092/2092/2092 2067/2067/2067
f 2063/2063/2063 2107/2107/2107 2066/2066/2066
f 553/553/553 607/607/607 2073/2073/2073
f 606/606/606 2074/2074/2074 608/608/608
f 238/238/238 2052/2052/2052 2110/2110/2110
f 2113/2113/2113 2108/2108/2108 2051/2051/2051
f 2044/2044/2044 2113/2113/2113 2051/2051/2051
f 2047/2047/2047 2044/2044/2044 2051/2051/2051
f 2035/2035/2035 2116/2116/2116 2112/2112/2112
f 2035/2035/2035 2112/2112/2112 2042/2042/2042
f 2114/2114/2114 2109/2109/2109 2111/2111/2111
f 2114/2114/2114 2111/2111/2111 2117/2117/2117
f 2035/2035/2035 2118/2118/2118 2116/2116/2116
f 2120/2120/2120 2114/2114/2114 2117/2117/2117
f 2117/2117/2117 2119/2119/2119 2120/2120/2120
f 2119/2119/2119 2029/2029/2029 2120/2120/2120
f 238/238/238 2121/2121/2121 2031/2031/2031
f 238/238/238 2115/2115/2115 2121/2121/2121
f 2119/2119/2119 2036/2036/2036 2029/2029/2029
f 238/238/238 2110/2110/2110 2115/2115/2115
f 171/171/171 2032/2032/2032 2019/2019/2019
f 2024/2024/2024 2018/2018/2018 2033/2033/2033
f 1999/1999/1999 2000/2000/2000 2015/2015/2015
f 1999/1999/1999 606/606/606 1970/1970/1970
f 114/114/114 1997/1997/1997 1979/1979/1979
f 133/133/133 1997/1997/1997 114/114/114
f 1998/1998/1998 134/134/134 152/152/152
f 108/108/108 114/114/114 1979/1979/1979
f 606/606/606 609/609/609 1970/1970/1970
f 1970/1970/1970 609/609/609 1966/1966/1966
f 2123/2123/2123 1966/1966/1966 609/609/609
f 1967/1967/1967 2122/2122/2122 1956/1956/1956
f 1951/1951/1951 2123/2123/2123 609/609/609
f 2122/2122/2122 1950/1950/1950 1956/1956/1956
f 1684/1684/1684 1682/1682/1682 1965/1965/1965
f 1965/1965/1965 1791/1791/1791 1684/1684/1684
f 1965/1965/1965 1963/1963/1963 1791/1791/1791
f 1907/1907/1907 2124/2124/2124 1962/1962/1962
f 1791/1791/1791 1963/1963/1963 2125/2125/2125
f 1791/1791/1791 2125/2125/2125 1798/1798/1798
f 1796/1796/1796 2124/2124/2124 1907/1907/1907
f 1950/1950/1950 1949/1949/1949 1956/1956/1956
f 2126/2126/2126 1951/1951/1951 609/609/609
f 2126/2126/2126 2129/2129/2129 1951/1951/1951
f 1950/1950/1950 2130/2130/2130 1930/1930/1930
f 1950/1950/1950 1930/1930/1930 1927/1927/1927
f 2126/2126/2126 2133/2133/2133 2129/2129/2129
f 1931/1931/1931 2129/2129/2129 2132/2132/2132
f 2129/2129/2129 2133/2133/2133 2132/2132/2132
f 2134/2134/2134 2127/2127/2127 627/627/627
f 2131/2131/2131 2134/2134/2134 627/627/627
f 622/622/622 2135/2135/2135 2131/2131/2131
f 622/622/622 2131/2131/2131 627/627/627
f 1923/1923/1923 2132/2132/2132 2136/2136/2136
f 2132/2132/2132 1923/1923/1923 1931/1931/1931
f 2138/2138/2138 2137/2137/2137 623/623/623
f 2136/2136/2136 2139/2139/2139 1923/1923/1923
f 623/623/623 2143/2143/2143 2138/2138/2138
f 2143/2143/2143 2141/2141/2141 2138/2138/2138
f 1922/1922/1922 2140/2140/2140 2142/2142/2142
f 2144/2144/2144 621/621/621 624/624/624
f 2147/2147/2147 2143/2143/2143 2146/2146/2146
f 2145/2145/2145 2144/2144/2144 624/624/624
f 2147/2147/2147 2141/2141/2141 2143/2143/2143
f 2142/2142/2142 2148/2148/2148 1924/1924/1924
f 2150/2150/2150 2147/2147/2147 2146/2146/2146
f 2148/2148/2148 2149/2149/2149 1924/1924/1924
f 2150/2150/2150 2146/2146/2146 2151/2151/2151
f 2151/2151/2151 1926/1926/1926 2150/2150/2150
f 2151/2151/2151 676/676/676 1926/1926/1926
f 675/675/675 2152/2152/2152 624/624/624
f 2152/2152/2152 2145/2145/2145 624/624/624
f 2142/2142/2142 1924/1924/1924 1922/1922/1922
f 626/626/626 2128/2128/2128 2153/2153/2153
f 614/614/614 2154/2154/2154 2126/2126/2126
f 614/614/614 2126/2126/2126 609/609/609
f 626/626/626 2153/2153/2153 616/616/616
f 1925/1925/1925 674/674/674 688/688/688
f 1791/1791/1791 1790/1790/1790 1684/1684/1684
f 1739/1739/1739 1683/1683/1683 1789/1789/1789
f 1789/1789/1789 1785/1785/1785 1739/1739/1739
f 1753/1753/1753 1739/1739/1739 1785/1785/1785
f 1781/1781/1781 1155/1155/1155 2155/2155/2155
f 2155/2155/2155 1751/1751/1751 1781/1781/1781
f 1157/1157/1157 1780/1780/1780 1139/1139/1139
f 2156/2156/2156 2159/2159/2159 2158/2158/2158
f 1752/1752/1752 2156/2156/2156 2158/2158/2158
f 1155/1155/1155 2161/2161/2161 2155/2155/2155
f 2159/2159/2159 2156/2156/2156 2162/2162/2162
f 1163/1163/1163 2159/2159/2159 2162/2162/2162
f 1163/1163/1163 2162/2162/2162 1170/1170/1170
f 2163/2163/2163 1156/1156/1156 1154/1154/1154
f 1154/1154/1154 1169/1169/1169 2163/2163/2163
f 2166/2166/2166 2165/2165/2165 2160/2160/2160
f 2165/2165/2165 2157/2157/2157 2160/2160/2160
f 2160/2160/2160 1165/1165/1165 2166/2166/2166
f 2164/2164/2164 2167/2167/2167 1226/1226/1226
f 1226/1226/1226 2167/2167/2167 2169/2169/2169
f 1165/1165/1165 2170/2170/2170 2166/2166/2166
f 1226/1226/1226 2169/2169/2169 1230/1230/1230
f 1231/1231/1231 2168/2168/2168 1164/1164/1164
f 2164/2164/2164 1226/1226/1226 2177/2177/2177
f 2165/2165/2165 2171/2171/2171 2157/2157/2157
f 2179/2179/2179 2172/2172/2172 2164/2164/2164
f 2174/2174/2174 2179/2179/2179 2164/2164/2164
f 2177/2177/2177 2174/2174/2174 2164/2164/2164
f 2179/2179/2179 2182/2182/2182 2184/2184/2184
f 2183/2183/2183 2180/2180/2180 1744/1744/1744
f 2179/2179/2179 2184/2184/2184 2172/2172/2172
f 1749/1749/1749 2181/2181/2181 2175/2175/2175
f 2180/2180/2180 1750/1750/1750 1744/1744/1744
f 2184/2184/2184 2187/2187/2187 2172/2172/2172
f 2186/2186/2186 2185/2185/2185 1758/1758/1758
f 2182/2182/2182 2188/2188/2188 2184/2184/2184
f 2185/2185/2185 2189/2189/2189 1758/1758/1758
f 2189/2189/2189 1760/1760/1760 1758/1758/1758
f 2189/2189/2189 2183/2183/2183 1744/1744/1744
f 2189/2189/2189 1744/1744/1744 1760/1760/1760
f 2186/2186/2186 1741/1741/1741 2190/2190/2190
f 2190/2190/2190 2173/2173/2173 2186/2186/2186
f 2186/2186/2186 1758/1758/1758 1741/1741/1741
f 2171/2171/2171 2191/2191/2191 2157/2157/2157
f 1752/1752/1752 2158/2158/2158 2192/2192/2192
f 1752/1752/1752 2192/2192/2192 1742/1742/1742
f 1226/1226/1226 2193/2193/2193 2177/2177/2177
f 2193/2193/2193 2197/2197/2197 2177/2177/2177
f 1746/1746/1746 2178/2178/2178 2196/2196/2196
f 1746/1746/1746 2176/2176/2176 2178/2178/2178
f 2193/2193/2193 2198/2198/2198 2197/2197/2197
f 2196/2196/2196 2199/2199/2199 2200/2200/2200
f 2196/2196/2196 1762/1762/1762 1746/1746/1746
f 2196/2196/2196 2200/2200/2200 1762/1762/1762
f 2201/2201/2201 2202/2202/2202 1287/1287/1287
f 1763/1763/1763 2201/2201/2201 1287/1287/1287
f 2203/2203/2203 2200/2200/2200 2199/2199/2199
f 1286/1286/1286 2204/2204/2204 2194/2194/2194
f 2202/2202/2202 1285/1285/1285 1287/1287/1287
f 2199/2199/2199 2195/2195/2195 2203/2203/2203
f 1226/1226/1226 2206/2206/2206 2193/2193/2193
f 1286/1286/1286 2194/2194/2194 2205/2205/2205
f 2205/2205/2205 2207/2207/2207 1286/1286/1286
f 2211/2211/2211 2207/2207/2207 2205/2205/2205
f 1226/1226/1226 2209/2209/2209 2206/2206/2206
f 2211/2211/2211 2205/2205/2205 2210/2210/2210
f 2210/2210/2210 2213/2213/2213 2211/2211/2211
f 1266/1266/1266 2212/2212/2212 2214/2214/2214
f 2212/2212/2212 1266/1266/1266 1270/1270/1270
f 2208/2208/2208 2212/2212/2212 1270/1270/1270
f 1249/1249/1249 1266/1266/1266 2214/2214/2214
f 1249/1249/1249 2214/2214/2214 1247/1247/1247
f 1246/1246/1246 2215/2215/2215 2216/2216/2216
f 2210/2210/2210 2217/2217/2217 2213/2213/2213
f 2218/2218/2218 2209/2209/2209 1226/1226/1226
f 1226/1226/1226 1229/1229/1229 2218/2218/2218
f 1246/1246/1246 2216/2216/2216 2219/2219/2219
f 1229/1229/1229 2219/2219/2219 2218/2218/2218
f 2219/2219/2219 1227/1227/1227 1246/1246/1246
f 1285/1285/1285 2208/2208/2208 1270/1270/1270
f 2175/2175/2175 1747/1747/1747 1749/1749/1749
f 1710/1710/1710 1755/1755/1755 1736/1736/1736
f 1691/1691/1691 1685/1685/1685 1740/1740/1740
f 1689/1689/1689 1691/1691/1691 1740/1740/1740
f 1713/1713/1713 1710/1710/1710 1736/1736/1736
f 1287/1287/1287 1725/1725/1725 1732/1732/1732
f 1287/1287/1287 2220/2220/2220 1697/1697/1697
f 2220/2220/2220 1676/1676/1676 1697/1697/1697
f 2232/2232/2232 2220/2220/2220 1287/1287/1287
f 2221/2221/2221 2225/2225/2225 2224/2224/2224
f 2221/2221/2221 2224/2224/2224 2228/2228/2228
f 2221/2221/2221 2231/2231/2231 2225/2225/2225
f 2228/2228/2228 1675/1675/1675 2221/2221/2221
f 2233/2233/2233 2232/2232/2232 1287/1287/1287
f 2230/2230/2230 2234/2234/2234 2236/2236/2236
f 2236/2236/2236 2226/2226/2226 2230/2230/2230
f 2237/2237/2237 2236/2236/2236 2234/2234/2234
f 2235/2235/2235 2238/2238/2238 2239/2239/2239
f 2227/2227/2227 2235/2235/2235 2239/2239/2239
f 2248/2248/2248 2240/2240/2240 2237/2237/2237
f 2243/2243/2243 2241/2241/2241 2247/2247/2247
f 2246/2246/2246 2239/2239/2239 2244/2244/2244
f 2246/2246/2246 2223/2223/2223 2239/2239/2239
f 2223/2223/2223 2227/2227/2227 2239/2239/2239
f 2249/2249/2249 2253/2253/2253 1287/1287/1287
f 2250/2250/2250 2249/2249/2249 1287/1287/1287
f 2237/2237/2237 2254/2254/2254 2248/2248/2248
f 2247/2247/2247 2251/2251/2251 2243/2243/2243
f 2253/2253/2253 2233/2233/2233 1287/1287/1287
f 2237/2237/2237 2234/2234/2234 2254/2254/2254
f 2257/2257/2257 2250/2250/2250 1305/1305/1305
f 2250/2250/2250 1287/1287/1287 1305/1305/1305
f 2255/2255/2255 2242/2242/2242 2252/2252/2252
f 2252/2252/2252 2258/2258/2258 2255/2255/2255
f 2260/2260/2260 2257/2257/2257 1305/1305/1305
f 2255/2255/2255 2258/2258/2258 2259/2259/2259
f 2262/2262/2262 2260/2260/2260 1305/1305/1305
f 2263/2263/2263 2259/2259/2259 2261/2261/2261
f 2263/2263/2263 2255/2255/2255 2259/2259/2259
f 2265/2265/2265 2263/2263/2263 2261/2261/2261
f 2244/2244/2244 2256/2256/2256 2264/2264/2264
f 2244/2244/2244 2264/2264/2264 2266/2266/2266
f 2267/2267/2267 2265/2265/2265 2261/2261/2261
f 2246/2246/2246 2244/2244/2244 2266/2266/2266
f 2266/2266/2266 2268/2268/2268 2246/2246/2246
f 2270/2270/2270 2273/2273/2273 2267/2267/2267
f 2267/2267/2267 2261/2261/2261 2270/2270/2270
f 2245/2245/2245 2269/2269/2269 2274/2274/2274
f 1678/1678/1678 2275/2275/2275 2271/2271/2271
f 2274/2274/2274 1679/1679/1679 2245/2245/2245
f 2278/2278/2278 1671/1671/1671 2272/2272/2272
f 1671/1671/1671 1670/1670/1670 2272/2272/2272
f 1669/1669/1669 1678/1678/1678 2271/2271/2271
f 2278/2278/2278 2272/2272/2272 2262/2262/2262
f 2276/2276/2276 1355/1355/1355 1364/1364/1364
f 1364/1364/1364 1672/1672/1672 2276/2276/2276
f 1354/1354/1354 2277/2277/2277 1356/1356/1356
f 1305/1305/1305 1357/1357/1357 2278/2278/2278
f 1305/1305/1305 2278/2278/2278 2262/2262/2262
f 1679/1679/1679 1680/1680/1680 2245/2245/2245
f 1680/1680/1680 2222/2222/2222 2245/2245/2245
f 1677/1677/1677 2229/2229/2229 1680/1680/1680
f 1680/1680/1680 2229/2229/2229 2222/2222/2222
f 1273/1273/1273 1297/1297/1297 1294/1294/1294
f 1273/1273/1273 1294/1294/1294 1276/1276/1276
f 1294/1294/1294 1291/1291/1291 1276/1276/1276
f 1213/1213/1213 1207/1207/1207 1191/1191/1191
f 1207/1207/1207 1209/1209/1209 1191/1191/1191
f 1200/1200/1200 1195/1195/1195 1208/1208/1208
f 1209/1209/1209 1194/1194/1194 1191/1191/1191
f 1200/1200/1200 1196/1196/1196 1195/1195/1195
f 1140/1140/1140 1180/1180/1180 1158/1158/1158
f 1140/1140/1140 1148/1148/1148 1180/1180/1180
f 969/969/969 967/967/967 1150/1150/1150
f 1126/1126/1126 2282/2282/2282 2279/2279/2279
f 1126/1126/1126 2279/2279/2279 969/969/969
f 2283/2283/2283 1127/1127/1127 993/993/993
f 2282/2282/2282 2286/2286/2286 2284/2284/2284
f 2282/2282/2282 2284/2284/2284 2279/2279/2279
f 993/993/993 987/987/987 2283/2283/2283
f 2287/2287/2287 2283/2283/2283 985/985/985
f 2283/2283/2283 987/987/987 985/985/985
f 2285/2285/2285 2287/2287/2287 1000/1000/1000
f 2287/2287/2287 985/985/985 1000/1000/1000
f 972/972/972 2280/2280/2280 2285/2285/2285
f 2285/2285/2285 1000/1000/1000 972/972/972
f 974/974/974 970/970/970 2281/2281/2281
f 2281/2281/2281 971/971/971 974/974/974
f 1027/1027/1027 721/721/721 728/728/728
f 988/988/988 933/933/933 928/928/928
f 2288/2288/2288 958/958/958 979/979/979
f 930/930/930 2288/2288/2288 979/979/979
f 958/958/958 956/956/956 979/979/979
f 959/959/959 2289/2289/2289 932/932/932
f 931/931/931 964/964/964 935/935/935
f 943/943/943 959/959/959 932/932/932
f 954/954/954 947/947/947 941/941/941
f 903/903/903 942/942/942 938/938/938
f 938/938/938 915/915/915 903/903/903
f 912/912/912 924/924/924 922/922/922
f 875/875/875 882/882/882 908/908/908
f 883/883/883 885/885/885 901/901/901
f 889/889/889 793/793/793 364/364/364
f 877/877/877 793/793/793 889/889/889
f 2290/2290/2290 889/889/889 364/364/364
f 890/890/890 2291/2291/2291 22/22/22
f 22/22/22 2291/2291/2291 21/21/21
f 364/364/364 20/20/20 2290/2290/2290
f 888/888/888 886/886/886 882/882/882
f 787/787/787 771/771/771 769/769/769
f 787/787/787 769/769/769 772/772/772
f 783/783/783 780/780/780 409/409/409
f 775/775/775 2293/2293/2293 779/779/779
f 409/409/409 780/780/780 2292/2292/2292
f 2295/2295/2295 2293/2293/2293 775/775/775
f 409/409/409 2292/2292/2292 2294/2294/2294
f 2294/2294/2294 2302/2302/2302 2297/2297/2297
f 2294/2294/2294 2297/2297/2297 2303/2303/2303
f 2300/2300/2300 2295/2295/2295 761/761/761
f 2294/2294/2294 2299/2299/2299 2302/2302/2302
f 2295/2295/2295 775/775/775 761/761/761
f 409/409/409 2294/2294/2294 2303/2303/2303
f 2307/2307/2307 2304/2304/2304 2296/2296/2296
f 2307/2307/2307 2305/2305/2305 2304/2304/2304
f 409/409/409 2303/2303/2303 2306/2306/2306
f 2296/2296/2296 2309/2309/2309 2307/2307/2307
f 2312/2312/2312 2308/2308/2308 2310/2310/2310
f 2307/2307/2307 2313/2313/2313 2305/2305/2305
f 2315/2315/2315 2318/2318/2318 2312/2312/2312
f 2315/2315/2315 2312/2312/2312 2310/2310/2310
f 2313/2313/2313 2317/2317/2317 2305/2305/2305
f 2317/2317/2317 2319/2319/2319 2305/2305/2305
f 2317/2317/2317 2323/2323/2323 2319/2319/2319
f 2315/2315/2315 2321/2321/2321 2318/2318/2318
f 2317/2317/2317 2322/2322/2322 2323/2323/2323
f 409/409/409 2320/2320/2320 2324/2324/2324
f 2316/2316/2316 2326/2326/2326 2323/2323/2323
f 409/409/409 2324/2324/2324 2325/2325/2325
f 2322/2322/2322 2316/2316/2316 2323/2323/2323
f 2331/2331/2331 2328/2328/2328 2327/2327/2327
f 409/409/409 2325/2325/2325 2329/2329/2329
f 2327/2327/2327 2314/2314/2314 2331/2331/2331
f 2330/2330/2330 2332/2332/2332 471/471/471
f 472/472/472 2333/2333/2333 474/474/474
f 2333/2333/2333 2315/2315/2315 474/474/474
f 471/471/471 444/444/444 2330/2330/2330
f 409/409/409 2329/2329/2329 445/445/445
f 409/409/409 2306/2306/2306 2320/2320/2320
f 2315/2315/2315 2310/2310/2310 474/474/474
f 2311/2311/2311 2298/2298/2298 2301/2301/2301
f 475/475/475 2311/2311/2311 2301/2301/2301
f 475/475/475 2301/2301/2301 2334/2334/2334
f 2299/2299/2299 2335/2335/2335 2302/2302/2302
f 2335/2335/2335 2299/2299/2299 2341/2341/2341
f 2334/2334/2334 2338/2338/2338 480/480/480
f 2336/2336/2336 2335/2335/2335 2341/2341/2341
f 480/480/480 475/475/475 2334/2334/2334
f 2336/2336/2336 2341/2341/2341 2342/2342/2342
f 764/764/764 2340/2340/2340 2300/2300/2300
f 2343/2343/2343 2339/2339/2339 2344/2344/2344
f 2339/2339/2339 762/762/762 2344/2344/2344
f 584/584/584 2343/2343/2343 2344/2344/2344
f 586/586/586 2345/2345/2345 763/763/763
f 2344/2344/2344 587/587/587 584/584/584
f 2342/2342/2342 582/582/582 2336/2336/2336
f 582/582/582 2347/2347/2347 2336/2336/2336
f 2347/2347/2347 2349/2349/2349 2336/2336/2336
f 2337/2337/2337 2350/2350/2350 485/485/485
f 2338/2338/2338 477/477/477 480/480/480
f 485/485/485 478/478/478 2337/2337/2337
f 485/485/485 2350/2350/2350 2346/2346/2346
f 2354/2354/2354 2348/2348/2348 579/579/579
f 582/582/582 578/578/578 2347/2347/2347
f 2354/2354/2354 2353/2353/2353 2348/2348/2348
f 2346/2346/2346 2351/2351/2351 485/485/485
f 2352/2352/2352 2355/2355/2355 484/484/484
f 484/484/484 2355/2355/2355 524/524/524
f 579/579/579 523/523/523 2354/2354/2354
f 486/486/486 2352/2352/2352 484/484/484
f 761/761/761 764/764/764 2300/2300/2300
f 590/590/590 586/586/586 763/763/763
f 662/662/662 707/707/707 686/686/686
f 657/657/657 677/677/677 655/655/655
f 657/657/657 665/665/665 677/677/677
f 657/657/657 667/667/667 665/665/665
f 624/624/624 644/644/644 656/656/656
f 609/609/609 617/617/617 614/614/614
f 575/575/575 552/552/552 569/569/569
f 551/551/551 574/574/574 531/531/531
f 569/569/569 552/552/552 550/550/550
f 547/547/547 564/564/564 559/559/559
f 547/547/547 533/533/533 564/564/564
f 522/522/522 565/565/565 534/534/534
f 524/524/524 563/563/563 521/521/521
f 534/534/534 519/519/519 522/522/522
f 238/238/238 246/246/246 510/510/510
f 471/471/471 468/468/468 444/444/444
f 468/468/468 470/470/470 446/446/446
f 433/433/433 446/446/446 470/470/470
f 468/468/468 446/446/446 444/444/444
f 420/420/420 459/459/459 292/292/292
f 2359/2359/2359 450/450/450 448/448/448
f 417/417/417 450/450/450 2356/2356/2356
f 2359/2359/2359 2356/2356/2356 450/450/450
f 2360/2360/2360 2359/2359/2359 448/448/448
f 2358/2358/2358 2361/2361/2361 2362/2362/2362
f 2366/2366/2366 2358/2358/2358 2362/2362/2362
f 2366/2366/2366 2357/2357/2357 2358/2358/2358
f 415/415/415 2365/2365/2365 298/298/298
f 296/296/296 2366/2366/2366 291/291/291
f 2356/2356/2356 2367/2367/2367 417/417/417
f 2366/2366/2366 2362/2362/2362 291/291/291
f 418/418/418 2363/2363/2363 2360/2360/2360
f 292/292/292 2364/2364/2364 420/420/420
f 2360/2360/2360 426/426/426 418/418/418
f 2360/2360/2360 448/448/448 426/426/426
f 412/412/412 2368/2368/2368 436/436/436
f 416/416/416 2370/2370/2370 377/377/377
f 298/298/298 2371/2371/2371 415/415/415
f 378/378/378 2369/2369/2369 297/297/297
f 407/407/407 388/388/388 390/390/390
f 389/389/389 406/406/406 377/377/377
f 385/385/385 381/381/381 398/398/398
f 382/382/382 389/389/389 377/377/377
f 377/377/377 2375/2375/2375 370/370/370
f 2372/2372/2372 378/378/378 2379/2379/2379
f 378/378/378 297/297/297 2379/2379/2379
f 2382/2382/2382 2376/2376/2376 288/288/288
f 287/287/287 2377/2377/2377 296/296/296
f 2380/2380/2380 372/372/372 2373/2373/2373
f 371/371/371 2382/2382/2382 353/353/353
f 2382/2382/2382 288/288/288 290/290/290
f 2382/2382/2382 290/290/290 353/353/353
f 20/20/20 364/364/364 362/362/362
f 362/362/362 2383/2383/2383 18/18/18
f 2387/2387/2387 2383/2383/2383 362/362/362
f 18/18/18 20/20/20 362/362/362
f 362/362/362 2385/2385/2385 2387/2387/2387
f 362/362/362 357/357/357 2385/2385/2385
f 2388/2388/2388 2393/2393/2393 9/9/9
f 9/9/9 2392/2392/2392 2388/2388/2388
f 2387/2387/2387 2391/2391/2391 2383/2383/2383
f 2393/2393/2393 2388/2388/2388 2386/2386/2386
f 6/6/6 9/9/9 2393/2393/2393
f 2393/2393/2393 14/14/14 6/6/6
f 2393/2393/2393 2394/2394/2394 14/14/14
f 347/347/347 2393/2393/2393 356/356/356
f 2395/2395/2395 2393/2393/2393 347/347/347
f 2393/2393/2393 2386/2386/2386 356/356/356
f 2395/2395/2395 2394/2394/2394 2393/2393/2393
f 2394/2394/2394 2395/2395/2395 329/329/329
f 2395/2395/2395 2396/2396/2396 329/329/329
f 2395/2395/2395 348/348/348 2396/2396/2396
f 348/348/348 2395/2395/2395 347/347/347
f 337/337/337 326/326/326 2396/2396/2396
f 348/348/348 337/337/337 2396/2396/2396
f 2394/2394/2394 329/329/329 86/86/86
f 2394/2394/2394 86/86/86 87/87/87
f 2394/2394/2394 87/87/87 2398/2398/2398
f 2398/2398/2398 14/14/14 2394/2394/2394
f 13/13/13 2399/2399/2399 3/3/3
f 3/3/3 2399/2399/2399 88/88/88
f 2384/2384/2384 2390/2390/2390 7/7/7
f 8/8/8 2389/2389/2389 10/10/10
f 17/17/17 2384/2384/2384 7/7/7
f 353/353/353 290/290/290 350/350/350
f 349/349/349 343/343/343 340/340/340
f 290/290/290 344/344/344 350/350/350
f 295/295/295 345/345/345 289/289/289
f 126/126/126 312/312/312 308/308/308
f 312/312/312 126/126/126 123/123/123
f 312/312/312 123/123/123 103/103/103
f 126/126/126 308/308/308 131/131/131
f 131/131/131 308/308/308 145/145/145
f 263/263/263 270/270/270 279/279/279
f 147/147/147 253/253/253 226/226/226
f 238/238/238 182/182/182 239/239/239
f 230/230/230 240/240/240 183/183/183
f 238/238/238 171/171/171 182/182/182
f 147/147/147 226/226/226 168/168/168
f 160/160/160 156/156/156 171/171/171
f 147/147/147 168/168/168 150/150/150
f 152/152/152 134/134/134 136/136/136
f 40/40/40 4/4/4 45/45/45
f 4/4/4 40/40/40 2/2/2
