mtllib 黑色足端.007.mtl
usemtl 黑色足端.007
v -0.007183 -0.018538 -0.010065
v -0.007183 -0.018538 -0.010065
v -0.007183 -0.018538 -0.010065
v -0.007183 -0.018538 -0.010065
v -0.008149 -0.017904 -0.010059
v -0.008149 -0.017904 -0.010059
v -0.008149 -0.017904 -0.010059
v -0.008149 -0.017904 -0.010059
v -0.008149 -0.017904 -0.010059
v -0.008149 -0.017904 -0.010059
v -0.008149 -0.017904 -0.010059
v -0.008149 -0.017904 -0.010059
v -0.008149 -0.017904 -0.010059
v -0.008149 -0.017904 -0.010059
v -0.00702 -0.018528 -0.01026
v -0.00702 -0.018528 -0.01026
v -0.00702 -0.018528 -0.01026
v -0.00702 -0.018528 -0.01026
v -0.00702 -0.018528 -0.01026
v -0.00702 -0.018528 -0.01026
v -0.00236 -0.020141 -0.010156
v -0.00236 -0.020141 -0.010156
v -0.00236 -0.020141 -0.010156
v -0.00236 -0.020141 -0.010156
v -0.00236 -0.020141 -0.010156
v -0.00236 -0.020141 -0.010156
v -0.00154 -0.019741 -0.011371
v -0.00154 -0.019741 -0.011371
v -0.00154 -0.019741 -0.011371
v -0.00154 -0.019741 -0.011371
v -0.00154 -0.019741 -0.011371
v -0.00154 -0.019741 -0.011371
v -0.00154 -0.019741 -0.011371
v -0.001675 -0.020227 -0.010132
v -0.001675 -0.020227 -0.010132
v -0.001675 -0.020227 -0.010132
v -0.001675 -0.020227 -0.010132
v -0.001675 -0.020227 -0.010132
v -0.001675 -0.020227 -0.010132
v -0.001675 -0.020227 -0.010132
v -0.001675 -0.020227 -0.010132
v -0.001675 -0.020227 -0.010132
v -0.001675 -0.020227 -0.010132
v -0.001675 -0.020227 -0.010132
v 0.000722 -0.018434 -0.014997
v 0.000722 -0.018434 -0.014997
v 0.000722 -0.018434 -0.014997
v 0.000722 -0.018434 -0.014997
v 0.000722 -0.018434 -0.014997
v 0.001059 -0.018221 -0.01557
v 0.001059 -0.018221 -0.01557
v 0.001059 -0.018221 -0.01557
v 0.001059 -0.018221 -0.01557
v 0.001059 -0.018221 -0.01557
v 0.001059 -0.018221 -0.01557
v 0.001059 -0.018221 -0.01557
v 0.001059 -0.018221 -0.01557
v 0.0008 -0.019539 -0.012064
v 0.0008 -0.019539 -0.012064
v 0.0008 -0.019539 -0.012064
v 0.0008 -0.019539 -0.012064
v 0.0008 -0.019539 -0.012064
v 0.0008 -0.019539 -0.012064
v 0.0008 -0.019539 -0.012064
v 0.002622 -0.018101 -0.015693
v 0.002622 -0.018101 -0.015693
v 0.002622 -0.018101 -0.015693
v 0.002622 -0.018101 -0.015693
v 0.003042 -0.018042 -0.015729
v 0.003042 -0.018042 -0.015729
v 0.003042 -0.018042 -0.015729
v 0.003042 -0.018042 -0.015729
v 0.003042 -0.018042 -0.015729
v 0.003042 -0.018042 -0.015729
v 0.003042 -0.018042 -0.015729
v 0.003042 -0.018042 -0.015729
v 0.003042 -0.018042 -0.015729
v 0.00167 -0.019041 -0.01328
v 0.00167 -0.019041 -0.01328
v 0.00167 -0.019041 -0.01328
v 0.00167 -0.019041 -0.01328
v 0.00167 -0.019041 -0.01328
v 0.00167 -0.019041 -0.01328
v 0.001525 -0.018202 0.015659
v 0.001525 -0.018202 0.015659
v 0.001525 -0.018202 0.015659
v 0.001525 -0.018202 0.015659
v 0.001525 -0.018202 0.015659
v 0.00106 -0.018221 0.015623
v 0.00106 -0.018221 0.015623
v 0.00106 -0.018221 0.015623
v 0.00106 -0.018221 0.015623
v 0.00106 -0.018221 0.015623
v 0.00106 -0.018221 0.015623
v 0.00106 -0.018221 0.015623
v 0.000799 -0.019533 0.012123
v 0.000799 -0.019533 0.012123
v 0.000799 -0.019533 0.012123
v 0.000799 -0.019533 0.012123
v 0.000799 -0.019533 0.012123
v -0.000657 -0.019256 0.01279
v -0.000657 -0.019256 0.01279
v -0.000657 -0.019256 0.01279
v -0.000657 -0.019256 0.01279
v -0.000657 -0.019256 0.01279
v -0.000657 -0.019256 0.01279
v -0.000657 -0.019256 0.01279
v -0.000657 -0.019256 0.01279
v -0.002361 -0.020136 0.010218
v -0.002361 -0.020136 0.010218
v -0.002361 -0.020136 0.010218
v -0.002361 -0.020136 0.010218
v -0.002361 -0.020136 0.010218
v -0.002573 -0.020186 0.010018
v -0.002573 -0.020186 0.010018
v -0.002573 -0.020186 0.010018
v -0.002573 -0.020186 0.010018
v -0.002573 -0.020186 0.010018
v -0.002573 -0.020186 0.010018
v -0.002573 -0.020186 0.010018
v -0.001677 -0.020223 0.010196
v -0.001677 -0.020223 0.010196
v -0.001677 -0.020223 0.010196
v -0.001677 -0.020223 0.010196
v -0.001677 -0.020223 0.010196
v -0.001677 -0.020223 0.010196
v -0.001677 -0.020223 0.010196
v -0.001677 -0.020223 0.010196
v -0.002844 -0.02017 0.009948
v -0.002844 -0.02017 0.009948
v -0.002844 -0.02017 0.009948
v -0.002844 -0.02017 0.009948
v -0.002844 -0.02017 0.009948
v -0.004013 -0.019928 0.009933
v -0.004013 -0.019928 0.009933
v -0.004013 -0.019928 0.009933
v -0.004013 -0.019928 0.009933
v -0.004013 -0.019928 0.009933
v -0.004013 -0.019928 0.009933
v -0.004013 -0.019928 0.009933
v -0.004267 -0.020461 0.00831
v -0.004267 -0.020461 0.00831
v -0.004267 -0.020461 0.00831
v -0.004267 -0.020461 0.00831
v -0.004267 -0.020461 0.00831
v -0.004267 -0.020461 0.00831
v -0.004267 -0.020461 0.00831
v -0.004267 -0.020461 0.00831
v -0.013603 -0.014981 0.000948
v -0.013603 -0.014981 0.000948
v -0.013603 -0.014981 0.000948
v -0.013603 -0.014981 0.000948
v -0.013603 -0.014981 0.000948
v -0.013603 -0.014981 0.000948
v -0.012677 -0.016125 0.002114
v -0.012677 -0.016125 0.002114
v -0.012677 -0.016125 0.002114
v -0.012677 -0.016125 0.002114
v -0.012677 -0.016125 0.002114
v -0.012677 -0.016125 0.002114
v -0.012677 -0.016125 0.002114
v -0.012677 -0.016125 0.002114
v -0.012924 -0.015719 0.002702
v -0.012924 -0.015719 0.002702
v -0.012924 -0.015719 0.002702
v -0.012924 -0.015719 0.002702
v -0.012924 -0.015719 0.002702
v -0.012924 -0.015719 0.002702
v -0.008917 -0.013412 -0.015244
v -0.008917 -0.013412 -0.015244
v -0.008917 -0.013412 -0.015244
v -0.008917 -0.013412 -0.015244
v -0.008917 -0.013412 -0.015244
v -0.008917 -0.013412 -0.015244
v -0.008917 -0.013412 -0.015244
v -0.010599 -0.013375 -0.012734
v -0.010599 -0.013375 -0.012734
v -0.010599 -0.013375 -0.012734
v -0.010599 -0.013375 -0.012734
v -0.010599 -0.013375 -0.012734
v -0.010105 -0.011832 -0.015243
v -0.010105 -0.011832 -0.015243
v -0.010105 -0.011832 -0.015243
v -0.010105 -0.011832 -0.015243
v -0.010105 -0.011832 -0.015243
v -0.010105 -0.011832 -0.015243
v -0.010105 -0.011832 -0.015243
v -0.012069 -0.013228 -0.010614
v -0.012069 -0.013228 -0.010614
v -0.012069 -0.013228 -0.010614
v -0.012069 -0.013228 -0.010614
v -0.012069 -0.013228 -0.010614
v -0.012069 -0.013228 -0.010614
v -0.012069 -0.013228 -0.010614
v -0.012069 -0.013228 -0.010614
v -0.012069 -0.013228 -0.010614
v -0.011992 -0.011634 -0.012469
v -0.011992 -0.011634 -0.012469
v -0.011992 -0.011634 -0.012469
v -0.011992 -0.011634 -0.012469
v -0.011992 -0.011634 -0.012469
v -0.011992 -0.011634 -0.012469
v -0.011992 -0.011634 -0.012469
v -0.011992 -0.011634 -0.012469
v -0.012877 -0.012536 -0.010058
v -0.012877 -0.012536 -0.010058
v -0.012877 -0.012536 -0.010058
v -0.012877 -0.012536 -0.010058
v -0.012877 -0.012536 -0.010058
v -0.012877 -0.012536 -0.010058
v -0.012877 -0.012536 -0.010058
v -0.012877 -0.012536 -0.010058
v -0.012245 -0.013406 -0.01011
v -0.012245 -0.013406 -0.01011
v -0.012245 -0.013406 -0.01011
v -0.012245 -0.013406 -0.01011
v -0.012245 -0.013406 -0.01011
v -0.012245 -0.013406 -0.01011
v -0.013378 -0.01307 -0.008293
v -0.013378 -0.01307 -0.008293
v -0.013378 -0.01307 -0.008293
v -0.013378 -0.01307 -0.008293
v -0.013378 -0.01307 -0.008293
v -0.013378 -0.01307 -0.008293
v -0.013378 -0.01307 -0.008293
v -0.012243 -0.013444 -0.010066
v -0.012243 -0.013444 -0.010066
v -0.012243 -0.013444 -0.010066
v -0.012243 -0.013444 -0.010066
v -0.012243 -0.013444 -0.010066
v -0.012194 -0.013647 -0.0099
v -0.012194 -0.013647 -0.0099
v -0.012194 -0.013647 -0.0099
v -0.012194 -0.013647 -0.0099
v -0.012073 -0.013868 -0.009832
v -0.012073 -0.013868 -0.009832
v -0.012073 -0.013868 -0.009832
v -0.012073 -0.013868 -0.009832
v -0.012073 -0.013868 -0.009832
v -0.012073 -0.013868 -0.009832
v -0.012119 -0.014837 -0.008291
v -0.012119 -0.014837 -0.008291
v -0.012119 -0.014837 -0.008291
v -0.012119 -0.014837 -0.008291
v -0.012119 -0.014837 -0.008291
v -0.012119 -0.014837 -0.008291
v -0.012119 -0.014837 -0.008291
v -0.010584 -0.016727 -0.008203
v -0.010584 -0.016727 -0.008203
v -0.010584 -0.016727 -0.008203
v -0.010584 -0.016727 -0.008203
v -0.010584 -0.016727 -0.008203
v -0.010584 -0.016727 -0.008203
v -0.010679 -0.016591 -0.008271
v -0.010679 -0.016591 -0.008271
v -0.010679 -0.016591 -0.008271
v -0.010679 -0.016591 -0.008271
v -0.009959 -0.016446 -0.009827
v -0.009959 -0.016446 -0.009827
v -0.009959 -0.016446 -0.009827
v -0.009959 -0.016446 -0.009827
v -0.009959 -0.016446 -0.009827
v -0.009959 -0.016446 -0.009827
v -0.009959 -0.016446 -0.009827
v -0.009959 -0.016446 -0.009827
v -0.009959 -0.016446 -0.009827
v -0.012048 -0.013903 -0.009831
v -0.012048 -0.013903 -0.009831
v -0.012048 -0.013903 -0.009831
v -0.012048 -0.013903 -0.009831
v -0.010756 -0.015561 -0.009828
v -0.010756 -0.015561 -0.009828
v -0.010756 -0.015561 -0.009828
v -0.010756 -0.015561 -0.009828
v -0.010756 -0.015561 -0.009828
v -0.010756 -0.015561 -0.009828
v -0.010766 -0.016487 -0.008287
v -0.010766 -0.016487 -0.008287
v -0.010766 -0.016487 -0.008287
v -0.010766 -0.016487 -0.008287
v -0.010766 -0.016487 -0.008287
v -0.010766 -0.016487 -0.008287
v -0.010739 -0.016517 -0.008285
v -0.010739 -0.016517 -0.008285
v -0.010739 -0.016517 -0.008285
v -0.010739 -0.016517 -0.008285
v -0.010739 -0.016517 -0.008285
v -0.010739 -0.017018 -0.007206
v -0.010739 -0.017018 -0.007206
v -0.010739 -0.017018 -0.007206
v -0.010739 -0.017018 -0.007206
v -0.010739 -0.017018 -0.007206
v -0.010593 -0.017061 -0.007466
v -0.010593 -0.017061 -0.007466
v -0.010593 -0.017061 -0.007466
v -0.010593 -0.017061 -0.007466
v -0.010649 -0.017499 -0.006173
v -0.010649 -0.017499 -0.006173
v -0.010649 -0.017499 -0.006173
v -0.010649 -0.017499 -0.006173
v -0.010649 -0.017499 -0.006173
v -0.010649 -0.017499 -0.006173
v -0.010649 -0.017499 -0.006173
v -0.010649 -0.017499 -0.006173
v -0.010649 -0.017499 -0.006173
v -0.010649 -0.017499 -0.006173
v -0.010499 -0.017047 -0.00772
v -0.010499 -0.017047 -0.00772
v -0.010499 -0.017047 -0.00772
v -0.010499 -0.017047 -0.00772
v -0.010499 -0.017047 -0.00772
v -0.010499 -0.017047 -0.00772
v -0.010499 -0.017047 -0.00772
v -0.010499 -0.017047 -0.00772
v -0.010335 -0.017007 -0.008166
v -0.010335 -0.017007 -0.008166
v -0.010335 -0.017007 -0.008166
v -0.010335 -0.017007 -0.008166
v -0.010335 -0.017007 -0.008166
v -0.010335 -0.017007 -0.008166
v -0.010335 -0.017007 -0.008166
v -0.010335 -0.017007 -0.008166
v -0.010335 -0.017007 -0.008166
v -0.010492 -0.016929 -0.007991
v -0.010492 -0.016929 -0.007991
v -0.010492 -0.016929 -0.007991
v -0.010492 -0.016929 -0.007991
v -0.010492 -0.016929 -0.007991
v -0.011524 -0.016703 -0.005714
v -0.011524 -0.016703 -0.005714
v -0.011524 -0.016703 -0.005714
v -0.011524 -0.016703 -0.005714
v -0.011524 -0.016703 -0.005714
v -0.011524 -0.016703 -0.005714
v -0.011524 -0.016703 -0.005714
v -0.010868 -0.017849 -0.004128
v -0.010868 -0.017849 -0.004128
v -0.010868 -0.017849 -0.004128
v -0.010868 -0.017849 -0.004128
v -0.010868 -0.017849 -0.004128
v -0.012353 -0.016195 -0.003975
v -0.012353 -0.016195 -0.003975
v -0.012353 -0.016195 -0.003975
v -0.012353 -0.016195 -0.003975
v -0.012353 -0.016195 -0.003975
v -0.012353 -0.016195 -0.003975
v -0.013132 -0.015515 -0.002136
v -0.013132 -0.015515 -0.002136
v -0.013132 -0.015515 -0.002136
v -0.013132 -0.015515 -0.002136
v -0.013132 -0.015515 -0.002136
v -0.012678 -0.016125 -0.002059
v -0.012678 -0.016125 -0.002059
v -0.012678 -0.016125 -0.002059
v -0.012678 -0.016125 -0.002059
v -0.012678 -0.016125 -0.002059
v -0.012678 -0.016125 -0.002059
v -0.012678 -0.016125 -0.002059
v -0.012678 -0.016125 -0.002059
v -0.013825 -0.01469 -0.000264
v -0.013825 -0.01469 -0.000264
v -0.013825 -0.01469 -0.000264
v -0.013825 -0.01469 -0.000264
v -0.013825 -0.01469 -0.000264
v -0.013825 -0.01469 -0.000264
v -0.012725 -0.01619 2.8E-05
v -0.012725 -0.01619 2.8E-05
v -0.012725 -0.01619 2.8E-05
v -0.012725 -0.01619 2.8E-05
v -0.012725 -0.01619 2.8E-05
v -0.012725 -0.01619 2.8E-05
v -0.012725 -0.01619 2.8E-05
v -0.012725 -0.01619 2.8E-05
v -0.012725 -0.01619 2.8E-05
v -0.012725 -0.01619 2.8E-05
v -0.012725 -0.01619 2.8E-05
v -0.01384 -0.01467 -0.000216
v -0.01384 -0.01467 -0.000216
v -0.01384 -0.01467 -0.000216
v -0.01384 -0.01467 -0.000216
v -0.01384 -0.01467 -0.000216
v -0.013867 -0.014632 -7E-05
v -0.013867 -0.014632 -7E-05
v -0.013867 -0.014632 -7E-05
v -0.013867 -0.014632 -7E-05
v -0.013825 -0.01469 0.000318
v -0.013825 -0.01469 0.000318
v -0.013825 -0.01469 0.000318
v -0.013825 -0.01469 0.000318
v -0.013825 -0.01469 0.000318
v -0.013871 -0.014626 5.5E-05
v -0.013871 -0.014626 5.5E-05
v -0.013871 -0.014626 5.5E-05
v -0.013871 -0.014626 5.5E-05
v -0.013871 -0.014626 5.5E-05
v -0.013871 -0.014626 5.5E-05
v -0.012188 -0.016311 0.004388
v -0.012188 -0.016311 0.004388
v -0.012188 -0.016311 0.004388
v -0.012188 -0.016311 0.004388
v -0.012188 -0.016311 0.004388
v -0.012188 -0.016311 0.004388
v -0.012188 -0.016311 0.004388
v -0.010336 -0.017007 0.008219
v -0.010336 -0.017007 0.008219
v -0.010336 -0.017007 0.008219
v -0.010336 -0.017007 0.008219
v -0.010336 -0.017007 0.008219
v -0.010336 -0.017007 0.008219
v -0.010336 -0.017007 0.008219
v -0.010336 -0.017007 0.008219
v -0.010336 -0.017007 0.008219
v -0.010336 -0.017007 0.008219
v -0.010489 -0.017041 0.007809
v -0.010489 -0.017041 0.007809
v -0.010489 -0.017041 0.007809
v -0.010489 -0.017041 0.007809
v -0.010489 -0.017041 0.007809
v -0.010489 -0.017041 0.007809
v -0.010649 -0.017499 0.006228
v -0.010649 -0.017499 0.006228
v -0.010649 -0.017499 0.006228
v -0.010649 -0.017499 0.006228
v -0.010649 -0.017499 0.006228
v -0.010649 -0.017499 0.006228
v -0.010649 -0.017499 0.006228
v -0.010649 -0.017499 0.006228
v -0.010649 -0.017499 0.006228
v -0.010533 -0.017068 0.007646
v -0.010533 -0.017068 0.007646
v -0.010533 -0.017068 0.007646
v -0.010533 -0.017068 0.007646
v -0.010569 -0.017067 0.007565
v -0.010569 -0.017067 0.007565
v -0.010569 -0.017067 0.007565
v -0.010569 -0.017067 0.007565
v -0.010569 -0.017067 0.007565
v -0.010593 -0.017061 0.007519
v -0.010593 -0.017061 0.007519
v -0.010593 -0.017061 0.007519
v -0.010593 -0.017061 0.007519
v -0.011418 -0.016754 0.005978
v -0.011418 -0.016754 0.005978
v -0.011418 -0.016754 0.005978
v -0.011418 -0.016754 0.005978
v -0.011418 -0.016754 0.005978
v -0.011418 -0.016754 0.005978
v -0.010867 -0.017848 0.004182
v -0.010867 -0.017848 0.004182
v -0.010867 -0.017848 0.004182
v -0.010867 -0.017848 0.004182
v -0.010867 -0.017848 0.004182
v -0.010867 -0.017848 0.004182
v -0.011809 -0.016549 0.005189
v -0.011809 -0.016549 0.005189
v -0.011809 -0.016549 0.005189
v -0.011809 -0.016549 0.005189
v -0.01212 -0.014838 0.008343
v -0.01212 -0.014838 0.008343
v -0.01212 -0.014838 0.008343
v -0.01212 -0.014838 0.008343
v -0.01212 -0.014838 0.008343
v -0.01212 -0.014838 0.008343
v -0.01212 -0.014838 0.008343
v -0.010767 -0.016488 0.008339
v -0.010767 -0.016488 0.008339
v -0.010767 -0.016488 0.008339
v -0.010767 -0.016488 0.008339
v -0.009958 -0.016443 0.009889
v -0.009958 -0.016443 0.009889
v -0.009958 -0.016443 0.009889
v -0.009958 -0.016443 0.009889
v -0.009958 -0.016443 0.009889
v -0.009958 -0.016443 0.009889
v -0.009958 -0.016443 0.009889
v -0.010596 -0.016707 0.008274
v -0.010596 -0.016707 0.008274
v -0.010596 -0.016707 0.008274
v -0.010596 -0.016707 0.008274
v -0.010596 -0.016707 0.008274
v -0.010596 -0.016707 0.008274
v -0.010596 -0.016707 0.008274
v -0.010596 -0.016707 0.008274
v -0.010503 -0.016893 0.008095
v -0.010503 -0.016893 0.008095
v -0.010503 -0.016893 0.008095
v -0.010503 -0.016893 0.008095
v -0.010503 -0.016893 0.008095
v -0.010754 -0.015559 0.00989
v -0.010754 -0.015559 0.00989
v -0.010754 -0.015559 0.00989
v -0.010754 -0.015559 0.00989
v -0.010754 -0.015559 0.00989
v -0.010754 -0.015559 0.00989
v -0.012046 -0.013902 0.009893
v -0.012046 -0.013902 0.009893
v -0.012046 -0.013902 0.009893
v -0.012046 -0.013902 0.009893
v -0.012046 -0.013902 0.009893
v -0.012046 -0.013902 0.009893
v -0.013379 -0.013071 0.008345
v -0.013379 -0.013071 0.008345
v -0.013379 -0.013071 0.008345
v -0.013379 -0.013071 0.008345
v -0.013379 -0.013071 0.008345
v -0.013379 -0.013071 0.008345
v -0.013379 -0.013071 0.008345
v -0.013379 -0.013071 0.008345
v -0.012138 -0.013757 0.009914
v -0.012138 -0.013757 0.009914
v -0.012138 -0.013757 0.009914
v -0.012138 -0.013757 0.009914
v -0.012138 -0.013757 0.009914
v -0.012185 -0.013661 0.009954
v -0.012185 -0.013661 0.009954
v -0.012185 -0.013661 0.009954
v -0.012185 -0.013661 0.009954
v -0.012185 -0.013661 0.009954
v -0.012185 -0.013661 0.009954
v -0.012872 -0.012532 0.010123
v -0.012872 -0.012532 0.010123
v -0.012872 -0.012532 0.010123
v -0.012872 -0.012532 0.010123
v -0.012872 -0.012532 0.010123
v -0.012872 -0.012532 0.010123
v -0.012872 -0.012532 0.010123
v -0.012872 -0.012532 0.010123
v -0.011987 -0.01163 0.012526
v -0.011987 -0.01163 0.012526
v -0.011987 -0.01163 0.012526
v -0.011987 -0.01163 0.012526
v -0.011987 -0.01163 0.012526
v -0.011987 -0.01163 0.012526
v -0.012055 -0.013227 0.010677
v -0.012055 -0.013227 0.010677
v -0.012055 -0.013227 0.010677
v -0.012055 -0.013227 0.010677
v -0.012055 -0.013227 0.010677
v -0.011875 -0.011646 0.012689
v -0.011875 -0.011646 0.012689
v -0.011875 -0.011646 0.012689
v -0.011875 -0.011646 0.012689
v -0.011875 -0.011646 0.012689
v -0.011875 -0.011646 0.012689
v -0.011875 -0.011646 0.012689
v -0.010393 -0.013384 0.013087
v -0.010393 -0.013384 0.013087
v -0.010393 -0.013384 0.013087
v -0.010393 -0.013384 0.013087
v -0.010393 -0.013384 0.013087
v -0.010393 -0.013384 0.013087
v -0.010393 -0.013384 0.013087
v -0.010393 -0.013384 0.013087
v -0.010105 -0.011833 0.015296
v -0.010105 -0.011833 0.015296
v -0.010105 -0.011833 0.015296
v -0.010105 -0.011833 0.015296
v -0.010105 -0.011833 0.015296
v -0.010105 -0.011833 0.015296
v -0.010105 -0.011833 0.015296
v -0.010105 -0.011833 0.015296
v -0.008917 -0.013413 0.015296
v -0.008917 -0.013413 0.015296
v -0.008917 -0.013413 0.015296
v -0.008917 -0.013413 0.015296
v -0.008917 -0.013413 0.015296
v -0.008917 -0.013413 0.015296
v -0.012238 -0.013444 0.010127
v -0.012238 -0.013444 0.010127
v -0.012238 -0.013444 0.010127
v -0.012238 -0.013444 0.010127
v -0.012238 -0.013444 0.010127
v -0.012238 -0.013444 0.010127
v -0.012202 -0.013262 0.0104
v -0.012202 -0.013262 0.0104
v -0.012202 -0.013262 0.0104
v -0.012202 -0.013262 0.0104
v -0.012202 -0.013262 0.0104
v -0.012202 -0.013262 0.0104
v -0.012762 -0.01242 0.010436
v -0.012762 -0.01242 0.010436
v -0.012762 -0.01242 0.010436
v -0.012762 -0.01242 0.010436
v -0.012762 -0.01242 0.010436
v -0.012762 -0.01242 0.010436
v -0.012762 -0.01242 0.010436
v -0.012762 -0.01242 0.010436
v -0.012138 -0.013221 0.010551
v -0.012138 -0.013221 0.010551
v -0.012138 -0.013221 0.010551
v -0.012138 -0.013221 0.010551
v -0.012138 -0.013221 0.010551
v -0.012085 -0.013217 0.010641
v -0.012085 -0.013217 0.010641
v -0.012085 -0.013217 0.010641
v -0.012085 -0.013217 0.010641
v -0.012085 -0.013217 0.010641
v -0.008146 -0.017898 0.010124
v -0.008146 -0.017898 0.010124
v -0.008146 -0.017898 0.010124
v -0.008146 -0.017898 0.010124
v -0.008146 -0.017898 0.010124
v -0.008146 -0.017898 0.010124
v -0.008146 -0.017898 0.010124
v -0.008146 -0.017898 0.010124
v -0.008146 -0.017898 0.010124
v -0.008146 -0.017898 0.010124
v -0.008146 -0.017898 0.010124
v -0.008146 -0.017898 0.010124
v -0.008146 -0.017898 0.010124
v -0.009102 -0.017211 0.009978
v -0.009102 -0.017211 0.009978
v -0.009102 -0.017211 0.009978
v -0.009102 -0.017211 0.009978
v -0.009102 -0.017211 0.009978
v -0.009102 -0.017211 0.009978
v -0.009102 -0.017211 0.009978
v -0.009102 -0.017211 0.009978
v -0.008531 -0.018574 0.00822
v -0.008531 -0.018574 0.00822
v -0.008531 -0.018574 0.00822
v -0.008531 -0.018574 0.00822
v -0.008531 -0.018574 0.00822
v -0.008531 -0.018574 0.00822
v -0.009262 -0.017116 0.009899
v -0.009262 -0.017116 0.009899
v -0.009262 -0.017116 0.009899
v -0.009262 -0.017116 0.009899
v -0.009262 -0.017116 0.009899
v -0.009262 -0.017116 0.009899
v -0.009341 -0.01705 0.009889
v -0.009341 -0.01705 0.009889
v -0.009341 -0.01705 0.009889
v -0.009341 -0.01705 0.009889
v -0.007175 -0.017006 0.012662
v -0.007175 -0.017006 0.012662
v -0.007175 -0.017006 0.012662
v -0.007175 -0.017006 0.012662
v -0.007175 -0.017006 0.012662
v -0.007175 -0.017006 0.012662
v -0.007175 -0.017006 0.012662
v -0.007175 -0.017006 0.012662
v -0.007175 -0.017006 0.012662
v -0.008519 -0.017212 0.010745
v -0.008519 -0.017212 0.010745
v -0.008519 -0.017212 0.010745
v -0.008519 -0.017212 0.010745
v -0.008519 -0.017212 0.010745
v -0.008519 -0.017212 0.010745
v -0.008519 -0.017212 0.010745
v -0.008934 -0.017247 0.010152
v -0.008934 -0.017247 0.010152
v -0.008934 -0.017247 0.010152
v -0.008934 -0.017247 0.010152
v -0.008934 -0.017247 0.010152
v -0.006858 -0.01881 0.009953
v -0.006858 -0.01881 0.009953
v -0.006858 -0.01881 0.009953
v -0.006858 -0.01881 0.009953
v -0.006858 -0.01881 0.009953
v -0.006858 -0.01881 0.009953
v -0.00697 -0.018679 0.010083
v -0.00697 -0.018679 0.010083
v -0.00697 -0.018679 0.010083
v -0.00697 -0.018679 0.010083
v -0.00697 -0.018679 0.010083
v -0.007181 -0.018532 0.01013
v -0.007181 -0.018532 0.01013
v -0.007181 -0.018532 0.01013
v -0.007181 -0.018532 0.01013
v -0.007181 -0.018532 0.01013
v -0.007181 -0.018532 0.01013
v -0.007013 -0.018576 0.010229
v -0.007013 -0.018576 0.010229
v -0.007013 -0.018576 0.010229
v -0.007013 -0.018576 0.010229
v -0.007013 -0.018576 0.010229
v -0.007016 -0.018506 0.010351
v -0.007016 -0.018506 0.010351
v -0.007016 -0.018506 0.010351
v -0.007016 -0.018506 0.010351
v -0.007016 -0.018506 0.010351
v -0.006999 -0.018461 0.010449
v -0.006999 -0.018461 0.010449
v -0.006999 -0.018461 0.010449
v -0.006999 -0.018461 0.010449
v -0.006934 -0.018409 0.010606
v -0.006934 -0.018409 0.010606
v -0.006934 -0.018409 0.010606
v -0.006934 -0.018409 0.010606
v -0.006934 -0.018409 0.010606
v -0.006934 -0.018409 0.010606
v -0.00688 -0.018392 0.010689
v -0.00688 -0.018392 0.010689
v -0.00688 -0.018392 0.010689
v -0.00688 -0.018392 0.010689
v -0.005684 -0.018078 0.012381
v -0.005684 -0.018078 0.012381
v -0.005684 -0.018078 0.012381
v -0.005684 -0.018078 0.012381
v -0.005684 -0.018078 0.012381
v -0.005684 -0.018078 0.012381
v -0.005684 -0.018078 0.012381
v -0.005363 -0.016577 0.015345
v -0.005363 -0.016577 0.015345
v -0.005363 -0.016577 0.015345
v -0.005363 -0.016577 0.015345
v -0.005363 -0.016577 0.015345
v -0.005363 -0.016577 0.015345
v -0.005363 -0.016577 0.015345
v -0.005363 -0.016577 0.015345
v -0.004906 -0.01683 0.015363
v -0.004906 -0.01683 0.015363
v -0.004906 -0.01683 0.015363
v -0.004906 -0.01683 0.015363
v -0.004906 -0.01683 0.015363
v -0.005163 -0.017921 0.013138
v -0.005163 -0.017921 0.013138
v -0.005163 -0.017921 0.013138
v -0.005163 -0.017921 0.013138
v -0.005163 -0.017921 0.013138
v -0.005163 -0.017921 0.013138
v -0.003656 -0.017398 0.015412
v -0.003656 -0.017398 0.015412
v -0.003656 -0.017398 0.015412
v -0.003656 -0.017398 0.015412
v -0.003656 -0.017398 0.015412
v -0.003656 -0.017398 0.015412
v -0.006785 -0.018865 0.00992
v -0.006785 -0.018865 0.00992
v -0.006785 -0.018865 0.00992
v -0.006785 -0.018865 0.00992
v -0.006785 -0.018865 0.00992
v -0.008231 -0.018731 0.008339
v -0.008231 -0.018731 0.008339
v -0.008231 -0.018731 0.008339
v -0.008231 -0.018731 0.008339
v -0.008231 -0.018731 0.008339
v -0.008231 -0.018731 0.008339
v -0.008231 -0.018731 0.008339
v -0.008231 -0.018731 0.008339
v -0.006658 -0.01894 0.009904
v -0.006658 -0.01894 0.009904
v -0.006658 -0.01894 0.009904
v -0.006658 -0.01894 0.009904
v -0.006658 -0.01894 0.009904
v -0.006658 -0.01894 0.009904
v -0.006444 -0.01971 0.00835
v -0.006444 -0.01971 0.00835
v -0.006444 -0.01971 0.00835
v -0.006444 -0.01971 0.00835
v -0.006444 -0.01971 0.00835
v -0.006444 -0.01971 0.00835
v -0.004806 -0.019701 0.009924
v -0.004806 -0.019701 0.009924
v -0.004806 -0.019701 0.009924
v -0.004806 -0.019701 0.009924
v -0.004806 -0.019701 0.009924
v -0.004806 -0.019701 0.009924
v -0.00451 -0.020381 0.008367
v -0.00451 -0.020381 0.008367
v -0.00451 -0.020381 0.008367
v -0.00451 -0.020381 0.008367
v -0.00451 -0.020381 0.008367
v -0.001849 -0.020843 0.008273
v -0.001849 -0.020843 0.008273
v -0.001849 -0.020843 0.008273
v -0.001849 -0.020843 0.008273
v -0.001849 -0.020843 0.008273
v -0.001849 -0.020843 0.008273
v -0.001849 -0.020843 0.008273
v -0.001849 -0.020843 0.008273
v -0.001849 -0.020843 0.008273
v -0.001849 -0.020843 0.008273
v -0.001849 -0.020843 0.008273
v -0.001849 -0.020843 0.008273
v -0.001849 -0.020843 0.008273
v -0.001849 -0.020843 0.008273
v -0.002673 -0.020187 0.009975
v -0.002673 -0.020187 0.009975
v -0.002673 -0.020187 0.009975
v -0.002673 -0.020187 0.009975
v -0.002799 -0.020177 0.00995
v -0.002799 -0.020177 0.00995
v -0.002799 -0.020177 0.00995
v -0.002799 -0.020177 0.00995
v -0.002799 -0.020177 0.00995
v 0.003048 -0.018042 0.015779
v 0.003048 -0.018042 0.015779
v 0.003048 -0.018042 0.015779
v 0.003048 -0.018042 0.015779
v 0.003048 -0.018042 0.015779
v 0.003048 -0.018042 0.015779
v 0.003048 -0.018042 0.015779
v 0.003048 -0.018042 0.015779
v 0.001402 -0.019218 0.012892
v 0.001402 -0.019218 0.012892
v 0.001402 -0.019218 0.012892
v 0.001402 -0.019218 0.012892
v 0.001402 -0.019218 0.012892
v 0.001402 -0.019218 0.012892
v 0.001402 -0.019218 0.012892
v 0.001402 -0.019218 0.012892
v 0.001402 -0.019218 0.012892
v -0.000149 -0.020199 0.010415
v -0.000149 -0.020199 0.010415
v -0.000149 -0.020199 0.010415
v -0.000149 -0.020199 0.010415
v -0.000149 -0.020199 0.010415
v -0.000149 -0.020199 0.010415
v -0.000149 -0.020199 0.010415
v -0.002159 -0.020042 0.010514
v -0.002159 -0.020042 0.010514
v -0.002159 -0.020042 0.010514
v -0.002159 -0.020042 0.010514
v -0.002159 -0.020042 0.010514
v -0.002159 -0.020042 0.010514
v -0.004036 -0.020639 0.0079
v -0.004036 -0.020639 0.0079
v -0.004036 -0.020639 0.0079
v -0.004036 -0.020639 0.0079
v -0.004036 -0.020644 0.007884
v -0.004036 -0.020644 0.007884
v -0.004036 -0.020644 0.007884
v -0.004036 -0.020644 0.007884
v -0.004036 -0.020644 0.007884
v -0.004192 -0.020497 0.008253
v -0.004192 -0.020497 0.008253
v -0.004192 -0.020497 0.008253
v -0.004192 -0.020497 0.008253
v -0.004118 -0.020544 0.008158
v -0.004118 -0.020544 0.008158
v -0.004118 -0.020544 0.008158
v -0.004118 -0.020544 0.008158
v -0.004118 -0.020544 0.008158
v -0.004086 -0.02057 0.008097
v -0.004086 -0.02057 0.008097
v -0.004086 -0.02057 0.008097
v -0.004086 -0.02057 0.008097
v -0.004086 -0.02057 0.008097
v -0.004078 -0.020578 0.008077
v -0.004078 -0.020578 0.008077
v -0.004078 -0.020578 0.008077
v -0.004078 -0.020578 0.008077
v -0.004078 -0.020578 0.008077
v -0.002315 -0.021125 0.007032
v -0.002315 -0.021125 0.007032
v -0.002315 -0.021125 0.007032
v -0.002315 -0.021125 0.007032
v -0.002315 -0.021125 0.007032
v -0.002315 -0.021125 0.007032
v -0.002315 -0.021125 0.007032
v -0.002315 -0.021125 0.007032
v -0.001231 -0.020737 0.008753
v -0.001231 -0.020737 0.008753
v -0.001231 -0.020737 0.008753
v -0.001231 -0.020737 0.008753
v -0.001231 -0.020737 0.008753
v -0.000365 -0.02032 0.010084
v -0.000365 -0.02032 0.010084
v -0.000365 -0.02032 0.010084
v -0.000365 -0.02032 0.010084
v -0.000365 -0.02032 0.010084
v -0.00409 -0.020704 0.007635
v -0.00409 -0.020704 0.007635
v -0.00409 -0.020704 0.007635
v -0.00409 -0.020704 0.007635
v -0.00409 -0.020704 0.007635
v -0.00409 -0.020704 0.007635
v -0.004138 -0.020718 0.007546
v -0.004138 -0.020718 0.007546
v -0.004138 -0.020718 0.007546
v -0.004138 -0.020718 0.007546
v -0.004138 -0.020718 0.007546
v -0.004138 -0.020718 0.007546
v -0.002788 -0.021249 0.006259
v -0.002788 -0.021249 0.006259
v -0.002788 -0.021249 0.006259
v -0.002788 -0.021249 0.006259
v -0.002788 -0.021249 0.006259
v -0.004393 -0.020985 0.006248
v -0.004393 -0.020985 0.006248
v -0.004393 -0.020985 0.006248
v -0.004393 -0.020985 0.006248
v -0.004393 -0.020985 0.006248
v -0.003364 -0.021361 0.005305
v -0.003364 -0.021361 0.005305
v -0.003364 -0.021361 0.005305
v -0.003364 -0.021361 0.005305
v -0.003364 -0.021361 0.005305
v -0.003364 -0.021361 0.005305
v -0.004507 -0.021338 0.004195
v -0.004507 -0.021338 0.004195
v -0.004507 -0.021338 0.004195
v -0.004507 -0.021338 0.004195
v -0.004507 -0.021338 0.004195
v -0.004507 -0.021338 0.004195
v -0.004507 -0.021338 0.004195
v -0.004507 -0.021338 0.004195
v -0.004364 -0.021447 0.003613
v -0.004364 -0.021447 0.003613
v -0.004364 -0.021447 0.003613
v -0.004364 -0.021447 0.003613
v -0.004364 -0.021447 0.003613
v -0.004869 -0.021434 0.002738
v -0.004869 -0.021434 0.002738
v -0.004869 -0.021434 0.002738
v -0.004869 -0.021434 0.002738
v -0.006973 -0.020901 2.8E-05
v -0.006973 -0.020901 2.8E-05
v -0.006973 -0.020901 2.8E-05
v -0.006973 -0.020901 2.8E-05
v -0.006973 -0.020901 2.8E-05
v -0.006973 -0.020901 2.8E-05
v -0.006973 -0.020901 2.8E-05
v -0.006973 -0.020901 2.8E-05
v -0.006973 -0.020901 2.8E-05
v -0.006973 -0.020901 2.8E-05
v -0.006973 -0.020901 2.8E-05
v -0.006262 -0.021168 9.2E-05
v -0.006262 -0.021168 9.2E-05
v -0.006262 -0.021168 9.2E-05
v -0.006262 -0.021168 9.2E-05
v -0.006218 -0.021182 0.00027
v -0.006218 -0.021182 0.00027
v -0.006218 -0.021182 0.00027
v -0.006218 -0.021182 0.00027
v -0.006218 -0.021182 0.00027
v -0.006942 -0.020828 0.002113
v -0.006942 -0.020828 0.002113
v -0.006942 -0.020828 0.002113
v -0.006942 -0.020828 0.002113
v -0.006942 -0.020828 0.002113
v -0.006942 -0.020828 0.002113
v -0.006199 -0.021188 0.000318
v -0.006199 -0.021188 0.000318
v -0.006199 -0.021188 0.000318
v -0.006199 -0.021188 0.000318
v -0.006199 -0.021188 0.000318
v -0.006199 -0.021188 0.000318
v -0.005306 -0.021389 0.001962
v -0.005306 -0.021389 0.001962
v -0.005306 -0.021389 0.001962
v -0.005306 -0.021389 0.001962
v -0.005306 -0.021389 0.001962
v -0.005306 -0.021389 0.001962
v -0.005306 -0.021389 0.001962
v -0.005809 -0.021296 -0.000983
v -0.005809 -0.021296 -0.000983
v -0.005809 -0.021296 -0.000983
v -0.005809 -0.021296 -0.000983
v -0.006943 -0.020828 -0.002058
v -0.006943 -0.020828 -0.002058
v -0.006943 -0.020828 -0.002058
v -0.006943 -0.020828 -0.002058
v -0.006943 -0.020828 -0.002058
v -0.006943 -0.020828 -0.002058
v -0.006943 -0.020828 -0.002058
v -0.006943 -0.020828 -0.002058
v -0.006943 -0.020828 -0.002058
v -0.006943 -0.020828 -0.002058
v -0.006943 -0.020828 -0.002058
v -0.005687 -0.021323 -0.001207
v -0.005687 -0.021323 -0.001207
v -0.005687 -0.021323 -0.001207
v -0.005687 -0.021323 -0.001207
v -0.005687 -0.021323 -0.001207
v -0.005442 -0.021369 -0.001655
v -0.005442 -0.021369 -0.001655
v -0.005442 -0.021369 -0.001655
v -0.005442 -0.021369 -0.001655
v -0.00593 -0.021266 -0.000759
v -0.00593 -0.021266 -0.000759
v -0.00593 -0.021266 -0.000759
v -0.00593 -0.021266 -0.000759
v -0.006199 -0.021188 -0.000264
v -0.006199 -0.021188 -0.000264
v -0.006199 -0.021188 -0.000264
v -0.006199 -0.021188 -0.000264
v -0.006199 -0.021188 -0.000264
v -0.006199 -0.021188 -0.000264
v -0.006199 -0.021188 -0.000264
v -0.006255 -0.02117 -9E-05
v -0.006255 -0.02117 -9E-05
v -0.006255 -0.02117 -9E-05
v -0.006255 -0.02117 -9E-05
v -0.006255 -0.02117 -9E-05
v -0.004562 -0.021447 -0.003217
v -0.004562 -0.021447 -0.003217
v -0.004562 -0.021447 -0.003217
v -0.004562 -0.021447 -0.003217
v -0.004562 -0.021447 -0.003217
v -0.004816 -0.021438 -0.002772
v -0.004816 -0.021438 -0.002772
v -0.004816 -0.021438 -0.002772
v -0.004816 -0.021438 -0.002772
v -0.004816 -0.021438 -0.002772
v -0.006563 -0.020831 -0.003432
v -0.006563 -0.020831 -0.003432
v -0.006563 -0.020831 -0.003432
v -0.006563 -0.020831 -0.003432
v -0.006563 -0.020831 -0.003432
v -0.006563 -0.020831 -0.003432
v -0.006563 -0.020831 -0.003432
v -0.006563 -0.020831 -0.003432
v -0.006563 -0.020831 -0.003432
v -0.006563 -0.020831 -0.003432
v -0.004943 -0.021429 -0.002549
v -0.004943 -0.021429 -0.002549
v -0.004943 -0.021429 -0.002549
v -0.004943 -0.021429 -0.002549
v -0.005068 -0.021418 -0.002326
v -0.005068 -0.021418 -0.002326
v -0.005068 -0.021418 -0.002326
v -0.005068 -0.021418 -0.002326
v -0.005068 -0.021418 -0.002326
v -0.005318 -0.021388 -0.001879
v -0.005318 -0.021388 -0.001879
v -0.005318 -0.021388 -0.001879
v -0.005318 -0.021388 -0.001879
v -0.004508 -0.021339 -0.00414
v -0.004508 -0.021339 -0.00414
v -0.004508 -0.021339 -0.00414
v -0.004508 -0.021339 -0.00414
v -0.004508 -0.021339 -0.00414
v -0.004508 -0.021339 -0.00414
v -0.004508 -0.021339 -0.00414
v -0.004508 -0.021339 -0.00414
v -0.004434 -0.021448 -0.003439
v -0.004434 -0.021448 -0.003439
v -0.004434 -0.021448 -0.003439
v -0.004434 -0.021448 -0.003439
v -0.004305 -0.021446 -0.003661
v -0.004305 -0.021446 -0.003661
v -0.004305 -0.021446 -0.003661
v -0.004305 -0.021446 -0.003661
v -0.004305 -0.021446 -0.003661
v -0.002994 -0.021295 -0.005859
v -0.002994 -0.021295 -0.005859
v -0.002994 -0.021295 -0.005859
v -0.002994 -0.021295 -0.005859
v -0.002994 -0.021295 -0.005859
v -0.003127 -0.021321 -0.005641
v -0.003127 -0.021321 -0.005641
v -0.003127 -0.021321 -0.005641
v -0.003127 -0.021321 -0.005641
v -0.004393 -0.020986 -0.006193
v -0.004393 -0.020986 -0.006193
v -0.004393 -0.020986 -0.006193
v -0.004393 -0.020986 -0.006193
v -0.004393 -0.020986 -0.006193
v -0.004393 -0.020986 -0.006193
v -0.004393 -0.020986 -0.006193
v -0.004393 -0.020986 -0.006193
v -0.004393 -0.020986 -0.006193
v -0.004393 -0.020986 -0.006193
v -0.004393 -0.020986 -0.006193
v -0.004393 -0.020986 -0.006193
v -0.003392 -0.021365 -0.005204
v -0.003392 -0.021365 -0.005204
v -0.003392 -0.021365 -0.005204
v -0.003392 -0.021365 -0.005204
v -0.003523 -0.021384 -0.004985
v -0.003523 -0.021384 -0.004985
v -0.003523 -0.021384 -0.004985
v -0.003523 -0.021384 -0.004985
v -0.003655 -0.0214 -0.004765
v -0.003655 -0.0214 -0.004765
v -0.003655 -0.0214 -0.004765
v -0.003655 -0.0214 -0.004765
v -0.003655 -0.0214 -0.004765
v -0.003916 -0.021426 -0.004325
v -0.003916 -0.021426 -0.004325
v -0.003916 -0.021426 -0.004325
v -0.003916 -0.021426 -0.004325
v -0.003916 -0.021426 -0.004325
v -0.004046 -0.021435 -0.004104
v -0.004046 -0.021435 -0.004104
v -0.004046 -0.021435 -0.004104
v -0.004046 -0.021435 -0.004104
v -0.002057 -0.021052 -0.00737
v -0.002057 -0.021052 -0.00737
v -0.002057 -0.021052 -0.00737
v -0.002057 -0.021052 -0.00737
v -0.002057 -0.021052 -0.00737
v -0.002192 -0.021093 -0.007156
v -0.002192 -0.021093 -0.007156
v -0.002192 -0.021093 -0.007156
v -0.002192 -0.021093 -0.007156
v -0.004038 -0.020663 -0.007764
v -0.004038 -0.020663 -0.007764
v -0.004038 -0.020663 -0.007764
v -0.004038 -0.020663 -0.007764
v -0.004038 -0.020663 -0.007764
v -0.004038 -0.020663 -0.007764
v -0.004038 -0.020663 -0.007764
v -0.004038 -0.020663 -0.007764
v -0.004038 -0.020663 -0.007764
v -0.004038 -0.020663 -0.007764
v -0.004038 -0.020663 -0.007764
v -0.00246 -0.02117 -0.006725
v -0.00246 -0.02117 -0.006725
v -0.00246 -0.02117 -0.006725
v -0.00246 -0.02117 -0.006725
v -0.00246 -0.02117 -0.006725
v -0.004138 -0.020718 -0.007493
v -0.004138 -0.020718 -0.007493
v -0.004138 -0.020718 -0.007493
v -0.004138 -0.020718 -0.007493
v -0.004138 -0.020718 -0.007493
v -0.004138 -0.020718 -0.007493
v -0.002594 -0.021205 -0.006509
v -0.002594 -0.021205 -0.006509
v -0.002594 -0.021205 -0.006509
v -0.002594 -0.021205 -0.006509
v -0.002594 -0.021205 -0.006509
v -0.002727 -0.021237 -0.006293
v -0.002727 -0.021237 -0.006293
v -0.002727 -0.021237 -0.006293
v -0.002727 -0.021237 -0.006293
v -0.001789 -0.020961 -0.007798
v -0.001789 -0.020961 -0.007798
v -0.001789 -0.020961 -0.007798
v -0.001789 -0.020961 -0.007798
v -0.001789 -0.020961 -0.007798
v -0.00185 -0.020843 -0.00822
v -0.00185 -0.020843 -0.00822
v -0.00185 -0.020843 -0.00822
v -0.00185 -0.020843 -0.00822
v -0.00185 -0.020843 -0.00822
v -0.00185 -0.020843 -0.00822
v -0.00185 -0.020843 -0.00822
v -0.00185 -0.020843 -0.00822
v -0.00185 -0.020843 -0.00822
v -0.00185 -0.020843 -0.00822
v -0.00185 -0.020843 -0.00822
v -0.001654 -0.020912 -0.008011
v -0.001654 -0.020912 -0.008011
v -0.001654 -0.020912 -0.008011
v -0.001654 -0.020912 -0.008011
v -0.000983 -0.020632 -0.009066
v -0.000983 -0.020632 -0.009066
v -0.000983 -0.020632 -0.009066
v -0.000983 -0.020632 -0.009066
v -0.000715 -0.020503 -0.009484
v -0.000715 -0.020503 -0.009484
v -0.000715 -0.020503 -0.009484
v -0.000715 -0.020503 -0.009484
v -0.000448 -0.020365 -0.0099
v -0.000448 -0.020365 -0.0099
v -0.000448 -0.020365 -0.0099
v -0.000448 -0.020365 -0.0099
v -0.000448 -0.020365 -0.0099
v -0.001117 -0.020693 -0.008856
v -0.001117 -0.020693 -0.008856
v -0.001117 -0.020693 -0.008856
v -0.001117 -0.020693 -0.008856
v -0.001251 -0.020752 -0.008646
v -0.001251 -0.020752 -0.008646
v -0.001251 -0.020752 -0.008646
v -0.001251 -0.020752 -0.008646
v -0.001251 -0.020752 -0.008646
v -0.00152 -0.020861 -0.008223
v -0.00152 -0.020861 -0.008223
v -0.00152 -0.020861 -0.008223
v -0.00152 -0.020861 -0.008223
v -0.00152 -0.020861 -0.008223
v 0.001117 -0.019409 -0.012371
v 0.001117 -0.019409 -0.012371
v 0.001117 -0.019409 -0.012371
v 0.001117 -0.019409 -0.012371
v 0.001117 -0.019409 -0.012371
v 0.001117 -0.019409 -0.012371
v 0.0009 -0.019551 -0.01202
v 0.0009 -0.019551 -0.01202
v 0.0009 -0.019551 -0.01202
v 0.0009 -0.019551 -0.01202
v 8.1E-05 -0.020064 -0.010725
v 8.1E-05 -0.020064 -0.010725
v 8.1E-05 -0.020064 -0.010725
v 8.1E-05 -0.020064 -0.010725
v 8.1E-05 -0.020064 -0.010725
v 8.1E-05 -0.020064 -0.010725
v 8.1E-05 -0.020064 -0.010725
v -0.001005 -0.019453 -0.012189
v -0.001005 -0.019453 -0.012189
v -0.001005 -0.019453 -0.012189
v -0.001005 -0.019453 -0.012189
v -0.001005 -0.019453 -0.012189
v -0.001005 -0.019453 -0.012189
v -0.004195 -0.020495 -0.008203
v -0.004195 -0.020495 -0.008203
v -0.004195 -0.020495 -0.008203
v -0.004195 -0.020495 -0.008203
v -0.004195 -0.020495 -0.008203
v -0.004195 -0.020495 -0.008203
v -0.004228 -0.020478 -0.008231
v -0.004228 -0.020478 -0.008231
v -0.004228 -0.020478 -0.008231
v -0.004228 -0.020478 -0.008231
v -0.004012 -0.019931 -0.009872
v -0.004012 -0.019931 -0.009872
v -0.004012 -0.019931 -0.009872
v -0.004012 -0.019931 -0.009872
v -0.004012 -0.019931 -0.009872
v -0.004012 -0.019931 -0.009872
v -0.004012 -0.019931 -0.009872
v -0.004012 -0.019931 -0.009872
v -0.004074 -0.020581 -0.008015
v -0.004074 -0.020581 -0.008015
v -0.004074 -0.020581 -0.008015
v -0.004074 -0.020581 -0.008015
v -0.004074 -0.020581 -0.008015
v -0.002843 -0.020172 -0.009888
v -0.002843 -0.020172 -0.009888
v -0.002843 -0.020172 -0.009888
v -0.002843 -0.020172 -0.009888
v -0.002843 -0.020172 -0.009888
v -0.002607 -0.020188 -0.009944
v -0.002607 -0.020188 -0.009944
v -0.002607 -0.020188 -0.009944
v -0.002607 -0.020188 -0.009944
v -0.002607 -0.020188 -0.009944
v -0.002607 -0.020188 -0.009944
v -0.0025 -0.020178 -0.010009
v -0.0025 -0.020178 -0.010009
v -0.0025 -0.020178 -0.010009
v -0.0025 -0.020178 -0.010009
v -0.0025 -0.020178 -0.010009
v -0.002387 -0.020151 -0.010119
v -0.002387 -0.020151 -0.010119
v -0.002387 -0.020151 -0.010119
v -0.002387 -0.020151 -0.010119
v -0.002387 -0.020151 -0.010119
v -0.006444 -0.019709 -0.008298
v -0.006444 -0.019709 -0.008298
v -0.006444 -0.019709 -0.008298
v -0.006444 -0.019709 -0.008298
v -0.006444 -0.019709 -0.008298
v -0.006444 -0.019709 -0.008298
v -0.006444 -0.019709 -0.008298
v -0.004805 -0.019703 -0.009863
v -0.004805 -0.019703 -0.009863
v -0.004805 -0.019703 -0.009863
v -0.004805 -0.019703 -0.009863
v -0.004805 -0.019703 -0.009863
v -0.004805 -0.019703 -0.009863
v -0.00451 -0.020381 -0.008312
v -0.00451 -0.020381 -0.008312
v -0.00451 -0.020381 -0.008312
v -0.00451 -0.020381 -0.008312
v -0.00451 -0.020381 -0.008312
v -0.00451 -0.020381 -0.008312
v -0.004394 -0.020413 -0.008304
v -0.004394 -0.020413 -0.008304
v -0.004394 -0.020413 -0.008304
v -0.004394 -0.020413 -0.008304
v -0.004394 -0.020413 -0.008304
v -0.004394 -0.020413 -0.008304
v -0.007005 -0.018613 -0.010117
v -0.007005 -0.018613 -0.010117
v -0.007005 -0.018613 -0.010117
v -0.007005 -0.018613 -0.010117
v -0.007005 -0.018613 -0.010117
v -0.007005 -0.018613 -0.010117
v -0.006906 -0.018767 -0.009929
v -0.006906 -0.018767 -0.009929
v -0.006906 -0.018767 -0.009929
v -0.006906 -0.018767 -0.009929
v -0.006906 -0.018767 -0.009929
v -0.008231 -0.01873 -0.008287
v -0.008231 -0.01873 -0.008287
v -0.008231 -0.01873 -0.008287
v -0.008231 -0.01873 -0.008287
v -0.008231 -0.01873 -0.008287
v -0.008231 -0.01873 -0.008287
v -0.008231 -0.01873 -0.008287
v -0.008231 -0.01873 -0.008287
v -0.006756 -0.018887 -0.009851
v -0.006756 -0.018887 -0.009851
v -0.006756 -0.018887 -0.009851
v -0.006756 -0.018887 -0.009851
v -0.006756 -0.018887 -0.009851
v -0.006756 -0.018887 -0.009851
v -0.006756 -0.018887 -0.009851
v -0.006658 -0.018943 -0.009842
v -0.006658 -0.018943 -0.009842
v -0.006658 -0.018943 -0.009842
v -0.006658 -0.018943 -0.009842
v -0.006658 -0.018943 -0.009842
v -0.006658 -0.018943 -0.009842
v -0.006227 -0.016802 -0.013996
v -0.006227 -0.016802 -0.013996
v -0.006227 -0.016802 -0.013996
v -0.006227 -0.016802 -0.013996
v -0.006227 -0.016802 -0.013996
v -0.005545 -0.018042 -0.012528
v -0.005545 -0.018042 -0.012528
v -0.005545 -0.018042 -0.012528
v -0.005545 -0.018042 -0.012528
v -0.005545 -0.018042 -0.012528
v -0.005545 -0.018042 -0.012528
v -0.005545 -0.018042 -0.012528
v -0.005545 -0.018042 -0.012528
v -0.007629 -0.017094 -0.011954
v -0.007629 -0.017094 -0.011954
v -0.007629 -0.017094 -0.011954
v -0.007629 -0.017094 -0.011954
v -0.007629 -0.017094 -0.011954
v -0.007629 -0.017094 -0.011954
v -0.005932 -0.018156 -0.01197
v -0.005932 -0.018156 -0.01197
v -0.005932 -0.018156 -0.01197
v -0.005932 -0.018156 -0.01197
v -0.005932 -0.018156 -0.01197
v -0.005932 -0.018156 -0.01197
v -0.005932 -0.018156 -0.01197
v -0.007959 -0.017148 -0.011483
v -0.007959 -0.017148 -0.011483
v -0.007959 -0.017148 -0.011483
v -0.007959 -0.017148 -0.011483
v -0.007959 -0.017148 -0.011483
v -0.007959 -0.017148 -0.011483
v -0.007959 -0.017148 -0.011483
v -0.006882 -0.018405 -0.010622
v -0.006882 -0.018405 -0.010622
v -0.006882 -0.018405 -0.010622
v -0.006882 -0.018405 -0.010622
v -0.006882 -0.018405 -0.010622
v -0.006882 -0.018405 -0.010622
v -0.006882 -0.018405 -0.010622
v -0.007005 -0.018476 -0.010369
v -0.007005 -0.018476 -0.010369
v -0.007005 -0.018476 -0.010369
v -0.007005 -0.018476 -0.010369
v -0.007005 -0.018476 -0.010369
v -0.005364 -0.016576 -0.015292
v -0.005364 -0.016576 -0.015292
v -0.005364 -0.016576 -0.015292
v -0.005364 -0.016576 -0.015292
v -0.005364 -0.016576 -0.015292
v -0.005364 -0.016576 -0.015292
v -0.005364 -0.016576 -0.015292
v -0.004149 -0.017194 -0.01534
v -0.004149 -0.017194 -0.01534
v -0.004149 -0.017194 -0.01534
v -0.004149 -0.017194 -0.01534
v -0.003657 -0.017398 -0.015359
v -0.003657 -0.017398 -0.015359
v -0.003657 -0.017398 -0.015359
v -0.003657 -0.017398 -0.015359
v -0.003657 -0.017398 -0.015359
v -0.009342 -0.017052 -0.009827
v -0.009342 -0.017052 -0.009827
v -0.009342 -0.017052 -0.009827
v -0.009342 -0.017052 -0.009827
v -0.009342 -0.017052 -0.009827
v -0.00853 -0.018573 -0.008166
v -0.00853 -0.018573 -0.008166
v -0.00853 -0.018573 -0.008166
v -0.00853 -0.018573 -0.008166
v -0.00853 -0.018573 -0.008166
v -0.00853 -0.018573 -0.008166
v -0.00853 -0.018573 -0.008166
v -0.00853 -0.018573 -0.008166
v -0.009168 -0.017182 -0.009875
v -0.009168 -0.017182 -0.009875
v -0.009168 -0.017182 -0.009875
v -0.009168 -0.017182 -0.009875
v -0.009168 -0.017182 -0.009875
v -0.009168 -0.017182 -0.009875
v -0.009168 -0.017182 -0.009875
v -0.008998 -0.017248 -0.010011
v -0.008998 -0.017248 -0.010011
v -0.008998 -0.017248 -0.010011
v -0.008998 -0.017248 -0.010011
v -0.008998 -0.017248 -0.010011
v -0.008998 -0.017248 -0.010011
v -0.008938 -0.017253 -0.010088
v -0.008938 -0.017253 -0.010088
v -0.008938 -0.017253 -0.010088
v -0.008938 -0.017253 -0.010088
v -0.008938 -0.017253 -0.010088
v -0.008938 -0.017253 -0.010088
v -0.01277 -0.012426 -0.01037
v -0.01277 -0.012426 -0.01037
v -0.01277 -0.012426 -0.01037
v -0.01277 -0.012426 -0.01037
v -0.01277 -0.012426 -0.01037
v -0.01277 -0.012426 -0.01037
v -0.01277 -0.012426 -0.01037
v -0.012203 -0.013261 -0.010353
v -0.012203 -0.013261 -0.010353
v -0.012203 -0.013261 -0.010353
v -0.012203 -0.013261 -0.010353
v -0.012203 -0.013261 -0.010353
v -0.012203 -0.013261 -0.010353
v -0.01223 -0.013307 -0.010255
v -0.01223 -0.013307 -0.010255
v -0.01223 -0.013307 -0.010255
v -0.01223 -0.013307 -0.010255
v -0.005632 -0.020892 -0.005046
v -0.005632 -0.020892 -0.005046
v -0.005632 -0.020892 -0.005046
v -0.005632 -0.020892 -0.005046
v -0.005632 -0.020892 -0.005046
v -0.005632 -0.020892 -0.005046
v -0.005632 -0.020892 -0.005046
v -0.005632 -0.020892 -0.005046
v -0.005632 -0.020892 -0.005046
v -0.00464 -0.020811 -0.00669
v -0.00464 -0.020811 -0.00669
v -0.00464 -0.020811 -0.00669
v -0.00464 -0.020811 -0.00669
v -0.00464 -0.020811 -0.00669
v -0.00464 -0.020811 -0.00669
v -0.008087 -0.020375 2.8E-05
v -0.008087 -0.020375 2.8E-05
v -0.008087 -0.020375 2.8E-05
v -0.008087 -0.020375 2.8E-05
v -0.008087 -0.020375 2.8E-05
v -0.008087 -0.020375 2.8E-05
v -0.008087 -0.020375 2.8E-05
v -0.008226 -0.020297 -0.000264
v -0.008226 -0.020297 -0.000264
v -0.008226 -0.020297 -0.000264
v -0.008226 -0.020297 -0.000264
v -0.008226 -0.020297 -0.000264
v -0.007426 -0.020634 -0.001846
v -0.007426 -0.020634 -0.001846
v -0.007426 -0.020634 -0.001846
v -0.007426 -0.020634 -0.001846
v -0.007426 -0.020634 -0.001846
v -0.007426 -0.020634 -0.001846
v -0.007035 -0.020742 -0.002577
v -0.007035 -0.020742 -0.002577
v -0.007035 -0.020742 -0.002577
v -0.007035 -0.020742 -0.002577
v -0.008291 -0.020263 4.2E-05
v -0.008291 -0.020263 4.2E-05
v -0.008291 -0.020263 4.2E-05
v -0.008291 -0.020263 4.2E-05
v -0.008291 -0.020263 4.2E-05
v -0.008283 -0.020267 -8.1E-05
v -0.008283 -0.020267 -8.1E-05
v -0.008283 -0.020267 -8.1E-05
v -0.008283 -0.020267 -8.1E-05
v -0.008236 -0.020292 -0.000242
v -0.008236 -0.020292 -0.000242
v -0.008236 -0.020292 -0.000242
v -0.008236 -0.020292 -0.000242
v -0.008236 -0.020292 -0.000242
v -0.006179 -0.020874 0.00416
v -0.006179 -0.020874 0.00416
v -0.006179 -0.020874 0.00416
v -0.006179 -0.020874 0.00416
v -0.006179 -0.020874 0.00416
v -0.006179 -0.020874 0.00416
v -0.007122 -0.02072 0.002469
v -0.007122 -0.02072 0.002469
v -0.007122 -0.02072 0.002469
v -0.007122 -0.02072 0.002469
v -0.007122 -0.02072 0.002469
v -0.007122 -0.02072 0.002469
v -0.007122 -0.02072 0.002469
v -0.007977 -0.02042 0.000823
v -0.007977 -0.02042 0.000823
v -0.007977 -0.02042 0.000823
v -0.007977 -0.02042 0.000823
v -0.007977 -0.02042 0.000823
v -0.007977 -0.02042 0.000823
v -0.008226 -0.020297 0.000318
v -0.008226 -0.020297 0.000318
v -0.008226 -0.020297 0.000318
v -0.008226 -0.020297 0.000318
v -0.008226 -0.020297 0.000318
v -0.008226 -0.020297 0.000318
v -0.005175 -0.020872 0.005866
v -0.005175 -0.020872 0.005866
v -0.005175 -0.020872 0.005866
v -0.005175 -0.020872 0.005866
v -0.005175 -0.020872 0.005866
v -0.005175 -0.020872 0.005866
v -0.005637 -0.020892 0.005092
v -0.005637 -0.020892 0.005092
v -0.005637 -0.020892 0.005092
v -0.005637 -0.020892 0.005092
v -0.008282 -0.018699 0.008336
v -0.008282 -0.018699 0.008336
v -0.008282 -0.018699 0.008336
v -0.008282 -0.018699 0.008336
v -0.008282 -0.018699 0.008336
v -0.008282 -0.018699 0.008336
v -0.012418 -0.016576 0.000318
v -0.012418 -0.016576 0.000318
v -0.012418 -0.016576 0.000318
v -0.012418 -0.016576 0.000318
v -0.011731 -0.017278 0.002056
v -0.011731 -0.017278 0.002056
v -0.011731 -0.017278 0.002056
v -0.011731 -0.017278 0.002056
v -0.011731 -0.017278 0.002056
v -0.011374 -0.017562 0.002879
v -0.011374 -0.017562 0.002879
v -0.011374 -0.017562 0.002879
v -0.011374 -0.017562 0.002879
v -0.011374 -0.017562 0.002879
v -0.011374 -0.017562 0.002879
v -0.010965 -0.017834 0.003771
v -0.010965 -0.017834 0.003771
v -0.010965 -0.017834 0.003771
v -0.010965 -0.017834 0.003771
v -0.010965 -0.017834 0.003771
v -0.010148 -0.01823 0.005418
v -0.010148 -0.01823 0.005418
v -0.010148 -0.01823 0.005418
v -0.010148 -0.01823 0.005418
v -0.010148 -0.01823 0.005418
v -0.010148 -0.01823 0.005418
v -0.010148 -0.01823 0.005418
v -0.009283 -0.01847 0.007006
v -0.009283 -0.01847 0.007006
v -0.009283 -0.01847 0.007006
v -0.009283 -0.01847 0.007006
v -0.009283 -0.01847 0.007006
v -0.009283 -0.01847 0.007006
v -0.009283 -0.01847 0.007006
v -0.008653 -0.018549 0.008067
v -0.008653 -0.018549 0.008067
v -0.008653 -0.018549 0.008067
v -0.008653 -0.018549 0.008067
v -0.008653 -0.018549 0.008067
v -0.008482 -0.018595 0.008253
v -0.008482 -0.018595 0.008253
v -0.008482 -0.018595 0.008253
v -0.008482 -0.018595 0.008253
v -0.008482 -0.018595 0.008253
v -0.008482 -0.018595 0.008253
v -0.008482 -0.018595 0.008253
v -0.008397 -0.018634 0.008302
v -0.008397 -0.018634 0.008302
v -0.008397 -0.018634 0.008302
v -0.008397 -0.018634 0.008302
v -0.008397 -0.018634 0.008302
v -0.012432 -0.016559 0.000277
v -0.012432 -0.016559 0.000277
v -0.012432 -0.016559 0.000277
v -0.012432 -0.016559 0.000277
v -0.012432 -0.016559 0.000277
v -0.012432 -0.016559 0.000277
v -0.011082 -0.017763 -0.003469
v -0.011082 -0.017763 -0.003469
v -0.011082 -0.017763 -0.003469
v -0.011082 -0.017763 -0.003469
v -0.011082 -0.017763 -0.003469
v -0.011082 -0.017763 -0.003469
v -0.011082 -0.017763 -0.003469
v -0.011082 -0.017763 -0.003469
v -0.011799 -0.017218 -0.001841
v -0.011799 -0.017218 -0.001841
v -0.011799 -0.017218 -0.001841
v -0.011799 -0.017218 -0.001841
v -0.011799 -0.017218 -0.001841
v -0.011799 -0.017218 -0.001841
v -0.012418 -0.016576 -0.000264
v -0.012418 -0.016576 -0.000264
v -0.012418 -0.016576 -0.000264
v -0.012418 -0.016576 -0.000264
v -0.012418 -0.016576 -0.000264
v -0.012418 -0.016576 -0.000264
v -0.012468 -0.016517 2E-06
v -0.012468 -0.016517 2E-06
v -0.012468 -0.016517 2E-06
v -0.012468 -0.016517 2E-06
v -0.012468 -0.016517 2E-06
v -0.012771 -0.015859 -0.003018
v -0.012771 -0.015859 -0.003018
v -0.012771 -0.015859 -0.003018
v -0.012771 -0.015859 -0.003018
v -0.010309 -0.018167 -0.005054
v -0.010309 -0.018167 -0.005054
v -0.010309 -0.018167 -0.005054
v -0.010309 -0.018167 -0.005054
v -0.010309 -0.018167 -0.005054
v -0.010309 -0.018167 -0.005054
v -0.00991 -0.018313 -0.005816
v -0.00991 -0.018313 -0.005816
v -0.00991 -0.018313 -0.005816
v -0.00991 -0.018313 -0.005816
v -0.008592 -0.018557 -0.008099
v -0.008592 -0.018557 -0.008099
v -0.008592 -0.018557 -0.008099
v -0.008592 -0.018557 -0.008099
v -0.008592 -0.018557 -0.008099
v -0.008592 -0.018557 -0.008099
v -0.008653 -0.018548 -0.008014
v -0.008653 -0.018548 -0.008014
v -0.008653 -0.018548 -0.008014
v -0.008653 -0.018548 -0.008014
v -0.008653 -0.018548 -0.008014
v -0.008653 -0.018548 -0.008014
v -0.009505 -0.018425 -0.006558
v -0.009505 -0.018425 -0.006558
v -0.009505 -0.018425 -0.006558
v -0.009505 -0.018425 -0.006558
v -0.009505 -0.018425 -0.006558
v -0.00843 -0.018616 -0.008233
v -0.00843 -0.018616 -0.008233
v -0.00843 -0.018616 -0.008233
v -0.00843 -0.018616 -0.008233
v -0.00843 -0.018616 -0.008233
v -0.00843 -0.018616 -0.008233
v -0.00843 -0.018616 -0.008233
v -0.008516 -0.01858 -0.008174
v -0.008516 -0.01858 -0.008174
v -0.008516 -0.01858 -0.008174
v -0.008516 -0.01858 -0.008174
v 0.024919 -0.000538 -0.002425
v 0.024919 -0.000538 -0.002425
v 0.024919 -0.000538 -0.002425
v 0.024919 -0.000538 -0.002425
v 0.024919 -0.000538 -0.002425
v 0.024919 -0.000538 -0.002425
v 0.024919 -0.000538 -0.002425
v 0.02494 -0.000736 -0.002058
v 0.02494 -0.000736 -0.002058
v 0.02494 -0.000736 -0.002058
v 0.02494 -0.000736 -0.002058
v 0.02494 -0.000736 -0.002058
v 0.02465 -0.001455 -0.004114
v 0.02465 -0.001455 -0.004114
v 0.02465 -0.001455 -0.004114
v 0.02465 -0.001455 -0.004114
v 0.02465 -0.001455 -0.004114
v 0.02465 -0.001455 -0.004114
v 0.025011 0.00071 -9.7E-05
v 0.025011 0.00071 -9.7E-05
v 0.025011 0.00071 -9.7E-05
v 0.025011 0.00071 -9.7E-05
v 0.025011 0.000725 2.7E-05
v 0.025011 0.000725 2.7E-05
v 0.025011 0.000725 2.7E-05
v 0.025011 0.000725 2.7E-05
v 0.025024 0.000492 2.8E-05
v 0.025024 0.000492 2.8E-05
v 0.025024 0.000492 2.8E-05
v 0.025024 0.000492 2.8E-05
v 0.025024 0.000492 2.8E-05
v 0.025024 0.000492 2.8E-05
v 0.025024 0.000492 2.8E-05
v 0.025024 0.000492 2.8E-05
v 0.022552 0.007766 -0.000898
v 0.022552 0.007766 -0.000898
v 0.022552 0.007766 -0.000898
v 0.022552 0.007766 -0.000898
v 0.022552 0.007766 -0.000898
v 0.022552 0.007766 -0.000898
v 0.023178 0.006446 -0.002059
v 0.023178 0.006446 -0.002059
v 0.023178 0.006446 -0.002059
v 0.023178 0.006446 -0.002059
v 0.023178 0.006446 -0.002059
v 0.023178 0.006446 -0.002059
v 0.023178 0.006446 -0.002059
v 0.023178 0.006446 -0.002059
v 0.022921 0.006839 -0.002653
v 0.022921 0.006839 -0.002653
v 0.022921 0.006839 -0.002653
v 0.022921 0.006839 -0.002653
v 0.022921 0.006839 -0.002653
v 0.022921 0.006839 -0.002653
v 0.02296 0.004131 0.008038
v 0.02296 0.004131 0.008038
v 0.02296 0.004131 0.008038
v 0.02296 0.004131 0.008038
v 0.02296 0.004131 0.008038
v 0.022812 0.004306 0.008263
v 0.022812 0.004306 0.008263
v 0.022812 0.004306 0.008263
v 0.022812 0.004306 0.008263
v 0.022812 0.004306 0.008263
v 0.022812 0.004306 0.008263
v 0.022958 0.003963 0.00822
v 0.022958 0.003963 0.00822
v 0.022958 0.003963 0.00822
v 0.022958 0.003963 0.00822
v 0.022958 0.003963 0.00822
v 0.022958 0.003963 0.00822
v 0.022958 0.003963 0.00822
v 0.022958 0.003963 0.00822
v 0.022958 0.003963 0.00822
v 0.022958 0.003963 0.00822
v 0.019789 0.005732 0.012825
v 0.019789 0.005732 0.012825
v 0.019789 0.005732 0.012825
v 0.019789 0.005732 0.012825
v 0.019789 0.005732 0.012825
v 0.019789 0.005732 0.012825
v 0.019789 0.005732 0.012825
v 0.019789 0.005732 0.012825
v 0.0182 0.005974 0.015297
v 0.0182 0.005974 0.015297
v 0.0182 0.005974 0.015297
v 0.0182 0.005974 0.015297
v 0.0182 0.005974 0.015297
v 0.0182 0.005974 0.015297
v 0.019108 0.004227 0.015297
v 0.019108 0.004227 0.015297
v 0.019108 0.004227 0.015297
v 0.019108 0.004227 0.015297
v 0.019108 0.004227 0.015297
v 0.019108 0.004227 0.015297
v 0.019108 0.004227 0.015297
v 0.01822 0.006024 0.015217
v 0.01822 0.006024 0.015217
v 0.01822 0.006024 0.015217
v 0.01822 0.006024 0.015217
v 0.02257 0.002596 0.010152
v 0.02257 0.002596 0.010152
v 0.02257 0.002596 0.010152
v 0.02257 0.002596 0.010152
v 0.02257 0.002596 0.010152
v 0.02257 0.002596 0.010152
v 0.02257 0.002596 0.010152
v 0.021878 0.001516 0.011964
v 0.021878 0.001516 0.011964
v 0.021878 0.001516 0.011964
v 0.021878 0.001516 0.011964
v 0.021878 0.001516 0.011964
v 0.021878 0.001516 0.011964
v 0.021878 0.001516 0.011964
v 0.022814 0.001611 0.010125
v 0.022814 0.001611 0.010125
v 0.022814 0.001611 0.010125
v 0.022814 0.001611 0.010125
v 0.022814 0.001611 0.010125
v 0.022814 0.001611 0.010125
v 0.022814 0.001611 0.010125
v 0.022814 0.001611 0.010125
v 0.022814 0.001611 0.010125
v 0.022814 0.001611 0.010125
v 0.022814 0.001611 0.010125
v 0.022969 0.00047 0.010131
v 0.022969 0.00047 0.010131
v 0.022969 0.00047 0.010131
v 0.022969 0.00047 0.010131
v 0.02289 0.000322 0.010323
v 0.02289 0.000322 0.010323
v 0.02289 0.000322 0.010323
v 0.02289 0.000322 0.010323
v 0.02289 0.000322 0.010323
v 0.02289 0.000322 0.010323
v 0.022338 -0.004582 0.010218
v 0.022338 -0.004582 0.010218
v 0.022338 -0.004582 0.010218
v 0.022338 -0.004582 0.010218
v 0.022338 -0.004582 0.010218
v 0.022338 -0.004582 0.010218
v 0.021628 -0.005143 0.011416
v 0.021628 -0.005143 0.011416
v 0.021628 -0.005143 0.011416
v 0.021628 -0.005143 0.011416
v 0.021628 -0.005143 0.011416
v 0.021628 -0.005143 0.011416
v 0.021628 -0.005143 0.011416
v 0.022122 -0.005231 0.010197
v 0.022122 -0.005231 0.010197
v 0.022122 -0.005231 0.010197
v 0.022122 -0.005231 0.010197
v 0.022122 -0.005231 0.010197
v 0.022122 -0.005231 0.010197
v 0.022122 -0.005231 0.010197
v 0.022122 -0.005231 0.010197
v 0.022122 -0.005231 0.010197
v 0.022122 -0.005231 0.010197
v 0.022122 -0.005231 0.010197
v 0.019366 -0.006697 0.015222
v 0.019366 -0.006697 0.015222
v 0.019366 -0.006697 0.015222
v 0.019366 -0.006697 0.015222
v 0.019129 -0.006843 0.015625
v 0.019129 -0.006843 0.015625
v 0.019129 -0.006843 0.015625
v 0.019129 -0.006843 0.015625
v 0.019129 -0.006843 0.015625
v 0.019129 -0.006843 0.015625
v 0.019129 -0.006843 0.015625
v 0.019129 -0.006843 0.015625
v 0.020429 -0.007171 0.012124
v 0.020429 -0.007171 0.012124
v 0.020429 -0.007171 0.012124
v 0.020429 -0.007171 0.012124
v 0.020429 -0.007171 0.012124
v 0.020429 -0.007171 0.012124
v 0.020429 -0.007171 0.012124
v 0.018342 -0.008207 0.015748
v 0.018342 -0.008207 0.015748
v 0.018342 -0.008207 0.015748
v 0.018342 -0.008207 0.015748
v 0.018104 -0.008564 0.015784
v 0.018104 -0.008564 0.015784
v 0.018104 -0.008564 0.015784
v 0.018104 -0.008564 0.015784
v 0.018104 -0.008564 0.015784
v 0.018104 -0.008564 0.015784
v 0.018104 -0.008564 0.015784
v 0.018104 -0.008564 0.015784
v 0.018104 -0.008564 0.015784
v 0.01961 -0.007744 0.013324
v 0.01961 -0.007744 0.013324
v 0.01961 -0.007744 0.013324
v 0.01961 -0.007744 0.013324
v 0.01961 -0.007744 0.013324
v 0.01961 -0.007744 0.013324
v 0.018906 -0.007264 -0.015607
v 0.018906 -0.007264 -0.015607
v 0.018906 -0.007264 -0.015607
v 0.018906 -0.007264 -0.015607
v 0.018906 -0.007264 -0.015607
v 0.01913 -0.006842 -0.015572
v 0.01913 -0.006842 -0.015572
v 0.01913 -0.006842 -0.015572
v 0.01913 -0.006842 -0.015572
v 0.01913 -0.006842 -0.015572
v 0.01913 -0.006842 -0.015572
v 0.01913 -0.006842 -0.015572
v 0.020433 -0.007174 -0.012065
v 0.020433 -0.007174 -0.012065
v 0.020433 -0.007174 -0.012065
v 0.020433 -0.007174 -0.012065
v 0.020433 -0.007174 -0.012065
v 0.02084 -0.005722 -0.012682
v 0.02084 -0.005722 -0.012682
v 0.02084 -0.005722 -0.012682
v 0.02084 -0.005722 -0.012682
v 0.02084 -0.005722 -0.012682
v 0.02084 -0.005722 -0.012682
v 0.02084 -0.005722 -0.012682
v 0.02084 -0.005722 -0.012682
v 0.01989 0.008119 -0.01037
v 0.01989 0.008119 -0.01037
v 0.01989 0.008119 -0.01037
v 0.01989 0.008119 -0.01037
v 0.01989 0.008119 -0.01037
v 0.01989 0.008119 -0.01037
v 0.01989 0.008119 -0.01037
v 0.01989 0.008119 -0.01037
v 0.01989 0.008119 -0.01037
v 0.020035 0.008167 -0.010059
v 0.020035 0.008167 -0.010059
v 0.020035 0.008167 -0.010059
v 0.020035 0.008167 -0.010059
v 0.020035 0.008167 -0.010059
v 0.020035 0.008167 -0.010059
v 0.020035 0.008167 -0.010059
v 0.020035 0.008167 -0.010059
v 0.020404 0.00725 -0.010337
v 0.020404 0.00725 -0.010337
v 0.020404 0.00725 -0.010337
v 0.020404 0.00725 -0.010337
v 0.020404 0.00725 -0.010337
v 0.020404 0.00725 -0.010337
v 0.019107 0.004227 -0.015244
v 0.019107 0.004227 -0.015244
v 0.019107 0.004227 -0.015244
v 0.019107 0.004227 -0.015244
v 0.019107 0.004227 -0.015244
v 0.019107 0.004227 -0.015244
v 0.018199 0.005975 -0.015244
v 0.018199 0.005975 -0.015244
v 0.018199 0.005975 -0.015244
v 0.018199 0.005975 -0.015244
v 0.018199 0.005975 -0.015244
v 0.018199 0.005975 -0.015244
v 0.018199 0.005975 -0.015244
v 0.018199 0.005975 -0.015244
v 0.019782 0.005706 -0.012812
v 0.019782 0.005706 -0.012812
v 0.019782 0.005706 -0.012812
v 0.019782 0.005706 -0.012812
v 0.019782 0.005706 -0.012812
v 0.019782 0.005706 -0.012812
v 0.019782 0.005706 -0.012812
v 0.018813 0.007676 -0.012593
v 0.018813 0.007676 -0.012593
v 0.018813 0.007676 -0.012593
v 0.018813 0.007676 -0.012593
v 0.018813 0.007676 -0.012593
v 0.018813 0.007676 -0.012593
v 0.018813 0.007676 -0.012593
v 0.020307 0.007142 -0.010614
v 0.020307 0.007142 -0.010614
v 0.020307 0.007142 -0.010614
v 0.020307 0.007142 -0.010614
v 0.020307 0.007142 -0.010614
v 0.020307 0.007142 -0.010614
v 0.01884 0.007759 -0.012469
v 0.01884 0.007759 -0.012469
v 0.01884 0.007759 -0.012469
v 0.01884 0.007759 -0.012469
v 0.01884 0.007759 -0.012469
v 0.020316 0.007166 -0.010576
v 0.020316 0.007166 -0.010576
v 0.020316 0.007166 -0.010576
v 0.020316 0.007166 -0.010576
v 0.020316 0.007166 -0.010576
v 0.020316 0.007166 -0.010576
v 0.020339 0.007207 -0.010495
v 0.020339 0.007207 -0.010495
v 0.020339 0.007207 -0.010495
v 0.020339 0.007207 -0.010495
v 0.021778 0.006495 -0.008291
v 0.021778 0.006495 -0.008291
v 0.021778 0.006495 -0.008291
v 0.021778 0.006495 -0.008291
v 0.021778 0.006495 -0.008291
v 0.021778 0.006495 -0.008291
v 0.021778 0.006495 -0.008291
v 0.021839 0.004958 -0.009828
v 0.021839 0.004958 -0.009828
v 0.021839 0.004958 -0.009828
v 0.021839 0.004958 -0.009828
v 0.021839 0.004958 -0.009828
v 0.021839 0.004958 -0.009828
v 0.020906 0.006833 -0.009831
v 0.020906 0.006833 -0.009831
v 0.020906 0.006833 -0.009831
v 0.020906 0.006833 -0.009831
v 0.020906 0.006833 -0.009831
v 0.020906 0.006833 -0.009831
v 0.020733 0.008388 -0.008293
v 0.020733 0.008388 -0.008293
v 0.020733 0.008388 -0.008293
v 0.020733 0.008388 -0.008293
v 0.020733 0.008388 -0.008293
v 0.020733 0.008388 -0.008293
v 0.020733 0.008388 -0.008293
v 0.020733 0.008388 -0.008293
v 0.020814 0.006981 -0.009853
v 0.020814 0.006981 -0.009853
v 0.020814 0.006981 -0.009853
v 0.020814 0.006981 -0.009853
v 0.020749 0.007063 -0.009893
v 0.020749 0.007063 -0.009893
v 0.020749 0.007063 -0.009893
v 0.020749 0.007063 -0.009893
v 0.020749 0.007063 -0.009893
v 0.020749 0.007063 -0.009893
v 0.020579 0.007205 -0.010065
v 0.020579 0.007205 -0.010065
v 0.020579 0.007205 -0.010065
v 0.020579 0.007205 -0.010065
v 0.020579 0.007205 -0.010065
v 0.022289 0.003865 -0.009827
v 0.022289 0.003865 -0.009827
v 0.022289 0.003865 -0.009827
v 0.022289 0.003865 -0.009827
v 0.022289 0.003865 -0.009827
v 0.022289 0.003865 -0.009827
v 0.022289 0.003865 -0.009827
v 0.022289 0.003865 -0.009827
v 0.022677 0.00457 -0.008287
v 0.022677 0.00457 -0.008287
v 0.022677 0.00457 -0.008287
v 0.022677 0.00457 -0.008287
v 0.022745 0.004421 -0.008266
v 0.022745 0.004421 -0.008266
v 0.022745 0.004421 -0.008266
v 0.022745 0.004421 -0.008266
v 0.022745 0.004421 -0.008266
v 0.022745 0.004421 -0.008266
v 0.022957 0.003963 -0.008167
v 0.022957 0.003963 -0.008167
v 0.022957 0.003963 -0.008167
v 0.022957 0.003963 -0.008167
v 0.022957 0.003963 -0.008167
v 0.022957 0.003963 -0.008167
v 0.022957 0.003963 -0.008167
v 0.022957 0.003963 -0.008167
v 0.022957 0.003963 -0.008167
v 0.022957 0.003963 -0.008167
v 0.023589 0.001667 -0.008167
v 0.023589 0.001667 -0.008167
v 0.023589 0.001667 -0.008167
v 0.023589 0.001667 -0.008167
v 0.023589 0.001667 -0.008167
v 0.023589 0.001667 -0.008167
v 0.023589 0.001667 -0.008167
v 0.0226 0.002932 -0.009839
v 0.0226 0.002932 -0.009839
v 0.0226 0.002932 -0.009839
v 0.0226 0.002932 -0.009839
v 0.0226 0.002932 -0.009839
v 0.0226 0.002932 -0.009839
v 0.0228 0.004324 -0.008222
v 0.0228 0.004324 -0.008222
v 0.0228 0.004324 -0.008222
v 0.0228 0.004324 -0.008222
v 0.0228 0.004324 -0.008222
v 0.0228 0.004324 -0.008222
v 0.02257 0.003047 -0.009828
v 0.02257 0.003047 -0.009828
v 0.02257 0.003047 -0.009828
v 0.02257 0.003047 -0.009828
v 0.021622 0.001151 -0.012543
v 0.021622 0.001151 -0.012543
v 0.021622 0.001151 -0.012543
v 0.021622 0.001151 -0.012543
v 0.021622 0.001151 -0.012543
v 0.021622 0.001151 -0.012543
v 0.021622 0.001151 -0.012543
v 0.021622 0.001151 -0.012543
v 0.02234 0.00219 -0.01076
v 0.02234 0.00219 -0.01076
v 0.02234 0.00219 -0.01076
v 0.02234 0.00219 -0.01076
v 0.02234 0.00219 -0.01076
v 0.02234 0.00219 -0.01076
v 0.02234 0.00219 -0.01076
v 0.022821 0.001611 -0.01006
v 0.022821 0.001611 -0.01006
v 0.022821 0.001611 -0.01006
v 0.022821 0.001611 -0.01006
v 0.022821 0.001611 -0.01006
v 0.022821 0.001611 -0.01006
v 0.022821 0.001611 -0.01006
v 0.022821 0.001611 -0.01006
v 0.022821 0.001611 -0.01006
v 0.022821 0.001611 -0.01006
v 0.022573 0.002602 -0.01009
v 0.022573 0.002602 -0.01009
v 0.022573 0.002602 -0.01009
v 0.022573 0.002602 -0.01009
v 0.022573 0.002602 -0.01009
v 0.022573 0.002602 -0.01009
v 0.022616 0.002755 -0.009915
v 0.022616 0.002755 -0.009915
v 0.022616 0.002755 -0.009915
v 0.022616 0.002755 -0.009915
v 0.022616 0.002755 -0.009915
v 0.022616 0.002755 -0.009915
v 0.022616 0.002755 -0.009915
v 0.023084 5.4E-05 -0.009892
v 0.023084 5.4E-05 -0.009892
v 0.023084 5.4E-05 -0.009892
v 0.023084 5.4E-05 -0.009892
v 0.023084 5.4E-05 -0.009892
v 0.023084 5.4E-05 -0.009892
v 0.023015 0.000211 -0.010023
v 0.023015 0.000211 -0.010023
v 0.023015 0.000211 -0.010023
v 0.023015 0.000211 -0.010023
v 0.023015 0.000211 -0.010023
v 0.022976 0.000469 -0.010067
v 0.022976 0.000469 -0.010067
v 0.022976 0.000469 -0.010067
v 0.022976 0.000469 -0.010067
v 0.022976 0.000469 -0.010067
v 0.022976 0.000469 -0.010067
v 0.02295 0.000287 -0.010152
v 0.02295 0.000287 -0.010152
v 0.02295 0.000287 -0.010152
v 0.02295 0.000287 -0.010152
v 0.02295 0.000287 -0.010152
v 0.022882 0.000326 -0.01029
v 0.022882 0.000326 -0.01029
v 0.022882 0.000326 -0.01029
v 0.022882 0.000326 -0.01029
v 0.022882 0.000326 -0.01029
v 0.022765 0.000294 -0.010538
v 0.022765 0.000294 -0.010538
v 0.022765 0.000294 -0.010538
v 0.022765 0.000294 -0.010538
v 0.022765 0.000294 -0.010538
v 0.022765 0.000294 -0.010538
v 0.022726 0.000253 -0.010624
v 0.022726 0.000253 -0.010624
v 0.022726 0.000253 -0.010624
v 0.022726 0.000253 -0.010624
v 0.021926 -0.000685 -0.012313
v 0.021926 -0.000685 -0.012313
v 0.021926 -0.000685 -0.012313
v 0.021926 -0.000685 -0.012313
v 0.021926 -0.000685 -0.012313
v 0.021926 -0.000685 -0.012313
v 0.021926 -0.000685 -0.012313
v 0.020422 -0.00033 -0.015293
v 0.020422 -0.00033 -0.015293
v 0.020422 -0.00033 -0.015293
v 0.020422 -0.00033 -0.015293
v 0.020422 -0.00033 -0.015293
v 0.020422 -0.00033 -0.015293
v 0.020422 -0.00033 -0.015293
v 0.020422 -0.00033 -0.015293
v 0.020458 -0.001027 -0.015317
v 0.020458 -0.001027 -0.015317
v 0.020458 -0.001027 -0.015317
v 0.020458 -0.001027 -0.015317
v 0.020458 -0.001027 -0.015317
v 0.021659 -0.000977 -0.012863
v 0.021659 -0.000977 -0.012863
v 0.021659 -0.000977 -0.012863
v 0.021659 -0.000977 -0.012863
v 0.021659 -0.000977 -0.012863
v 0.021659 -0.000977 -0.012863
v 0.020427 -0.002225 -0.015359
v 0.020427 -0.002225 -0.015359
v 0.020427 -0.002225 -0.015359
v 0.020427 -0.002225 -0.015359
v 0.020427 -0.002225 -0.015359
v 0.020427 -0.002225 -0.015359
v 0.023103 -3.9E-05 -0.009858
v 0.023103 -3.9E-05 -0.009858
v 0.023103 -3.9E-05 -0.009858
v 0.023103 -3.9E-05 -0.009858
v 0.023103 -3.9E-05 -0.009858
v 0.023603 0.001325 -0.008287
v 0.023603 0.001325 -0.008287
v 0.023603 0.001325 -0.008287
v 0.023603 0.001325 -0.008287
v 0.023603 0.001325 -0.008287
v 0.023603 0.001325 -0.008287
v 0.023603 0.001325 -0.008287
v 0.023603 0.001325 -0.008287
v 0.023115 -0.000184 -0.009842
v 0.023115 -0.000184 -0.009842
v 0.023115 -0.000184 -0.009842
v 0.023115 -0.000184 -0.009842
v 0.023115 -0.000184 -0.009842
v 0.023115 -0.000184 -0.009842
v 0.023115 -0.000184 -0.009842
v 0.023714 -0.000709 -0.008298
v 0.023714 -0.000709 -0.008298
v 0.023714 -0.000709 -0.008298
v 0.023714 -0.000709 -0.008298
v 0.023714 -0.000709 -0.008298
v 0.023714 -0.000709 -0.008298
v 0.023458 -0.002955 -0.008273
v 0.023458 -0.002955 -0.008273
v 0.023458 -0.002955 -0.008273
v 0.023458 -0.002955 -0.008273
v 0.023458 -0.002955 -0.008273
v 0.023458 -0.002955 -0.008273
v 0.023458 -0.002955 -0.008273
v 0.023458 -0.002955 -0.008273
v 0.022866 -0.002994 -0.009872
v 0.022866 -0.002994 -0.009872
v 0.022866 -0.002994 -0.009872
v 0.022866 -0.002994 -0.009872
v 0.022866 -0.002994 -0.009872
v 0.022866 -0.002994 -0.009872
v 0.023486 -0.002746 -0.008312
v 0.023486 -0.002746 -0.008312
v 0.023486 -0.002746 -0.008312
v 0.023486 -0.002746 -0.008312
v 0.023486 -0.002746 -0.008312
v 0.023486 -0.002746 -0.008312
v 0.023003 -0.002186 -0.009862
v 0.023003 -0.002186 -0.009862
v 0.023003 -0.002186 -0.009862
v 0.023003 -0.002186 -0.009862
v 0.023003 -0.002186 -0.009862
v 0.023003 -0.002186 -0.009862
v 0.023118 -0.000683 -0.009847
v 0.023118 -0.000683 -0.009847
v 0.023118 -0.000683 -0.009847
v 0.023118 -0.000683 -0.009847
v 0.023118 -0.000683 -0.009847
v 0.022125 -0.005234 -0.010133
v 0.022125 -0.005234 -0.010133
v 0.022125 -0.005234 -0.010133
v 0.022125 -0.005234 -0.010133
v 0.022125 -0.005234 -0.010133
v 0.022125 -0.005234 -0.010133
v 0.022125 -0.005234 -0.010133
v 0.022125 -0.005234 -0.010133
v 0.022125 -0.005234 -0.010133
v 0.022125 -0.005234 -0.010133
v 0.022125 -0.005234 -0.010133
v 0.022341 -0.004585 -0.010156
v 0.022341 -0.004585 -0.010156
v 0.022341 -0.004585 -0.010156
v 0.022341 -0.004585 -0.010156
v 0.022341 -0.004585 -0.010156
v 0.022341 -0.004585 -0.010156
v 0.022757 -0.005343 -0.008221
v 0.022757 -0.005343 -0.008221
v 0.022757 -0.005343 -0.008221
v 0.022757 -0.005343 -0.008221
v 0.022757 -0.005343 -0.008221
v 0.022757 -0.005343 -0.008221
v 0.022757 -0.005343 -0.008221
v 0.022757 -0.005343 -0.008221
v 0.022757 -0.005343 -0.008221
v 0.022757 -0.005343 -0.008221
v 0.022757 -0.005343 -0.008221
v 0.022757 -0.005343 -0.008221
v 0.022757 -0.005343 -0.008221
v 0.022757 -0.005343 -0.008221
v 0.022473 -0.004414 -0.009962
v 0.022473 -0.004414 -0.009962
v 0.022473 -0.004414 -0.009962
v 0.022473 -0.004414 -0.009962
v 0.022473 -0.004414 -0.009962
v 0.022473 -0.004414 -0.009962
v 0.022518 -0.004326 -0.009918
v 0.022518 -0.004326 -0.009918
v 0.022518 -0.004326 -0.009918
v 0.022518 -0.004326 -0.009918
v 0.022571 -0.004187 -0.009888
v 0.022571 -0.004187 -0.009888
v 0.022571 -0.004187 -0.009888
v 0.022571 -0.004187 -0.009888
v 0.022571 -0.004187 -0.009888
v 0.022578 -0.004162 -0.009887
v 0.022578 -0.004162 -0.009887
v 0.022578 -0.004162 -0.009887
v 0.022578 -0.004162 -0.009887
v 0.022578 -0.004162 -0.009887
v 0.018105 -0.008563 -0.015731
v 0.018105 -0.008563 -0.015731
v 0.018105 -0.008563 -0.015731
v 0.018105 -0.008563 -0.015731
v 0.018105 -0.008563 -0.015731
v 0.018105 -0.008563 -0.015731
v 0.018105 -0.008563 -0.015731
v 0.018105 -0.008563 -0.015731
v 0.019164 -0.008 -0.01399
v 0.019164 -0.008 -0.01399
v 0.019164 -0.008 -0.01399
v 0.019164 -0.008 -0.01399
v 0.019164 -0.008 -0.01399
v 0.019164 -0.008 -0.01399
v 0.019164 -0.008 -0.01399
v 0.020712 -0.007082 -0.011525
v 0.020712 -0.007082 -0.011525
v 0.020712 -0.007082 -0.011525
v 0.020712 -0.007082 -0.011525
v 0.020712 -0.007082 -0.011525
v 0.020712 -0.007082 -0.011525
v 0.020712 -0.007082 -0.011525
v 0.020712 -0.007082 -0.011525
v 0.022101 -0.004787 -0.010572
v 0.022101 -0.004787 -0.010572
v 0.022101 -0.004787 -0.010572
v 0.022101 -0.004787 -0.010572
v 0.022101 -0.004787 -0.010572
v 0.022101 -0.004787 -0.010572
v 0.022202 -0.006034 -0.009041
v 0.022202 -0.006034 -0.009041
v 0.022202 -0.006034 -0.009041
v 0.022202 -0.006034 -0.009041
v 0.022087 -0.006128 -0.00925
v 0.022087 -0.006128 -0.00925
v 0.022087 -0.006128 -0.00925
v 0.022087 -0.006128 -0.00925
v 0.02197 -0.006221 -0.009459
v 0.02197 -0.006221 -0.009459
v 0.02197 -0.006221 -0.009459
v 0.02197 -0.006221 -0.009459
v 0.02173 -0.006402 -0.009875
v 0.02173 -0.006402 -0.009875
v 0.02173 -0.006402 -0.009875
v 0.02173 -0.006402 -0.009875
v 0.02173 -0.006402 -0.009875
v 0.022946 -0.005346 -0.007558
v 0.022946 -0.005346 -0.007558
v 0.022946 -0.005346 -0.007558
v 0.022946 -0.005346 -0.007558
v 0.022946 -0.005346 -0.007558
v 0.022946 -0.005346 -0.007558
v 0.022846 -0.005447 -0.007771
v 0.022846 -0.005447 -0.007771
v 0.022846 -0.005447 -0.007771
v 0.022846 -0.005447 -0.007771
v 0.022744 -0.005548 -0.007984
v 0.022744 -0.005548 -0.007984
v 0.022744 -0.005548 -0.007984
v 0.022744 -0.005548 -0.007984
v 0.022534 -0.005746 -0.008409
v 0.022534 -0.005746 -0.008409
v 0.022534 -0.005746 -0.008409
v 0.022534 -0.005746 -0.008409
v 0.022534 -0.005746 -0.008409
v 0.022425 -0.005843 -0.00862
v 0.022425 -0.005843 -0.00862
v 0.022425 -0.005843 -0.00862
v 0.022425 -0.005843 -0.00862
v 0.022425 -0.005843 -0.00862
v 0.023455 -0.00308 -0.008197
v 0.023455 -0.00308 -0.008197
v 0.023455 -0.00308 -0.008197
v 0.023455 -0.00308 -0.008197
v 0.023455 -0.00308 -0.008197
v 0.023461 -0.003153 -0.008125
v 0.023461 -0.003153 -0.008125
v 0.023461 -0.003153 -0.008125
v 0.023461 -0.003153 -0.008125
v 0.023461 -0.003153 -0.008125
v 0.023506 -0.003275 -0.007885
v 0.023506 -0.003275 -0.007885
v 0.023506 -0.003275 -0.007885
v 0.023506 -0.003275 -0.007885
v 0.023506 -0.003275 -0.007885
v 0.023506 -0.003275 -0.007885
v 0.023506 -0.003275 -0.007885
v 0.023577 -0.003279 -0.007639
v 0.023577 -0.003279 -0.007639
v 0.023577 -0.003279 -0.007639
v 0.023577 -0.003279 -0.007639
v 0.023577 -0.003279 -0.007639
v 0.023577 -0.003279 -0.007639
v 0.023577 -0.003279 -0.007639
v 0.023577 -0.003279 -0.007639
v 0.023139 -0.005139 -0.007129
v 0.023139 -0.005139 -0.007129
v 0.023139 -0.005139 -0.007129
v 0.023139 -0.005139 -0.007129
v 0.023232 -0.005035 -0.006914
v 0.023232 -0.005035 -0.006914
v 0.023232 -0.005035 -0.006914
v 0.023232 -0.005035 -0.006914
v 0.023323 -0.00493 -0.006699
v 0.023323 -0.00493 -0.006699
v 0.023323 -0.00493 -0.006699
v 0.023323 -0.00493 -0.006699
v 0.023323 -0.00493 -0.006699
v 0.023323 -0.00493 -0.006699
v 0.02363 -0.003228 -0.007493
v 0.02363 -0.003228 -0.007493
v 0.02363 -0.003228 -0.007493
v 0.02363 -0.003228 -0.007493
v 0.02363 -0.003228 -0.007493
v 0.02363 -0.003228 -0.007493
v 0.023499 -0.004717 -0.006266
v 0.023499 -0.004717 -0.006266
v 0.023499 -0.004717 -0.006266
v 0.023499 -0.004717 -0.006266
v 0.023499 -0.004717 -0.006266
v 0.024114 -0.003835 -0.004517
v 0.024114 -0.003835 -0.004517
v 0.024114 -0.003835 -0.004517
v 0.024114 -0.003835 -0.004517
v 0.024114 -0.003835 -0.004517
v 0.023983 -0.003107 -0.006194
v 0.023983 -0.003107 -0.006194
v 0.023983 -0.003107 -0.006194
v 0.023983 -0.003107 -0.006194
v 0.023983 -0.003107 -0.006194
v 0.023983 -0.003107 -0.006194
v 0.023983 -0.003107 -0.006194
v 0.023983 -0.003107 -0.006194
v 0.023983 -0.003107 -0.006194
v 0.023983 -0.003107 -0.006194
v 0.023983 -0.003107 -0.006194
v 0.024245 -0.003609 -0.004075
v 0.024245 -0.003609 -0.004075
v 0.024245 -0.003609 -0.004075
v 0.024245 -0.003609 -0.004075
v 0.024245 -0.003609 -0.004075
v 0.024351 -0.003155 -0.00414
v 0.024351 -0.003155 -0.00414
v 0.024351 -0.003155 -0.00414
v 0.024351 -0.003155 -0.00414
v 0.024351 -0.003155 -0.00414
v 0.024351 -0.003155 -0.00414
v 0.024351 -0.003155 -0.00414
v 0.024351 -0.003155 -0.00414
v 0.024351 -0.003155 -0.00414
v 0.024307 -0.003494 -0.003854
v 0.024307 -0.003494 -0.003854
v 0.024307 -0.003494 -0.003854
v 0.024307 -0.003494 -0.003854
v 0.024045 -0.003948 -0.004737
v 0.024045 -0.003948 -0.004737
v 0.024045 -0.003948 -0.004737
v 0.024045 -0.003948 -0.004737
v 0.023901 -0.004171 -0.005176
v 0.023901 -0.004171 -0.005176
v 0.023901 -0.004171 -0.005176
v 0.023901 -0.004171 -0.005176
v 0.023825 -0.004281 -0.005395
v 0.023825 -0.004281 -0.005395
v 0.023825 -0.004281 -0.005395
v 0.023825 -0.004281 -0.005395
v 0.023747 -0.004391 -0.005613
v 0.023747 -0.004391 -0.005613
v 0.023747 -0.004391 -0.005613
v 0.023747 -0.004391 -0.005613
v 0.023747 -0.004391 -0.005613
v 0.023584 -0.004609 -0.006049
v 0.023584 -0.004609 -0.006049
v 0.023584 -0.004609 -0.006049
v 0.023584 -0.004609 -0.006049
v 0.024749 -0.002436 -0.001842
v 0.024749 -0.002436 -0.001842
v 0.024749 -0.002436 -0.001842
v 0.024749 -0.002436 -0.001842
v 0.024749 -0.002436 -0.001842
v 0.024749 -0.002436 -0.001842
v 0.024749 -0.002436 -0.001842
v 0.024614 -0.002823 -0.002569
v 0.024614 -0.002823 -0.002569
v 0.024614 -0.002823 -0.002569
v 0.024614 -0.002823 -0.002569
v 0.024413 -0.003285 -0.003449
v 0.024413 -0.003285 -0.003449
v 0.024413 -0.003285 -0.003449
v 0.024413 -0.003285 -0.003449
v 0.024413 -0.003285 -0.003449
v 0.024872 -0.001969 0.001031
v 0.024872 -0.001969 0.001031
v 0.024872 -0.001969 0.001031
v 0.024872 -0.001969 0.001031
v 0.02494 -0.000736 0.002113
v 0.02494 -0.000736 0.002113
v 0.02494 -0.000736 0.002113
v 0.02494 -0.000736 0.002113
v 0.02494 -0.000736 0.002113
v 0.02494 -0.000736 0.002113
v 0.02494 -0.000736 0.002113
v 0.02494 -0.000736 0.002113
v 0.02494 -0.000736 0.002113
v 0.02494 -0.000736 0.002113
v 0.02494 -0.000736 0.002113
v 0.024844 -0.00209 0.001256
v 0.024844 -0.00209 0.001256
v 0.024844 -0.00209 0.001256
v 0.024844 -0.00209 0.001256
v 0.024844 -0.00209 0.001256
v 0.02478 -0.002332 0.001704
v 0.02478 -0.002332 0.001704
v 0.02478 -0.002332 0.001704
v 0.02478 -0.002332 0.001704
v 0.024951 -0.001514 0.000142
v 0.024951 -0.001514 0.000142
v 0.024951 -0.001514 0.000142
v 0.024951 -0.001514 0.000142
v 0.024951 -0.001514 0.000142
v 0.025018 -0.00074 2.8E-05
v 0.025018 -0.00074 2.8E-05
v 0.025018 -0.00074 2.8E-05
v 0.025018 -0.00074 2.8E-05
v 0.025018 -0.00074 2.8E-05
v 0.025018 -0.00074 2.8E-05
v 0.025018 -0.00074 2.8E-05
v 0.025018 -0.00074 2.8E-05
v 0.025018 -0.00074 2.8E-05
v 0.025018 -0.00074 2.8E-05
v 0.025018 -0.00074 2.8E-05
v 0.024943 -0.00157 0.000318
v 0.024943 -0.00157 0.000318
v 0.024943 -0.00157 0.000318
v 0.024943 -0.00157 0.000318
v 0.024943 -0.00157 0.000318
v 0.024943 -0.00157 0.000318
v 0.024943 -0.00157 0.000318
v 0.024897 -0.001846 0.000807
v 0.024897 -0.001846 0.000807
v 0.024897 -0.001846 0.000807
v 0.024897 -0.001846 0.000807
v 0.02447 -0.003161 0.003267
v 0.02447 -0.003161 0.003267
v 0.02447 -0.003161 0.003267
v 0.02447 -0.003161 0.003267
v 0.02447 -0.003161 0.003267
v 0.024572 -0.002927 0.002822
v 0.024572 -0.002927 0.002822
v 0.024572 -0.002927 0.002822
v 0.024572 -0.002927 0.002822
v 0.024572 -0.002927 0.002822
v 0.024778 -0.001088 0.003487
v 0.024778 -0.001088 0.003487
v 0.024778 -0.001088 0.003487
v 0.024778 -0.001088 0.003487
v 0.024778 -0.001088 0.003487
v 0.024778 -0.001088 0.003487
v 0.024778 -0.001088 0.003487
v 0.024778 -0.001088 0.003487
v 0.024778 -0.001088 0.003487
v 0.024778 -0.001088 0.003487
v 0.024619 -0.00281 0.002599
v 0.024619 -0.00281 0.002599
v 0.024619 -0.00281 0.002599
v 0.024619 -0.00281 0.002599
v 0.024663 -0.002691 0.002375
v 0.024663 -0.002691 0.002375
v 0.024663 -0.002691 0.002375
v 0.024663 -0.002691 0.002375
v 0.024663 -0.002691 0.002375
v 0.024743 -0.002453 0.001928
v 0.024743 -0.002453 0.001928
v 0.024743 -0.002453 0.001928
v 0.024743 -0.002453 0.001928
v 0.024351 -0.003156 0.004195
v 0.024351 -0.003156 0.004195
v 0.024351 -0.003156 0.004195
v 0.024351 -0.003156 0.004195
v 0.024351 -0.003156 0.004195
v 0.024351 -0.003156 0.004195
v 0.024351 -0.003156 0.004195
v 0.024351 -0.003156 0.004195
v 0.024416 -0.003277 0.00349
v 0.024416 -0.003277 0.00349
v 0.024416 -0.003277 0.00349
v 0.024416 -0.003277 0.00349
v 0.024299 -0.003508 0.003933
v 0.024299 -0.003508 0.003933
v 0.024299 -0.003508 0.003933
v 0.024299 -0.003508 0.003933
v 0.024299 -0.003508 0.003933
v 0.023657 -0.004513 0.005911
v 0.023657 -0.004513 0.005911
v 0.023657 -0.004513 0.005911
v 0.023657 -0.004513 0.005911
v 0.023657 -0.004513 0.005911
v 0.023737 -0.004404 0.005693
v 0.023737 -0.004404 0.005693
v 0.023737 -0.004404 0.005693
v 0.023737 -0.004404 0.005693
v 0.023983 -0.003106 0.006249
v 0.023983 -0.003106 0.006249
v 0.023983 -0.003106 0.006249
v 0.023983 -0.003106 0.006249
v 0.023983 -0.003106 0.006249
v 0.023983 -0.003106 0.006249
v 0.023983 -0.003106 0.006249
v 0.023983 -0.003106 0.006249
v 0.023983 -0.003106 0.006249
v 0.023983 -0.003106 0.006249
v 0.023983 -0.003106 0.006249
v 0.023983 -0.003106 0.006249
v 0.023891 -0.004184 0.005256
v 0.023891 -0.004184 0.005256
v 0.023891 -0.004184 0.005256
v 0.023891 -0.004184 0.005256
v 0.023965 -0.004073 0.005036
v 0.023965 -0.004073 0.005036
v 0.023965 -0.004073 0.005036
v 0.023965 -0.004073 0.005036
v 0.024037 -0.003961 0.004817
v 0.024037 -0.003961 0.004817
v 0.024037 -0.003961 0.004817
v 0.024037 -0.003961 0.004817
v 0.024037 -0.003961 0.004817
v 0.024173 -0.003736 0.004376
v 0.024173 -0.003736 0.004376
v 0.024173 -0.003736 0.004376
v 0.024173 -0.003736 0.004376
v 0.024173 -0.003736 0.004376
v 0.024237 -0.003622 0.004155
v 0.024237 -0.003622 0.004155
v 0.024237 -0.003622 0.004155
v 0.024237 -0.003622 0.004155
v 0.023032 -0.005255 0.007423
v 0.023032 -0.005255 0.007423
v 0.023032 -0.005255 0.007423
v 0.023032 -0.005255 0.007423
v 0.023127 -0.005152 0.007208
v 0.023127 -0.005152 0.007208
v 0.023127 -0.005152 0.007208
v 0.023127 -0.005152 0.007208
v 0.023127 -0.005152 0.007208
v 0.023538 -0.003295 0.007816
v 0.023538 -0.003295 0.007816
v 0.023538 -0.003295 0.007816
v 0.023538 -0.003295 0.007816
v 0.023538 -0.003295 0.007816
v 0.023538 -0.003295 0.007816
v 0.023538 -0.003295 0.007816
v 0.023538 -0.003295 0.007816
v 0.023538 -0.003295 0.007816
v 0.023538 -0.003295 0.007816
v 0.023538 -0.003295 0.007816
v 0.023312 -0.004942 0.006778
v 0.023312 -0.004942 0.006778
v 0.023312 -0.004942 0.006778
v 0.023312 -0.004942 0.006778
v 0.023312 -0.004942 0.006778
v 0.02363 -0.003228 0.007546
v 0.02363 -0.003228 0.007546
v 0.02363 -0.003228 0.007546
v 0.02363 -0.003228 0.007546
v 0.02363 -0.003228 0.007546
v 0.02363 -0.003228 0.007546
v 0.023402 -0.004836 0.006562
v 0.023402 -0.004836 0.006562
v 0.023402 -0.004836 0.006562
v 0.023402 -0.004836 0.006562
v 0.023402 -0.004836 0.006562
v 0.023489 -0.004729 0.006345
v 0.023489 -0.004729 0.006345
v 0.023489 -0.004729 0.006345
v 0.023489 -0.004729 0.006345
v 0.022834 -0.005459 0.00785
v 0.022834 -0.005459 0.00785
v 0.022834 -0.005459 0.00785
v 0.022834 -0.005459 0.00785
v 0.022834 -0.005459 0.00785
v 0.022757 -0.005344 0.008274
v 0.022757 -0.005344 0.008274
v 0.022757 -0.005344 0.008274
v 0.022757 -0.005344 0.008274
v 0.022757 -0.005344 0.008274
v 0.022757 -0.005344 0.008274
v 0.022757 -0.005344 0.008274
v 0.022757 -0.005344 0.008274
v 0.022757 -0.005344 0.008274
v 0.022757 -0.005344 0.008274
v 0.022757 -0.005344 0.008274
v 0.022732 -0.00556 0.008063
v 0.022732 -0.00556 0.008063
v 0.022732 -0.00556 0.008063
v 0.022732 -0.00556 0.008063
v 0.022189 -0.006046 0.00912
v 0.022189 -0.006046 0.00912
v 0.022189 -0.006046 0.00912
v 0.022189 -0.006046 0.00912
v 0.021957 -0.006232 0.009538
v 0.021957 -0.006232 0.009538
v 0.021957 -0.006232 0.009538
v 0.021957 -0.006232 0.009538
v 0.021716 -0.006413 0.009954
v 0.021716 -0.006413 0.009954
v 0.021716 -0.006413 0.009954
v 0.021716 -0.006413 0.009954
v 0.021716 -0.006413 0.009954
v 0.022302 -0.005951 0.00891
v 0.022302 -0.005951 0.00891
v 0.022302 -0.005951 0.00891
v 0.022302 -0.005951 0.00891
v 0.022413 -0.005855 0.008699
v 0.022413 -0.005855 0.008699
v 0.022413 -0.005855 0.008699
v 0.022413 -0.005855 0.008699
v 0.022413 -0.005855 0.008699
v 0.022627 -0.005659 0.008276
v 0.022627 -0.005659 0.008276
v 0.022627 -0.005659 0.008276
v 0.022627 -0.005659 0.008276
v 0.022627 -0.005659 0.008276
v 0.020173 -0.00741 0.012426
v 0.020173 -0.00741 0.012426
v 0.020173 -0.00741 0.012426
v 0.020173 -0.00741 0.012426
v 0.020173 -0.00741 0.012426
v 0.020173 -0.00741 0.012426
v 0.020421 -0.007258 0.012031
v 0.020421 -0.007258 0.012031
v 0.020421 -0.007258 0.012031
v 0.020421 -0.007258 0.012031
v 0.020421 -0.007258 0.012031
v 0.021211 -0.006759 0.010779
v 0.021211 -0.006759 0.010779
v 0.021211 -0.006759 0.010779
v 0.021211 -0.006759 0.010779
v 0.021211 -0.006759 0.010779
v 0.021211 -0.006759 0.010779
v 0.021211 -0.006759 0.010779
v 0.020994 -0.005609 0.012475
v 0.020994 -0.005609 0.012475
v 0.020994 -0.005609 0.012475
v 0.020994 -0.005609 0.012475
v 0.020994 -0.005609 0.012475
v 0.020994 -0.005609 0.012475
v 0.020994 -0.005609 0.012475
v 0.022577 -0.00416 0.009948
v 0.022577 -0.00416 0.009948
v 0.022577 -0.00416 0.009948
v 0.022577 -0.00416 0.009948
v 0.022577 -0.00416 0.009948
v 0.022577 -0.00416 0.009948
v 0.022526 -0.004306 0.009969
v 0.022526 -0.004306 0.009969
v 0.022526 -0.004306 0.009969
v 0.022526 -0.004306 0.009969
v 0.022526 -0.004306 0.009969
v 0.022526 -0.004306 0.009969
v 0.022483 -0.004397 0.010008
v 0.022483 -0.004397 0.010008
v 0.022483 -0.004397 0.010008
v 0.022483 -0.004397 0.010008
v 0.022483 -0.004397 0.010008
v 0.022363 -0.00456 0.010176
v 0.022363 -0.00456 0.010176
v 0.022363 -0.00456 0.010176
v 0.022363 -0.00456 0.010176
v 0.022363 -0.00456 0.010176
v 0.023479 -0.003228 0.008066
v 0.023479 -0.003228 0.008066
v 0.023479 -0.003228 0.008066
v 0.023479 -0.003228 0.008066
v 0.023479 -0.003228 0.008066
v 0.023453 -0.003045 0.008283
v 0.023453 -0.003045 0.008283
v 0.023453 -0.003045 0.008283
v 0.023453 -0.003045 0.008283
v 0.023453 -0.003045 0.008283
v 0.023453 -0.003045 0.008283
v 0.023467 -0.002864 0.008357
v 0.023467 -0.002864 0.008357
v 0.023467 -0.002864 0.008357
v 0.023467 -0.002864 0.008357
v 0.023467 -0.002864 0.008357
v 0.023467 -0.002864 0.008357
v 0.023001 -0.002184 0.009923
v 0.023001 -0.002184 0.009923
v 0.023001 -0.002184 0.009923
v 0.023001 -0.002184 0.009923
v 0.023001 -0.002184 0.009923
v 0.023001 -0.002184 0.009923
v 0.023001 -0.002184 0.009923
v 0.023001 -0.002184 0.009923
v 0.023001 -0.002184 0.009923
v 0.023486 -0.002746 0.008367
v 0.023486 -0.002746 0.008367
v 0.023486 -0.002746 0.008367
v 0.023486 -0.002746 0.008367
v 0.023486 -0.002746 0.008367
v 0.023715 -0.000709 0.00835
v 0.023715 -0.000709 0.00835
v 0.023715 -0.000709 0.00835
v 0.023715 -0.000709 0.00835
v 0.023715 -0.000709 0.00835
v 0.023715 -0.000709 0.00835
v 0.023715 -0.000709 0.00835
v 0.023715 -0.000709 0.00835
v 0.023715 -0.000709 0.00835
v 0.023115 -0.000682 0.009908
v 0.023115 -0.000682 0.009908
v 0.023115 -0.000682 0.009908
v 0.023115 -0.000682 0.009908
v 0.023115 -0.000682 0.009908
v 0.022963 0.000271 0.010179
v 0.022963 0.000271 0.010179
v 0.022963 0.000271 0.010179
v 0.022963 0.000271 0.010179
v 0.022963 0.000271 0.010179
v 0.022963 0.000271 0.010179
v 0.023061 0.000115 0.00999
v 0.023061 0.000115 0.00999
v 0.023061 0.000115 0.00999
v 0.023061 0.000115 0.00999
v 0.023061 0.000115 0.00999
v 0.023604 0.001325 0.008339
v 0.023604 0.001325 0.008339
v 0.023604 0.001325 0.008339
v 0.023604 0.001325 0.008339
v 0.023604 0.001325 0.008339
v 0.023604 0.001325 0.008339
v 0.023604 0.001325 0.008339
v 0.023604 0.001325 0.008339
v 0.023105 -7.2E-05 0.009913
v 0.023105 -7.2E-05 0.009913
v 0.023105 -7.2E-05 0.009913
v 0.023105 -7.2E-05 0.009913
v 0.023105 -7.2E-05 0.009913
v 0.023105 -7.2E-05 0.009913
v 0.023105 -7.2E-05 0.009913
v 0.023114 -0.000183 0.009901
v 0.023114 -0.000183 0.009901
v 0.023114 -0.000183 0.009901
v 0.023114 -0.000183 0.009901
v 0.020806 0.000119 0.014482
v 0.020806 0.000119 0.014482
v 0.020806 0.000119 0.014482
v 0.020806 0.000119 0.014482
v 0.020806 0.000119 0.014482
v 0.021792 -0.000827 0.012636
v 0.021792 -0.000827 0.012636
v 0.021792 -0.000827 0.012636
v 0.021792 -0.000827 0.012636
v 0.021792 -0.000827 0.012636
v 0.021792 -0.000827 0.012636
v 0.021792 -0.000827 0.012636
v 0.021792 -0.000827 0.012636
v 0.021792 -0.000827 0.012636
v 0.021792 -0.000827 0.012636
v 0.022715 0.000254 0.010689
v 0.022715 0.000254 0.010689
v 0.022715 0.000254 0.010689
v 0.022715 0.000254 0.010689
v 0.022715 0.000254 0.010689
v 0.022715 0.000254 0.010689
v 0.022715 0.000254 0.010689
v 0.022835 0.000331 0.010434
v 0.022835 0.000331 0.010434
v 0.022835 0.000331 0.010434
v 0.022835 0.000331 0.010434
v 0.022835 0.000331 0.010434
v 0.020422 -0.000331 0.015346
v 0.020422 -0.000331 0.015346
v 0.020422 -0.000331 0.015346
v 0.020422 -0.000331 0.015346
v 0.020422 -0.000331 0.015346
v 0.020422 -0.000331 0.015346
v 0.020422 -0.000331 0.015346
v 0.020461 -0.001445 0.015384
v 0.020461 -0.001445 0.015384
v 0.020461 -0.001445 0.015384
v 0.020461 -0.001445 0.015384
v 0.020427 -0.002226 0.015412
v 0.020427 -0.002226 0.015412
v 0.020427 -0.002226 0.015412
v 0.020427 -0.002226 0.015412
v 0.020427 -0.002226 0.015412
v 0.02359 0.001667 0.008221
v 0.02359 0.001667 0.008221
v 0.02359 0.001667 0.008221
v 0.02359 0.001667 0.008221
v 0.02359 0.001667 0.008221
v 0.02359 0.001667 0.008221
v 0.02359 0.001667 0.008221
v 0.02359 0.001667 0.008221
v 0.022612 0.002819 0.009939
v 0.022612 0.002819 0.009939
v 0.022612 0.002819 0.009939
v 0.022612 0.002819 0.009939
v 0.022612 0.002819 0.009939
v 0.022612 0.002819 0.009939
v 0.022597 0.002664 0.01006
v 0.022597 0.002664 0.01006
v 0.022597 0.002664 0.01006
v 0.022597 0.002664 0.01006
v 0.022597 0.002664 0.01006
v 0.022287 0.003865 0.009889
v 0.022287 0.003865 0.009889
v 0.022287 0.003865 0.009889
v 0.022287 0.003865 0.009889
v 0.022287 0.003865 0.009889
v 0.022287 0.003865 0.009889
v 0.022287 0.003865 0.009889
v 0.022287 0.003865 0.009889
v 0.022567 0.003047 0.009889
v 0.022567 0.003047 0.009889
v 0.022567 0.003047 0.009889
v 0.022567 0.003047 0.009889
v 0.022567 0.003047 0.009889
v 0.022598 0.002929 0.009901
v 0.022598 0.002929 0.009901
v 0.022598 0.002929 0.009901
v 0.022598 0.002929 0.009901
v 0.022598 0.002929 0.009901
v 0.022598 0.002929 0.009901
v 0.020734 0.008389 0.008345
v 0.020734 0.008389 0.008345
v 0.020734 0.008389 0.008345
v 0.020734 0.008389 0.008345
v 0.020734 0.008389 0.008345
v 0.020734 0.008389 0.008345
v 0.020734 0.008389 0.008345
v 0.020029 0.008164 0.010125
v 0.020029 0.008164 0.010125
v 0.020029 0.008164 0.010125
v 0.020029 0.008164 0.010125
v 0.020029 0.008164 0.010125
v 0.020029 0.008164 0.010125
v 0.020029 0.008164 0.010125
v 0.020029 0.008164 0.010125
v 0.020541 0.007219 0.010171
v 0.020541 0.007219 0.010171
v 0.020541 0.007219 0.010171
v 0.020541 0.007219 0.010171
v 0.020541 0.007219 0.010171
v 0.020541 0.007219 0.010171
v 0.020738 0.00707 0.009961
v 0.020738 0.00707 0.009961
v 0.020738 0.00707 0.009961
v 0.020738 0.00707 0.009961
v 0.020738 0.00707 0.009961
v 0.020829 0.006955 0.009908
v 0.020829 0.006955 0.009908
v 0.020829 0.006955 0.009908
v 0.020829 0.006955 0.009908
v 0.020829 0.006955 0.009908
v 0.021779 0.006495 0.008343
v 0.021779 0.006495 0.008343
v 0.021779 0.006495 0.008343
v 0.021779 0.006495 0.008343
v 0.021779 0.006495 0.008343
v 0.021779 0.006495 0.008343
v 0.021779 0.006495 0.008343
v 0.021779 0.006495 0.008343
v 0.020883 0.006869 0.009894
v 0.020883 0.006869 0.009894
v 0.020883 0.006869 0.009894
v 0.020883 0.006869 0.009894
v 0.020883 0.006869 0.009894
v 0.022699 0.004522 0.008337
v 0.022699 0.004522 0.008337
v 0.022699 0.004522 0.008337
v 0.022699 0.004522 0.008337
v 0.022699 0.004522 0.008337
v 0.022678 0.004571 0.008339
v 0.022678 0.004571 0.008339
v 0.022678 0.004571 0.008339
v 0.022678 0.004571 0.008339
v 0.022678 0.004571 0.008339
v 0.022678 0.004571 0.008339
v 0.021837 0.004958 0.00989
v 0.021837 0.004958 0.00989
v 0.021837 0.004958 0.00989
v 0.021837 0.004958 0.00989
v 0.021837 0.004958 0.00989
v 0.021837 0.004958 0.00989
v 0.020904 0.006831 0.009893
v 0.020904 0.006831 0.009893
v 0.020904 0.006831 0.009893
v 0.020904 0.006831 0.009893
v 0.020297 0.007134 0.010679
v 0.020297 0.007134 0.010679
v 0.020297 0.007134 0.010679
v 0.020297 0.007134 0.010679
v 0.020297 0.007134 0.010679
v 0.020297 0.007134 0.010679
v 0.020297 0.007134 0.010679
v 0.020341 0.007217 0.010524
v 0.020341 0.007217 0.010524
v 0.020341 0.007217 0.010524
v 0.020341 0.007217 0.010524
v 0.019881 0.008114 0.010436
v 0.019881 0.008114 0.010436
v 0.019881 0.008114 0.010436
v 0.019881 0.008114 0.010436
v 0.019881 0.008114 0.010436
v 0.019881 0.008114 0.010436
v 0.019881 0.008114 0.010436
v 0.019881 0.008114 0.010436
v 0.019881 0.008114 0.010436
v 0.020387 0.007244 0.010419
v 0.020387 0.007244 0.010419
v 0.020387 0.007244 0.010419
v 0.020387 0.007244 0.010419
v 0.020387 0.007244 0.010419
v 0.020387 0.007244 0.010419
v 0.020436 0.007249 0.010328
v 0.020436 0.007249 0.010328
v 0.020436 0.007249 0.010328
v 0.020436 0.007249 0.010328
v 0.020436 0.007249 0.010328
v 0.018834 0.007757 0.012526
v 0.018834 0.007757 0.012526
v 0.018834 0.007757 0.012526
v 0.018834 0.007757 0.012526
v 0.018834 0.007757 0.012526
v 0.018834 0.007757 0.012526
v 0.018834 0.007757 0.012526
v 0.018834 0.007757 0.012526
v 0.023142 0.004308 0.007276
v 0.023142 0.004308 0.007276
v 0.023142 0.004308 0.007276
v 0.023142 0.004308 0.007276
v 0.023142 0.004308 0.007276
v 0.023118 0.004171 0.00752
v 0.023118 0.004171 0.00752
v 0.023118 0.004171 0.00752
v 0.023118 0.004171 0.00752
v 0.023537 0.004034 0.006229
v 0.023537 0.004034 0.006229
v 0.023537 0.004034 0.006229
v 0.023537 0.004034 0.006229
v 0.023537 0.004034 0.006229
v 0.023537 0.004034 0.006229
v 0.023537 0.004034 0.006229
v 0.023537 0.004034 0.006229
v 0.023537 0.004034 0.006229
v 0.023537 0.004034 0.006229
v 0.023064 0.004084 0.007786
v 0.023064 0.004084 0.007786
v 0.023064 0.004084 0.007786
v 0.023064 0.004084 0.007786
v 0.023064 0.004084 0.007786
v 0.023064 0.004084 0.007786
v 0.023064 0.004084 0.007786
v 0.023022 0.004091 0.007903
v 0.023022 0.004091 0.007903
v 0.023022 0.004091 0.007903
v 0.023022 0.004091 0.007903
v 0.023022 0.004091 0.007903
v 0.023199 0.005149 0.005786
v 0.023199 0.005149 0.005786
v 0.023199 0.005149 0.005786
v 0.023199 0.005149 0.005786
v 0.023199 0.005149 0.005786
v 0.023199 0.005149 0.005786
v 0.023199 0.005149 0.005786
v 0.023946 0.004079 0.004183
v 0.023946 0.004079 0.004183
v 0.023946 0.004079 0.004183
v 0.023946 0.004079 0.004183
v 0.023946 0.004079 0.004183
v 0.023102 0.006115 0.00404
v 0.023102 0.006115 0.00404
v 0.023102 0.006115 0.00404
v 0.023102 0.006115 0.00404
v 0.023102 0.006115 0.00404
v 0.023102 0.006115 0.00404
v 0.022828 0.007111 0.002195
v 0.022828 0.007111 0.002195
v 0.022828 0.007111 0.002195
v 0.022828 0.007111 0.002195
v 0.022828 0.007111 0.002195
v 0.023178 0.006445 0.002114
v 0.023178 0.006445 0.002114
v 0.023178 0.006445 0.002114
v 0.023178 0.006445 0.002114
v 0.023178 0.006445 0.002114
v 0.023178 0.006445 0.002114
v 0.023178 0.006445 0.002114
v 0.023178 0.006445 0.002114
v 0.022385 0.008093 0.000318
v 0.022385 0.008093 0.000318
v 0.022385 0.008093 0.000318
v 0.022385 0.008093 0.000318
v 0.022385 0.008093 0.000318
v 0.022385 0.008093 0.000318
v 0.023258 0.006461 2.8E-05
v 0.023258 0.006461 2.8E-05
v 0.023258 0.006461 2.8E-05
v 0.023258 0.006461 2.8E-05
v 0.023258 0.006461 2.8E-05
v 0.023258 0.006461 2.8E-05
v 0.023258 0.006461 2.8E-05
v 0.023258 0.006461 2.8E-05
v 0.023258 0.006461 2.8E-05
v 0.023258 0.006461 2.8E-05
v 0.023258 0.006461 2.8E-05
v 0.022373 0.008114 0.000272
v 0.022373 0.008114 0.000272
v 0.022373 0.008114 0.000272
v 0.022373 0.008114 0.000272
v 0.022351 0.008155 0.000124
v 0.022351 0.008155 0.000124
v 0.022351 0.008155 0.000124
v 0.022351 0.008155 0.000124
v 0.022351 0.008155 0.000124
v 0.022385 0.008093 -0.000264
v 0.022385 0.008093 -0.000264
v 0.022385 0.008093 -0.000264
v 0.022385 0.008093 -0.000264
v 0.022385 0.008093 -0.000264
v 0.022348 0.008162 0
v 0.022348 0.008162 0
v 0.022348 0.008162 0
v 0.022348 0.008162 0
v 0.022348 0.008162 0
v 0.022348 0.008162 0
v 0.023136 0.005923 -0.004338
v 0.023136 0.005923 -0.004338
v 0.023136 0.005923 -0.004338
v 0.023136 0.005923 -0.004338
v 0.023136 0.005923 -0.004338
v 0.023136 0.005923 -0.004338
v 0.023136 0.005923 -0.004338
v 0.023114 0.004144 -0.007512
v 0.023114 0.004144 -0.007512
v 0.023114 0.004144 -0.007512
v 0.023114 0.004144 -0.007512
v 0.023114 0.004144 -0.007512
v 0.023537 0.004034 -0.006174
v 0.023537 0.004034 -0.006174
v 0.023537 0.004034 -0.006174
v 0.023537 0.004034 -0.006174
v 0.023537 0.004034 -0.006174
v 0.023537 0.004034 -0.006174
v 0.023537 0.004034 -0.006174
v 0.023537 0.004034 -0.006174
v 0.023056 0.004083 -0.007757
v 0.023056 0.004083 -0.007757
v 0.023056 0.004083 -0.007757
v 0.023056 0.004083 -0.007757
v 0.023056 0.004083 -0.007757
v 0.023056 0.004083 -0.007757
v 0.022928 0.00416 -0.008044
v 0.022928 0.00416 -0.008044
v 0.022928 0.00416 -0.008044
v 0.022928 0.00416 -0.008044
v 0.022928 0.00416 -0.008044
v 0.023118 0.004171 -0.007467
v 0.023118 0.004171 -0.007467
v 0.023118 0.004171 -0.007467
v 0.023118 0.004171 -0.007467
v 0.0232 0.005039 -0.005928
v 0.0232 0.005039 -0.005928
v 0.0232 0.005039 -0.005928
v 0.0232 0.005039 -0.005928
v 0.0232 0.005039 -0.005928
v 0.0232 0.005039 -0.005928
v 0.023947 0.00408 -0.004128
v 0.023947 0.00408 -0.004128
v 0.023947 0.00408 -0.004128
v 0.023947 0.00408 -0.004128
v 0.023947 0.00408 -0.004128
v 0.023947 0.00408 -0.004128
v 0.023187 0.005461 -0.005172
v 0.023187 0.005461 -0.005172
v 0.023187 0.005461 -0.005172
v 0.023187 0.005461 -0.005172
v 0.025018 0.000363 -0.000779
v 0.025018 0.000363 -0.000779
v 0.025018 0.000363 -0.000779
v 0.025018 0.000363 -0.000779
v 0.025018 0.000363 -0.000779
v 0.025018 0.000363 -0.000779
v 0.025014 0.000645 -0.000264
v 0.025014 0.000645 -0.000264
v 0.025014 0.000645 -0.000264
v 0.025014 0.000645 -0.000264
v 0.025014 0.000645 -0.000264
v 0.025014 0.000645 -0.000264
v 0.024215 -0.002361 -0.005818
v 0.024215 -0.002361 -0.005818
v 0.024215 -0.002361 -0.005818
v 0.024215 -0.002361 -0.005818
v 0.024215 -0.002361 -0.005818
v 0.024215 -0.002361 -0.005818
v 0.024952 -0.001507 -4E-05
v 0.024952 -0.001507 -4E-05
v 0.024952 -0.001507 -4E-05
v 0.024952 -0.001507 -4E-05
v 0.024952 -0.001507 -4E-05
v 0.024943 -0.00157 -0.000264
v 0.024943 -0.00157 -0.000264
v 0.024943 -0.00157 -0.000264
v 0.024943 -0.00157 -0.000264
v 0.024943 -0.00157 -0.000264
v 0.024433 -0.00195 -0.005041
v 0.024433 -0.00195 -0.005041
v 0.024433 -0.00195 -0.005041
v 0.024433 -0.00195 -0.005041
v 0.023595 0.001385 -0.008284
v 0.023595 0.001385 -0.008284
v 0.023595 0.001385 -0.008284
v 0.023595 0.001385 -0.008284
v 0.023595 0.001385 -0.008284
v 0.023595 0.001385 -0.008284
v 0.023588 0.001609 -0.008201
v 0.023588 0.001609 -0.008201
v 0.023588 0.001609 -0.008201
v 0.023588 0.001609 -0.008201
v 0.023588 0.001609 -0.008201
v 0.023588 0.001609 -0.008201
v 0.023588 0.001609 -0.008201
v 0.023588 0.001609 -0.008201
v 0.02362 0.001783 -0.008015
v 0.02362 0.001783 -0.008015
v 0.02362 0.001783 -0.008015
v 0.02362 0.001783 -0.008015
v 0.02362 0.001783 -0.008015
v 0.023823 0.002383 -0.006954
v 0.023823 0.002383 -0.006954
v 0.023823 0.002383 -0.006954
v 0.023823 0.002383 -0.006954
v 0.023823 0.002383 -0.006954
v 0.023823 0.002383 -0.006954
v 0.023823 0.002383 -0.006954
v 0.02398 0.003264 -0.005368
v 0.02398 0.003264 -0.005368
v 0.02398 0.003264 -0.005368
v 0.02398 0.003264 -0.005368
v 0.02398 0.003264 -0.005368
v 0.02398 0.003264 -0.005368
v 0.02398 0.003264 -0.005368
v 0.023978 0.004169 -0.003721
v 0.023978 0.004169 -0.003721
v 0.023978 0.004169 -0.003721
v 0.023978 0.004169 -0.003721
v 0.023978 0.004169 -0.003721
v 0.023909 0.004661 -0.002816
v 0.023909 0.004661 -0.002816
v 0.023909 0.004661 -0.002816
v 0.023909 0.004661 -0.002816
v 0.023909 0.004661 -0.002816
v 0.023909 0.004661 -0.002816
v 0.023808 0.005098 -0.002005
v 0.023808 0.005098 -0.002005
v 0.023808 0.005098 -0.002005
v 0.023808 0.005098 -0.002005
v 0.023808 0.005098 -0.002005
v 0.023473 0.006017 -0.000264
v 0.023473 0.006017 -0.000264
v 0.023473 0.006017 -0.000264
v 0.023473 0.006017 -0.000264
v 0.023444 0.00608 -7.4E-05
v 0.023444 0.00608 -7.4E-05
v 0.023444 0.00608 -7.4E-05
v 0.023444 0.00608 -7.4E-05
v 0.023444 0.00608 -7.4E-05
v 0.023444 0.00608 -7.4E-05
v 0.023961 0.004319 0.003499
v 0.023961 0.004319 0.003499
v 0.023961 0.004319 0.003499
v 0.023961 0.004319 0.003499
v 0.023961 0.004319 0.003499
v 0.023961 0.004319 0.003499
v 0.023961 0.004319 0.003499
v 0.023778 0.0052 0.001866
v 0.023778 0.0052 0.001866
v 0.023778 0.0052 0.001866
v 0.023778 0.0052 0.001866
v 0.023778 0.0052 0.001866
v 0.023778 0.0052 0.001866
v 0.023778 0.0052 0.001866
v 0.023473 0.006017 0.000318
v 0.023473 0.006017 0.000318
v 0.023473 0.006017 0.000318
v 0.023473 0.006017 0.000318
v 0.023473 0.006017 0.000318
v 0.023441 0.006087 5.1E-05
v 0.023441 0.006087 5.1E-05
v 0.023441 0.006087 5.1E-05
v 0.023441 0.006087 5.1E-05
v 0.023441 0.006087 5.1E-05
v 0.023441 0.006087 5.1E-05
v 0.022981 0.006633 0.003087
v 0.022981 0.006633 0.003087
v 0.022981 0.006633 0.003087
v 0.022981 0.006633 0.003087
v 0.023993 0.00345 0.005084
v 0.023993 0.00345 0.005084
v 0.023993 0.00345 0.005084
v 0.023993 0.00345 0.005084
v 0.023993 0.00345 0.005084
v 0.023993 0.00345 0.005084
v 0.023956 0.003044 0.00582
v 0.023956 0.003044 0.00582
v 0.023956 0.003044 0.00582
v 0.023956 0.003044 0.00582
v 0.023603 0.001725 0.008151
v 0.023603 0.001725 0.008151
v 0.023603 0.001725 0.008151
v 0.023603 0.001725 0.008151
v 0.023603 0.001725 0.008151
v 0.023603 0.001725 0.008151
v 0.023621 0.001783 0.008067
v 0.023621 0.001783 0.008067
v 0.023621 0.001783 0.008067
v 0.023621 0.001783 0.008067
v 0.023621 0.001783 0.008067
v 0.023621 0.001783 0.008067
v 0.023879 0.002612 0.006598
v 0.023879 0.002612 0.006598
v 0.023879 0.002612 0.006598
v 0.023879 0.002612 0.006598
v 0.023879 0.002612 0.006598
v 0.023587 0.001553 0.008285
v 0.023587 0.001553 0.008285
v 0.023587 0.001553 0.008285
v 0.023587 0.001553 0.008285
v 0.023587 0.001553 0.008285
v 0.023587 0.001553 0.008285
v 0.023587 0.001553 0.008285
v 0.023592 0.001648 0.008225
v 0.023592 0.001648 0.008225
v 0.023592 0.001648 0.008225
v 0.023592 0.001648 0.008225
v 0.02443 -0.001955 0.005103
v 0.02443 -0.001955 0.005103
v 0.02443 -0.001955 0.005103
v 0.02443 -0.001955 0.005103
v 0.02443 -0.001955 0.005103
v 0.02443 -0.001955 0.005103
v 0.02443 -0.001955 0.005103
v 0.02443 -0.001955 0.005103
v 0.02443 -0.001955 0.005103
v 0.023928 -0.002818 0.006749
v 0.023928 -0.002818 0.006749
v 0.023928 -0.002818 0.006749
v 0.023928 -0.002818 0.006749
v 0.023928 -0.002818 0.006749
v 0.023928 -0.002818 0.006749
v 0.025014 0.000645 0.000318
v 0.025014 0.000645 0.000318
v 0.025014 0.000645 0.000318
v 0.025014 0.000645 0.000318
v 0.025014 0.000645 0.000318
v 0.024972 -0.000223 0.0019
v 0.024972 -0.000223 0.0019
v 0.024972 -0.000223 0.0019
v 0.024972 -0.000223 0.0019
v 0.024972 -0.000223 0.0019
v 0.024972 -0.000223 0.0019
v 0.024901 -0.000622 0.00263
v 0.024901 -0.000622 0.00263
v 0.024901 -0.000622 0.00263
v 0.024901 -0.000622 0.00263
v 0.025011 0.000713 0.000136
v 0.025011 0.000713 0.000136
v 0.025011 0.000713 0.000136
v 0.025011 0.000713 0.000136
v 0.025011 0.000713 0.000136
v 0.025014 0.00066 0.000288
v 0.025014 0.00066 0.000288
v 0.025014 0.00066 0.000288
v 0.025014 0.00066 0.000288
v 0.025014 0.00066 0.000288
v 0.010711 -0.017165 -0.01001
v 0.010711 -0.017165 -0.01001
v 0.010711 -0.017165 -0.01001
v 0.010711 -0.017165 -0.01001
v 0.010711 -0.017165 -0.01001
v 0.010711 -0.017165 -0.01001
v 0.011126 -0.016935 -0.010011
v 0.011126 -0.016935 -0.010011
v 0.011126 -0.016935 -0.010011
v 0.011126 -0.016935 -0.010011
v 0.011126 -0.016935 -0.010011
v 0.011126 -0.016935 -0.010011
v 0.010498 -0.017652 -0.008531
v 0.010498 -0.017652 -0.008531
v 0.010498 -0.017652 -0.008531
v 0.010498 -0.017652 -0.008531
v 0.010498 -0.017652 -0.008531
v 0.010498 -0.017652 -0.008531
v 0.010498 -0.017652 -0.008531
v 0.010498 -0.017652 -0.008531
v 0.012556 -0.016462 -0.008533
v 0.012556 -0.016462 -0.008533
v 0.012556 -0.016462 -0.008533
v 0.012556 -0.016462 -0.008533
v 0.012556 -0.016462 -0.008533
v 0.01882 -0.01255 0.000321
v 0.01882 -0.01255 0.000321
v 0.01882 -0.01255 0.000321
v 0.01882 -0.01255 0.000321
v 0.01882 -0.01255 0.000321
v 0.018868 -0.012503 0.000154
v 0.018868 -0.012503 0.000154
v 0.018868 -0.012503 0.000154
v 0.018868 -0.012503 0.000154
v 0.018868 -0.012503 0.000154
v 0.018868 -0.012503 0.000154
v 0.018868 -0.012503 0.000154
v 0.018923 -0.012213 0.003786
v 0.018923 -0.012213 0.003786
v 0.018923 -0.012213 0.003786
v 0.018923 -0.012213 0.003786
v 0.018923 -0.012213 0.003786
v 0.018923 -0.012213 0.003786
v 0.018923 -0.012213 0.003786
v 0.018504 -0.010959 0.010291
v 0.018504 -0.010959 0.010291
v 0.018504 -0.010959 0.010291
v 0.018504 -0.010959 0.010291
v 0.018504 -0.010959 0.010291
v 0.018504 -0.010959 0.010291
v 0.018504 -0.010959 0.010291
v 0.018504 -0.010959 0.010291
v 0.017671 -0.011747 0.010559
v 0.017671 -0.011747 0.010559
v 0.017671 -0.011747 0.010559
v 0.017671 -0.011747 0.010559
v 0.017671 -0.011747 0.010559
v 0.017671 -0.011747 0.010559
v 0.01811 -0.012016 0.008568
v 0.01811 -0.012016 0.008568
v 0.01811 -0.012016 0.008568
v 0.01811 -0.012016 0.008568
v 0.01811 -0.012016 0.008568
v 0.01811 -0.012016 0.008568
v 0.01811 -0.012016 0.008568
v 0.01811 -0.012016 0.008568
v 0.01811 -0.012016 0.008568
v 0.01811 -0.012016 0.008568
v 0.017558 -0.011362 0.01172
v 0.017558 -0.011362 0.01172
v 0.017558 -0.011362 0.01172
v 0.017558 -0.011362 0.01172
v 0.017558 -0.011362 0.01172
v 0.017558 -0.011362 0.01172
v 0.017558 -0.011362 0.01172
v 0.017558 -0.011362 0.01172
v 0.01651 -0.012692 0.011057
v 0.01651 -0.012692 0.011057
v 0.01651 -0.012692 0.011057
v 0.01651 -0.012692 0.011057
v 0.01651 -0.012692 0.011057
v 0.01651 -0.012692 0.011057
v 0.01651 -0.012692 0.011057
v 0.015574 -0.012979 0.012528
v 0.015574 -0.012979 0.012528
v 0.015574 -0.012979 0.012528
v 0.015574 -0.012979 0.012528
v 0.015574 -0.012979 0.012528
v 0.015574 -0.012979 0.012528
v 0.014826 -0.013204 0.013673
v 0.014826 -0.013204 0.013673
v 0.014826 -0.013204 0.013673
v 0.014826 -0.013204 0.013673
v 0.014826 -0.013204 0.013673
v 0.014826 -0.013204 0.013673
v 0.014826 -0.013204 0.013673
v 0.014826 -0.013204 0.013673
v 0.013989 -0.015103 0.010069
v 0.013989 -0.015103 0.010069
v 0.013989 -0.015103 0.010069
v 0.013989 -0.015103 0.010069
v 0.013989 -0.015103 0.010069
v 0.013607 -0.015374 0.01007
v 0.013607 -0.015374 0.01007
v 0.013607 -0.015374 0.01007
v 0.013607 -0.015374 0.01007
v 0.013607 -0.015374 0.01007
v 0.013607 -0.015374 0.01007
v 0.013607 -0.015374 0.01007
v 0.01452 -0.015123 0.008584
v 0.01452 -0.015123 0.008584
v 0.01452 -0.015123 0.008584
v 0.01452 -0.015123 0.008584
v 0.01452 -0.015123 0.008584
v 0.01452 -0.015123 0.008584
v 0.01452 -0.015123 0.008584
v 0.01452 -0.015123 0.008584
v 0.012556 -0.016462 0.008586
v 0.012556 -0.016462 0.008586
v 0.012556 -0.016462 0.008586
v 0.012556 -0.016462 0.008586
v 0.012556 -0.016462 0.008586
v 0.009543 -0.01597 0.015972
v 0.009543 -0.01597 0.015972
v 0.009543 -0.01597 0.015972
v 0.009543 -0.01597 0.015972
v 0.009543 -0.01597 0.015972
v 0.009654 -0.015821 0.016277
v 0.009654 -0.015821 0.016277
v 0.009654 -0.015821 0.016277
v 0.009654 -0.015821 0.016277
v 0.009654 -0.015821 0.016277
v 0.009654 -0.015821 0.016277
v 0.009654 -0.015821 0.016277
v 0.009654 -0.015821 0.016277
v 0.00787 -0.016652 0.016189
v 0.00787 -0.016652 0.016189
v 0.00787 -0.016652 0.016189
v 0.00787 -0.016652 0.016189
v 0.00787 -0.016652 0.016189
v 0.00787 -0.016652 0.016189
v 0.00787 -0.016652 0.016189
v 0.00787 -0.016652 0.016189
v 0.008497 -0.017257 0.013349
v 0.008497 -0.017257 0.013349
v 0.008497 -0.017257 0.013349
v 0.008497 -0.017257 0.013349
v 0.008497 -0.017257 0.013349
v 0.008497 -0.017257 0.013349
v 0.008497 -0.017257 0.013349
v 0.008497 -0.017257 0.013349
v 0.008108 -0.017673 0.012528
v 0.008108 -0.017673 0.012528
v 0.008108 -0.017673 0.012528
v 0.008108 -0.017673 0.012528
v 0.008108 -0.017673 0.012528
v 0.007345 -0.018494 0.010853
v 0.007345 -0.018494 0.010853
v 0.007345 -0.018494 0.010853
v 0.007345 -0.018494 0.010853
v 0.007345 -0.018494 0.010853
v 0.007345 -0.018494 0.010853
v 0.007345 -0.018494 0.010853
v 0.007663 -0.018597 0.01008
v 0.007663 -0.018597 0.01008
v 0.007663 -0.018597 0.01008
v 0.007663 -0.018597 0.01008
v 0.007573 -0.018622 0.010118
v 0.007573 -0.018622 0.010118
v 0.007573 -0.018622 0.010118
v 0.007573 -0.018622 0.010118
v 0.006143 -0.019543 0.008568
v 0.006143 -0.019543 0.008568
v 0.006143 -0.019543 0.008568
v 0.006143 -0.019543 0.008568
v 0.006143 -0.019543 0.008568
v 0.006143 -0.019543 0.008568
v 0.006143 -0.019543 0.008568
v 0.006143 -0.019543 0.008568
v 0.006143 -0.019543 0.008568
v 0.006143 -0.019543 0.008568
v 0.006143 -0.019543 0.008568
v 0.006143 -0.019543 0.008568
v 0.007499 -0.018637 0.010169
v 0.007499 -0.018637 0.010169
v 0.007499 -0.018637 0.010169
v 0.007499 -0.018637 0.010169
v 0.007499 -0.018637 0.010169
v 0.007409 -0.018644 0.010265
v 0.007409 -0.018644 0.010265
v 0.007409 -0.018644 0.010265
v 0.007409 -0.018644 0.010265
v 0.007409 -0.018644 0.010265
v 0.007296 -0.018617 0.010507
v 0.007296 -0.018617 0.010507
v 0.007296 -0.018617 0.010507
v 0.007296 -0.018617 0.010507
v 0.006092 -0.019031 0.010558
v 0.006092 -0.019031 0.010558
v 0.006092 -0.019031 0.010558
v 0.006092 -0.019031 0.010558
v 0.006092 -0.019031 0.010558
v 0.006092 -0.019031 0.010558
v 0.006092 -0.019031 0.010558
v 0.006092 -0.019031 0.010558
v 0.007356 -0.01864 0.010349
v 0.007356 -0.01864 0.010349
v 0.007356 -0.01864 0.010349
v 0.007356 -0.01864 0.010349
v 0.007356 -0.01864 0.010349
v 0.007376 -0.018643 0.010315
v 0.007376 -0.018643 0.010315
v 0.007376 -0.018643 0.010315
v 0.007376 -0.018643 0.010315
v 0.007376 -0.018643 0.010315
v 0.007293 -0.018613 0.010524
v 0.007293 -0.018613 0.010524
v 0.007293 -0.018613 0.010524
v 0.007293 -0.018613 0.010524
v 0.007294 -0.018558 0.010705
v 0.007294 -0.018558 0.010705
v 0.007294 -0.018558 0.010705
v 0.007294 -0.018558 0.010705
v 0.007294 -0.018558 0.010705
v 0.007294 -0.018558 0.010705
v 0.006041 -0.018525 0.012222
v 0.006041 -0.018525 0.012222
v 0.006041 -0.018525 0.012222
v 0.006041 -0.018525 0.012222
v 0.006041 -0.018525 0.012222
v 0.006041 -0.018525 0.012222
v 0.006041 -0.018525 0.012222
v 0.006041 -0.018525 0.012222
v 0.010498 -0.017652 0.008584
v 0.010498 -0.017652 0.008584
v 0.010498 -0.017652 0.008584
v 0.010498 -0.017652 0.008584
v 0.010498 -0.017652 0.008584
v 0.010498 -0.017652 0.008584
v 0.010498 -0.017652 0.008584
v 0.010498 -0.017652 0.008584
v 0.010498 -0.017652 0.008584
v 0.010498 -0.017652 0.008584
v 0.010465 -0.017297 0.010068
v 0.010465 -0.017297 0.010068
v 0.010465 -0.017297 0.010068
v 0.010465 -0.017297 0.010068
v 0.010465 -0.017297 0.010068
v 0.010465 -0.017297 0.010068
v 0.007823 -0.018538 0.010058
v 0.007823 -0.018538 0.010058
v 0.007823 -0.018538 0.010058
v 0.007823 -0.018538 0.010058
v 0.007823 -0.018538 0.010058
v 0.007823 -0.018538 0.010058
v 0.007823 -0.018538 0.010058
v 0.011291 -0.016841 0.01007
v 0.011291 -0.016841 0.01007
v 0.011291 -0.016841 0.01007
v 0.011291 -0.016841 0.01007
v 0.011291 -0.016841 0.01007
v 0.011291 -0.016841 0.01007
v 0.017043 -0.011561 0.012515
v 0.017043 -0.011561 0.012515
v 0.017043 -0.011561 0.012515
v 0.017043 -0.011561 0.012515
v 0.017043 -0.011561 0.012515
v 0.016644 -0.012645 0.010853
v 0.016644 -0.012645 0.010853
v 0.016644 -0.012645 0.010853
v 0.016644 -0.012645 0.010853
v 0.016644 -0.012645 0.010853
v 0.016644 -0.012645 0.010853
v 0.016761 -0.012636 0.010591
v 0.016761 -0.012636 0.010591
v 0.016761 -0.012636 0.010591
v 0.016761 -0.012636 0.010591
v 0.016761 -0.012636 0.010591
v 0.016777 -0.01266 0.010491
v 0.016777 -0.01266 0.010491
v 0.016777 -0.01266 0.010491
v 0.016777 -0.01266 0.010491
v 0.016777 -0.01266 0.010491
v 0.016777 -0.01266 0.010491
v 0.016773 -0.012713 0.010362
v 0.016773 -0.012713 0.010362
v 0.016773 -0.012713 0.010362
v 0.016773 -0.012713 0.010362
v 0.016773 -0.012713 0.010362
v 0.016713 -0.012836 0.01018
v 0.016713 -0.012836 0.01018
v 0.016713 -0.012836 0.01018
v 0.016713 -0.012836 0.01018
v 0.016477 -0.013096 0.010058
v 0.016477 -0.013096 0.010058
v 0.016477 -0.013096 0.010058
v 0.016477 -0.013096 0.010058
v 0.016477 -0.013096 0.010058
v 0.016477 -0.013096 0.010058
v 0.016477 -0.013096 0.010058
v 0.016376 -0.01364 0.008579
v 0.016376 -0.01364 0.008579
v 0.016376 -0.01364 0.008579
v 0.016376 -0.01364 0.008579
v 0.016376 -0.01364 0.008579
v 0.016376 -0.01364 0.008579
v 0.016376 -0.01364 0.008579
v 0.016376 -0.01364 0.008579
v 0.016376 -0.01364 0.008579
v 0.016376 -0.01364 0.008579
v 0.016376 -0.01364 0.008579
v 0.016376 -0.01364 0.008579
v 0.016376 -0.01364 0.008579
v 0.016376 -0.01364 0.008579
v 0.016376 -0.01364 0.008579
v 0.016376 -0.01364 0.008579
v 0.016376 -0.01364 0.008579
v 0.016376 -0.01364 0.008579
v 0.016567 -0.01301 0.010069
v 0.016567 -0.01301 0.010069
v 0.016567 -0.01301 0.010069
v 0.016567 -0.01301 0.010069
v 0.016567 -0.01301 0.010069
v 0.016567 -0.01301 0.010069
v 0.016567 -0.01301 0.010069
v 0.016694 -0.012862 0.010154
v 0.016694 -0.012862 0.010154
v 0.016694 -0.012862 0.010154
v 0.016694 -0.012862 0.010154
v 0.015942 -0.011952 0.014259
v 0.015942 -0.011952 0.014259
v 0.015942 -0.011952 0.014259
v 0.015942 -0.011952 0.014259
v 0.015942 -0.011952 0.014259
v 0.015942 -0.011952 0.014259
v 0.015942 -0.011952 0.014259
v 0.014757 -0.012322 0.016188
v 0.014757 -0.012322 0.016188
v 0.014757 -0.012322 0.016188
v 0.014757 -0.012322 0.016188
v 0.014757 -0.012322 0.016188
v 0.014757 -0.012322 0.016188
v 0.014757 -0.012322 0.016188
v 0.014757 -0.012322 0.016188
v 0.013359 -0.013476 0.016271
v 0.013359 -0.013476 0.016271
v 0.013359 -0.013476 0.016271
v 0.013359 -0.013476 0.016271
v 0.013236 -0.01357 0.016276
v 0.013236 -0.01357 0.016276
v 0.013236 -0.01357 0.016276
v 0.013236 -0.01357 0.016276
v 0.013236 -0.01357 0.016276
v 0.013236 -0.01357 0.016276
v 0.018646 -0.012414 0.004357
v 0.018646 -0.012414 0.004357
v 0.018646 -0.012414 0.004357
v 0.018646 -0.012414 0.004357
v 0.018646 -0.012414 0.004357
v 0.018646 -0.012414 0.004357
v 0.017955 -0.012861 0.005713
v 0.017955 -0.012861 0.005713
v 0.017955 -0.012861 0.005713
v 0.017955 -0.012861 0.005713
v 0.017955 -0.012861 0.005713
v 0.017955 -0.012861 0.005713
v 0.016844 -0.014045 0.004551
v 0.016844 -0.014045 0.004551
v 0.016844 -0.014045 0.004551
v 0.016844 -0.014045 0.004551
v 0.016844 -0.014045 0.004551
v 0.016844 -0.014045 0.004551
v 0.016844 -0.014045 0.004551
v 0.016844 -0.014045 0.004551
v 0.016901 -0.013423 0.00763
v 0.016901 -0.013423 0.00763
v 0.016901 -0.013423 0.00763
v 0.016901 -0.013423 0.00763
v 0.016831 -0.013442 0.007805
v 0.016831 -0.013442 0.007805
v 0.016831 -0.013442 0.007805
v 0.016831 -0.013442 0.007805
v 0.016831 -0.013442 0.007805
v 0.016831 -0.013442 0.007805
v 0.016831 -0.013442 0.007805
v 0.016801 -0.013423 0.007989
v 0.016801 -0.013423 0.007989
v 0.016801 -0.013423 0.007989
v 0.016801 -0.013423 0.007989
v 0.016801 -0.013423 0.007989
v 0.016819 -0.013357 0.00818
v 0.016819 -0.013357 0.00818
v 0.016819 -0.013357 0.00818
v 0.016819 -0.013357 0.00818
v 0.016819 -0.013357 0.00818
v 0.016885 -0.013259 0.008327
v 0.016885 -0.013259 0.008327
v 0.016885 -0.013259 0.008327
v 0.016885 -0.013259 0.008327
v 0.016885 -0.013259 0.008327
v 0.016982 -0.013144 0.008423
v 0.016982 -0.013144 0.008423
v 0.016982 -0.013144 0.008423
v 0.016982 -0.013144 0.008423
v 0.016982 -0.013144 0.008423
v 0.01711 -0.013016 0.008465
v 0.01711 -0.013016 0.008465
v 0.01711 -0.013016 0.008465
v 0.01711 -0.013016 0.008465
v 0.01711 -0.013016 0.008465
v 0.017131 -0.012996 0.008466
v 0.017131 -0.012996 0.008466
v 0.017131 -0.012996 0.008466
v 0.017131 -0.012996 0.008466
v 0.017131 -0.012996 0.008466
v 0.017131 -0.012996 0.008466
v 0.018436 -0.011713 0.008457
v 0.018436 -0.011713 0.008457
v 0.018436 -0.011713 0.008457
v 0.018436 -0.011713 0.008457
v 0.018436 -0.011713 0.008457
v 0.018555 -0.011587 0.008457
v 0.018555 -0.011587 0.008457
v 0.018555 -0.011587 0.008457
v 0.018555 -0.011587 0.008457
v 0.019654 -0.010349 0.008445
v 0.019654 -0.010349 0.008445
v 0.019654 -0.010349 0.008445
v 0.019654 -0.010349 0.008445
v 0.016941 -0.013987 0.004361
v 0.016941 -0.013987 0.004361
v 0.016941 -0.013987 0.004361
v 0.016941 -0.013987 0.004361
v 0.017193 -0.01383 0.003863
v 0.017193 -0.01383 0.003863
v 0.017193 -0.01383 0.003863
v 0.017193 -0.01383 0.003863
v 0.017193 -0.01383 0.003863
v 0.018248 -0.01306 0.001642
v 0.018248 -0.01306 0.001642
v 0.018248 -0.01306 0.001642
v 0.018248 -0.01306 0.001642
v 0.018248 -0.01306 0.001642
v 0.018248 -0.01306 0.001642
v 0.018872 -0.0125 -7.2E-05
v 0.018872 -0.0125 -7.2E-05
v 0.018872 -0.0125 -7.2E-05
v 0.018872 -0.0125 -7.2E-05
v 0.018872 -0.0125 -7.2E-05
v 0.018872 -0.0125 -7.2E-05
v 0.018872 -0.0125 -7.2E-05
v 0.018872 -0.0125 -7.2E-05
v 0.018872 -0.0125 -7.2E-05
v 0.018872 -0.0125 -7.2E-05
v 0.020427 -0.010843 0.000319
v 0.020427 -0.010843 0.000319
v 0.020427 -0.010843 0.000319
v 0.020427 -0.010843 0.000319
v 0.020427 -0.010843 0.000319
v 0.020427 -0.010843 0.000319
v 0.019601 -0.011664 0.002312
v 0.019601 -0.011664 0.002312
v 0.019601 -0.011664 0.002312
v 0.019601 -0.011664 0.002312
v 0.019601 -0.011664 0.002312
v 0.019619 -0.011648 -0.002217
v 0.019619 -0.011648 -0.002217
v 0.019619 -0.011648 -0.002217
v 0.019619 -0.011648 -0.002217
v 0.019619 -0.011648 -0.002217
v 0.019619 -0.011648 -0.002217
v 0.020427 -0.010843 -0.000266
v 0.020427 -0.010843 -0.000266
v 0.020427 -0.010843 -0.000266
v 0.020427 -0.010843 -0.000266
v 0.020427 -0.010843 -0.000266
v 0.020465 -0.010801 -9.2E-05
v 0.020465 -0.010801 -9.2E-05
v 0.020465 -0.010801 -9.2E-05
v 0.020465 -0.010801 -9.2E-05
v 0.020465 -0.010801 -9.2E-05
v 0.020471 -0.010794 8.8E-05
v 0.020471 -0.010794 8.8E-05
v 0.020471 -0.010794 8.8E-05
v 0.020471 -0.010794 8.8E-05
v 0.018719 -0.012362 -0.004154
v 0.018719 -0.012362 -0.004154
v 0.018719 -0.012362 -0.004154
v 0.018719 -0.012362 -0.004154
v 0.018719 -0.012362 -0.004154
v 0.018719 -0.012362 -0.004154
v 0.018719 -0.012362 -0.004154
v 0.018719 -0.012362 -0.004154
v 0.018719 -0.012362 -0.004154
v 0.018829 -0.012541 -0.000248
v 0.018829 -0.012541 -0.000248
v 0.018829 -0.012541 -0.000248
v 0.018829 -0.012541 -0.000248
v 0.018829 -0.012541 -0.000248
v 0.01882 -0.01255 -0.000268
v 0.01882 -0.01255 -0.000268
v 0.01882 -0.01255 -0.000268
v 0.01882 -0.01255 -0.000268
v 0.017011 -0.013114 -0.008385
v 0.017011 -0.013114 -0.008385
v 0.017011 -0.013114 -0.008385
v 0.017011 -0.013114 -0.008385
v 0.017011 -0.013114 -0.008385
v 0.017011 -0.013114 -0.008385
v 0.016911 -0.013227 -0.008307
v 0.016911 -0.013227 -0.008307
v 0.016911 -0.013227 -0.008307
v 0.016911 -0.013227 -0.008307
v 0.016911 -0.013227 -0.008307
v 0.016376 -0.01364 -0.008525
v 0.016376 -0.01364 -0.008525
v 0.016376 -0.01364 -0.008525
v 0.016376 -0.01364 -0.008525
v 0.016376 -0.01364 -0.008525
v 0.016376 -0.01364 -0.008525
v 0.016376 -0.01364 -0.008525
v 0.016376 -0.01364 -0.008525
v 0.016376 -0.01364 -0.008525
v 0.016376 -0.01364 -0.008525
v 0.016376 -0.01364 -0.008525
v 0.016376 -0.01364 -0.008525
v 0.016376 -0.01364 -0.008525
v 0.016376 -0.01364 -0.008525
v 0.017131 -0.012996 -0.008413
v 0.017131 -0.012996 -0.008413
v 0.017131 -0.012996 -0.008413
v 0.017131 -0.012996 -0.008413
v 0.017131 -0.012996 -0.008413
v 0.01811 -0.012015 -0.008514
v 0.01811 -0.012015 -0.008514
v 0.01811 -0.012015 -0.008514
v 0.01811 -0.012015 -0.008514
v 0.01811 -0.012015 -0.008514
v 0.01811 -0.012015 -0.008514
v 0.01811 -0.012015 -0.008514
v 0.01811 -0.012015 -0.008514
v 0.01811 -0.012015 -0.008514
v 0.01811 -0.012015 -0.008514
v 0.01811 -0.012015 -0.008514
v 0.018315 -0.011839 -0.008405
v 0.018315 -0.011839 -0.008405
v 0.018315 -0.011839 -0.008405
v 0.018315 -0.011839 -0.008405
v 0.018315 -0.011839 -0.008405
v 0.016834 -0.01333 -0.008176
v 0.016834 -0.01333 -0.008176
v 0.016834 -0.01333 -0.008176
v 0.016834 -0.01333 -0.008176
v 0.016834 -0.01333 -0.008176
v 0.016802 -0.013403 -0.008012
v 0.016802 -0.013403 -0.008012
v 0.016802 -0.013403 -0.008012
v 0.016802 -0.013403 -0.008012
v 0.016802 -0.013403 -0.008012
v 0.016812 -0.013438 -0.007836
v 0.016812 -0.013438 -0.007836
v 0.016812 -0.013438 -0.007836
v 0.016812 -0.013438 -0.007836
v 0.016812 -0.013438 -0.007836
v 0.016869 -0.013435 -0.007644
v 0.016869 -0.013435 -0.007644
v 0.016869 -0.013435 -0.007644
v 0.016869 -0.013435 -0.007644
v 0.016869 -0.013435 -0.007644
v 0.016844 -0.014045 -0.004498
v 0.016844 -0.014045 -0.004498
v 0.016844 -0.014045 -0.004498
v 0.016844 -0.014045 -0.004498
v 0.016844 -0.014045 -0.004498
v 0.016844 -0.014045 -0.004498
v 0.016844 -0.014045 -0.004498
v 0.016844 -0.014045 -0.004498
v 0.017859 -0.013367 -0.002436
v 0.017859 -0.013367 -0.002436
v 0.017859 -0.013367 -0.002436
v 0.017859 -0.013367 -0.002436
v 0.017859 -0.013367 -0.002436
v 0.01735 -0.013727 -0.003493
v 0.01735 -0.013727 -0.003493
v 0.01735 -0.013727 -0.003493
v 0.01735 -0.013727 -0.003493
v 0.01735 -0.013727 -0.003493
v 0.018647 -0.012413 -0.004302
v 0.018647 -0.012413 -0.004302
v 0.018647 -0.012413 -0.004302
v 0.018647 -0.012413 -0.004302
v 0.018647 -0.012413 -0.004302
v 0.016942 -0.013986 -0.004307
v 0.016942 -0.013986 -0.004307
v 0.016942 -0.013986 -0.004307
v 0.016942 -0.013986 -0.004307
v 0.016942 -0.013986 -0.004307
v 0.018018 -0.012823 -0.00554
v 0.018018 -0.012823 -0.00554
v 0.018018 -0.012823 -0.00554
v 0.018018 -0.012823 -0.00554
v 0.018018 -0.012823 -0.00554
v 0.018018 -0.012823 -0.00554
v 0.016901 -0.013423 -0.007577
v 0.016901 -0.013423 -0.007577
v 0.016901 -0.013423 -0.007577
v 0.016901 -0.013423 -0.007577
v 0.016843 -0.011637 -0.012777
v 0.016843 -0.011637 -0.012777
v 0.016843 -0.011637 -0.012777
v 0.016843 -0.011637 -0.012777
v 0.016843 -0.011637 -0.012777
v 0.016843 -0.011637 -0.012777
v 0.016843 -0.011637 -0.012777
v 0.016843 -0.011637 -0.012777
v 0.018155 -0.011118 -0.010767
v 0.018155 -0.011118 -0.010767
v 0.018155 -0.011118 -0.010767
v 0.018155 -0.011118 -0.010767
v 0.018155 -0.011118 -0.010767
v 0.018155 -0.011118 -0.010767
v 0.017673 -0.01175 -0.010497
v 0.017673 -0.01175 -0.010497
v 0.017673 -0.01175 -0.010497
v 0.017673 -0.01175 -0.010497
v 0.017673 -0.01175 -0.010497
v 0.017673 -0.01175 -0.010497
v 0.017673 -0.01175 -0.010497
v 0.017673 -0.01175 -0.010497
v 0.019293 -0.010556 -0.008996
v 0.019293 -0.010556 -0.008996
v 0.019293 -0.010556 -0.008996
v 0.019293 -0.010556 -0.008996
v 0.019293 -0.010556 -0.008996
v 0.019293 -0.010556 -0.008996
v 0.019654 -0.010348 -0.008393
v 0.019654 -0.010348 -0.008393
v 0.019654 -0.010348 -0.008393
v 0.019654 -0.010348 -0.008393
v 0.019654 -0.010348 -0.008393
v 0.019654 -0.010348 -0.008393
v 0.016598 -0.012977 -0.010025
v 0.016598 -0.012977 -0.010025
v 0.016598 -0.012977 -0.010025
v 0.016598 -0.012977 -0.010025
v 0.016647 -0.012922 -0.010055
v 0.016647 -0.012922 -0.010055
v 0.016647 -0.012922 -0.010055
v 0.016647 -0.012922 -0.010055
v 0.016777 -0.012657 -0.010449
v 0.016777 -0.012657 -0.010449
v 0.016777 -0.012657 -0.010449
v 0.016777 -0.012657 -0.010449
v 0.016777 -0.012657 -0.010449
v 0.016752 -0.012769 -0.010209
v 0.016752 -0.012769 -0.010209
v 0.016752 -0.012769 -0.010209
v 0.016752 -0.012769 -0.010209
v 0.016752 -0.012769 -0.010209
v 0.016752 -0.012769 -0.010209
v 0.016704 -0.012848 -0.010115
v 0.016704 -0.012848 -0.010115
v 0.016704 -0.012848 -0.010115
v 0.016704 -0.012848 -0.010115
v 0.016704 -0.012848 -0.010115
v 0.016704 -0.012848 -0.010115
v 0.015575 -0.012981 -0.012472
v 0.015575 -0.012981 -0.012472
v 0.015575 -0.012981 -0.012472
v 0.015575 -0.012981 -0.012472
v 0.015575 -0.012981 -0.012472
v 0.016375 -0.011805 -0.013515
v 0.016375 -0.011805 -0.013515
v 0.016375 -0.011805 -0.013515
v 0.016375 -0.011805 -0.013515
v 0.016375 -0.011805 -0.013515
v 0.014757 -0.012321 -0.016135
v 0.014757 -0.012321 -0.016135
v 0.014757 -0.012321 -0.016135
v 0.014757 -0.012321 -0.016135
v 0.014757 -0.012321 -0.016135
v 0.014757 -0.012321 -0.016135
v 0.014757 -0.012321 -0.016135
v 0.014757 -0.012321 -0.016135
v 0.016725 -0.012631 -0.010647
v 0.016725 -0.012631 -0.010647
v 0.016725 -0.012631 -0.010647
v 0.016725 -0.012631 -0.010647
v 0.016711 -0.012632 -0.010679
v 0.016711 -0.012632 -0.010679
v 0.016711 -0.012632 -0.010679
v 0.016711 -0.012632 -0.010679
v 0.016711 -0.012632 -0.010679
v 0.016711 -0.012632 -0.010679
v 0.016647 -0.012649 -0.010794
v 0.016647 -0.012649 -0.010794
v 0.016647 -0.012649 -0.010794
v 0.016647 -0.012649 -0.010794
v 0.016647 -0.012649 -0.010794
v 0.016647 -0.012649 -0.010794
v 0.015178 -0.013109 -0.013063
v 0.015178 -0.013109 -0.013063
v 0.015178 -0.013109 -0.013063
v 0.015178 -0.013109 -0.013063
v 0.015178 -0.013109 -0.013063
v 0.015178 -0.013109 -0.013063
v 0.015178 -0.013109 -0.013063
v 0.015178 -0.013109 -0.013063
v 0.013545 -0.013508 -0.015707
v 0.013545 -0.013508 -0.015707
v 0.013545 -0.013508 -0.015707
v 0.013545 -0.013508 -0.015707
v 0.013545 -0.013508 -0.015707
v 0.013237 -0.013569 -0.016223
v 0.013237 -0.013569 -0.016223
v 0.013237 -0.013569 -0.016223
v 0.013237 -0.013569 -0.016223
v 0.013237 -0.013569 -0.016223
v 0.013237 -0.013569 -0.016223
v 0.013237 -0.013569 -0.016223
v 0.013237 -0.013569 -0.016223
v 0.01452 -0.015123 -0.008531
v 0.01452 -0.015123 -0.008531
v 0.01452 -0.015123 -0.008531
v 0.01452 -0.015123 -0.008531
v 0.01452 -0.015123 -0.008531
v 0.01452 -0.015123 -0.008531
v 0.01452 -0.015123 -0.008531
v 0.01452 -0.015123 -0.008531
v 0.01452 -0.015123 -0.008531
v 0.01452 -0.015123 -0.008531
v 0.014225 -0.014932 -0.01001
v 0.014225 -0.014932 -0.01001
v 0.014225 -0.014932 -0.01001
v 0.014225 -0.014932 -0.01001
v 0.014225 -0.014932 -0.01001
v 0.016477 -0.013096 -0.01
v 0.016477 -0.013096 -0.01
v 0.016477 -0.013096 -0.01
v 0.016477 -0.013096 -0.01
v 0.016477 -0.013096 -0.01
v 0.016477 -0.013096 -0.01
v 0.016477 -0.013096 -0.01
v 0.016477 -0.013096 -0.01
v 0.013447 -0.015486 -0.010011
v 0.013447 -0.015486 -0.010011
v 0.013447 -0.015486 -0.010011
v 0.013447 -0.015486 -0.010011
v 0.013447 -0.015486 -0.010011
v 0.013447 -0.015486 -0.010011
v 0.007347 -0.018498 -0.010793
v 0.007347 -0.018498 -0.010793
v 0.007347 -0.018498 -0.010793
v 0.007347 -0.018498 -0.010793
v 0.007347 -0.018498 -0.010793
v 0.007347 -0.018498 -0.010793
v 0.007292 -0.018596 -0.010535
v 0.007292 -0.018596 -0.010535
v 0.007292 -0.018596 -0.010535
v 0.007292 -0.018596 -0.010535
v 0.007292 -0.018596 -0.010535
v 0.006094 -0.019034 -0.010497
v 0.006094 -0.019034 -0.010497
v 0.006094 -0.019034 -0.010497
v 0.006094 -0.019034 -0.010497
v 0.006094 -0.019034 -0.010497
v 0.006094 -0.019034 -0.010497
v 0.006094 -0.019034 -0.010497
v 0.008627 -0.017108 -0.0136
v 0.008627 -0.017108 -0.0136
v 0.008627 -0.017108 -0.0136
v 0.008627 -0.017108 -0.0136
v 0.008627 -0.017108 -0.0136
v 0.008627 -0.017108 -0.0136
v 0.008627 -0.017108 -0.0136
v 0.008627 -0.017108 -0.0136
v 0.007416 -0.018428 -0.010934
v 0.007416 -0.018428 -0.010934
v 0.007416 -0.018428 -0.010934
v 0.007416 -0.018428 -0.010934
v 0.007416 -0.018428 -0.010934
v 0.007416 -0.018428 -0.010934
v 0.007416 -0.018428 -0.010934
v 0.008109 -0.017676 -0.012472
v 0.008109 -0.017676 -0.012472
v 0.008109 -0.017676 -0.012472
v 0.008109 -0.017676 -0.012472
v 0.008109 -0.017676 -0.012472
v 0.008109 -0.017676 -0.012472
v 0.006043 -0.018532 -0.012155
v 0.006043 -0.018532 -0.012155
v 0.006043 -0.018532 -0.012155
v 0.006043 -0.018532 -0.012155
v 0.006043 -0.018532 -0.012155
v 0.006043 -0.018532 -0.012155
v 0.006043 -0.018532 -0.012155
v 0.006043 -0.018532 -0.012155
v 0.006194 -0.018388 -0.012459
v 0.006194 -0.018388 -0.012459
v 0.006194 -0.018388 -0.012459
v 0.006194 -0.018388 -0.012459
v 0.007304 -0.01862 -0.010437
v 0.007304 -0.01862 -0.010437
v 0.007304 -0.01862 -0.010437
v 0.007304 -0.01862 -0.010437
v 0.007304 -0.01862 -0.010437
v 0.007304 -0.01862 -0.010437
v 0.007358 -0.018642 -0.010289
v 0.007358 -0.018642 -0.010289
v 0.007358 -0.018642 -0.010289
v 0.007358 -0.018642 -0.010289
v 0.007358 -0.018642 -0.010289
v 0.006143 -0.019543 -0.008514
v 0.006143 -0.019543 -0.008514
v 0.006143 -0.019543 -0.008514
v 0.006143 -0.019543 -0.008514
v 0.006143 -0.019543 -0.008514
v 0.006143 -0.019543 -0.008514
v 0.006143 -0.019543 -0.008514
v 0.006143 -0.019543 -0.008514
v 0.006143 -0.019543 -0.008514
v 0.007514 -0.018634 -0.010105
v 0.007514 -0.018634 -0.010105
v 0.007514 -0.018634 -0.010105
v 0.007514 -0.018634 -0.010105
v 0.007514 -0.018634 -0.010105
v 0.007514 -0.018634 -0.010105
v 0.008357 -0.018684 -0.008525
v 0.008357 -0.018684 -0.008525
v 0.008357 -0.018684 -0.008525
v 0.008357 -0.018684 -0.008525
v 0.008357 -0.018684 -0.008525
v 0.008357 -0.018684 -0.008525
v 0.008357 -0.018684 -0.008525
v 0.008357 -0.018684 -0.008525
v 0.008357 -0.018684 -0.008525
v 0.008357 -0.018684 -0.008525
v 0.008357 -0.018684 -0.008525
v 0.008357 -0.018684 -0.008525
v 0.008357 -0.018684 -0.008525
v 0.008357 -0.018684 -0.008525
v 0.00773 -0.018574 -0.010008
v 0.00773 -0.018574 -0.010008
v 0.00773 -0.018574 -0.010008
v 0.00773 -0.018574 -0.010008
v 0.00773 -0.018574 -0.010008
v 0.00773 -0.018574 -0.010008
v 0.007823 -0.018539 -0.009999
v 0.007823 -0.018539 -0.009999
v 0.007823 -0.018539 -0.009999
v 0.007823 -0.018539 -0.009999
v 0.007823 -0.018539 -0.009999
v 0.007823 -0.018539 -0.009999
v 0.007043 -0.017542 -0.014245
v 0.007043 -0.017542 -0.014245
v 0.007043 -0.017542 -0.014245
v 0.007043 -0.017542 -0.014245
v 0.007043 -0.017542 -0.014245
v 0.007043 -0.017542 -0.014245
v 0.007043 -0.017542 -0.014245
v 0.007869 -0.016652 -0.016135
v 0.007869 -0.016652 -0.016135
v 0.007869 -0.016652 -0.016135
v 0.007869 -0.016652 -0.016135
v 0.007869 -0.016652 -0.016135
v 0.007869 -0.016652 -0.016135
v 0.007869 -0.016652 -0.016135
v 0.007869 -0.016652 -0.016135
v 0.009516 -0.015892 -0.016219
v 0.009516 -0.015892 -0.016219
v 0.009516 -0.015892 -0.016219
v 0.009516 -0.015892 -0.016219
v 0.009653 -0.015821 -0.016224
v 0.009653 -0.015821 -0.016224
v 0.009653 -0.015821 -0.016224
v 0.009653 -0.015821 -0.016224
v 0.009653 -0.015821 -0.016224
v 0.009653 -0.015821 -0.016224
v 0.005795 -0.018764 -0.011668
v 0.005795 -0.018764 -0.011668
v 0.005795 -0.018764 -0.011668
v 0.005795 -0.018764 -0.011668
v 0.005795 -0.018764 -0.011668
v 0.005042 -0.019426 -0.010268
v 0.005042 -0.019426 -0.010268
v 0.005042 -0.019426 -0.010268
v 0.005042 -0.019426 -0.010268
v 0.005042 -0.019426 -0.010268
v 0.005042 -0.019426 -0.010268
v 0.003977 -0.020211 -0.008393
v 0.003977 -0.020211 -0.008393
v 0.003977 -0.020211 -0.008393
v 0.003977 -0.020211 -0.008393
v 0.007436 -0.019448 -0.006569
v 0.007436 -0.019448 -0.006569
v 0.007436 -0.019448 -0.006569
v 0.007436 -0.019448 -0.006569
v 0.007436 -0.019448 -0.006569
v 0.007436 -0.019448 -0.006569
v 0.007436 -0.019448 -0.006569
v 0.007436 -0.019448 -0.006569
v 0.007934 -0.019062 -0.007577
v 0.007934 -0.019062 -0.007577
v 0.007934 -0.019062 -0.007577
v 0.007934 -0.019062 -0.007577
v 0.008453 -0.019043 -0.006442
v 0.008453 -0.019043 -0.006442
v 0.008453 -0.019043 -0.006442
v 0.008453 -0.019043 -0.006442
v 0.008453 -0.019043 -0.006442
v 0.008453 -0.019043 -0.006442
v 0.007997 -0.018981 -0.007855
v 0.007997 -0.018981 -0.007855
v 0.007997 -0.018981 -0.007855
v 0.007997 -0.018981 -0.007855
v 0.007997 -0.018981 -0.007855
v 0.007997 -0.018981 -0.007855
v 0.007997 -0.018981 -0.007855
v 0.007997 -0.018981 -0.007855
v 0.007932 -0.018958 -0.008097
v 0.007932 -0.018958 -0.008097
v 0.007932 -0.018958 -0.008097
v 0.007932 -0.018958 -0.008097
v 0.007932 -0.018958 -0.008097
v 0.007764 -0.018982 -0.008305
v 0.007764 -0.018982 -0.008305
v 0.007764 -0.018982 -0.008305
v 0.007764 -0.018982 -0.008305
v 0.007764 -0.018982 -0.008305
v 0.007537 -0.019052 -0.008406
v 0.007537 -0.019052 -0.008406
v 0.007537 -0.019052 -0.008406
v 0.007537 -0.019052 -0.008406
v 0.007537 -0.019052 -0.008406
v 0.007449 -0.019085 -0.008413
v 0.007449 -0.019085 -0.008413
v 0.007449 -0.019085 -0.008413
v 0.007449 -0.019085 -0.008413
v 0.007449 -0.019085 -0.008413
v 0.007449 -0.019085 -0.008413
v 0.007449 -0.019085 -0.008413
v 0.005563 -0.019759 -0.008403
v 0.005563 -0.019759 -0.008403
v 0.005563 -0.019759 -0.008403
v 0.005563 -0.019759 -0.008403
v 0.005563 -0.019759 -0.008403
v 0.005223 -0.020716 -0.002342
v 0.005223 -0.020716 -0.002342
v 0.005223 -0.020716 -0.002342
v 0.005223 -0.020716 -0.002342
v 0.005223 -0.020716 -0.002342
v 0.005778 -0.02046 -0.003371
v 0.005778 -0.02046 -0.003371
v 0.005778 -0.02046 -0.003371
v 0.005778 -0.02046 -0.003371
v 0.006255 -0.020438 -0.0001
v 0.006255 -0.020438 -0.0001
v 0.006255 -0.020438 -0.0001
v 0.006255 -0.020438 -0.0001
v 0.006255 -0.020438 -0.0001
v 0.006255 -0.020438 -0.0001
v 0.006255 -0.020438 -0.0001
v 0.006255 -0.020438 -0.0001
v 0.006233 -0.02022 -0.004229
v 0.006233 -0.02022 -0.004229
v 0.006233 -0.02022 -0.004229
v 0.006233 -0.02022 -0.004229
v 0.006233 -0.02022 -0.004229
v 0.006233 -0.02022 -0.004229
v 0.006233 -0.02022 -0.004229
v 0.006318 -0.020414 -0.000268
v 0.006318 -0.020414 -0.000268
v 0.006318 -0.020414 -0.000268
v 0.006318 -0.020414 -0.000268
v 0.006318 -0.020414 -0.000268
v 0.004086 -0.021123 -0.000267
v 0.004086 -0.021123 -0.000267
v 0.004086 -0.021123 -0.000267
v 0.004086 -0.021123 -0.000267
v 0.004086 -0.021123 -0.000267
v 0.004086 -0.021123 -0.000267
v 0.006251 -0.020439 0.000126
v 0.006251 -0.020439 0.000126
v 0.006251 -0.020439 0.000126
v 0.006251 -0.020439 0.000126
v 0.006251 -0.020439 0.000126
v 0.006251 -0.020439 0.000126
v 0.006251 -0.020439 0.000126
v 0.006251 -0.020439 0.000126
v 0.006251 -0.020439 0.000126
v 0.006251 -0.020439 0.000126
v 0.006251 -0.020439 0.000126
v 0.004029 -0.021139 -7.4E-05
v 0.004029 -0.021139 -7.4E-05
v 0.004029 -0.021139 -7.4E-05
v 0.004029 -0.021139 -7.4E-05
v 0.004029 -0.021139 -7.4E-05
v 0.0057 -0.020498 0.003279
v 0.0057 -0.020498 0.003279
v 0.0057 -0.020498 0.003279
v 0.0057 -0.020498 0.003279
v 0.004508 -0.020991 0.001086
v 0.004508 -0.020991 0.001086
v 0.004508 -0.020991 0.001086
v 0.004508 -0.020991 0.001086
v 0.004508 -0.020991 0.001086
v 0.004508 -0.020991 0.001086
v 0.004086 -0.021123 0.000321
v 0.004086 -0.021123 0.000321
v 0.004086 -0.021123 0.000321
v 0.004086 -0.021123 0.000321
v 0.004086 -0.021123 0.000321
v 0.004033 -0.021138 0.000152
v 0.004033 -0.021138 0.000152
v 0.004033 -0.021138 0.000152
v 0.004033 -0.021138 0.000152
v 0.004033 -0.021138 0.000152
v 0.006233 -0.02022 0.004283
v 0.006233 -0.02022 0.004283
v 0.006233 -0.02022 0.004283
v 0.006233 -0.02022 0.004283
v 0.006233 -0.02022 0.004283
v 0.006233 -0.02022 0.004283
v 0.006233 -0.02022 0.004283
v 0.006233 -0.02022 0.004283
v 0.006306 -0.020419 0.000302
v 0.006306 -0.020419 0.000302
v 0.006306 -0.020419 0.000302
v 0.006306 -0.020419 0.000302
v 0.006306 -0.020419 0.000302
v 0.006318 -0.020414 0.000321
v 0.006318 -0.020414 0.000321
v 0.006318 -0.020414 0.000321
v 0.006318 -0.020414 0.000321
v 0.00745 -0.019085 0.008466
v 0.00745 -0.019085 0.008466
v 0.00745 -0.019085 0.008466
v 0.00745 -0.019085 0.008466
v 0.00745 -0.019085 0.008466
v 0.008357 -0.018684 0.008578
v 0.008357 -0.018684 0.008578
v 0.008357 -0.018684 0.008578
v 0.008357 -0.018684 0.008578
v 0.008357 -0.018684 0.008578
v 0.008357 -0.018684 0.008578
v 0.008357 -0.018684 0.008578
v 0.008357 -0.018684 0.008578
v 0.008357 -0.018684 0.008578
v 0.008357 -0.018684 0.008578
v 0.008357 -0.018684 0.008578
v 0.008357 -0.018684 0.008578
v 0.008357 -0.018684 0.008578
v 0.008357 -0.018684 0.008578
v 0.007687 -0.019003 0.008406
v 0.007687 -0.019003 0.008406
v 0.007687 -0.019003 0.008406
v 0.007687 -0.019003 0.008406
v 0.007687 -0.019003 0.008406
v 0.007687 -0.019003 0.008406
v 0.007781 -0.018978 0.008344
v 0.007781 -0.018978 0.008344
v 0.007781 -0.018978 0.008344
v 0.007781 -0.018978 0.008344
v 0.007781 -0.018978 0.008344
v 0.007878 -0.018961 0.008239
v 0.007878 -0.018961 0.008239
v 0.007878 -0.018961 0.008239
v 0.007878 -0.018961 0.008239
v 0.007878 -0.018961 0.008239
v 0.007988 -0.018969 0.007985
v 0.007988 -0.018969 0.007985
v 0.007988 -0.018969 0.007985
v 0.007988 -0.018969 0.007985
v 0.007988 -0.018969 0.007985
v 0.007978 -0.019022 0.007743
v 0.007978 -0.019022 0.007743
v 0.007978 -0.019022 0.007743
v 0.007978 -0.019022 0.007743
v 0.007978 -0.019022 0.007743
v 0.007978 -0.019022 0.007743
v 0.007934 -0.019062 0.00763
v 0.007934 -0.019062 0.00763
v 0.007934 -0.019062 0.00763
v 0.007934 -0.019062 0.00763
v 0.00852 -0.019281 0.004551
v 0.00852 -0.019281 0.004551
v 0.00852 -0.019281 0.004551
v 0.00852 -0.019281 0.004551
v 0.00852 -0.019281 0.004551
v 0.00852 -0.019281 0.004551
v 0.00852 -0.019281 0.004551
v 0.006852 -0.019848 0.005473
v 0.006852 -0.019848 0.005473
v 0.006852 -0.019848 0.005473
v 0.006852 -0.019848 0.005473
v 0.006852 -0.019848 0.005473
v 0.006852 -0.019848 0.005473
v 0.008425 -0.019343 0.004361
v 0.008425 -0.019343 0.004361
v 0.008425 -0.019343 0.004361
v 0.008425 -0.019343 0.004361
v 0.008425 -0.019343 0.004361
v 0.008425 -0.019343 0.004361
v 0.007469 -0.019902 0.002489
v 0.007469 -0.019902 0.002489
v 0.007469 -0.019902 0.002489
v 0.007469 -0.019902 0.002489
v 0.007469 -0.019902 0.002489
v 0.008014 -0.019599 0.003547
v 0.008014 -0.019599 0.003547
v 0.008014 -0.019599 0.003547
v 0.008014 -0.019599 0.003547
v 0.008014 -0.019599 0.003547
v 0.006272 -0.020198 0.004357
v 0.006272 -0.020198 0.004357
v 0.006272 -0.020198 0.004357
v 0.006272 -0.020198 0.004357
v 0.006272 -0.020198 0.004357
v 0.006297 -0.020184 0.004403
v 0.006297 -0.020184 0.004403
v 0.006297 -0.020184 0.004403
v 0.006297 -0.020184 0.004403
v 0.004309 -0.019984 0.009032
v 0.004309 -0.019984 0.009032
v 0.004309 -0.019984 0.009032
v 0.004309 -0.019984 0.009032
v 0.004309 -0.019984 0.009032
v 0.004309 -0.019984 0.009032
v 0.004309 -0.019984 0.009032
v 0.003977 -0.020212 0.008445
v 0.003977 -0.020212 0.008445
v 0.003977 -0.020212 0.008445
v 0.003977 -0.020212 0.008445
v 0.003977 -0.020212 0.008445
v 0.005731 -0.019705 0.008457
v 0.005731 -0.019705 0.008457
v 0.005731 -0.019705 0.008457
v 0.005731 -0.019705 0.008457
v 0.005731 -0.019705 0.008457
v 0.005731 -0.019705 0.008457
v 0.00532 -0.019181 0.01085
v 0.00532 -0.019181 0.01085
v 0.00532 -0.019181 0.01085
v 0.00532 -0.019181 0.01085
v 0.00532 -0.019181 0.01085
v 0.007305 -0.01854 0.010752
v 0.007305 -0.01854 0.010752
v 0.007305 -0.01854 0.010752
v 0.007305 -0.01854 0.010752
v 0.007305 -0.01854 0.010752
v 0.006189 -0.018386 0.012515
v 0.006189 -0.018386 0.012515
v 0.006189 -0.018386 0.012515
v 0.006189 -0.018386 0.012515
v 0.006189 -0.018386 0.012515
v 0.00668 -0.017911 0.013517
v 0.00668 -0.017911 0.013517
v 0.00668 -0.017911 0.013517
v 0.00668 -0.017911 0.013517
v 0.00668 -0.017911 0.013517
v 0.00668 -0.017911 0.013517
v 0.010495 -0.017684 -0.008397
v 0.010495 -0.017684 -0.008397
v 0.010495 -0.017684 -0.008397
v 0.010495 -0.017684 -0.008397
v 0.010495 -0.017684 -0.008397
v 0.010495 -0.017684 -0.008397
v 0.010495 -0.017684 -0.008397
v 0.010334 -0.017791 -0.008294
v 0.010334 -0.017791 -0.008294
v 0.010334 -0.017791 -0.008294
v 0.010334 -0.017791 -0.008294
v 0.010334 -0.017791 -0.008294
v 0.010234 -0.017875 -0.008144
v 0.010234 -0.017875 -0.008144
v 0.010234 -0.017875 -0.008144
v 0.010234 -0.017875 -0.008144
v 0.010234 -0.017875 -0.008144
v 0.00926 -0.018742 -0.00602
v 0.00926 -0.018742 -0.00602
v 0.00926 -0.018742 -0.00602
v 0.00926 -0.018742 -0.00602
v 0.00926 -0.018742 -0.00602
v 0.00926 -0.018742 -0.00602
v 0.008728 -0.019138 -0.004921
v 0.008728 -0.019138 -0.004921
v 0.008728 -0.019138 -0.004921
v 0.008728 -0.019138 -0.004921
v 0.008728 -0.019138 -0.004921
v 0.006338 -0.020161 -0.004428
v 0.006338 -0.020161 -0.004428
v 0.006338 -0.020161 -0.004428
v 0.006338 -0.020161 -0.004428
v 0.006338 -0.020161 -0.004428
v 0.008189 -0.019493 -0.003839
v 0.008189 -0.019493 -0.003839
v 0.008189 -0.019493 -0.003839
v 0.008189 -0.019493 -0.003839
v 0.008189 -0.019493 -0.003839
v 0.007039 -0.020113 -0.001616
v 0.007039 -0.020113 -0.001616
v 0.007039 -0.020113 -0.001616
v 0.007039 -0.020113 -0.001616
v 0.007039 -0.020113 -0.001616
v 0.007039 -0.020113 -0.001616
v 0.014565 -0.015124 -0.008391
v 0.014565 -0.015124 -0.008391
v 0.014565 -0.015124 -0.008391
v 0.014565 -0.015124 -0.008391
v 0.014441 -0.015208 -0.008422
v 0.014441 -0.015208 -0.008422
v 0.014441 -0.015208 -0.008422
v 0.014441 -0.015208 -0.008422
v 0.014441 -0.015208 -0.008422
v 0.01441 -0.01523 -0.008423
v 0.01441 -0.01523 -0.008423
v 0.01441 -0.01523 -0.008423
v 0.01441 -0.01523 -0.008423
v 0.01441 -0.01523 -0.008423
v 0.01441 -0.01523 -0.008423
v 0.012567 -0.01648 -0.008424
v 0.012567 -0.01648 -0.008424
v 0.012567 -0.01648 -0.008424
v 0.012567 -0.01648 -0.008424
v 0.012567 -0.01648 -0.008424
v 0.012567 -0.01648 -0.008424
v 0.010642 -0.0176 -0.008423
v 0.010642 -0.0176 -0.008423
v 0.010642 -0.0176 -0.008423
v 0.010642 -0.0176 -0.008423
v 0.014834 -0.014982 -0.008144
v 0.014834 -0.014982 -0.008144
v 0.014834 -0.014982 -0.008144
v 0.014834 -0.014982 -0.008144
v 0.014658 -0.015068 -0.008339
v 0.014658 -0.015068 -0.008339
v 0.014658 -0.015068 -0.008339
v 0.014658 -0.015068 -0.008339
v 0.014658 -0.015068 -0.008339
v 0.014658 -0.015068 -0.008339
v 0.014658 -0.015068 -0.008339
v 0.015616 -0.014674 -0.006784
v 0.015616 -0.014674 -0.006784
v 0.015616 -0.014674 -0.006784
v 0.015616 -0.014674 -0.006784
v 0.015616 -0.014674 -0.006784
v 0.015616 -0.014674 -0.006784
v 0.016789 -0.014077 -0.004604
v 0.016789 -0.014077 -0.004604
v 0.016789 -0.014077 -0.004604
v 0.016789 -0.014077 -0.004604
v 0.014625 -0.015087 0.008413
v 0.014625 -0.015087 0.008413
v 0.014625 -0.015087 0.008413
v 0.014625 -0.015087 0.008413
v 0.014625 -0.015087 0.008413
v 0.014625 -0.015087 0.008413
v 0.014625 -0.015087 0.008413
v 0.014714 -0.015037 0.008346
v 0.014714 -0.015037 0.008346
v 0.014714 -0.015037 0.008346
v 0.014714 -0.015037 0.008346
v 0.014812 -0.014991 0.008233
v 0.014812 -0.014991 0.008233
v 0.014812 -0.014991 0.008233
v 0.014812 -0.014991 0.008233
v 0.014812 -0.014991 0.008233
v 0.014834 -0.014982 0.008197
v 0.014834 -0.014982 0.008197
v 0.014834 -0.014982 0.008197
v 0.014834 -0.014982 0.008197
v 0.016047 -0.014474 0.006056
v 0.016047 -0.014474 0.006056
v 0.016047 -0.014474 0.006056
v 0.016047 -0.014474 0.006056
v 0.016047 -0.014474 0.006056
v 0.016625 -0.014171 0.004973
v 0.016625 -0.014171 0.004973
v 0.016625 -0.014171 0.004973
v 0.016625 -0.014171 0.004973
v 0.01048 -0.017694 0.008443
v 0.01048 -0.017694 0.008443
v 0.01048 -0.017694 0.008443
v 0.01048 -0.017694 0.008443
v 0.010608 -0.017618 0.008474
v 0.010608 -0.017618 0.008474
v 0.010608 -0.017618 0.008474
v 0.010608 -0.017618 0.008474
v 0.010608 -0.017618 0.008474
v 0.010642 -0.0176 0.008475
v 0.010642 -0.0176 0.008475
v 0.010642 -0.0176 0.008475
v 0.010642 -0.0176 0.008475
v 0.010642 -0.0176 0.008475
v 0.010642 -0.0176 0.008475
v 0.012567 -0.01648 0.008477
v 0.012567 -0.01648 0.008477
v 0.012567 -0.01648 0.008477
v 0.012567 -0.01648 0.008477
v 0.012567 -0.01648 0.008477
v 0.012567 -0.01648 0.008477
v 0.01441 -0.015231 0.008475
v 0.01441 -0.015231 0.008475
v 0.01441 -0.015231 0.008475
v 0.01441 -0.015231 0.008475
v 0.010234 -0.017875 0.008197
v 0.010234 -0.017875 0.008197
v 0.010234 -0.017875 0.008197
v 0.010234 -0.017875 0.008197
v 0.010388 -0.017753 0.008391
v 0.010388 -0.017753 0.008391
v 0.010388 -0.017753 0.008391
v 0.010388 -0.017753 0.008391
v 0.010388 -0.017753 0.008391
v 0.010388 -0.017753 0.008391
v 0.010388 -0.017753 0.008391
v 0.009616 -0.018447 0.006835
v 0.009616 -0.018447 0.006835
v 0.009616 -0.018447 0.006835
v 0.009616 -0.018447 0.006835
v 0.009616 -0.018447 0.006835
v 0.009616 -0.018447 0.006835
v 0.008572 -0.019246 0.004656
v 0.008572 -0.019246 0.004656
v 0.008572 -0.019246 0.004656
v 0.008572 -0.019246 0.004656
v 0.020398 -0.010969 0.008668
v 0.020398 -0.010969 0.008668
v 0.020398 -0.010969 0.008668
v 0.020398 -0.010969 0.008668
v 0.020398 -0.010969 0.008668
v 0.020398 -0.010969 0.008668
v 0.019254 -0.011579 0.010524
v 0.019254 -0.011579 0.010524
v 0.019254 -0.011579 0.010524
v 0.019254 -0.011579 0.010524
v 0.019254 -0.011579 0.010524
v 0.019254 -0.011579 0.010524
v 0.01892 -0.01173 0.011027
v 0.01892 -0.01173 0.011027
v 0.01892 -0.01173 0.011027
v 0.01892 -0.01173 0.011027
v 0.01892 -0.01173 0.011027
v 0.01892 -0.01173 0.011027
v 0.017832 -0.012126 0.01257
v 0.017832 -0.012126 0.01257
v 0.017832 -0.012126 0.01257
v 0.017832 -0.012126 0.01257
v 0.017832 -0.012126 0.01257
v 0.017832 -0.012126 0.01257
v 0.017832 -0.012126 0.01257
v 0.016761 -0.012359 0.013961
v 0.016761 -0.012359 0.013961
v 0.016761 -0.012359 0.013961
v 0.016761 -0.012359 0.013961
v 0.016761 -0.012359 0.013961
v 0.016761 -0.012359 0.013961
v 0.015867 -0.01242 0.015022
v 0.015867 -0.01242 0.015022
v 0.015867 -0.01242 0.015022
v 0.015867 -0.01242 0.015022
v 0.015012 -0.012359 0.01594
v 0.015012 -0.012359 0.01594
v 0.015012 -0.012359 0.01594
v 0.015012 -0.012359 0.01594
v 0.019146 -0.012385 0.008668
v 0.019146 -0.012385 0.008668
v 0.019146 -0.012385 0.008668
v 0.019146 -0.012385 0.008668
v 0.019146 -0.012385 0.008668
v 0.019146 -0.012385 0.008668
v 0.019146 -0.012385 0.008668
v 0.019146 -0.012385 0.008668
v 0.0178 -0.013712 0.008668
v 0.0178 -0.013712 0.008668
v 0.0178 -0.013712 0.008668
v 0.0178 -0.013712 0.008668
v 0.0178 -0.013712 0.008668
v 0.0178 -0.013712 0.008668
v 0.01756 -0.014155 0.007807
v 0.01756 -0.014155 0.007807
v 0.01756 -0.014155 0.007807
v 0.01756 -0.014155 0.007807
v 0.01756 -0.014155 0.007807
v 0.01756 -0.014155 0.007807
v 0.01756 -0.014155 0.007807
v 0.01756 -0.014155 0.007807
v 0.017483 -0.014178 0.007989
v 0.017483 -0.014178 0.007989
v 0.017483 -0.014178 0.007989
v 0.017453 -0.014153 0.008198
v 0.017453 -0.014153 0.008198
v 0.017453 -0.014153 0.008198
v 0.017453 -0.014153 0.008198
v 0.017453 -0.014153 0.008198
v 0.017453 -0.014153 0.008198
v 0.017476 -0.014085 0.008382
v 0.017476 -0.014085 0.008382
v 0.017476 -0.014085 0.008382
v 0.017476 -0.014085 0.008382
v 0.017476 -0.014085 0.008382
v 0.017476 -0.014085 0.008382
v 0.017553 -0.013973 0.00854
v 0.017553 -0.013973 0.00854
v 0.017553 -0.013973 0.00854
v 0.017553 -0.013973 0.00854
v 0.017553 -0.013973 0.00854
v 0.017553 -0.013973 0.00854
v 0.017656 -0.013854 0.008632
v 0.017656 -0.013854 0.008632
v 0.017656 -0.013854 0.008632
v 0.017656 -0.013854 0.008632
v 0.017783 -0.013728 0.008668
v 0.017783 -0.013728 0.008668
v 0.017783 -0.013728 0.008668
v 0.017783 -0.013728 0.008668
v 0.017783 -0.013728 0.008668
v 0.017783 -0.013728 0.008668
v 0.019591 -0.012944 0.003962
v 0.019591 -0.012944 0.003962
v 0.019591 -0.012944 0.003962
v 0.019591 -0.012944 0.003962
v 0.019591 -0.012944 0.003962
v 0.019591 -0.012944 0.003962
v 0.019591 -0.012944 0.003962
v 0.019591 -0.012944 0.003962
v 0.019591 -0.012944 0.003962
v 0.01842 -0.013709 0.006256
v 0.01842 -0.013709 0.006256
v 0.01842 -0.013709 0.006256
v 0.01842 -0.013709 0.006256
v 0.021174 -0.011499 0.000328
v 0.021174 -0.011499 0.000328
v 0.021174 -0.011499 0.000328
v 0.021174 -0.011499 0.000328
v 0.021174 -0.011499 0.000328
v 0.021174 -0.011499 0.000328
v 0.021174 -0.011499 0.000328
v 0.021203 -0.011466 0.000238
v 0.021203 -0.011466 0.000238
v 0.021203 -0.011466 0.000238
v 0.021203 -0.011466 0.000238
v 0.021224 -0.011441 -4.5E-05
v 0.021224 -0.011441 -4.5E-05
v 0.021224 -0.011441 -4.5E-05
v 0.021174 -0.011499 -0.000274
v 0.021174 -0.011499 -0.000274
v 0.021174 -0.011499 -0.000274
v 0.021174 -0.011499 -0.000274
v 0.021174 -0.011499 -0.000274
v 0.021174 -0.011499 -0.000274
v 0.021174 -0.011499 -0.000274
v 0.020364 -0.012313 -0.002234
v 0.020364 -0.012313 -0.002234
v 0.020364 -0.012313 -0.002234
v 0.020364 -0.012313 -0.002234
v 0.020364 -0.012313 -0.002234
v 0.01953 -0.012989 -0.004035
v 0.01953 -0.012989 -0.004035
v 0.01953 -0.012989 -0.004035
v 0.01953 -0.012989 -0.004035
v 0.01953 -0.012989 -0.004035
v 0.01953 -0.012989 -0.004035
v 0.019322 -0.013138 -0.004458
v 0.019322 -0.013138 -0.004458
v 0.019322 -0.013138 -0.004458
v 0.019322 -0.013138 -0.004458
v 0.019322 -0.013138 -0.004458
v 0.019322 -0.013138 -0.004458
v 0.01756 -0.014155 -0.007753
v 0.01756 -0.014155 -0.007753
v 0.01756 -0.014155 -0.007753
v 0.01756 -0.014155 -0.007753
v 0.01756 -0.014155 -0.007753
v 0.01756 -0.014155 -0.007753
v 0.01756 -0.014155 -0.007753
v 0.0178 -0.013712 -0.008615
v 0.0178 -0.013712 -0.008615
v 0.0178 -0.013712 -0.008615
v 0.0178 -0.013712 -0.008615
v 0.0178 -0.013712 -0.008615
v 0.0178 -0.013712 -0.008615
v 0.0178 -0.013712 -0.008615
v 0.01767 -0.013839 -0.008585
v 0.01767 -0.013839 -0.008585
v 0.01767 -0.013839 -0.008585
v 0.01767 -0.013839 -0.008585
v 0.017552 -0.013974 -0.008485
v 0.017552 -0.013974 -0.008485
v 0.017552 -0.013974 -0.008485
v 0.017552 -0.013974 -0.008485
v 0.017476 -0.014085 -0.008329
v 0.017476 -0.014085 -0.008329
v 0.017476 -0.014085 -0.008329
v 0.017476 -0.014085 -0.008329
v 0.017476 -0.014085 -0.008329
v 0.017476 -0.014085 -0.008329
v 0.017476 -0.014085 -0.008329
v 0.017453 -0.014155 -0.008135
v 0.017453 -0.014155 -0.008135
v 0.017453 -0.014155 -0.008135
v 0.017453 -0.014155 -0.008135
v 0.017453 -0.014155 -0.008135
v 0.017481 -0.014178 -0.007945
v 0.017481 -0.014178 -0.007945
v 0.017481 -0.014178 -0.007945
v 0.017481 -0.014178 -0.007945
v 0.017481 -0.014178 -0.007945
v 0.017481 -0.014178 -0.007945
v 0.019146 -0.012385 -0.008615
v 0.019146 -0.012385 -0.008615
v 0.019146 -0.012385 -0.008615
v 0.019146 -0.012385 -0.008615
v 0.019146 -0.012385 -0.008615
v 0.020398 -0.010969 -0.008615
v 0.020398 -0.010969 -0.008615
v 0.020398 -0.010969 -0.008615
v 0.020398 -0.010969 -0.008615
v 0.020398 -0.010969 -0.008615
v 0.020398 -0.010969 -0.008615
v 0.020398 -0.010969 -0.008615
v 0.020145 -0.011116 -0.009048
v 0.020145 -0.011116 -0.009048
v 0.020145 -0.011116 -0.009048
v 0.020145 -0.011116 -0.009048
v 0.020145 -0.011116 -0.009048
v 0.020145 -0.011116 -0.009048
v 0.01892 -0.01173 -0.010973
v 0.01892 -0.01173 -0.010973
v 0.01892 -0.01173 -0.010973
v 0.01892 -0.01173 -0.010973
v 0.01892 -0.01173 -0.010973
v 0.01892 -0.01173 -0.010973
v 0.015649 -0.012415 -0.015213
v 0.015649 -0.012415 -0.015213
v 0.015649 -0.012415 -0.015213
v 0.015649 -0.012415 -0.015213
v 0.01656 -0.012383 -0.014155
v 0.01656 -0.012383 -0.014155
v 0.01656 -0.012383 -0.014155
v 0.01656 -0.012383 -0.014155
v 0.01656 -0.012383 -0.014155
v 0.01656 -0.012383 -0.014155
v 0.01656 -0.012383 -0.014155
v 0.017415 -0.012236 -0.013072
v 0.017415 -0.012236 -0.013072
v 0.017415 -0.012236 -0.013072
v 0.017415 -0.012236 -0.013072
v 0.017415 -0.012236 -0.013072
v 0.018373 -0.011949 -0.011767
v 0.018373 -0.011949 -0.011767
v 0.018373 -0.011949 -0.011767
v 0.018373 -0.011949 -0.011767
v 0.018373 -0.011949 -0.011767
v 0.018373 -0.011949 -0.011767
v 0.022096 -0.007148 -0.010973
v 0.022096 -0.007148 -0.010973
v 0.022096 -0.007148 -0.010973
v 0.022096 -0.007148 -0.010973
v 0.022096 -0.007148 -0.010973
v 0.022096 -0.007148 -0.010973
v 0.022657 -0.00675 -0.010063
v 0.022657 -0.00675 -0.010063
v 0.022657 -0.00675 -0.010063
v 0.022657 -0.00675 -0.010063
v 0.022657 -0.00675 -0.010063
v 0.022657 -0.00675 -0.010063
v 0.022657 -0.00675 -0.010063
v 0.022657 -0.00675 -0.010063
v 0.022657 -0.00675 -0.010063
v 0.024062 -0.005479 -0.007339
v 0.024062 -0.005479 -0.007339
v 0.024062 -0.005479 -0.007339
v 0.024062 -0.005479 -0.007339
v 0.024062 -0.005479 -0.007339
v 0.024062 -0.005479 -0.007339
v 0.024062 -0.005479 -0.007339
v 0.024062 -0.005479 -0.007339
v 0.024062 -0.005479 -0.007339
v 0.024062 -0.005479 -0.007339
v 0.024062 -0.005479 -0.007339
v 0.024062 -0.005479 -0.007339
v 0.024062 -0.005479 -0.007339
v 0.024593 -0.004845 -0.006062
v 0.024593 -0.004845 -0.006062
v 0.024593 -0.004845 -0.006062
v 0.024593 -0.004845 -0.006062
v 0.024593 -0.004845 -0.006062
v 0.024593 -0.004845 -0.006062
v 0.024593 -0.004845 -0.006062
v 0.024593 -0.004845 -0.006062
v 0.024912 -0.004395 -0.005183
v 0.024912 -0.004395 -0.005183
v 0.024912 -0.004395 -0.005183
v 0.024912 -0.004395 -0.005183
v 0.024912 -0.004395 -0.005183
v 0.024912 -0.004395 -0.005183
v 0.024912 -0.004395 -0.005183
v 0.024912 -0.004395 -0.005183
v 0.024912 -0.004395 -0.005183
v 0.025451 -0.003431 -0.003367
v 0.025451 -0.003431 -0.003367
v 0.025451 -0.003431 -0.003367
v 0.025451 -0.003431 -0.003367
v 0.025451 -0.003431 -0.003367
v 0.025451 -0.003431 -0.003367
v 0.025451 -0.003431 -0.003367
v 0.025517 -0.003281 -0.003093
v 0.025517 -0.003281 -0.003093
v 0.025517 -0.003281 -0.003093
v 0.025517 -0.003281 -0.003093
v 0.025517 -0.003281 -0.003093
v 0.025517 -0.003281 -0.003093
v 0.025517 -0.003281 -0.003093
v 0.025966 -0.001699 -0.000274
v 0.025966 -0.001699 -0.000274
v 0.025966 -0.001699 -0.000274
v 0.025966 -0.001699 -0.000274
v 0.025966 -0.001699 -0.000274
v 0.025966 -0.001699 -0.000274
v 0.025966 -0.001699 -0.000274
v 0.018279 -0.008551 -0.015567
v 0.018279 -0.008551 -0.015567
v 0.018279 -0.008551 -0.015567
v 0.018279 -0.008551 -0.015567
v 0.018279 -0.008551 -0.015567
v 0.021136 -0.007709 -0.012357
v 0.021136 -0.007709 -0.012357
v 0.021136 -0.007709 -0.012357
v 0.021136 -0.007709 -0.012357
v 0.021136 -0.007709 -0.012357
v 0.021136 -0.007709 -0.012357
v 0.021136 -0.007709 -0.012357
v 0.020179 -0.008126 -0.013561
v 0.020179 -0.008126 -0.013561
v 0.020179 -0.008126 -0.013561
v 0.020179 -0.008126 -0.013561
v 0.020179 -0.008126 -0.013561
v 0.020179 -0.008126 -0.013561
v 0.019222 -0.008405 -0.014627
v 0.019222 -0.008405 -0.014627
v 0.019222 -0.008405 -0.014627
v 0.019222 -0.008405 -0.014627
v 0.025972 -0.001655 -0.000183
v 0.025972 -0.001655 -0.000183
v 0.025972 -0.001655 -0.000183
v 0.025976 -0.001623 9.7E-05
v 0.025976 -0.001623 9.7E-05
v 0.025976 -0.001623 9.7E-05
v 0.025966 -0.001699 0.000328
v 0.025966 -0.001699 0.000328
v 0.025966 -0.001699 0.000328
v 0.025966 -0.001699 0.000328
v 0.025902 -0.00207 0.000977
v 0.025902 -0.00207 0.000977
v 0.025902 -0.00207 0.000977
v 0.025902 -0.00207 0.000977
v 0.025902 -0.00207 0.000977
v 0.025902 -0.00207 0.000977
v 0.025902 -0.00207 0.000977
v 0.025902 -0.00207 0.000977
v 0.025746 -0.00267 0.00204
v 0.025746 -0.00267 0.00204
v 0.025746 -0.00267 0.00204
v 0.025746 -0.00267 0.00204
v 0.025746 -0.00267 0.00204
v 0.025746 -0.00267 0.00204
v 0.025746 -0.00267 0.00204
v 0.025746 -0.00267 0.00204
v 0.025746 -0.00267 0.00204
v 0.02533 -0.00368 0.003882
v 0.02533 -0.00368 0.003882
v 0.02533 -0.00368 0.003882
v 0.02533 -0.00368 0.003882
v 0.02533 -0.00368 0.003882
v 0.02509 -0.004112 0.004694
v 0.02509 -0.004112 0.004694
v 0.02509 -0.004112 0.004694
v 0.02509 -0.004112 0.004694
v 0.02509 -0.004112 0.004694
v 0.02509 -0.004112 0.004694
v 0.02509 -0.004112 0.004694
v 0.02509 -0.004112 0.004694
v 0.024798 -0.004563 0.005561
v 0.024798 -0.004563 0.005561
v 0.024798 -0.004563 0.005561
v 0.024798 -0.004563 0.005561
v 0.024798 -0.004563 0.005561
v 0.024798 -0.004563 0.005561
v 0.024798 -0.004563 0.005561
v 0.024798 -0.004563 0.005561
v 0.024164 -0.005367 0.007163
v 0.024164 -0.005367 0.007163
v 0.024164 -0.005367 0.007163
v 0.024164 -0.005367 0.007163
v 0.024164 -0.005367 0.007163
v 0.024164 -0.005367 0.007163
v 0.024164 -0.005367 0.007163
v 0.024164 -0.005367 0.007163
v 0.022882 -0.006575 0.009727
v 0.022882 -0.006575 0.009727
v 0.022882 -0.006575 0.009727
v 0.022882 -0.006575 0.009727
v 0.022882 -0.006575 0.009727
v 0.022882 -0.006575 0.009727
v 0.022882 -0.006575 0.009727
v 0.022882 -0.006575 0.009727
v 0.022882 -0.006575 0.009727
v 0.023714 -0.005839 0.008142
v 0.023714 -0.005839 0.008142
v 0.023714 -0.005839 0.008142
v 0.023714 -0.005839 0.008142
v 0.023714 -0.005839 0.008142
v 0.023714 -0.005839 0.008142
v 0.023714 -0.005839 0.008142
v 0.023714 -0.005839 0.008142
v 0.023714 -0.005839 0.008142
v 0.023714 -0.005839 0.008142
v 0.022096 -0.007148 0.011027
v 0.022096 -0.007148 0.011027
v 0.022096 -0.007148 0.011027
v 0.022096 -0.007148 0.011027
v 0.022096 -0.007148 0.011027
v 0.022096 -0.007148 0.011027
v 0.022096 -0.007148 0.011027
v 0.021871 -0.007294 0.011371
v 0.021871 -0.007294 0.011371
v 0.021871 -0.007294 0.011371
v 0.021871 -0.007294 0.011371
v 0.021871 -0.007294 0.011371
v 0.021871 -0.007294 0.011371
v 0.020933 -0.007809 0.012678
v 0.020933 -0.007809 0.012678
v 0.020933 -0.007809 0.012678
v 0.020933 -0.007809 0.012678
v 0.020933 -0.007809 0.012678
v 0.020933 -0.007809 0.012678
v 0.020933 -0.007809 0.012678
v 0.020933 -0.007809 0.012678
v 0.020079 -0.008161 0.013732
v 0.020079 -0.008161 0.013732
v 0.020079 -0.008161 0.013732
v 0.020079 -0.008161 0.013732
v 0.020079 -0.008161 0.013732
v 0.020079 -0.008161 0.013732
v 0.019089 -0.008433 0.014819
v 0.019089 -0.008433 0.014819
v 0.019089 -0.008433 0.014819
v 0.019089 -0.008433 0.014819
v -0.006526 -0.022164 0.000328
v -0.006526 -0.022164 0.000328
v -0.006526 -0.022164 0.000328
v -0.006526 -0.022164 0.000328
v -0.006526 -0.022164 0.000328
v -0.006568 -0.02215 0.000236
v -0.006568 -0.02215 0.000236
v -0.006568 -0.02215 0.000236
v -0.006568 -0.02215 0.000236
v -0.006568 -0.02215 0.000236
v -0.006599 -0.02214 -4.4E-05
v -0.006599 -0.02214 -4.4E-05
v -0.006599 -0.02214 -4.4E-05
v -0.006526 -0.022164 -0.000274
v -0.006526 -0.022164 -0.000274
v -0.006526 -0.022164 -0.000274
v -0.006526 -0.022164 -0.000274
v -0.002428 -0.022116 -0.007138
v -0.002428 -0.022116 -0.007138
v -0.002428 -0.022116 -0.007138
v -0.002428 -0.022116 -0.007138
v -0.002428 -0.022116 -0.007138
v -0.002428 -0.022116 -0.007138
v -0.002428 -0.022116 -0.007138
v -0.002428 -0.022116 -0.007138
v -0.002428 -0.022116 -0.007138
v -0.006178 -0.022263 -0.000899
v -0.006178 -0.022263 -0.000899
v -0.006178 -0.022263 -0.000899
v -0.006178 -0.022263 -0.000899
v -0.006178 -0.022263 -0.000899
v -0.005545 -0.022386 -0.002006
v -0.005545 -0.022386 -0.002006
v -0.005545 -0.022386 -0.002006
v -0.005545 -0.022386 -0.002006
v -0.005545 -0.022386 -0.002006
v -0.005545 -0.022386 -0.002006
v -0.005545 -0.022386 -0.002006
v -0.005545 -0.022386 -0.002006
v -0.005545 -0.022386 -0.002006
v -0.004479 -0.022444 -0.003807
v -0.004479 -0.022444 -0.003807
v -0.004479 -0.022444 -0.003807
v -0.004479 -0.022444 -0.003807
v -0.004479 -0.022444 -0.003807
v -0.004479 -0.022444 -0.003807
v -0.004479 -0.022444 -0.003807
v -0.004479 -0.022444 -0.003807
v -0.00396 -0.022413 -0.004664
v -0.00396 -0.022413 -0.004664
v -0.00396 -0.022413 -0.004664
v -0.00396 -0.022413 -0.004664
v -0.00396 -0.022413 -0.004664
v -0.00396 -0.022413 -0.004664
v -0.00396 -0.022413 -0.004664
v -0.00396 -0.022413 -0.004664
v -0.003438 -0.022345 -0.005515
v -0.003438 -0.022345 -0.005515
v -0.003438 -0.022345 -0.005515
v -0.003438 -0.022345 -0.005515
v -0.003438 -0.022345 -0.005515
v -0.003438 -0.022345 -0.005515
v -0.003438 -0.022345 -0.005515
v -0.003438 -0.022345 -0.005515
v -0.001828 -0.02192 -0.008086
v -0.001828 -0.02192 -0.008086
v -0.001828 -0.02192 -0.008086
v -0.001828 -0.02192 -0.008086
v -0.001828 -0.02192 -0.008086
v -0.001828 -0.02192 -0.008086
v -0.001828 -0.02192 -0.008086
v -0.001828 -0.02192 -0.008086
v -0.001828 -0.02192 -0.008086
v -0.000786 -0.021478 -0.009704
v -0.000786 -0.021478 -0.009704
v -0.000786 -0.021478 -0.009704
v -0.000786 -0.021478 -0.009704
v -0.000786 -0.021478 -0.009704
v -0.000786 -0.021478 -0.009704
v -0.000786 -0.021478 -0.009704
v -0.000786 -0.021478 -0.009704
v -0.000786 -0.021478 -0.009704
v 5E-05 -0.021026 -0.010973
v 5E-05 -0.021026 -0.010973
v 5E-05 -0.021026 -0.010973
v 5E-05 -0.021026 -0.010973
v 5E-05 -0.021026 -0.010973
v 5E-05 -0.021026 -0.010973
v 5E-05 -0.021026 -0.010973
v 0.001013 -0.020366 -0.012416
v 0.001013 -0.020366 -0.012416
v 0.001013 -0.020366 -0.012416
v 0.001013 -0.020366 -0.012416
v 0.001013 -0.020366 -0.012416
v 0.001013 -0.020366 -0.012416
v 0.001013 -0.020366 -0.012416
v 0.001013 -0.020366 -0.012416
v 0.001013 -0.020366 -0.012416
v 0.001874 -0.019599 -0.013731
v 0.001874 -0.019599 -0.013731
v 0.001874 -0.019599 -0.013731
v 0.001874 -0.019599 -0.013731
v 0.001874 -0.019599 -0.013731
v 0.001874 -0.019599 -0.013731
v 0.002543 -0.018826 -0.014814
v 0.002543 -0.018826 -0.014814
v 0.002543 -0.018826 -0.014814
v 0.002543 -0.018826 -0.014814
v 0.006373 -0.019328 -0.012536
v 0.006373 -0.019328 -0.012536
v 0.006373 -0.019328 -0.012536
v 0.006373 -0.019328 -0.012536
v 0.006373 -0.019328 -0.012536
v 0.006373 -0.019328 -0.012536
v 0.006373 -0.019328 -0.012536
v 0.006373 -0.019328 -0.012536
v 0.007046 -0.018459 -0.013931
v 0.007046 -0.018459 -0.013931
v 0.007046 -0.018459 -0.013931
v 0.007046 -0.018459 -0.013931
v 0.007046 -0.018459 -0.013931
v 0.007046 -0.018459 -0.013931
v 0.004218 -0.02115 -0.008615
v 0.004218 -0.02115 -0.008615
v 0.004218 -0.02115 -0.008615
v 0.004218 -0.02115 -0.008615
v 0.004218 -0.02115 -0.008615
v 0.004218 -0.02115 -0.008615
v 0.004218 -0.02115 -0.008615
v 0.005272 -0.020372 -0.010495
v 0.005272 -0.020372 -0.010495
v 0.005272 -0.020372 -0.010495
v 0.005272 -0.020372 -0.010495
v 0.005272 -0.020372 -0.010495
v 0.005272 -0.020372 -0.010495
v 0.005538 -0.020149 -0.010973
v 0.005538 -0.020149 -0.010973
v 0.005538 -0.020149 -0.010973
v 0.005538 -0.020149 -0.010973
v 0.005538 -0.020149 -0.010973
v 0.005538 -0.020149 -0.010973
v 0.007486 -0.017678 -0.01499
v 0.007486 -0.017678 -0.01499
v 0.007486 -0.017678 -0.01499
v 0.007486 -0.017678 -0.01499
v 0.007798 -0.016884 -0.0159
v 0.007798 -0.016884 -0.0159
v 0.007798 -0.016884 -0.0159
v 0.007798 -0.016884 -0.0159
v 0.006031 -0.020635 -0.008615
v 0.006031 -0.020635 -0.008615
v 0.006031 -0.020635 -0.008615
v 0.006031 -0.020635 -0.008615
v 0.006031 -0.020635 -0.008615
v 0.006031 -0.020635 -0.008615
v 0.007807 -0.019998 -0.008615
v 0.007807 -0.019998 -0.008615
v 0.007807 -0.019998 -0.008615
v 0.007807 -0.019998 -0.008615
v 0.007807 -0.019998 -0.008615
v 0.008365 -0.019914 -0.007935
v 0.008365 -0.019914 -0.007935
v 0.008365 -0.019914 -0.007935
v 0.00831 -0.019973 -0.007753
v 0.00831 -0.019973 -0.007753
v 0.00831 -0.019973 -0.007753
v 0.00831 -0.019973 -0.007753
v 0.00831 -0.019973 -0.007753
v 0.00831 -0.019973 -0.007753
v 0.00831 -0.019973 -0.007753
v 0.00831 -0.019973 -0.007753
v 0.007828 -0.01999 -0.008615
v 0.007828 -0.01999 -0.008615
v 0.007828 -0.01999 -0.008615
v 0.007828 -0.01999 -0.008615
v 0.007828 -0.01999 -0.008615
v 0.007828 -0.01999 -0.008615
v 0.007997 -0.01993 -0.008578
v 0.007997 -0.01993 -0.008578
v 0.007997 -0.01993 -0.008578
v 0.007997 -0.01993 -0.008578
v 0.008149 -0.019888 -0.008487
v 0.008149 -0.019888 -0.008487
v 0.008149 -0.019888 -0.008487
v 0.008149 -0.019888 -0.008487
v 0.008149 -0.019888 -0.008487
v 0.008149 -0.019888 -0.008487
v 0.008283 -0.019867 -0.008329
v 0.008283 -0.019867 -0.008329
v 0.008283 -0.019867 -0.008329
v 0.008283 -0.019867 -0.008329
v 0.008283 -0.019867 -0.008329
v 0.008283 -0.019867 -0.008329
v 0.008354 -0.019876 -0.008144
v 0.008354 -0.019876 -0.008144
v 0.008354 -0.019876 -0.008144
v 0.008354 -0.019876 -0.008144
v 0.008354 -0.019876 -0.008144
v 0.007539 -0.020553 -0.006211
v 0.007539 -0.020553 -0.006211
v 0.007539 -0.020553 -0.006211
v 0.007539 -0.020553 -0.006211
v 0.006338 -0.02128 -0.003906
v 0.006338 -0.02128 -0.003906
v 0.006338 -0.02128 -0.003906
v 0.006338 -0.02128 -0.003906
v 0.006338 -0.02128 -0.003906
v 0.006338 -0.02128 -0.003906
v 0.006338 -0.02128 -0.003906
v 0.006338 -0.02128 -0.003906
v 0.006338 -0.02128 -0.003906
v 0.006338 -0.02128 -0.003906
v 0.004355 -0.02208 -0.000274
v 0.004355 -0.02208 -0.000274
v 0.004355 -0.02208 -0.000274
v 0.004355 -0.02208 -0.000274
v 0.004355 -0.02208 -0.000274
v 0.004355 -0.02208 -0.000274
v 0.004355 -0.02208 -0.000274
v 0.004312 -0.022092 -0.000184
v 0.004312 -0.022092 -0.000184
v 0.004312 -0.022092 -0.000184
v 0.004285 -0.0221 -7.6E-05
v 0.004285 -0.0221 -7.6E-05
v 0.004285 -0.0221 -7.6E-05
v 0.004285 -0.0221 -7.6E-05
v 0.004285 -0.0221 -7.6E-05
v 0.004281 -0.022101 9.8E-05
v 0.004281 -0.022101 9.8E-05
v 0.004281 -0.022101 9.8E-05
v 0.004355 -0.02208 0.000328
v 0.004355 -0.02208 0.000328
v 0.004355 -0.02208 0.000328
v 0.004355 -0.02208 0.000328
v 0.004355 -0.02208 0.000328
v 0.004355 -0.02208 0.000328
v 0.004355 -0.02208 0.000328
v 0.006407 -0.021244 0.004089
v 0.006407 -0.021244 0.004089
v 0.006407 -0.021244 0.004089
v 0.006407 -0.021244 0.004089
v 0.006407 -0.021244 0.004089
v 0.006407 -0.021244 0.004089
v 0.006407 -0.021244 0.004089
v 0.006407 -0.021244 0.004089
v 0.006407 -0.021244 0.004089
v 0.006407 -0.021244 0.004089
v 0.005437 -0.021703 0.002288
v 0.005437 -0.021703 0.002288
v 0.005437 -0.021703 0.002288
v 0.005437 -0.021703 0.002288
v 0.005437 -0.021703 0.002288
v 0.00831 -0.019973 0.007807
v 0.00831 -0.019973 0.007807
v 0.00831 -0.019973 0.007807
v 0.00831 -0.019973 0.007807
v 0.00831 -0.019973 0.007807
v 0.00831 -0.019973 0.007807
v 0.00831 -0.019973 0.007807
v 0.007807 -0.019998 0.008668
v 0.007807 -0.019998 0.008668
v 0.007807 -0.019998 0.008668
v 0.007807 -0.019998 0.008668
v 0.007807 -0.019998 0.008668
v 0.007807 -0.019998 0.008668
v 0.007807 -0.019998 0.008668
v 0.007978 -0.019936 0.008639
v 0.007978 -0.019936 0.008639
v 0.007978 -0.019936 0.008639
v 0.007978 -0.019936 0.008639
v 0.008151 -0.019888 0.008538
v 0.008151 -0.019888 0.008538
v 0.008151 -0.019888 0.008538
v 0.008151 -0.019888 0.008538
v 0.008283 -0.019867 0.008382
v 0.008283 -0.019867 0.008382
v 0.008283 -0.019867 0.008382
v 0.008283 -0.019867 0.008382
v 0.008283 -0.019867 0.008382
v 0.008283 -0.019867 0.008382
v 0.008283 -0.019867 0.008382
v 0.008356 -0.019877 0.008189
v 0.008356 -0.019877 0.008189
v 0.008356 -0.019877 0.008189
v 0.008356 -0.019877 0.008189
v 0.008356 -0.019877 0.008189
v 0.008366 -0.019912 0.007998
v 0.008366 -0.019912 0.007998
v 0.008366 -0.019912 0.007998
v 0.008366 -0.019912 0.007998
v 0.008366 -0.019912 0.007998
v 0.006032 -0.020635 0.008668
v 0.006032 -0.020635 0.008668
v 0.006032 -0.020635 0.008668
v 0.006032 -0.020635 0.008668
v 0.006032 -0.020635 0.008668
v 0.004218 -0.02115 0.008668
v 0.004218 -0.02115 0.008668
v 0.004218 -0.02115 0.008668
v 0.004218 -0.02115 0.008668
v 0.004218 -0.02115 0.008668
v 0.004218 -0.02115 0.008668
v 0.004218 -0.02115 0.008668
v 0.004459 -0.020985 0.009102
v 0.004459 -0.020985 0.009102
v 0.004459 -0.020985 0.009102
v 0.004459 -0.020985 0.009102
v 0.004459 -0.020985 0.009102
v 0.004459 -0.020985 0.009102
v 0.005538 -0.020149 0.011027
v 0.005538 -0.020149 0.011027
v 0.005538 -0.020149 0.011027
v 0.005538 -0.020149 0.011027
v 0.005538 -0.020149 0.011027
v 0.005538 -0.020149 0.011027
v 0.005977 -0.019743 0.011832
v 0.005977 -0.019743 0.011832
v 0.005977 -0.019743 0.011832
v 0.005977 -0.019743 0.011832
v 0.005977 -0.019743 0.011832
v 0.005977 -0.019743 0.011832
v 0.005977 -0.019743 0.011832
v 0.006649 -0.019003 0.013139
v 0.006649 -0.019003 0.013139
v 0.006649 -0.019003 0.013139
v 0.006649 -0.019003 0.013139
v 0.006649 -0.019003 0.013139
v 0.006649 -0.019003 0.013139
v 0.007571 -0.017492 0.015271
v 0.007571 -0.017492 0.015271
v 0.007571 -0.017492 0.015271
v 0.007571 -0.017492 0.015271
v 0.007148 -0.018299 0.014216
v 0.007148 -0.018299 0.014216
v 0.007148 -0.018299 0.014216
v 0.007148 -0.018299 0.014216
v 0.007148 -0.018299 0.014216
v 0.007148 -0.018299 0.014216
v 0.011103 -0.018466 -0.008615
v 0.011103 -0.018466 -0.008615
v 0.011103 -0.018466 -0.008615
v 0.011103 -0.018466 -0.008615
v 0.011103 -0.018466 -0.008615
v 0.011103 -0.018466 -0.008615
v 0.011103 -0.018466 -0.008615
v 0.011103 -0.018466 -0.008615
v 0.01309 -0.017311 -0.008615
v 0.01309 -0.017311 -0.008615
v 0.01309 -0.017311 -0.008615
v 0.01309 -0.017311 -0.008615
v 0.01309 -0.017311 -0.008615
v 0.014991 -0.016021 -0.008615
v 0.014991 -0.016021 -0.008615
v 0.014991 -0.016021 -0.008615
v 0.014991 -0.016021 -0.008615
v 0.014991 -0.016021 -0.008615
v 0.014991 -0.016021 -0.008615
v 0.014991 -0.016021 -0.008615
v 0.015429 -0.015764 -0.008329
v 0.015429 -0.015764 -0.008329
v 0.015429 -0.015764 -0.008329
v 0.015429 -0.015764 -0.008329
v 0.015429 -0.015764 -0.008329
v 0.015429 -0.015764 -0.008329
v 0.015429 -0.015764 -0.008329
v 0.015319 -0.015813 -0.00847
v 0.015319 -0.015813 -0.00847
v 0.015319 -0.015813 -0.00847
v 0.015319 -0.015813 -0.00847
v 0.015149 -0.015912 -0.008583
v 0.015149 -0.015912 -0.008583
v 0.015149 -0.015912 -0.008583
v 0.015149 -0.015912 -0.008583
v 0.015149 -0.015912 -0.008583
v 0.015149 -0.015912 -0.008583
v 0.016163 -0.015476 -0.007058
v 0.016163 -0.015476 -0.007058
v 0.016163 -0.015476 -0.007058
v 0.016163 -0.015476 -0.007058
v 0.017775 -0.014627 -0.00405
v 0.017775 -0.014627 -0.00405
v 0.017775 -0.014627 -0.00405
v 0.017775 -0.014627 -0.00405
v 0.017775 -0.014627 -0.00405
v 0.017775 -0.014627 -0.00405
v 0.017775 -0.014627 -0.00405
v 0.017775 -0.014627 -0.00405
v 0.017775 -0.014627 -0.00405
v 0.017775 -0.014627 -0.00405
v 0.017775 -0.014627 -0.00405
v 0.019524 -0.013261 -0.000274
v 0.019524 -0.013261 -0.000274
v 0.019524 -0.013261 -0.000274
v 0.019524 -0.013261 -0.000274
v 0.019524 -0.013261 -0.000274
v 0.019524 -0.013261 -0.000274
v 0.019556 -0.01323 -0.000183
v 0.019556 -0.01323 -0.000183
v 0.019556 -0.01323 -0.000183
v 0.019577 -0.013211 -7.5E-05
v 0.019577 -0.013211 -7.5E-05
v 0.019577 -0.013211 -7.5E-05
v 0.019577 -0.013211 -7.5E-05
v 0.019577 -0.013211 -7.5E-05
v 0.01958 -0.013208 9.7E-05
v 0.01958 -0.013208 9.7E-05
v 0.01958 -0.013208 9.7E-05
v 0.019524 -0.013261 0.000328
v 0.019524 -0.013261 0.000328
v 0.019524 -0.013261 0.000328
v 0.019524 -0.013261 0.000328
v 0.019524 -0.013261 0.000328
v 0.017491 -0.0148 0.004659
v 0.017491 -0.0148 0.004659
v 0.017491 -0.0148 0.004659
v 0.017491 -0.0148 0.004659
v 0.017491 -0.0148 0.004659
v 0.017491 -0.0148 0.004659
v 0.017491 -0.0148 0.004659
v 0.017491 -0.0148 0.004659
v 0.017491 -0.0148 0.004659
v 0.017491 -0.0148 0.004659
v 0.017491 -0.0148 0.004659
v 0.018982 -0.013748 0.001578
v 0.018982 -0.013748 0.001578
v 0.018982 -0.013748 0.001578
v 0.018982 -0.013748 0.001578
v 0.018982 -0.013748 0.001578
v 0.018982 -0.013748 0.001578
v 0.015429 -0.015764 0.008382
v 0.015429 -0.015764 0.008382
v 0.015429 -0.015764 0.008382
v 0.015429 -0.015764 0.008382
v 0.015429 -0.015764 0.008382
v 0.015429 -0.015764 0.008382
v 0.015429 -0.015764 0.008382
v 0.015429 -0.015764 0.008382
v 0.014991 -0.016021 0.008668
v 0.014991 -0.016021 0.008668
v 0.014991 -0.016021 0.008668
v 0.014991 -0.016021 0.008668
v 0.014991 -0.016021 0.008668
v 0.014991 -0.016021 0.008668
v 0.014991 -0.016021 0.008668
v 0.014991 -0.016021 0.008668
v 0.015132 -0.015923 0.008643
v 0.015132 -0.015923 0.008643
v 0.015132 -0.015923 0.008643
v 0.015132 -0.015923 0.008643
v 0.015303 -0.015822 0.008538
v 0.015303 -0.015822 0.008538
v 0.015303 -0.015822 0.008538
v 0.015303 -0.015822 0.008538
v 0.015303 -0.015822 0.008538
v 0.01309 -0.017311 0.008668
v 0.01309 -0.017311 0.008668
v 0.01309 -0.017311 0.008668
v 0.01309 -0.017311 0.008668
v 0.01309 -0.017311 0.008668
v 0.011103 -0.018466 0.008668
v 0.011103 -0.018466 0.008668
v 0.011103 -0.018466 0.008668
v 0.011103 -0.018466 0.008668
v 0.011103 -0.018466 0.008668
v 0.011103 -0.018466 0.008668
v 0.011103 -0.018466 0.008668
v 0.010683 -0.018749 0.008382
v 0.010683 -0.018749 0.008382
v 0.010683 -0.018749 0.008382
v 0.010683 -0.018749 0.008382
v 0.010683 -0.018749 0.008382
v 0.010683 -0.018749 0.008382
v 0.010683 -0.018749 0.008382
v 0.010775 -0.018672 0.008523
v 0.010775 -0.018672 0.008523
v 0.010775 -0.018672 0.008523
v 0.010775 -0.018672 0.008523
v 0.010938 -0.018561 0.008636
v 0.010938 -0.018561 0.008636
v 0.010938 -0.018561 0.008636
v 0.010938 -0.018561 0.008636
v 0.010938 -0.018561 0.008636
v 0.010938 -0.018561 0.008636
v 0.010104 -0.019289 0.007107
v 0.010104 -0.019289 0.007107
v 0.010104 -0.019289 0.007107
v 0.010104 -0.019289 0.007107
v 0.008643 -0.020371 0.004105
v 0.008643 -0.020371 0.004105
v 0.008643 -0.020371 0.004105
v 0.008643 -0.020371 0.004105
v 0.008643 -0.020371 0.004105
v 0.008643 -0.020371 0.004105
v 0.008643 -0.020371 0.004105
v 0.008643 -0.020371 0.004105
v 0.008643 -0.020371 0.004105
v 0.008643 -0.020371 0.004105
v 0.008643 -0.020371 0.004105
v 0.006654 -0.021357 0.000328
v 0.006654 -0.021357 0.000328
v 0.006654 -0.021357 0.000328
v 0.006654 -0.021357 0.000328
v 0.006654 -0.021357 0.000328
v 0.006654 -0.021357 0.000328
v 0.006612 -0.021372 0.000237
v 0.006612 -0.021372 0.000237
v 0.006612 -0.021372 0.000237
v 0.006586 -0.021382 0.000128
v 0.006586 -0.021382 0.000128
v 0.006586 -0.021382 0.000128
v 0.006586 -0.021382 0.000128
v 0.006586 -0.021382 0.000128
v 0.006582 -0.021384 -4.4E-05
v 0.006582 -0.021384 -4.4E-05
v 0.006582 -0.021384 -4.4E-05
v 0.006654 -0.021357 -0.000274
v 0.006654 -0.021357 -0.000274
v 0.006654 -0.021357 -0.000274
v 0.006654 -0.021357 -0.000274
v 0.006654 -0.021357 -0.000274
v 0.008921 -0.020191 -0.004604
v 0.008921 -0.020191 -0.004604
v 0.008921 -0.020191 -0.004604
v 0.008921 -0.020191 -0.004604
v 0.008921 -0.020191 -0.004604
v 0.008921 -0.020191 -0.004604
v 0.008921 -0.020191 -0.004604
v 0.008921 -0.020191 -0.004604
v 0.008921 -0.020191 -0.004604
v 0.007331 -0.021078 -0.001529
v 0.007331 -0.021078 -0.001529
v 0.007331 -0.021078 -0.001529
v 0.007331 -0.021078 -0.001529
v 0.007331 -0.021078 -0.001529
v 0.007331 -0.021078 -0.001529
v 0.010683 -0.018749 -0.008329
v 0.010683 -0.018749 -0.008329
v 0.010683 -0.018749 -0.008329
v 0.010683 -0.018749 -0.008329
v 0.010683 -0.018749 -0.008329
v 0.010683 -0.018749 -0.008329
v 0.010683 -0.018749 -0.008329
v 0.010683 -0.018749 -0.008329
v 0.010954 -0.018551 -0.008589
v 0.010954 -0.018551 -0.008589
v 0.010954 -0.018551 -0.008589
v 0.010954 -0.018551 -0.008589
v 0.010788 -0.018661 -0.008483
v 0.010788 -0.018661 -0.008483
v 0.010788 -0.018661 -0.008483
v 0.010788 -0.018661 -0.008483
v -0.004345 -0.021686 -0.007753
v -0.004345 -0.021686 -0.007753
v -0.004345 -0.021686 -0.007753
v -0.004345 -0.021686 -0.007753
v -0.004345 -0.021686 -0.007753
v -0.004345 -0.021686 -0.007753
v -0.004345 -0.021686 -0.007753
v -0.005552 -0.021851 -0.005842
v -0.005552 -0.021851 -0.005842
v -0.005552 -0.021851 -0.005842
v -0.005552 -0.021851 -0.005842
v -0.005552 -0.021851 -0.005842
v -0.004819 -0.021775 -0.007011
v -0.004819 -0.021775 -0.007011
v -0.004819 -0.021775 -0.007011
v -0.004819 -0.021775 -0.007011
v -0.004819 -0.021775 -0.007011
v -0.00643 -0.021841 -0.004399
v -0.00643 -0.021841 -0.004399
v -0.00643 -0.021841 -0.004399
v -0.00643 -0.021841 -0.004399
v -0.00603 -0.021859 -0.005062
v -0.00603 -0.021859 -0.005062
v -0.00603 -0.021859 -0.005062
v -0.00603 -0.021859 -0.005062
v -0.00603 -0.021859 -0.005062
v -0.005613 -0.021854 -0.005744
v -0.005613 -0.021854 -0.005744
v -0.005613 -0.021854 -0.005744
v -0.005613 -0.021854 -0.005744
v -0.005613 -0.021854 -0.005744
v -0.006983 -0.021773 -0.003459
v -0.006983 -0.021773 -0.003459
v -0.006983 -0.021773 -0.003459
v -0.006983 -0.021773 -0.003459
v -0.006983 -0.021773 -0.003459
v -0.006983 -0.021773 -0.003459
v -0.007232 -0.021725 -0.003027
v -0.007232 -0.021725 -0.003027
v -0.007232 -0.021725 -0.003027
v -0.007232 -0.021725 -0.003027
v -0.007232 -0.021725 -0.003027
v -0.007232 -0.021725 -0.003027
v -0.007232 -0.021725 -0.003027
v -0.008724 -0.021175 -0.000274
v -0.008724 -0.021175 -0.000274
v -0.008724 -0.021175 -0.000274
v -0.008724 -0.021175 -0.000274
v -0.008724 -0.021175 -0.000274
v -0.008724 -0.021175 -0.000274
v -0.008724 -0.021175 -0.000274
v -0.008763 -0.021154 -0.000181
v -0.008763 -0.021154 -0.000181
v -0.008763 -0.021154 -0.000181
v -0.008763 -0.021154 -0.000181
v -0.00879 -0.021139 9.7E-05
v -0.00879 -0.021139 9.7E-05
v -0.00879 -0.021139 9.7E-05
v -0.00879 -0.021139 9.7E-05
v -0.00879 -0.021139 9.7E-05
v -0.00879 -0.021139 9.7E-05
v -0.008724 -0.021175 0.000328
v -0.008724 -0.021175 0.000328
v -0.008724 -0.021175 0.000328
v -0.008724 -0.021175 0.000328
v -0.008724 -0.021175 0.000328
v -0.008454 -0.021312 0.00085
v -0.008454 -0.021312 0.00085
v -0.008454 -0.021312 0.00085
v -0.008454 -0.021312 0.00085
v -0.008454 -0.021312 0.00085
v -0.007633 -0.021624 0.002371
v -0.007633 -0.021624 0.002371
v -0.007633 -0.021624 0.002371
v -0.007633 -0.021624 0.002371
v -0.007633 -0.021624 0.002371
v -0.007633 -0.021624 0.002371
v -0.006148 -0.021856 0.004922
v -0.006148 -0.021856 0.004922
v -0.006148 -0.021856 0.004922
v -0.006148 -0.021856 0.004922
v -0.006148 -0.021856 0.004922
v -0.007445 -0.021675 0.002707
v -0.007445 -0.021675 0.002707
v -0.007445 -0.021675 0.002707
v -0.007445 -0.021675 0.002707
v -0.007445 -0.021675 0.002707
v -0.004345 -0.021686 0.007807
v -0.004345 -0.021686 0.007807
v -0.004345 -0.021686 0.007807
v -0.004345 -0.021686 0.007807
v -0.004345 -0.021686 0.007807
v -0.004345 -0.021686 0.007807
v -0.004755 -0.021329 0.008668
v -0.004755 -0.021329 0.008668
v -0.004755 -0.021329 0.008668
v -0.004755 -0.021329 0.008668
v -0.004755 -0.021329 0.008668
v -0.004586 -0.021381 0.008641
v -0.004586 -0.021381 0.008641
v -0.004586 -0.021381 0.008641
v -0.004586 -0.021381 0.008641
v -0.004421 -0.021451 0.008545
v -0.004421 -0.021451 0.008545
v -0.004421 -0.021451 0.008545
v -0.004421 -0.021451 0.008545
v -0.004421 -0.021451 0.008545
v -0.004421 -0.021451 0.008545
v -0.004246 -0.0216 0.008181
v -0.004246 -0.0216 0.008181
v -0.004246 -0.0216 0.008181
v -0.004246 -0.0216 0.008181
v -0.004246 -0.0216 0.008181
v -0.004246 -0.0216 0.008181
v -0.00429 -0.021535 0.008367
v -0.00429 -0.021535 0.008367
v -0.00429 -0.021535 0.008367
v -0.00429 -0.021535 0.008367
v -0.00429 -0.021535 0.008367
v -0.00429 -0.021535 0.008367
v -0.004299 -0.021527 0.008388
v -0.004299 -0.021527 0.008388
v -0.004299 -0.021527 0.008388
v -0.004299 -0.021527 0.008388
v -0.004299 -0.021527 0.008388
v -0.004275 -0.021661 0.007951
v -0.004275 -0.021661 0.007951
v -0.004275 -0.021661 0.007951
v -0.004275 -0.021661 0.007951
v -0.004275 -0.021661 0.007951
v -0.00684 -0.020596 0.008668
v -0.00684 -0.020596 0.008668
v -0.00684 -0.020596 0.008668
v -0.00684 -0.020596 0.008668
v -0.00684 -0.020596 0.008668
v -0.00684 -0.020596 0.008668
v -0.00684 -0.020596 0.008668
v -0.00684 -0.020596 0.008668
v -0.00684 -0.020596 0.008668
v -0.008764 -0.019512 0.008668
v -0.008764 -0.019512 0.008668
v -0.008764 -0.019512 0.008668
v -0.008764 -0.019512 0.008668
v -0.008764 -0.019512 0.008668
v -0.009215 -0.019311 0.008382
v -0.009215 -0.019311 0.008382
v -0.009215 -0.019311 0.008382
v -0.009215 -0.019311 0.008382
v -0.009215 -0.019311 0.008382
v -0.009215 -0.019311 0.008382
v -0.009215 -0.019311 0.008382
v -0.009105 -0.019335 0.008519
v -0.009105 -0.019335 0.008519
v -0.009105 -0.019335 0.008519
v -0.008942 -0.019405 0.008629
v -0.008942 -0.019405 0.008629
v -0.008942 -0.019405 0.008629
v -0.008942 -0.019405 0.008629
v -0.008942 -0.019405 0.008629
v -0.008942 -0.019405 0.008629
v -0.008797 -0.01949 0.008668
v -0.008797 -0.01949 0.008668
v -0.008797 -0.01949 0.008668
v -0.008797 -0.01949 0.008668
v -0.008797 -0.01949 0.008668
v -0.011931 -0.018357 0.003353
v -0.011931 -0.018357 0.003353
v -0.011931 -0.018357 0.003353
v -0.011931 -0.018357 0.003353
v -0.011931 -0.018357 0.003353
v -0.011931 -0.018357 0.003353
v -0.011931 -0.018357 0.003353
v -0.010819 -0.018948 0.005592
v -0.010819 -0.018948 0.005592
v -0.010819 -0.018948 0.005592
v -0.010819 -0.018948 0.005592
v -0.010819 -0.018948 0.005592
v -0.010469 -0.019072 0.006239
v -0.010469 -0.019072 0.006239
v -0.010469 -0.019072 0.006239
v -0.009573 -0.019274 0.007797
v -0.009573 -0.019274 0.007797
v -0.009573 -0.019274 0.007797
v -0.009573 -0.019274 0.007797
v -0.013196 -0.017203 0.000328
v -0.013196 -0.017203 0.000328
v -0.013196 -0.017203 0.000328
v -0.013196 -0.017203 0.000328
v -0.013196 -0.017203 0.000328
v -0.013196 -0.017203 0.000328
v -0.013196 -0.017203 0.000328
v -0.012427 -0.017979 0.002245
v -0.012427 -0.017979 0.002245
v -0.012427 -0.017979 0.002245
v -0.012427 -0.017979 0.002245
v -0.012427 -0.017979 0.002245
v -0.012427 -0.017979 0.002245
v -0.013225 -0.017169 0.000234
v -0.013225 -0.017169 0.000234
v -0.013225 -0.017169 0.000234
v -0.013245 -0.017145 -4.3E-05
v -0.013245 -0.017145 -4.3E-05
v -0.013245 -0.017145 -4.3E-05
v -0.013196 -0.017203 -0.000275
v -0.013196 -0.017203 -0.000275
v -0.013196 -0.017203 -0.000275
v -0.013196 -0.017203 -0.000275
v -0.013196 -0.017203 -0.000275
v -0.012962 -0.017468 -0.000889
v -0.012962 -0.017468 -0.000889
v -0.012962 -0.017468 -0.000889
v -0.012962 -0.017468 -0.000889
v -0.012962 -0.017468 -0.000889
v -0.01232 -0.018068 -0.002437
v -0.01232 -0.018068 -0.002437
v -0.01232 -0.018068 -0.002437
v -0.01232 -0.018068 -0.002437
v -0.01232 -0.018068 -0.002437
v -0.011754 -0.018473 -0.003677
v -0.011754 -0.018473 -0.003677
v -0.011754 -0.018473 -0.003677
v -0.011754 -0.018473 -0.003677
v -0.011754 -0.018473 -0.003677
v -0.010984 -0.01888 -0.005224
v -0.010984 -0.01888 -0.005224
v -0.010984 -0.01888 -0.005224
v -0.010984 -0.01888 -0.005224
v -0.010984 -0.01888 -0.005224
v -0.010984 -0.01888 -0.005224
v -0.010711 -0.018989 -0.00574
v -0.010711 -0.018989 -0.00574
v -0.010711 -0.018989 -0.00574
v -0.010711 -0.018989 -0.00574
v -0.010711 -0.018989 -0.00574
v -0.010711 -0.018989 -0.00574
v -0.010711 -0.018989 -0.00574
v -0.010711 -0.018989 -0.00574
v -0.009215 -0.019311 -0.008329
v -0.009215 -0.019311 -0.008329
v -0.009215 -0.019311 -0.008329
v -0.009215 -0.019311 -0.008329
v -0.009215 -0.019311 -0.008329
v -0.009215 -0.019311 -0.008329
v -0.008764 -0.019512 -0.008615
v -0.008764 -0.019512 -0.008615
v -0.008764 -0.019512 -0.008615
v -0.008764 -0.019512 -0.008615
v -0.008764 -0.019512 -0.008615
v -0.008764 -0.019512 -0.008615
v -0.008764 -0.019512 -0.008615
v -0.008904 -0.019425 -0.008591
v -0.008904 -0.019425 -0.008591
v -0.008904 -0.019425 -0.008591
v -0.009069 -0.019348 -0.008496
v -0.009069 -0.019348 -0.008496
v -0.009069 -0.019348 -0.008496
v -0.009069 -0.019348 -0.008496
v -0.009069 -0.019348 -0.008496
v -0.009069 -0.019348 -0.008496
v -0.009069 -0.019348 -0.008496
v -0.009192 -0.019313 -0.008365
v -0.009192 -0.019313 -0.008365
v -0.009192 -0.019313 -0.008365
v -0.009192 -0.019313 -0.008365
v -0.009192 -0.019313 -0.008365
v -0.00684 -0.020596 -0.008615
v -0.00684 -0.020596 -0.008615
v -0.00684 -0.020596 -0.008615
v -0.00684 -0.020596 -0.008615
v -0.00684 -0.020596 -0.008615
v -0.00684 -0.020596 -0.008615
v -0.00684 -0.020596 -0.008615
v -0.004755 -0.02133 -0.008615
v -0.004755 -0.02133 -0.008615
v -0.004755 -0.02133 -0.008615
v -0.004755 -0.02133 -0.008615
v -0.004755 -0.02133 -0.008615
v -0.004755 -0.02133 -0.008615
v -0.004755 -0.02133 -0.008615
v -0.004263 -0.021651 -0.00794
v -0.004263 -0.021651 -0.00794
v -0.004263 -0.021651 -0.00794
v -0.004421 -0.021451 -0.008491
v -0.004421 -0.021451 -0.008491
v -0.004421 -0.021451 -0.008491
v -0.004421 -0.021451 -0.008491
v -0.004421 -0.021451 -0.008491
v -0.004421 -0.021451 -0.008491
v -0.004297 -0.021529 -0.008329
v -0.004297 -0.021529 -0.008329
v -0.004297 -0.021529 -0.008329
v -0.004297 -0.021529 -0.008329
v -0.004297 -0.021529 -0.008329
v -0.004297 -0.021529 -0.008329
v -0.004247 -0.021597 -0.00814
v -0.004247 -0.021597 -0.00814
v -0.004247 -0.021597 -0.00814
v -0.004247 -0.021597 -0.00814
v -0.004247 -0.021597 -0.00814
v -0.004591 -0.021379 -0.008589
v -0.004591 -0.021379 -0.008589
v -0.004591 -0.021379 -0.008589
v -0.004591 -0.021379 -0.008589
v -0.004591 -0.021379 -0.008589
v 0.024449 -0.002937 -0.008615
v 0.024449 -0.002937 -0.008615
v 0.024449 -0.002937 -0.008615
v 0.024449 -0.002937 -0.008615
v 0.024449 -0.002937 -0.008615
v 0.024423 -0.003109 -0.008588
v 0.024423 -0.003109 -0.008588
v 0.024423 -0.003109 -0.008588
v 0.024423 -0.003109 -0.008588
v 0.024414 -0.003289 -0.008493
v 0.024414 -0.003289 -0.008493
v 0.024414 -0.003289 -0.008493
v 0.024414 -0.003289 -0.008493
v 0.024414 -0.003289 -0.008493
v 0.024429 -0.003432 -0.008337
v 0.024429 -0.003432 -0.008337
v 0.024429 -0.003432 -0.008337
v 0.024429 -0.003432 -0.008337
v 0.024429 -0.003432 -0.008337
v 0.024434 -0.003449 -0.00831
v 0.024434 -0.003449 -0.00831
v 0.024434 -0.003449 -0.00831
v 0.024434 -0.003449 -0.00831
v 0.024434 -0.003449 -0.00831
v 0.024434 -0.003449 -0.00831
v 0.024474 -0.003515 -0.008123
v 0.024474 -0.003515 -0.008123
v 0.024474 -0.003515 -0.008123
v 0.024541 -0.003513 -0.007894
v 0.024541 -0.003513 -0.007894
v 0.024541 -0.003513 -0.007894
v 0.024541 -0.003513 -0.007894
v 0.024541 -0.003513 -0.007894
v 0.024541 -0.003513 -0.007894
v 0.024594 -0.003462 -0.007753
v 0.024594 -0.003462 -0.007753
v 0.024594 -0.003462 -0.007753
v 0.024594 -0.003462 -0.007753
v 0.024594 -0.003462 -0.007753
v 0.024594 -0.003462 -0.007753
v 0.024687 -0.000738 -0.008615
v 0.024687 -0.000738 -0.008615
v 0.024687 -0.000738 -0.008615
v 0.024687 -0.000738 -0.008615
v 0.024687 -0.000738 -0.008615
v 0.024687 -0.000738 -0.008615
v 0.024687 -0.000738 -0.008615
v 0.024687 -0.000738 -0.008615
v 0.024687 -0.000738 -0.008615
v 0.024539 0.001468 -0.008615
v 0.024539 0.001468 -0.008615
v 0.024539 0.001468 -0.008615
v 0.024539 0.001468 -0.008615
v 0.024539 0.001468 -0.008615
v 0.024525 0.001854 -0.008465
v 0.024525 0.001854 -0.008465
v 0.024525 0.001854 -0.008465
v 0.024551 0.001965 -0.008329
v 0.024551 0.001965 -0.008329
v 0.024551 0.001965 -0.008329
v 0.024551 0.001965 -0.008329
v 0.024551 0.001965 -0.008329
v 0.024551 0.001965 -0.008329
v 0.024551 0.001965 -0.008329
v 0.024518 0.001675 -0.008576
v 0.024518 0.001675 -0.008576
v 0.024518 0.001675 -0.008576
v 0.024518 0.001675 -0.008576
v 0.024518 0.001675 -0.008576
v 0.024533 0.001506 -0.008614
v 0.024533 0.001506 -0.008614
v 0.024533 0.001506 -0.008614
v 0.024533 0.001506 -0.008614
v 0.024533 0.001506 -0.008614
v 0.024863 0.004825 -0.0033
v 0.024863 0.004825 -0.0033
v 0.024863 0.004825 -0.0033
v 0.024863 0.004825 -0.0033
v 0.024863 0.004825 -0.0033
v 0.024863 0.004825 -0.0033
v 0.024863 0.004825 -0.0033
v 0.024912 0.003585 -0.005528
v 0.024912 0.003585 -0.005528
v 0.024912 0.003585 -0.005528
v 0.024912 0.003585 -0.005528
v 0.024912 0.003585 -0.005528
v 0.024871 0.003206 -0.006195
v 0.024871 0.003206 -0.006195
v 0.024871 0.003206 -0.006195
v 0.024871 0.003206 -0.006195
v 0.024871 0.003206 -0.006195
v 0.024871 0.003206 -0.006195
v 0.02467 0.002313 -0.007739
v 0.02467 0.002313 -0.007739
v 0.02467 0.002313 -0.007739
v 0.02467 0.002313 -0.007739
v 0.024375 0.006446 -0.000274
v 0.024375 0.006446 -0.000274
v 0.024375 0.006446 -0.000274
v 0.024375 0.006446 -0.000274
v 0.024375 0.006446 -0.000274
v 0.024375 0.006446 -0.000274
v 0.024375 0.006446 -0.000274
v 0.024739 0.005427 -0.002192
v 0.024739 0.005427 -0.002192
v 0.024739 0.005427 -0.002192
v 0.024739 0.005427 -0.002192
v 0.024739 0.005427 -0.002192
v 0.024375 0.006446 0.000328
v 0.024375 0.006446 0.000328
v 0.024375 0.006446 0.000328
v 0.024375 0.006446 0.000328
v 0.024375 0.006446 0.000328
v 0.024375 0.006446 0.000328
v 0.024348 0.006507 0.000155
v 0.024348 0.006507 0.000155
v 0.024348 0.006507 0.000155
v 0.024348 0.006507 0.000155
v 0.024346 0.006511 -7.8E-05
v 0.024346 0.006511 -7.8E-05
v 0.024346 0.006511 -7.8E-05
v 0.024346 0.006511 -7.8E-05
v 0.024346 0.006511 -7.8E-05
v 0.024776 0.005275 0.002527
v 0.024776 0.005275 0.002527
v 0.024776 0.005275 0.002527
v 0.024776 0.005275 0.002527
v 0.024491 0.006175 0.000844
v 0.024491 0.006175 0.000844
v 0.024491 0.006175 0.000844
v 0.024491 0.006175 0.000844
v 0.024491 0.006175 0.000844
v 0.024885 0.004666 0.003644
v 0.024885 0.004666 0.003644
v 0.024885 0.004666 0.003644
v 0.024885 0.004666 0.003644
v 0.024885 0.004666 0.003644
v 0.024885 0.004666 0.003644
v 0.024918 0.00369 0.005396
v 0.024918 0.00369 0.005396
v 0.024918 0.00369 0.005396
v 0.024918 0.00369 0.005396
v 0.024918 0.00369 0.005396
v 0.024918 0.00369 0.005396
v 0.024903 0.003482 0.005764
v 0.024903 0.003482 0.005764
v 0.024903 0.003482 0.005764
v 0.024903 0.003482 0.005764
v 0.024903 0.003482 0.005764
v 0.024903 0.003482 0.005764
v 0.024903 0.003482 0.005764
v 0.024903 0.003482 0.005764
v 0.02455 0.001965 0.008382
v 0.02455 0.001965 0.008382
v 0.02455 0.001965 0.008382
v 0.02455 0.001965 0.008382
v 0.02455 0.001965 0.008382
v 0.02455 0.001965 0.008382
v 0.024539 0.001468 0.008668
v 0.024539 0.001468 0.008668
v 0.024539 0.001468 0.008668
v 0.024539 0.001468 0.008668
v 0.024539 0.001468 0.008668
v 0.024539 0.001468 0.008668
v 0.024539 0.001468 0.008668
v 0.02452 0.001634 0.008644
v 0.02452 0.001634 0.008644
v 0.02452 0.001634 0.008644
v 0.024521 0.001819 0.008548
v 0.024521 0.001819 0.008548
v 0.024521 0.001819 0.008548
v 0.024521 0.001819 0.008548
v 0.024521 0.001819 0.008548
v 0.024521 0.001819 0.008548
v 0.024521 0.001819 0.008548
v 0.024543 0.001944 0.008417
v 0.024543 0.001944 0.008417
v 0.024543 0.001944 0.008417
v 0.024543 0.001944 0.008417
v 0.024543 0.001944 0.008417
v 0.024687 -0.000738 0.008668
v 0.024687 -0.000738 0.008668
v 0.024687 -0.000738 0.008668
v 0.024687 -0.000738 0.008668
v 0.024687 -0.000738 0.008668
v 0.024687 -0.000738 0.008668
v 0.024556 -0.002305 0.008668
v 0.024556 -0.002305 0.008668
v 0.024556 -0.002305 0.008668
v 0.024556 -0.002305 0.008668
v 0.024556 -0.002305 0.008668
v 0.024556 -0.002305 0.008668
v 0.024556 -0.002305 0.008668
v 0.024448 -0.002937 0.008668
v 0.024448 -0.002937 0.008668
v 0.024448 -0.002937 0.008668
v 0.024448 -0.002937 0.008668
v 0.024448 -0.002937 0.008668
v 0.024448 -0.002937 0.008668
v 0.024526 -0.003521 0.007993
v 0.024526 -0.003521 0.007993
v 0.024526 -0.003521 0.007993
v 0.024594 -0.003462 0.007807
v 0.024594 -0.003462 0.007807
v 0.024594 -0.003462 0.007807
v 0.024594 -0.003462 0.007807
v 0.024594 -0.003462 0.007807
v 0.024594 -0.003462 0.007807
v 0.024594 -0.003462 0.007807
v 0.02447 -0.003512 0.008195
v 0.02447 -0.003512 0.008195
v 0.02447 -0.003512 0.008195
v 0.02447 -0.003512 0.008195
v 0.02447 -0.003512 0.008195
v 0.024431 -0.003437 0.008384
v 0.024431 -0.003437 0.008384
v 0.024431 -0.003437 0.008384
v 0.024431 -0.003437 0.008384
v 0.024431 -0.003437 0.008384
v 0.024431 -0.003437 0.008384
v 0.024414 -0.003291 0.008545
v 0.024414 -0.003291 0.008545
v 0.024414 -0.003291 0.008545
v 0.024414 -0.003291 0.008545
v 0.024423 -0.003106 0.008643
v 0.024423 -0.003106 0.008643
v 0.024423 -0.003106 0.008643
v 0.024423 -0.003106 0.008643
v 0.024423 -0.003106 0.008643
v 0.024423 -0.003106 0.008643
v 0.025264 -0.002441 0.005892
v 0.025264 -0.002441 0.005892
v 0.025264 -0.002441 0.005892
v 0.025264 -0.002441 0.005892
v 0.025264 -0.002441 0.005892
v 0.024873 -0.003078 0.007076
v 0.024873 -0.003078 0.007076
v 0.024873 -0.003078 0.007076
v 0.024873 -0.003078 0.007076
v 0.024873 -0.003078 0.007076
v 0.024873 -0.003078 0.007076
v 0.024873 -0.003078 0.007076
v 0.025633 -0.001646 0.004452
v 0.025633 -0.001646 0.004452
v 0.025633 -0.001646 0.004452
v 0.025633 -0.001646 0.004452
v 0.025478 -0.002014 0.005114
v 0.025478 -0.002014 0.005114
v 0.025478 -0.002014 0.005114
v 0.025478 -0.002014 0.005114
v 0.025478 -0.002014 0.005114
v 0.025291 -0.00239 0.005799
v 0.025291 -0.00239 0.005799
v 0.025291 -0.00239 0.005799
v 0.025291 -0.00239 0.005799
v 0.025291 -0.00239 0.005799
v 0.02581 -0.001118 0.003515
v 0.02581 -0.001118 0.003515
v 0.02581 -0.001118 0.003515
v 0.02581 -0.001118 0.003515
v 0.02581 -0.001118 0.003515
v 0.02581 -0.001118 0.003515
v 0.025876 -0.000868 0.003074
v 0.025876 -0.000868 0.003074
v 0.025876 -0.000868 0.003074
v 0.025876 -0.000868 0.003074
v 0.025876 -0.000868 0.003074
v 0.025876 -0.000868 0.003074
v 0.025876 -0.000868 0.003074
v 0.026023 0.000711 0.000328
v 0.026023 0.000711 0.000328
v 0.026023 0.000711 0.000328
v 0.026023 0.000711 0.000328
v 0.026023 0.000711 0.000328
v 0.026023 0.000711 0.000328
v 0.026023 0.000711 0.000328
v 0.026018 0.000787 -4.4E-05
v 0.026018 0.000787 -4.4E-05
v 0.026018 0.000787 -4.4E-05
v 0.026018 0.000787 -4.4E-05
v 0.026018 0.000787 -4.4E-05
v 0.02602 0.000755 0.000235
v 0.02602 0.000755 0.000235
v 0.02602 0.000755 0.000235
v 0.026023 0.000711 -0.000274
v 0.026023 0.000711 -0.000274
v 0.026023 0.000711 -0.000274
v 0.026023 0.000711 -0.000274
v 0.026023 0.000711 -0.000274
v 0.02603 0.000405 -0.000803
v 0.02603 0.000405 -0.000803
v 0.02603 0.000405 -0.000803
v 0.02603 0.000405 -0.000803
v 0.02603 0.000405 -0.000803
v 0.025957 -0.000466 -0.002315
v 0.025957 -0.000466 -0.002315
v 0.025957 -0.000466 -0.002315
v 0.025957 -0.000466 -0.002315
v 0.025957 -0.000466 -0.002315
v 0.025957 -0.000466 -0.002315
v 0.025524 -0.001909 -0.004871
v 0.025524 -0.001909 -0.004871
v 0.025524 -0.001909 -0.004871
v 0.025524 -0.001909 -0.004871
v 0.025524 -0.001909 -0.004871
v 0.025524 -0.001909 -0.004871
v 0.025524 -0.001909 -0.004871
v 0.025524 -0.001909 -0.004871
v 0.025524 -0.001909 -0.004871
v 0.025921 -0.000659 -0.002654
v 0.025921 -0.000659 -0.002654
v 0.025921 -0.000659 -0.002654
v 0.025921 -0.000659 -0.002654
v 0.025921 -0.000659 -0.002654
v 0.00769 -0.019396 0.011114
v 0.00769 -0.019396 0.011114
v 0.00769 -0.019396 0.011114
v 0.00769 -0.019396 0.011114
v 0.00769 -0.019396 0.011114
v 0.007655 -0.019437 0.011027
v 0.007655 -0.019437 0.011027
v 0.007655 -0.019437 0.011027
v 0.007655 -0.019437 0.011027
v 0.007655 -0.019437 0.011027
v 0.007647 -0.019449 0.010997
v 0.007647 -0.019449 0.010997
v 0.007647 -0.019449 0.010997
v 0.007647 -0.019449 0.010997
v 0.007647 -0.019449 0.010997
v 0.007654 -0.019526 0.010732
v 0.007654 -0.019526 0.010732
v 0.007654 -0.019526 0.010732
v 0.007654 -0.019526 0.010732
v 0.007654 -0.019526 0.010732
v 0.007654 -0.019526 0.010732
v 0.007654 -0.019526 0.010732
v 0.007654 -0.019526 0.010732
v 0.007654 -0.019526 0.010732
v 0.007654 -0.019526 0.010732
v 0.007654 -0.019526 0.010732
v 0.007654 -0.019526 0.010732
v 0.007763 -0.019547 0.010516
v 0.007763 -0.019547 0.010516
v 0.007763 -0.019547 0.010516
v 0.007763 -0.019547 0.010516
v 0.007763 -0.019547 0.010516
v 0.007855 -0.019537 0.010426
v 0.007855 -0.019537 0.010426
v 0.007855 -0.019537 0.010426
v 0.007855 -0.019537 0.010426
v 0.007855 -0.019537 0.010426
v 0.007855 -0.019537 0.010426
v 0.007969 -0.019512 0.010355
v 0.007969 -0.019512 0.010355
v 0.007969 -0.019512 0.010355
v 0.007969 -0.019512 0.010355
v 0.007969 -0.019512 0.010355
v 0.007969 -0.019512 0.010355
v 0.008186 -0.019438 0.010307
v 0.008186 -0.019438 0.010307
v 0.008186 -0.019438 0.010307
v 0.008186 -0.019438 0.010307
v 0.008186 -0.019438 0.010307
v 0.008186 -0.019438 0.010307
v 0.00832 -0.019382 0.010307
v 0.00832 -0.019382 0.010307
v 0.00832 -0.019382 0.010307
v 0.00832 -0.019382 0.010307
v 0.00832 -0.019382 0.010307
v 0.00832 -0.019382 0.010307
v 0.01096 -0.018134 0.010307
v 0.01096 -0.018134 0.010307
v 0.01096 -0.018134 0.010307
v 0.01096 -0.018134 0.010307
v 0.01096 -0.018134 0.010307
v 0.011774 -0.017684 0.010307
v 0.011774 -0.017684 0.010307
v 0.011774 -0.017684 0.010307
v 0.011774 -0.017684 0.010307
v 0.011774 -0.017684 0.010307
v 0.013347 -0.016722 0.010306
v 0.013347 -0.016722 0.010306
v 0.013347 -0.016722 0.010306
v 0.013347 -0.016722 0.010306
v 0.013347 -0.016722 0.010306
v 0.01422 -0.016131 0.010307
v 0.01422 -0.016131 0.010307
v 0.01422 -0.016131 0.010307
v 0.01422 -0.016131 0.010307
v 0.01422 -0.016131 0.010307
v 0.01422 -0.016131 0.010307
v 0.01601 -0.014774 0.010307
v 0.01601 -0.014774 0.010307
v 0.01601 -0.014774 0.010307
v 0.01601 -0.014774 0.010307
v 0.01601 -0.014774 0.010307
v 0.017131 -0.013811 0.010307
v 0.017131 -0.013811 0.010307
v 0.017131 -0.013811 0.010307
v 0.017131 -0.013811 0.010307
v 0.017131 -0.013811 0.010307
v 0.017371 -0.013545 0.010436
v 0.017371 -0.013545 0.010436
v 0.017371 -0.013545 0.010436
v 0.017371 -0.013545 0.010436
v 0.017371 -0.013545 0.010436
v 0.017371 -0.013545 0.010436
v 0.017371 -0.013545 0.010436
v 0.017371 -0.013545 0.010436
v 0.017371 -0.013545 0.010436
v 0.01742 -0.013462 0.010538
v 0.01742 -0.013462 0.010538
v 0.01742 -0.013462 0.010538
v 0.01742 -0.013462 0.010538
v 0.017437 -0.013358 0.010775
v 0.017437 -0.013358 0.010775
v 0.017437 -0.013358 0.010775
v 0.017437 -0.013358 0.010775
v 0.017437 -0.013358 0.010775
v 0.017437 -0.013358 0.010775
v 0.017437 -0.013358 0.010775
v 0.017437 -0.013358 0.010775
v 0.01736 -0.013332 0.011027
v 0.01736 -0.013332 0.011027
v 0.01736 -0.013332 0.011027
v 0.01736 -0.013332 0.011027
v 0.01736 -0.013332 0.011027
v 0.017308 -0.013346 0.011114
v 0.017308 -0.013346 0.011114
v 0.017308 -0.013346 0.011114
v 0.017308 -0.013346 0.011114
v 0.017308 -0.013346 0.011114
v 0.017315 -0.01362 0.010373
v 0.017315 -0.01362 0.010373
v 0.017315 -0.01362 0.010373
v 0.017146 -0.013798 0.010307
v 0.017146 -0.013798 0.010307
v 0.017146 -0.013798 0.010307
v 0.017146 -0.013798 0.010307
v 0.017146 -0.013798 0.010307
v 0.017146 -0.013798 0.010307
v 0.015879 -0.013717 0.01314
v 0.015879 -0.013717 0.01314
v 0.015879 -0.013717 0.01314
v 0.015879 -0.013717 0.01314
v 0.015879 -0.013717 0.01314
v 0.015879 -0.013717 0.01314
v 0.015879 -0.013717 0.01314
v 0.016834 -0.013499 0.011806
v 0.016834 -0.013499 0.011806
v 0.016834 -0.013499 0.011806
v 0.016834 -0.013499 0.011806
v 0.016834 -0.013499 0.011806
v 0.014197 -0.013762 0.015247
v 0.014197 -0.013762 0.015247
v 0.014197 -0.013762 0.015247
v 0.014197 -0.013762 0.015247
v 0.014197 -0.013762 0.015247
v 0.015051 -0.013797 0.014219
v 0.015051 -0.013797 0.014219
v 0.015051 -0.013797 0.014219
v 0.015051 -0.013797 0.014219
v 0.015051 -0.013797 0.014219
v 0.017131 -0.013811 -0.010253
v 0.017131 -0.013811 -0.010253
v 0.017131 -0.013811 -0.010253
v 0.017131 -0.013811 -0.010253
v 0.017131 -0.013811 -0.010253
v 0.017039 -0.013894 -0.010253
v 0.017039 -0.013894 -0.010253
v 0.017039 -0.013894 -0.010253
v 0.017039 -0.013894 -0.010253
v 0.017039 -0.013894 -0.010253
v 0.017039 -0.013894 -0.010253
v 0.017039 -0.013894 -0.010253
v 0.014749 -0.015751 -0.010253
v 0.014749 -0.015751 -0.010253
v 0.014749 -0.015751 -0.010253
v 0.014749 -0.015751 -0.010253
v 0.014749 -0.015751 -0.010253
v 0.014749 -0.015751 -0.010253
v 0.013347 -0.016722 -0.010253
v 0.013347 -0.016722 -0.010253
v 0.013347 -0.016722 -0.010253
v 0.013347 -0.016722 -0.010253
v 0.013347 -0.016722 -0.010253
v 0.011532 -0.017821 -0.010253
v 0.011532 -0.017821 -0.010253
v 0.011532 -0.017821 -0.010253
v 0.011532 -0.017821 -0.010253
v 0.011532 -0.017821 -0.010253
v 0.011532 -0.017821 -0.010253
v 0.008186 -0.019438 -0.010253
v 0.008186 -0.019438 -0.010253
v 0.008186 -0.019438 -0.010253
v 0.008186 -0.019438 -0.010253
v 0.008186 -0.019438 -0.010253
v 0.008186 -0.019438 -0.010253
v 0.010496 -0.018376 -0.010253
v 0.010496 -0.018376 -0.010253
v 0.010496 -0.018376 -0.010253
v 0.010496 -0.018376 -0.010253
v 0.00769 -0.019396 -0.011061
v 0.00769 -0.019396 -0.011061
v 0.00769 -0.019396 -0.011061
v 0.00769 -0.019396 -0.011061
v 0.00769 -0.019396 -0.011061
v 0.007655 -0.019437 -0.010973
v 0.007655 -0.019437 -0.010973
v 0.007655 -0.019437 -0.010973
v 0.007655 -0.019437 -0.010973
v 0.007655 -0.019437 -0.010973
v 0.007644 -0.019517 -0.010721
v 0.007644 -0.019517 -0.010721
v 0.007644 -0.019517 -0.010721
v 0.007644 -0.019517 -0.010721
v 0.007644 -0.019517 -0.010721
v 0.007644 -0.019517 -0.010721
v 0.007644 -0.019517 -0.010721
v 0.007644 -0.019517 -0.010721
v 0.007644 -0.019517 -0.010721
v 0.007746 -0.019548 -0.010485
v 0.007746 -0.019548 -0.010485
v 0.007746 -0.019548 -0.010485
v 0.007746 -0.019548 -0.010485
v 0.007844 -0.019539 -0.010381
v 0.007844 -0.019539 -0.010381
v 0.007844 -0.019539 -0.010381
v 0.007844 -0.019539 -0.010381
v 0.007844 -0.019539 -0.010381
v 0.007844 -0.019539 -0.010381
v 0.007933 -0.019521 -0.01032
v 0.007933 -0.019521 -0.01032
v 0.007933 -0.019521 -0.01032
v 0.007933 -0.019521 -0.01032
v 0.007933 -0.019521 -0.01032
v 0.008167 -0.019445 -0.010253
v 0.008167 -0.019445 -0.010253
v 0.008167 -0.019445 -0.010253
v 0.008167 -0.019445 -0.010253
v 0.008167 -0.019445 -0.010253
v 0.008009 -0.0195 -0.010285
v 0.008009 -0.0195 -0.010285
v 0.008009 -0.0195 -0.010285
v 0.008009 -0.0195 -0.010285
v 0.008666 -0.018234 -0.013141
v 0.008666 -0.018234 -0.013141
v 0.008666 -0.018234 -0.013141
v 0.008666 -0.018234 -0.013141
v 0.008666 -0.018234 -0.013141
v 0.008666 -0.018234 -0.013141
v 0.008666 -0.018234 -0.013141
v 0.00807 -0.018993 -0.011829
v 0.00807 -0.018993 -0.011829
v 0.00807 -0.018993 -0.011829
v 0.00807 -0.018993 -0.011829
v 0.00807 -0.018993 -0.011829
v 0.009438 -0.016693 -0.015287
v 0.009438 -0.016693 -0.015287
v 0.009438 -0.016693 -0.015287
v 0.009438 -0.016693 -0.015287
v 0.009438 -0.016693 -0.015287
v 0.009091 -0.017522 -0.014215
v 0.009091 -0.017522 -0.014215
v 0.009091 -0.017522 -0.014215
v 0.009091 -0.017522 -0.014215
v 0.009091 -0.017522 -0.014215
v -0.012793 -0.013742 0.011114
v -0.012793 -0.013742 0.011114
v -0.012793 -0.013742 0.011114
v -0.012793 -0.013742 0.011114
v -0.012793 -0.013742 0.011114
v -0.012793 -0.013742 0.011114
v -0.012793 -0.013742 0.011114
v -0.01285 -0.013741 0.011027
v -0.01285 -0.013741 0.011027
v -0.01285 -0.013741 0.011027
v -0.01285 -0.013741 0.011027
v -0.01285 -0.013741 0.011027
v -0.01285 -0.013741 0.011027
v -0.012953 -0.013817 0.010775
v -0.012953 -0.013817 0.010775
v -0.012953 -0.013817 0.010775
v -0.012953 -0.013817 0.010775
v -0.012953 -0.013817 0.010775
v -0.012979 -0.013937 0.01059
v -0.012979 -0.013937 0.01059
v -0.012979 -0.013937 0.01059
v -0.012979 -0.013937 0.01059
v -0.012977 -0.013984 0.010536
v -0.012977 -0.013984 0.010536
v -0.012977 -0.013984 0.010536
v -0.012977 -0.013984 0.010536
v -0.012977 -0.013984 0.010536
v -0.012954 -0.014097 0.010437
v -0.012954 -0.014097 0.010437
v -0.012954 -0.014097 0.010437
v -0.012954 -0.014097 0.010437
v -0.012954 -0.014097 0.010437
v -0.012905 -0.014229 0.010358
v -0.012905 -0.014229 0.010358
v -0.012905 -0.014229 0.010358
v -0.012905 -0.014229 0.010358
v -0.012905 -0.014229 0.010358
v -0.012782 -0.01444 0.010307
v -0.012782 -0.01444 0.010307
v -0.012782 -0.01444 0.010307
v -0.012782 -0.01444 0.010307
v -0.012782 -0.01444 0.010307
v -0.009956 -0.017713 0.010307
v -0.009956 -0.017713 0.010307
v -0.009956 -0.017713 0.010307
v -0.009956 -0.017713 0.010307
v -0.009956 -0.017713 0.010307
v -0.009956 -0.017713 0.010307
v -0.009956 -0.017713 0.010307
v -0.009956 -0.017713 0.010307
v -0.011384 -0.016219 0.010307
v -0.011384 -0.016219 0.010307
v -0.011384 -0.016219 0.010307
v -0.011384 -0.016219 0.010307
v -0.009617 -0.017917 0.010471
v -0.009617 -0.017917 0.010471
v -0.009617 -0.017917 0.010471
v -0.009617 -0.017917 0.010471
v -0.009527 -0.017928 0.010579
v -0.009527 -0.017928 0.010579
v -0.009527 -0.017928 0.010579
v -0.009527 -0.017928 0.010579
v -0.009527 -0.017928 0.010579
v -0.009527 -0.017928 0.010579
v -0.009729 -0.017874 0.010382
v -0.009729 -0.017874 0.010382
v -0.009729 -0.017874 0.010382
v -0.009729 -0.017874 0.010382
v -0.009846 -0.017804 0.010324
v -0.009846 -0.017804 0.010324
v -0.009846 -0.017804 0.010324
v -0.009846 -0.017804 0.010324
v -0.009846 -0.017804 0.010324
v -0.007089 -0.019767 0.010307
v -0.007089 -0.019767 0.010307
v -0.007089 -0.019767 0.010307
v -0.007089 -0.019767 0.010307
v -0.007089 -0.019767 0.010307
v -0.002992 -0.021107 0.010307
v -0.002992 -0.021107 0.010307
v -0.002992 -0.021107 0.010307
v -0.002992 -0.021107 0.010307
v -0.002992 -0.021107 0.010307
v -0.002992 -0.021107 0.010307
v -0.005097 -0.020607 0.010307
v -0.005097 -0.020607 0.010307
v -0.005097 -0.020607 0.010307
v -0.005097 -0.020607 0.010307
v -0.005097 -0.020607 0.010307
v -0.005097 -0.020607 0.010307
v -0.005727 -0.020385 0.010307
v -0.005727 -0.020385 0.010307
v -0.005727 -0.020385 0.010307
v -0.005727 -0.020385 0.010307
v -0.005727 -0.020385 0.010307
v -0.00248 -0.021072 0.010579
v -0.00248 -0.021072 0.010579
v -0.00248 -0.021072 0.010579
v -0.00248 -0.021072 0.010579
v -0.00248 -0.021072 0.010579
v -0.002603 -0.021108 0.010447
v -0.002603 -0.021108 0.010447
v -0.002603 -0.021108 0.010447
v -0.002603 -0.021108 0.010447
v -0.002808 -0.021123 0.010336
v -0.002808 -0.021123 0.010336
v -0.002808 -0.021123 0.010336
v -0.002808 -0.021123 0.010336
v -0.002808 -0.021123 0.010336
v -0.002808 -0.021123 0.010336
v 0.020093 -0.006625 0.014698
v 0.020093 -0.006625 0.014698
v 0.020093 -0.006625 0.014698
v 0.020093 -0.006625 0.014698
v 0.020093 -0.006625 0.014698
v 0.020093 -0.006625 0.014698
v 0.020871 -0.00635 0.013857
v 0.020871 -0.00635 0.013857
v 0.020871 -0.00635 0.013857
v 0.020871 -0.00635 0.013857
v 0.020871 -0.00635 0.013857
v 0.020871 -0.00635 0.013857
v 0.023233 -0.00488 0.010579
v 0.023233 -0.00488 0.010579
v 0.023233 -0.00488 0.010579
v 0.023233 -0.00488 0.010579
v 0.023233 -0.00488 0.010579
v 0.023233 -0.00488 0.010579
v 0.023233 -0.00488 0.010579
v 0.0231 -0.004994 0.010803
v 0.0231 -0.004994 0.010803
v 0.0231 -0.004994 0.010803
v 0.0231 -0.004994 0.010803
v 0.0231 -0.004994 0.010803
v 0.022964 -0.005106 0.011027
v 0.022964 -0.005106 0.011027
v 0.022964 -0.005106 0.011027
v 0.022964 -0.005106 0.011027
v 0.022964 -0.005106 0.011027
v 0.022964 -0.005106 0.011027
v 0.022964 -0.005106 0.011027
v 0.022067 -0.005741 0.012363
v 0.022067 -0.005741 0.012363
v 0.022067 -0.005741 0.012363
v 0.022067 -0.005741 0.012363
v 0.022067 -0.005741 0.012363
v 0.022067 -0.005741 0.012363
v 0.021106 -0.006249 0.013585
v 0.021106 -0.006249 0.013585
v 0.021106 -0.006249 0.013585
v 0.021106 -0.006249 0.013585
v 0.023486 -0.004432 0.010307
v 0.023486 -0.004432 0.010307
v 0.023486 -0.004432 0.010307
v 0.023486 -0.004432 0.010307
v 0.023486 -0.004432 0.010307
v 0.023486 -0.004432 0.010307
v 0.023486 -0.004432 0.010307
v 0.023429 -0.004588 0.01033
v 0.023429 -0.004588 0.01033
v 0.023429 -0.004588 0.01033
v 0.023429 -0.004588 0.01033
v 0.023332 -0.004766 0.01043
v 0.023332 -0.004766 0.01043
v 0.023332 -0.004766 0.01043
v 0.023332 -0.004766 0.01043
v 0.023332 -0.004766 0.01043
v 0.023833 -0.003008 0.010307
v 0.023833 -0.003008 0.010307
v 0.023833 -0.003008 0.010307
v 0.023833 -0.003008 0.010307
v 0.024047 -0.000155 0.010307
v 0.024047 -0.000155 0.010307
v 0.024047 -0.000155 0.010307
v 0.024047 -0.000155 0.010307
v 0.024047 -0.000155 0.010307
v 0.024047 -0.000155 0.010307
v 0.024047 -0.000155 0.010307
v 0.024054 -0.000885 0.010307
v 0.024054 -0.000885 0.010307
v 0.024054 -0.000885 0.010307
v 0.024054 -0.000885 0.010307
v 0.024054 -0.000885 0.010307
v 0.023944 -0.002317 0.010307
v 0.023944 -0.002317 0.010307
v 0.023944 -0.002317 0.010307
v 0.023944 -0.002317 0.010307
v 0.023944 -0.002317 0.010307
v 0.024028 1.4E-05 0.010332
v 0.024028 1.4E-05 0.010332
v 0.024028 1.4E-05 0.010332
v 0.024028 1.4E-05 0.010332
v 0.024007 0.000101 0.010367
v 0.024007 0.000101 0.010367
v 0.024007 0.000101 0.010367
v 0.024007 0.000101 0.010367
v 0.024007 0.000101 0.010367
v 0.023973 0.000195 0.010428
v 0.023973 0.000195 0.010428
v 0.023973 0.000195 0.010428
v 0.023973 0.000195 0.010428
v 0.023973 0.000195 0.010428
v 0.023973 0.000195 0.010428
v 0.023915 0.000301 0.010536
v 0.023915 0.000301 0.010536
v 0.023915 0.000301 0.010536
v 0.023915 0.000301 0.010536
v 0.023794 0.000394 0.010775
v 0.023794 0.000394 0.010775
v 0.023794 0.000394 0.010775
v 0.023794 0.000394 0.010775
v 0.023794 0.000394 0.010775
v 0.023794 0.000394 0.010775
v 0.023794 0.000394 0.010775
v 0.023671 0.000365 0.011027
v 0.023671 0.000365 0.011027
v 0.023671 0.000365 0.011027
v 0.023671 0.000365 0.011027
v 0.023671 0.000365 0.011027
v 0.023671 0.000365 0.011027
v 0.02363 0.000321 0.011114
v 0.02363 0.000321 0.011114
v 0.02363 0.000321 0.011114
v 0.02363 0.000321 0.011114
v 0.023003 -0.000414 0.012303
v 0.023003 -0.000414 0.012303
v 0.023003 -0.000414 0.012303
v 0.023003 -0.000414 0.012303
v 0.023003 -0.000414 0.012303
v 0.023003 -0.000414 0.012303
v 0.0229 -0.000519 0.012472
v 0.0229 -0.000519 0.012472
v 0.0229 -0.000519 0.012472
v 0.0229 -0.000519 0.012472
v 0.0229 -0.000519 0.012472
v 0.0229 -0.000519 0.012472
v 0.021394 -0.001705 0.01445
v 0.021394 -0.001705 0.01445
v 0.021394 -0.001705 0.01445
v 0.021394 -0.001705 0.01445
v 0.021394 -0.001705 0.01445
v 0.021394 -0.001705 0.01445
v 0.022253 -0.001097 0.013417
v 0.022253 -0.001097 0.013417
v 0.022253 -0.001097 0.013417
v 0.022253 -0.001097 0.013417
v 0.023435 0.002851 0.010579
v 0.023435 0.002851 0.010579
v 0.023435 0.002851 0.010579
v 0.023435 0.002851 0.010579
v 0.023435 0.002851 0.010579
v 0.023435 0.002851 0.010579
v 0.02336 0.002708 0.010803
v 0.02336 0.002708 0.010803
v 0.02336 0.002708 0.010803
v 0.02336 0.002708 0.010803
v 0.02328 0.002565 0.011027
v 0.02328 0.002565 0.011027
v 0.02328 0.002565 0.011027
v 0.02328 0.002565 0.011027
v 0.02328 0.002565 0.011027
v 0.02328 0.002565 0.011027
v 0.022753 0.001767 0.012239
v 0.022753 0.001767 0.012239
v 0.022753 0.001767 0.012239
v 0.022753 0.001767 0.012239
v 0.022753 0.001767 0.012239
v 0.022753 0.001767 0.012239
v 0.022108 0.001016 0.013346
v 0.022108 0.001016 0.013346
v 0.022108 0.001016 0.013346
v 0.022108 0.001016 0.013346
v 0.022108 0.001016 0.013346
v 0.022108 0.001016 0.013346
v 0.0213 0.000286 0.014416
v 0.0213 0.000286 0.014416
v 0.0213 0.000286 0.014416
v 0.0213 0.000286 0.014416
v 0.0213 0.000286 0.014416
v 0.023426 0.003332 0.010307
v 0.023426 0.003332 0.010307
v 0.023426 0.003332 0.010307
v 0.023426 0.003332 0.010307
v 0.023426 0.003332 0.010307
v 0.023426 0.003332 0.010307
v 0.02346 0.003191 0.010325
v 0.02346 0.003191 0.010325
v 0.02346 0.003191 0.010325
v 0.02346 0.003191 0.010325
v 0.023473 0.003054 0.010383
v 0.023473 0.003054 0.010383
v 0.023473 0.003054 0.010383
v 0.023473 0.003054 0.010383
v 0.023473 0.003054 0.010383
v 0.023463 0.002934 0.010474
v 0.023463 0.002934 0.010474
v 0.023463 0.002934 0.010474
v 0.023463 0.002934 0.010474
v 0.023463 0.002934 0.010474
v 0.021706 0.007265 0.010307
v 0.021706 0.007265 0.010307
v 0.021706 0.007265 0.010307
v 0.021706 0.007265 0.010307
v 0.021706 0.007265 0.010307
v 0.021706 0.007265 0.010307
v 0.021706 0.007265 0.010307
v 0.022704 0.005242 0.010307
v 0.022704 0.005242 0.010307
v 0.022704 0.005242 0.010307
v 0.022704 0.005242 0.010307
v 0.022704 0.005242 0.010307
v 0.022704 0.005242 0.010307
v 0.021107 0.007627 0.011027
v 0.021107 0.007627 0.011027
v 0.021107 0.007627 0.011027
v 0.021107 0.007627 0.011027
v 0.021107 0.007627 0.011027
v 0.021107 0.007627 0.011027
v 0.021107 0.007627 0.011027
v 0.021083 0.007576 0.011114
v 0.021083 0.007576 0.011114
v 0.021083 0.007576 0.011114
v 0.021083 0.007576 0.011114
v 0.021083 0.007576 0.011114
v 0.02122 0.007687 0.010775
v 0.02122 0.007687 0.010775
v 0.02122 0.007687 0.010775
v 0.02122 0.007687 0.010775
v 0.021381 0.007637 0.010536
v 0.021381 0.007637 0.010536
v 0.021381 0.007637 0.010536
v 0.021381 0.007637 0.010536
v 0.021381 0.007637 0.010536
v 0.021381 0.007637 0.010536
v 0.021488 0.007554 0.010423
v 0.021488 0.007554 0.010423
v 0.021488 0.007554 0.010423
v 0.021488 0.007554 0.010423
v 0.021488 0.007554 0.010423
v 0.021488 0.007554 0.010423
v 0.021556 0.007483 0.010367
v 0.021556 0.007483 0.010367
v 0.021556 0.007483 0.010367
v 0.021556 0.007483 0.010367
v 0.021556 0.007483 0.010367
v 0.019794 0.005087 0.014344
v 0.019794 0.005087 0.014344
v 0.019794 0.005087 0.014344
v 0.019794 0.005087 0.014344
v 0.019794 0.005087 0.014344
v 0.020358 0.005956 0.0133
v 0.020358 0.005956 0.0133
v 0.020358 0.005956 0.0133
v 0.020358 0.005956 0.0133
v 0.020358 0.005956 0.0133
v 0.020358 0.005956 0.0133
v 0.020804 0.006837 0.012153
v 0.020804 0.006837 0.012153
v 0.020804 0.006837 0.012153
v 0.020804 0.006837 0.012153
v 0.01948 0.008134 0.012905
v 0.01948 0.008134 0.012905
v 0.01948 0.008134 0.012905
v 0.01948 0.008134 0.012905
v 0.01948 0.008134 0.012905
v 0.018992 0.007182 0.014026
v 0.018992 0.007182 0.014026
v 0.018992 0.007182 0.014026
v 0.018992 0.007182 0.014026
v 0.018992 0.007182 0.014026
v 0.018992 0.007182 0.014026
v 0.018381 0.006227 0.015045
v 0.018381 0.006227 0.015045
v 0.018381 0.006227 0.015045
v 0.018381 0.006227 0.015045
v 0.018381 0.006227 0.015045
v 0.020583 0.008543 0.011027
v 0.020583 0.008543 0.011027
v 0.020583 0.008543 0.011027
v 0.020583 0.008543 0.011027
v 0.020583 0.008543 0.011027
v 0.020583 0.008543 0.011027
v 0.019965 0.008321 0.01215
v 0.019965 0.008321 0.01215
v 0.019965 0.008321 0.01215
v 0.019965 0.008321 0.01215
v 0.021552 0.008864 0.008668
v 0.021552 0.008864 0.008668
v 0.021552 0.008864 0.008668
v 0.021552 0.008864 0.008668
v 0.021552 0.008864 0.008668
v 0.021552 0.008864 0.008668
v 0.021142 0.008731 0.009785
v 0.021142 0.008731 0.009785
v 0.021142 0.008731 0.009785
v 0.021142 0.008731 0.009785
v 0.021142 0.008731 0.009785
v 0.020911 0.008654 0.010331
v 0.020911 0.008654 0.010331
v 0.020911 0.008654 0.010331
v 0.020911 0.008654 0.010331
v 0.020911 0.008654 0.010331
v 0.020911 0.008654 0.010331
v 0.020662 0.00857 0.010867
v 0.020662 0.00857 0.010867
v 0.020662 0.00857 0.010867
v 0.020662 0.00857 0.010867
v 0.0225 0.007157 0.008668
v 0.0225 0.007157 0.008668
v 0.0225 0.007157 0.008668
v 0.0225 0.007157 0.008668
v 0.0225 0.007157 0.008668
v 0.022616 0.006933 0.008668
v 0.022616 0.006933 0.008668
v 0.022616 0.006933 0.008668
v 0.022616 0.006933 0.008668
v 0.022616 0.006933 0.008668
v 0.022616 0.006933 0.008668
v 0.023547 0.004934 0.008668
v 0.023547 0.004934 0.008668
v 0.023547 0.004934 0.008668
v 0.023547 0.004934 0.008668
v 0.023547 0.004934 0.008668
v 0.02401 0.004516 0.007807
v 0.02401 0.004516 0.007807
v 0.02401 0.004516 0.007807
v 0.02401 0.004516 0.007807
v 0.02401 0.004516 0.007807
v 0.02401 0.004516 0.007807
v 0.023979 0.004448 0.00798
v 0.023979 0.004448 0.00798
v 0.023979 0.004448 0.00798
v 0.023979 0.004448 0.00798
v 0.023908 0.004438 0.008204
v 0.023908 0.004438 0.008204
v 0.023908 0.004438 0.008204
v 0.023908 0.004438 0.008204
v 0.023908 0.004438 0.008204
v 0.023807 0.004508 0.008415
v 0.023807 0.004508 0.008415
v 0.023807 0.004508 0.008415
v 0.023807 0.004508 0.008415
v 0.023807 0.004508 0.008415
v 0.023694 0.004651 0.008575
v 0.023694 0.004651 0.008575
v 0.023694 0.004651 0.008575
v 0.023694 0.004651 0.008575
v 0.023694 0.004651 0.008575
v 0.023632 0.004756 0.008634
v 0.023632 0.004756 0.008634
v 0.023632 0.004756 0.008634
v 0.023632 0.004756 0.008634
v 0.023632 0.004756 0.008634
v 0.02409 0.005207 0.00659
v 0.02409 0.005207 0.00659
v 0.02409 0.005207 0.00659
v 0.02409 0.005207 0.00659
v 0.02409 0.005207 0.00659
v 0.02409 0.005207 0.00659
v 0.023922 0.006872 0.003585
v 0.023922 0.006872 0.003585
v 0.023922 0.006872 0.003585
v 0.023922 0.006872 0.003585
v 0.023922 0.006872 0.003585
v 0.023922 0.006872 0.003585
v 0.023922 0.006872 0.003585
v 0.023922 0.006872 0.003585
v 0.023922 0.006872 0.003585
v 0.024089 0.005731 0.005656
v 0.024089 0.005731 0.005656
v 0.024089 0.005731 0.005656
v 0.024089 0.005731 0.005656
v 0.023256 0.008586 0.000328
v 0.023256 0.008586 0.000328
v 0.023256 0.008586 0.000328
v 0.023256 0.008586 0.000328
v 0.023256 0.008586 0.000328
v 0.023256 0.008586 0.000328
v 0.023256 0.008586 -0.000274
v 0.023256 0.008586 -0.000274
v 0.023256 0.008586 -0.000274
v 0.023256 0.008586 -0.000274
v 0.023256 0.008586 -0.000274
v 0.023251 0.008596 0.000308
v 0.023251 0.008596 0.000308
v 0.023251 0.008596 0.000308
v 0.023251 0.008596 0.000308
v 0.023251 0.008596 0.000308
v 0.023251 0.008596 0.000308
v 0.023251 0.008596 0.000308
v 0.023222 0.008649 0.000128
v 0.023222 0.008649 0.000128
v 0.023222 0.008649 0.000128
v 0.023222 0.008649 0.000128
v 0.023222 0.008649 0.000128
v 0.023225 0.008644 -0.000103
v 0.023225 0.008644 -0.000103
v 0.023225 0.008644 -0.000103
v 0.023225 0.008644 -0.000103
v 0.023225 0.008644 -0.000103
v 0.023559 0.007957 -0.001496
v 0.023559 0.007957 -0.001496
v 0.023559 0.007957 -0.001496
v 0.023559 0.007957 -0.001496
v 0.023559 0.007957 -0.001496
v 0.023677 0.007663 -0.002056
v 0.023677 0.007663 -0.002056
v 0.023677 0.007663 -0.002056
v 0.023677 0.007663 -0.002056
v 0.023677 0.007663 -0.002056
v 0.023677 0.007663 -0.002056
v 0.024067 0.006027 -0.005072
v 0.024067 0.006027 -0.005072
v 0.024067 0.006027 -0.005072
v 0.024067 0.006027 -0.005072
v 0.024067 0.006027 -0.005072
v 0.024067 0.006027 -0.005072
v 0.024067 0.006027 -0.005072
v 0.024067 0.006027 -0.005072
v 0.024067 0.006027 -0.005072
v 0.023829 0.007213 -0.0029
v 0.023829 0.007213 -0.0029
v 0.023829 0.007213 -0.0029
v 0.023829 0.007213 -0.0029
v 0.02401 0.004516 -0.007753
v 0.02401 0.004516 -0.007753
v 0.02401 0.004516 -0.007753
v 0.02401 0.004516 -0.007753
v 0.02401 0.004516 -0.007753
v 0.02401 0.004516 -0.007753
v 0.02401 0.004516 -0.007753
v 0.023547 0.004934 -0.008615
v 0.023547 0.004934 -0.008615
v 0.023547 0.004934 -0.008615
v 0.023547 0.004934 -0.008615
v 0.023547 0.004934 -0.008615
v 0.023547 0.004934 -0.008615
v 0.023547 0.004934 -0.008615
v 0.023623 0.004772 -0.008587
v 0.023623 0.004772 -0.008587
v 0.023623 0.004772 -0.008587
v 0.023623 0.004772 -0.008587
v 0.023729 0.004602 -0.00848
v 0.023729 0.004602 -0.00848
v 0.023729 0.004602 -0.00848
v 0.023729 0.004602 -0.00848
v 0.023826 0.004491 -0.008329
v 0.023826 0.004491 -0.008329
v 0.023826 0.004491 -0.008329
v 0.023826 0.004491 -0.008329
v 0.023826 0.004491 -0.008329
v 0.023826 0.004491 -0.008329
v 0.023826 0.004491 -0.008329
v 0.023826 0.004491 -0.008329
v 0.023922 0.004434 -0.008112
v 0.023922 0.004434 -0.008112
v 0.023922 0.004434 -0.008112
v 0.023922 0.004434 -0.008112
v 0.023989 0.00446 -0.007882
v 0.023989 0.00446 -0.007882
v 0.023989 0.00446 -0.007882
v 0.023989 0.00446 -0.007882
v 0.023989 0.00446 -0.007882
v 0.023989 0.00446 -0.007882
v 0.022616 0.006933 -0.008615
v 0.022616 0.006933 -0.008615
v 0.022616 0.006933 -0.008615
v 0.022616 0.006933 -0.008615
v 0.022616 0.006933 -0.008615
v 0.022616 0.006933 -0.008615
v 0.021552 0.008864 -0.008615
v 0.021552 0.008864 -0.008615
v 0.021552 0.008864 -0.008615
v 0.021552 0.008864 -0.008615
v 0.021552 0.008864 -0.008615
v 0.021552 0.008864 -0.008615
v 0.020583 0.008543 -0.010973
v 0.020583 0.008543 -0.010973
v 0.020583 0.008543 -0.010973
v 0.020583 0.008543 -0.010973
v 0.020662 0.00857 -0.010814
v 0.020662 0.00857 -0.010814
v 0.020662 0.00857 -0.010814
v 0.020662 0.00857 -0.010814
v 0.020662 0.00857 -0.010814
v 0.021142 0.008732 -0.009732
v 0.021142 0.008732 -0.009732
v 0.021142 0.008732 -0.009732
v 0.021142 0.008732 -0.009732
v 0.021142 0.008732 -0.009732
v 0.020911 0.008655 -0.010278
v 0.020911 0.008655 -0.010278
v 0.020911 0.008655 -0.010278
v 0.020911 0.008655 -0.010278
v 0.020911 0.008655 -0.010278
v 0.019479 0.008134 -0.012851
v 0.019479 0.008134 -0.012851
v 0.019479 0.008134 -0.012851
v 0.019479 0.008134 -0.012851
v 0.019479 0.008134 -0.012851
v 0.019479 0.008134 -0.012851
v 0.019479 0.008134 -0.012851
v 0.020222 0.008415 -0.011653
v 0.020222 0.008415 -0.011653
v 0.020222 0.008415 -0.011653
v 0.020222 0.008415 -0.011653
v 0.020222 0.008415 -0.011653
v 0.023426 0.003332 -0.010253
v 0.023426 0.003332 -0.010253
v 0.023426 0.003332 -0.010253
v 0.023426 0.003332 -0.010253
v 0.023426 0.003332 -0.010253
v 0.023426 0.003332 -0.010253
v 0.023426 0.003332 -0.010253
v 0.023426 0.003332 -0.010253
v 0.022704 0.005242 -0.010253
v 0.022704 0.005242 -0.010253
v 0.022704 0.005242 -0.010253
v 0.022704 0.005242 -0.010253
v 0.022704 0.005242 -0.010253
v 0.021706 0.007265 -0.010253
v 0.021706 0.007265 -0.010253
v 0.021706 0.007265 -0.010253
v 0.021706 0.007265 -0.010253
v 0.021706 0.007265 -0.010253
v 0.021706 0.007265 -0.010253
v 0.023464 0.00294 -0.010414
v 0.023464 0.00294 -0.010414
v 0.023464 0.00294 -0.010414
v 0.023464 0.00294 -0.010414
v 0.023435 0.002851 -0.010525
v 0.023435 0.002851 -0.010525
v 0.023435 0.002851 -0.010525
v 0.023435 0.002851 -0.010525
v 0.023435 0.002851 -0.010525
v 0.023435 0.002851 -0.010525
v 0.023473 0.003059 -0.010327
v 0.023473 0.003059 -0.010327
v 0.023473 0.003059 -0.010327
v 0.023473 0.003059 -0.010327
v 0.02346 0.003194 -0.010271
v 0.02346 0.003194 -0.010271
v 0.02346 0.003194 -0.010271
v 0.02346 0.003194 -0.010271
v 0.02346 0.003194 -0.010271
v 0.023486 -0.004432 -0.010253
v 0.023486 -0.004432 -0.010253
v 0.023486 -0.004432 -0.010253
v 0.023486 -0.004432 -0.010253
v 0.023486 -0.004432 -0.010253
v 0.023486 -0.004432 -0.010253
v 0.023486 -0.004432 -0.010253
v 0.023833 -0.003008 -0.010253
v 0.023833 -0.003008 -0.010253
v 0.023833 -0.003008 -0.010253
v 0.023833 -0.003008 -0.010253
v 0.023833 -0.003008 -0.010253
v 0.023833 -0.003008 -0.010253
v 0.023944 -0.002317 -0.010253
v 0.023944 -0.002317 -0.010253
v 0.023944 -0.002317 -0.010253
v 0.023944 -0.002317 -0.010253
v 0.023944 -0.002317 -0.010253
v 0.024054 -0.000885 -0.010253
v 0.024054 -0.000885 -0.010253
v 0.024054 -0.000885 -0.010253
v 0.024054 -0.000885 -0.010253
v 0.024054 -0.000885 -0.010253
v 0.024054 -0.000885 -0.010253
v 0.024054 -0.000885 -0.010253
v 0.024047 -0.000155 -0.010253
v 0.024047 -0.000155 -0.010253
v 0.024047 -0.000155 -0.010253
v 0.024047 -0.000155 -0.010253
v 0.023233 -0.00488 -0.010525
v 0.023233 -0.00488 -0.010525
v 0.023233 -0.00488 -0.010525
v 0.023233 -0.00488 -0.010525
v 0.023233 -0.00488 -0.010525
v 0.023233 -0.00488 -0.010525
v 0.023233 -0.00488 -0.010525
v 0.023233 -0.00488 -0.010525
v 0.023324 -0.004777 -0.010387
v 0.023324 -0.004777 -0.010387
v 0.023324 -0.004777 -0.010387
v 0.023324 -0.004777 -0.010387
v 0.02342 -0.004608 -0.010284
v 0.02342 -0.004608 -0.010284
v 0.02342 -0.004608 -0.010284
v 0.02342 -0.004608 -0.010284
v 0.02342 -0.004608 -0.010284
v -0.00013 -0.019571 -0.013814
v -0.00013 -0.019571 -0.013814
v -0.00013 -0.019571 -0.013814
v -0.00013 -0.019571 -0.013814
v -0.00013 -0.019571 -0.013814
v -0.00013 -0.019571 -0.013814
v -0.00013 -0.019571 -0.013814
v 0.000448 -0.018994 -0.014645
v 0.000448 -0.018994 -0.014645
v 0.000448 -0.018994 -0.014645
v 0.000448 -0.018994 -0.014645
v 0.000448 -0.018994 -0.014645
v -0.00248 -0.021072 -0.010525
v -0.00248 -0.021072 -0.010525
v -0.00248 -0.021072 -0.010525
v -0.00248 -0.021072 -0.010525
v -0.00248 -0.021072 -0.010525
v -0.00232 -0.021001 -0.01075
v -0.00232 -0.021001 -0.01075
v -0.00232 -0.021001 -0.01075
v -0.00232 -0.021001 -0.01075
v -0.00232 -0.021001 -0.01075
v -0.00216 -0.020927 -0.010973
v -0.00216 -0.020927 -0.010973
v -0.00216 -0.020927 -0.010973
v -0.00216 -0.020927 -0.010973
v -0.00216 -0.020927 -0.010973
v -0.00216 -0.020927 -0.010973
v -0.00216 -0.020927 -0.010973
v -0.001201 -0.020391 -0.01231
v -0.001201 -0.020391 -0.01231
v -0.001201 -0.020391 -0.01231
v -0.001201 -0.020391 -0.01231
v -0.001201 -0.020391 -0.01231
v -0.001201 -0.020391 -0.01231
v -0.000329 -0.019745 -0.013532
v -0.000329 -0.019745 -0.013532
v -0.000329 -0.019745 -0.013532
v -0.000329 -0.019745 -0.013532
v -0.002992 -0.021107 -0.010253
v -0.002992 -0.021107 -0.010253
v -0.002992 -0.021107 -0.010253
v -0.002992 -0.021107 -0.010253
v -0.002992 -0.021107 -0.010253
v -0.002992 -0.021107 -0.010253
v -0.002827 -0.021123 -0.010276
v -0.002827 -0.021123 -0.010276
v -0.002827 -0.021123 -0.010276
v -0.002827 -0.021123 -0.010276
v -0.002626 -0.021112 -0.010376
v -0.002626 -0.021112 -0.010376
v -0.002626 -0.021112 -0.010376
v -0.002626 -0.021112 -0.010376
v -0.002626 -0.021112 -0.010376
v -0.002626 -0.021112 -0.010376
v -0.005097 -0.020607 -0.010253
v -0.005097 -0.020607 -0.010253
v -0.005097 -0.020607 -0.010253
v -0.005727 -0.020385 -0.010253
v -0.005727 -0.020385 -0.010253
v -0.005727 -0.020385 -0.010253
v -0.005727 -0.020385 -0.010253
v -0.005727 -0.020385 -0.010253
v -0.007089 -0.019767 -0.010253
v -0.007089 -0.019767 -0.010253
v -0.007089 -0.019767 -0.010253
v -0.007089 -0.019767 -0.010253
v -0.007089 -0.019767 -0.010253
v -0.0071 -0.019762 -0.010253
v -0.0071 -0.019762 -0.010253
v -0.0071 -0.019762 -0.010253
v -0.0071 -0.019762 -0.010253
v -0.0071 -0.019762 -0.010253
v -0.007231 -0.019679 -0.010277
v -0.007231 -0.019679 -0.010277
v -0.007231 -0.019679 -0.010277
v -0.007231 -0.019679 -0.010277
v -0.007303 -0.019621 -0.010314
v -0.007303 -0.019621 -0.010314
v -0.007303 -0.019621 -0.010314
v -0.007303 -0.019621 -0.010314
v -0.007303 -0.019621 -0.010314
v -0.007372 -0.019552 -0.010372
v -0.007372 -0.019552 -0.010372
v -0.007372 -0.019552 -0.010372
v -0.007372 -0.019552 -0.010372
v -0.007372 -0.019552 -0.010372
v -0.007372 -0.019552 -0.010372
v -0.007444 -0.019452 -0.010483
v -0.007444 -0.019452 -0.010483
v -0.007444 -0.019452 -0.010483
v -0.007444 -0.019452 -0.010483
v -0.007476 -0.019302 -0.010721
v -0.007476 -0.019302 -0.010721
v -0.007476 -0.019302 -0.010721
v -0.007476 -0.019302 -0.010721
v -0.007476 -0.019302 -0.010721
v -0.007476 -0.019302 -0.010721
v -0.007476 -0.019302 -0.010721
v -0.007476 -0.019302 -0.010721
v -0.007397 -0.019204 -0.010973
v -0.007397 -0.019204 -0.010973
v -0.007397 -0.019204 -0.010973
v -0.007397 -0.019204 -0.010973
v -0.007397 -0.019204 -0.010973
v -0.00734 -0.019186 -0.011061
v -0.00734 -0.019186 -0.011061
v -0.00734 -0.019186 -0.011061
v -0.00734 -0.019186 -0.011061
v -0.006406 -0.018939 -0.012249
v -0.006406 -0.018939 -0.012249
v -0.006406 -0.018939 -0.012249
v -0.006406 -0.018939 -0.012249
v -0.006406 -0.018939 -0.012249
v -0.006406 -0.018939 -0.012249
v -0.004546 -0.018044 -0.014397
v -0.004546 -0.018044 -0.014397
v -0.004546 -0.018044 -0.014397
v -0.004546 -0.018044 -0.014397
v -0.004546 -0.018044 -0.014397
v -0.004546 -0.018044 -0.014397
v -0.005465 -0.018557 -0.013364
v -0.005465 -0.018557 -0.013364
v -0.005465 -0.018557 -0.013364
v -0.005465 -0.018557 -0.013364
v -0.005465 -0.018557 -0.013364
v -0.006186 -0.018862 -0.012516
v -0.006186 -0.018862 -0.012516
v -0.006186 -0.018862 -0.012516
v -0.006186 -0.018862 -0.012516
v -0.006186 -0.018862 -0.012516
v -0.006186 -0.018862 -0.012516
v -0.009527 -0.017928 -0.010525
v -0.009527 -0.017928 -0.010525
v -0.009527 -0.017928 -0.010525
v -0.009527 -0.017928 -0.010525
v -0.009527 -0.017928 -0.010525
v -0.009527 -0.017928 -0.010525
v -0.009367 -0.017921 -0.01075
v -0.009367 -0.017921 -0.01075
v -0.009367 -0.017921 -0.01075
v -0.009367 -0.017921 -0.01075
v -0.009205 -0.01791 -0.010973
v -0.009205 -0.01791 -0.010973
v -0.009205 -0.01791 -0.010973
v -0.009205 -0.01791 -0.010973
v -0.009205 -0.01791 -0.010973
v -0.009205 -0.01791 -0.010973
v -0.009205 -0.01791 -0.010973
v -0.008259 -0.017774 -0.012189
v -0.008259 -0.017774 -0.012189
v -0.008259 -0.017774 -0.012189
v -0.008259 -0.017774 -0.012189
v -0.008259 -0.017774 -0.012189
v -0.008259 -0.017774 -0.012189
v -0.007305 -0.017512 -0.013297
v -0.007305 -0.017512 -0.013297
v -0.007305 -0.017512 -0.013297
v -0.007305 -0.017512 -0.013297
v -0.007305 -0.017512 -0.013297
v -0.007305 -0.017512 -0.013297
v -0.006294 -0.017095 -0.014372
v -0.006294 -0.017095 -0.014372
v -0.006294 -0.017095 -0.014372
v -0.006294 -0.017095 -0.014372
v -0.006294 -0.017095 -0.014372
v -0.009847 -0.017803 -0.010271
v -0.009847 -0.017803 -0.010271
v -0.009847 -0.017803 -0.010271
v -0.009847 -0.017803 -0.010271
v -0.009956 -0.017713 -0.010253
v -0.009956 -0.017713 -0.010253
v -0.009956 -0.017713 -0.010253
v -0.009956 -0.017713 -0.010253
v -0.009956 -0.017713 -0.010253
v -0.009956 -0.017713 -0.010253
v -0.009731 -0.017873 -0.010327
v -0.009731 -0.017873 -0.010327
v -0.009731 -0.017873 -0.010327
v -0.009731 -0.017873 -0.010327
v -0.009621 -0.017916 -0.010414
v -0.009621 -0.017916 -0.010414
v -0.009621 -0.017916 -0.010414
v -0.009621 -0.017916 -0.010414
v -0.009621 -0.017916 -0.010414
v -0.012782 -0.01444 -0.010253
v -0.012782 -0.01444 -0.010253
v -0.012782 -0.01444 -0.010253
v -0.012782 -0.01444 -0.010253
v -0.012782 -0.01444 -0.010253
v -0.012782 -0.01444 -0.010253
v -0.012782 -0.01444 -0.010253
v -0.011384 -0.016219 -0.010253
v -0.011384 -0.016219 -0.010253
v -0.011384 -0.016219 -0.010253
v -0.011384 -0.016219 -0.010253
v -0.011384 -0.016219 -0.010253
v -0.011384 -0.016219 -0.010253
v -0.012793 -0.013742 -0.011061
v -0.012793 -0.013742 -0.011061
v -0.012793 -0.013742 -0.011061
v -0.012793 -0.013742 -0.011061
v -0.012793 -0.013742 -0.011061
v -0.01285 -0.013741 -0.010973
v -0.01285 -0.013741 -0.010973
v -0.01285 -0.013741 -0.010973
v -0.01285 -0.013741 -0.010973
v -0.01285 -0.013741 -0.010973
v -0.01285 -0.013741 -0.010973
v -0.01285 -0.013741 -0.010973
v -0.012953 -0.013817 -0.010721
v -0.012953 -0.013817 -0.010721
v -0.012953 -0.013817 -0.010721
v -0.012953 -0.013817 -0.010721
v -0.012953 -0.013817 -0.010721
v -0.012977 -0.013984 -0.010483
v -0.012977 -0.013984 -0.010483
v -0.012977 -0.013984 -0.010483
v -0.012977 -0.013984 -0.010483
v -0.012977 -0.013984 -0.010483
v -0.012977 -0.013984 -0.010483
v -0.012913 -0.01421 -0.010314
v -0.012913 -0.01421 -0.010314
v -0.012913 -0.01421 -0.010314
v -0.012913 -0.01421 -0.010314
v -0.012913 -0.01421 -0.010314
v -0.012913 -0.01421 -0.010314
v -0.009991 -0.013659 -0.014289
v -0.009991 -0.013659 -0.014289
v -0.009991 -0.013659 -0.014289
v -0.009991 -0.013659 -0.014289
v -0.009991 -0.013659 -0.014289
v -0.011024 -0.01379 -0.01324
v -0.011024 -0.01379 -0.01324
v -0.011024 -0.01379 -0.01324
v -0.011024 -0.01379 -0.01324
v -0.011024 -0.01379 -0.01324
v -0.011024 -0.01379 -0.01324
v -0.012016 -0.01381 -0.012088
v -0.012016 -0.01381 -0.012088
v -0.012016 -0.01381 -0.012088
v -0.012016 -0.01381 -0.012088
v -0.012607 -0.012049 -0.012851
v -0.012607 -0.012049 -0.012851
v -0.012607 -0.012049 -0.012851
v -0.012607 -0.012049 -0.012851
v -0.012607 -0.012049 -0.012851
v -0.011539 -0.012025 -0.013969
v -0.011539 -0.012025 -0.013969
v -0.011539 -0.012025 -0.013969
v -0.011539 -0.012025 -0.013969
v -0.011539 -0.012025 -0.013969
v -0.011539 -0.012025 -0.013969
v -0.010417 -0.01189 -0.014985
v -0.010417 -0.01189 -0.014985
v -0.010417 -0.01189 -0.014985
v -0.010417 -0.01189 -0.014985
v -0.013452 -0.012867 -0.010973
v -0.013452 -0.012867 -0.010973
v -0.013452 -0.012867 -0.010973
v -0.013452 -0.012867 -0.010973
v -0.013452 -0.012867 -0.010973
v -0.013452 -0.012867 -0.010973
v -0.012985 -0.012406 -0.012096
v -0.012985 -0.012406 -0.012096
v -0.012985 -0.012406 -0.012096
v -0.012985 -0.012406 -0.012096
v -0.014161 -0.013602 -0.008615
v -0.014161 -0.013602 -0.008615
v -0.014161 -0.013602 -0.008615
v -0.014161 -0.013602 -0.008615
v -0.014161 -0.013602 -0.008615
v -0.014161 -0.013602 -0.008615
v -0.013864 -0.01329 -0.009732
v -0.013864 -0.01329 -0.009732
v -0.013864 -0.01329 -0.009732
v -0.013864 -0.01329 -0.009732
v -0.013864 -0.01329 -0.009732
v -0.013695 -0.013115 -0.010278
v -0.013695 -0.013115 -0.010278
v -0.013695 -0.013115 -0.010278
v -0.013695 -0.013115 -0.010278
v -0.013695 -0.013115 -0.010278
v -0.013695 -0.013115 -0.010278
v -0.013511 -0.012927 -0.010814
v -0.013511 -0.012927 -0.010814
v -0.013511 -0.012927 -0.010814
v -0.013511 -0.012927 -0.010814
v -0.013027 -0.015203 -0.008615
v -0.013027 -0.015203 -0.008615
v -0.013027 -0.015203 -0.008615
v -0.013027 -0.015203 -0.008615
v -0.012874 -0.015408 -0.008615
v -0.012874 -0.015408 -0.008615
v -0.012874 -0.015408 -0.008615
v -0.011465 -0.017119 -0.008615
v -0.011465 -0.017119 -0.008615
v -0.011465 -0.017119 -0.008615
v -0.011465 -0.017119 -0.008615
v -0.011465 -0.017119 -0.008615
v -0.011208 -0.017725 -0.007924
v -0.011208 -0.017725 -0.007924
v -0.011208 -0.017725 -0.007924
v -0.011283 -0.017723 -0.007753
v -0.011283 -0.017723 -0.007753
v -0.011283 -0.017723 -0.007753
v -0.011283 -0.017723 -0.007753
v -0.011283 -0.017723 -0.007753
v -0.011283 -0.017723 -0.007753
v -0.011283 -0.017723 -0.007753
v -0.011168 -0.017667 -0.008144
v -0.011168 -0.017667 -0.008144
v -0.011168 -0.017667 -0.008144
v -0.011168 -0.017667 -0.008144
v -0.011168 -0.017667 -0.008144
v -0.01118 -0.017567 -0.008329
v -0.01118 -0.017567 -0.008329
v -0.01118 -0.017567 -0.008329
v -0.01118 -0.017567 -0.008329
v -0.01118 -0.017567 -0.008329
v -0.01118 -0.017567 -0.008329
v -0.011252 -0.017409 -0.008498
v -0.011252 -0.017409 -0.008498
v -0.011252 -0.017409 -0.008498
v -0.011252 -0.017409 -0.008498
v -0.011373 -0.017229 -0.008598
v -0.011373 -0.017229 -0.008598
v -0.011373 -0.017229 -0.008598
v -0.011373 -0.017229 -0.008598
v -0.011373 -0.017229 -0.008598
v -0.011373 -0.017229 -0.008598
v -0.011373 -0.017229 -0.008598
v -0.011954 -0.017485 -0.006528
v -0.011954 -0.017485 -0.006528
v -0.011954 -0.017485 -0.006528
v -0.011954 -0.017485 -0.006528
v -0.011954 -0.017485 -0.006528
v -0.011954 -0.017485 -0.006528
v -0.013389 -0.016606 -0.003521
v -0.013389 -0.016606 -0.003521
v -0.013389 -0.016606 -0.003521
v -0.013389 -0.016606 -0.003521
v -0.013389 -0.016606 -0.003521
v -0.012429 -0.017255 -0.005595
v -0.012429 -0.017255 -0.005595
v -0.012429 -0.017255 -0.005595
v -0.012429 -0.017255 -0.005595
v -0.014643 -0.015265 -0.000275
v -0.014643 -0.015265 -0.000275
v -0.014643 -0.015265 -0.000275
v -0.014643 -0.015265 -0.000275
v -0.014643 -0.015265 -0.000275
v -0.014643 -0.015265 -0.000275
v -0.014643 -0.015265 0.000328
v -0.014643 -0.015265 0.000328
v -0.014643 -0.015265 0.000328
v -0.014643 -0.015265 0.000328
v -0.014643 -0.015265 0.000328
v -0.014683 -0.015211 0.000156
v -0.014683 -0.015211 0.000156
v -0.014683 -0.015211 0.000156
v -0.014683 -0.015211 0.000156
v -0.014683 -0.015211 0.000156
v -0.014686 -0.015206 -7.3E-05
v -0.014686 -0.015206 -7.3E-05
v -0.014686 -0.015206 -7.3E-05
v -0.014686 -0.015206 -7.3E-05
v -0.014686 -0.015206 -7.3E-05
v -0.014686 -0.015206 -7.3E-05
v -0.014651 -0.015255 -0.000253
v -0.014651 -0.015255 -0.000253
v -0.014651 -0.015255 -0.000253
v -0.014651 -0.015255 -0.000253
v -0.014651 -0.015255 -0.000253
v -0.014651 -0.015255 -0.000253
v -0.014247 -0.015765 0.00144
v -0.014247 -0.015765 0.00144
v -0.014247 -0.015765 0.00144
v -0.014247 -0.015765 0.00144
v -0.014247 -0.015765 0.00144
v -0.013977 -0.016062 0.002147
v -0.013977 -0.016062 0.002147
v -0.013977 -0.016062 0.002147
v -0.013977 -0.016062 0.002147
v -0.013977 -0.016062 0.002147
v -0.013977 -0.016062 0.002147
v -0.012699 -0.017098 0.005093
v -0.012699 -0.017098 0.005093
v -0.012699 -0.017098 0.005093
v -0.012699 -0.017098 0.005093
v -0.012699 -0.017098 0.005093
v -0.012699 -0.017098 0.005093
v -0.012699 -0.017098 0.005093
v -0.012699 -0.017098 0.005093
v -0.012699 -0.017098 0.005093
v -0.01368 -0.016353 0.002887
v -0.01368 -0.016353 0.002887
v -0.01368 -0.016353 0.002887
v -0.01368 -0.016353 0.002887
v -0.011283 -0.017723 0.007807
v -0.011283 -0.017723 0.007807
v -0.011283 -0.017723 0.007807
v -0.011283 -0.017723 0.007807
v -0.011283 -0.017723 0.007807
v -0.011283 -0.017723 0.007807
v -0.011283 -0.017723 0.007807
v -0.011348 -0.017262 0.008639
v -0.011348 -0.017262 0.008639
v -0.011348 -0.017262 0.008639
v -0.011348 -0.017262 0.008639
v -0.011465 -0.017119 0.008668
v -0.011465 -0.017119 0.008668
v -0.011465 -0.017119 0.008668
v -0.011465 -0.017119 0.008668
v -0.011465 -0.017119 0.008668
v -0.011465 -0.017119 0.008668
v -0.011465 -0.017119 0.008668
v -0.011238 -0.017434 0.00853
v -0.011238 -0.017434 0.00853
v -0.011238 -0.017434 0.00853
v -0.01118 -0.017567 0.008382
v -0.01118 -0.017567 0.008382
v -0.01118 -0.017567 0.008382
v -0.01118 -0.017567 0.008382
v -0.01118 -0.017567 0.008382
v -0.01118 -0.017567 0.008382
v -0.01118 -0.017567 0.008382
v -0.01118 -0.017567 0.008382
v -0.01117 -0.017679 0.008167
v -0.01117 -0.017679 0.008167
v -0.01117 -0.017679 0.008167
v -0.01117 -0.017679 0.008167
v -0.011221 -0.017729 0.00794
v -0.011221 -0.017729 0.00794
v -0.011221 -0.017729 0.00794
v -0.011221 -0.017729 0.00794
v -0.011221 -0.017729 0.00794
v -0.011221 -0.017729 0.00794
v -0.011221 -0.017729 0.00794
v -0.012874 -0.015408 0.008668
v -0.012874 -0.015408 0.008668
v -0.012874 -0.015408 0.008668
v -0.014161 -0.013602 0.008668
v -0.014161 -0.013602 0.008668
v -0.014161 -0.013602 0.008668
v -0.014161 -0.013602 0.008668
v -0.014161 -0.013602 0.008668
v -0.014161 -0.013602 0.008668
v -0.013452 -0.012867 0.011027
v -0.013452 -0.012867 0.011027
v -0.013452 -0.012867 0.011027
v -0.013452 -0.012867 0.011027
v -0.013511 -0.012927 0.010867
v -0.013511 -0.012927 0.010867
v -0.013511 -0.012927 0.010867
v -0.013511 -0.012927 0.010867
v -0.013511 -0.012927 0.010867
v -0.013864 -0.01329 0.009785
v -0.013864 -0.01329 0.009785
v -0.013864 -0.01329 0.009785
v -0.013864 -0.01329 0.009785
v -0.013864 -0.01329 0.009785
v -0.013695 -0.013115 0.010331
v -0.013695 -0.013115 0.010331
v -0.013695 -0.013115 0.010331
v -0.013695 -0.013115 0.010331
v -0.013695 -0.013115 0.010331
v -0.012607 -0.012049 0.012905
v -0.012607 -0.012049 0.012905
v -0.012607 -0.012049 0.012905
v -0.012607 -0.012049 0.012905
v -0.012607 -0.012049 0.012905
v -0.012607 -0.012049 0.012905
v -0.012607 -0.012049 0.012905
v -0.013182 -0.012597 0.011706
v -0.013182 -0.012597 0.011706
v -0.013182 -0.012597 0.011706
v -0.013182 -0.012597 0.011706
v -0.013182 -0.012597 0.011706
v 0.024528 -0.003199 0.008239
v 0.024528 -0.003199 0.008239
v 0.024528 -0.003199 0.008239
v 0.024528 -0.003199 0.008239
v 0.024528 -0.003199 0.008239
v 0.024528 -0.003199 0.008239
v 0.024964 0.004093 -0.004398
v 0.024964 0.004093 -0.004398
v 0.024964 0.004093 -0.004398
v 0.024964 0.004093 -0.004398
v 0.024964 0.004093 -0.004398
v 0.025232 0.00412 -0.002192
v 0.025232 0.00412 -0.002192
v 0.025232 0.00412 -0.002192
v 0.025232 0.00412 -0.002192
v 0.025232 0.00412 -0.002192
v 0.025232 0.00412 -0.002192
v 0.025232 0.00412 -0.002192
v 0.025136 0.001525 -0.006581
v 0.025136 0.001525 -0.006581
v 0.025136 0.001525 -0.006581
v 0.025136 0.001525 -0.006581
v 0.025136 0.001525 -0.006581
v 0.025136 0.001525 -0.006581
v 0.025136 0.001525 -0.006581
v 0.025136 0.001525 -0.006581
v 0.025136 0.001525 -0.006581
v 0.025581 0.00153 -0.004398
v 0.025581 0.00153 -0.004398
v 0.025581 0.00153 -0.004398
v 0.025581 0.00153 -0.004398
v 0.025581 0.00153 -0.004398
v 0.025581 0.00153 -0.004398
v 0.025581 0.00153 -0.004398
v 0.025113 -0.002367 -0.006581
v 0.025113 -0.002367 -0.006581
v 0.025113 -0.002367 -0.006581
v 0.025113 -0.002367 -0.006581
v 0.025113 -0.002367 -0.006581
v 0.025113 -0.002367 -0.006581
v 0.025113 -0.002367 -0.006581
v 0.025113 -0.002367 -0.006581
v 0.025113 -0.002367 -0.006581
v 0.025113 -0.002367 -0.006581
v 0.025254 -0.001072 -0.006581
v 0.025254 -0.001072 -0.006581
v 0.025254 -0.001072 -0.006581
v 0.025254 -0.001072 -0.006581
v 0.025254 -0.001072 -0.006581
v 0.025254 -0.001072 -0.006581
v 0.02568 -0.001108 -0.004398
v 0.02568 -0.001108 -0.004398
v 0.02568 -0.001108 -0.004398
v 0.02568 -0.001108 -0.004398
v 0.025962 0.000204 -0.002192
v 0.025962 0.000204 -0.002192
v 0.025962 0.000204 -0.002192
v 0.025962 0.000204 -0.002192
v 0.025962 0.000204 -0.002192
v 0.0257 0.000213 -0.004398
v 0.0257 0.000213 -0.004398
v 0.0257 0.000213 -0.004398
v 0.0257 0.000213 -0.004398
v 0.0257 0.000213 -0.004398
v 0.0257 0.000213 -0.004398
v 0.0257 0.000213 -0.004398
v 0.0257 0.000213 -0.004398
v 0.025848 0.001533 -0.002192
v 0.025848 0.001533 -0.002192
v 0.025848 0.001533 -0.002192
v 0.025848 0.001533 -0.002192
v 0.025848 0.001533 -0.002192
v 0.025848 0.001533 -0.002192
v 0.025848 0.001533 -0.002192
v 0.025848 0.001533 -0.002192
v 0.026018 0.000787 -4.4E-05
v 0.026018 0.000787 -4.4E-05
v 0.026018 0.000787 -4.4E-05
v 0.025938 0.001535 2.7E-05
v 0.025938 0.001535 2.7E-05
v 0.025938 0.001535 2.7E-05
v 0.025938 0.001535 2.7E-05
v 0.025938 0.001535 2.7E-05
v 0.025938 0.001535 2.7E-05
v 0.025938 0.001535 2.7E-05
v 0.025938 0.001535 2.7E-05
v 0.02602 0.000755 0.000235
v 0.02602 0.000755 0.000235
v 0.025848 0.001533 0.002245
v 0.025848 0.001533 0.002245
v 0.025848 0.001533 0.002245
v 0.025848 0.001533 0.002245
v 0.025848 0.001533 0.002245
v 0.025848 0.001533 0.002245
v 0.025962 0.000204 0.002245
v 0.025962 0.000204 0.002245
v 0.025962 0.000204 0.002245
v 0.025962 0.000204 0.002245
v 0.025962 0.000204 0.002245
v 0.0257 0.000213 0.004452
v 0.0257 0.000213 0.004452
v 0.0257 0.000213 0.004452
v 0.0257 0.000213 0.004452
v 0.0257 0.000213 0.004452
v 0.0257 0.000213 0.004452
v 0.0257 0.000213 0.004452
v 0.0257 0.000213 0.004452
v 0.02568 -0.001108 0.004452
v 0.02568 -0.001108 0.004452
v 0.02568 -0.001108 0.004452
v 0.02568 -0.001108 0.004452
v 0.02568 -0.001108 0.004452
v 0.025254 -0.001073 0.006635
v 0.025254 -0.001073 0.006635
v 0.025254 -0.001073 0.006635
v 0.025254 -0.001073 0.006635
v 0.025254 -0.001073 0.006635
v 0.025254 -0.001073 0.006635
v 0.025254 -0.001073 0.006635
v 0.025254 -0.001073 0.006635
v 0.025113 -0.002367 0.006635
v 0.025113 -0.002367 0.006635
v 0.025113 -0.002367 0.006635
v 0.025113 -0.002367 0.006635
v 0.025113 -0.002367 0.006635
v 0.025136 0.001525 0.006635
v 0.025136 0.001525 0.006635
v 0.025136 0.001525 0.006635
v 0.025136 0.001525 0.006635
v 0.025136 0.001525 0.006635
v 0.025136 0.001525 0.006635
v 0.025136 0.001525 0.006635
v 0.025136 0.001525 0.006635
v 0.025136 0.001525 0.006635
v 0.025262 0.000229 0.006635
v 0.025262 0.000229 0.006635
v 0.025262 0.000229 0.006635
v 0.025262 0.000229 0.006635
v 0.025262 0.000229 0.006635
v 0.024964 0.004093 0.004452
v 0.024964 0.004093 0.004452
v 0.024964 0.004093 0.004452
v 0.024964 0.004093 0.004452
v 0.025581 0.00153 0.004452
v 0.025581 0.00153 0.004452
v 0.025581 0.00153 0.004452
v 0.025581 0.00153 0.004452
v 0.025581 0.00153 0.004452
v 0.025581 0.00153 0.004452
v 0.025581 0.00153 0.004452
v 0.025581 0.00153 0.004452
v 0.025323 0.00413 2.7E-05
v 0.025323 0.00413 2.7E-05
v 0.025323 0.00413 2.7E-05
v 0.025323 0.00413 2.7E-05
v 0.025323 0.00413 2.7E-05
v 0.025323 0.00413 2.7E-05
v 0.025323 0.00413 2.7E-05
v 0.025323 0.00413 2.7E-05
v 0.025323 0.00413 2.7E-05
v 0.025232 0.00412 0.002245
v 0.025232 0.00412 0.002245
v 0.025232 0.00412 0.002245
v 0.025232 0.00412 0.002245
v 0.025232 0.00412 0.002245
v 0.025232 0.00412 0.002245
v 0.025232 0.00412 0.002245
v 0.025262 0.000229 -0.006581
v 0.025262 0.000229 -0.006581
v 0.025262 0.000229 -0.006581
v 0.025262 0.000229 -0.006581
v 0.025262 0.000229 -0.006581
v 0.024881 0.002804 0.006635
v 0.024881 0.002804 0.006635
v 0.024881 0.002804 0.006635
v -0.013389 -0.016606 -0.003521
v -0.013389 -0.016606 -0.003521
v -0.013389 -0.016606 -0.003521
v -0.013389 -0.016606 -0.003521
v -0.01255 -0.017106 -0.005612
v -0.01255 -0.017106 -0.005612
v -0.01255 -0.017106 -0.005612
v -0.01255 -0.017106 -0.005612
v -0.01255 -0.017106 -0.005612
v -0.01255 -0.017106 -0.005612
v -0.014869 -0.012695 0.008414
v -0.014869 -0.012695 0.008414
v -0.014869 -0.012695 0.008414
v -0.014869 -0.012695 0.008414
v -0.014869 -0.012695 0.008414
v -0.014869 -0.012695 0.008414
v -0.013083 -0.015271 0.008414
v -0.013083 -0.015271 0.008414
v -0.013083 -0.015271 0.008414
v -0.013083 -0.015271 0.008414
v -0.013083 -0.015271 0.008414
v -0.014075 -0.01193 0.011027
v -0.014075 -0.01193 0.011027
v -0.014075 -0.01193 0.011027
v -0.014075 -0.01193 0.011027
v -0.014075 -0.01193 0.011027
v -0.014075 -0.01193 0.011027
v -0.014075 -0.01193 0.011027
v -0.014075 -0.01193 0.011027
v -0.012874 -0.015408 0.008668
v -0.012874 -0.015408 0.008668
v -0.012874 -0.015408 0.008668
v -0.012116 -0.016502 0.008414
v -0.012116 -0.016502 0.008414
v -0.012116 -0.016502 0.008414
v -0.012116 -0.016502 0.008414
v -0.012116 -0.016502 0.008414
v -0.012116 -0.016502 0.008414
v -0.012116 -0.016502 0.008414
v -0.012116 -0.016502 0.008414
v -0.015768 -0.013602 2.7E-05
v -0.015768 -0.013602 2.7E-05
v -0.015768 -0.013602 2.7E-05
v -0.015768 -0.013602 2.7E-05
v -0.015768 -0.013602 2.7E-05
v -0.015768 -0.013602 2.7E-05
v -0.015768 -0.013602 2.7E-05
v -0.015768 -0.013602 2.7E-05
v -0.015668 -0.013501 0.002859
v -0.015668 -0.013501 0.002859
v -0.015668 -0.013501 0.002859
v -0.015668 -0.013501 0.002859
v -0.015668 -0.013501 0.002859
v -0.015668 -0.013501 0.002859
v -0.015668 -0.013501 0.002859
v -0.015668 -0.013501 0.002859
v -0.015668 -0.013501 0.002859
v -0.01381 -0.016184 0.002859
v -0.01381 -0.016184 0.002859
v -0.01381 -0.016184 0.002859
v -0.01381 -0.016184 0.002859
v -0.01381 -0.016184 0.002859
v -0.01381 -0.016184 0.002859
v -0.012116 -0.016502 -0.00836
v -0.012116 -0.016502 -0.00836
v -0.012116 -0.016502 -0.00836
v -0.012116 -0.016502 -0.00836
v -0.012116 -0.016502 -0.00836
v -0.012116 -0.016502 -0.00836
v -0.012116 -0.016502 -0.00836
v -0.012116 -0.016502 -0.00836
v -0.012116 -0.016502 -0.00836
v -0.013083 -0.015271 -0.00836
v -0.013083 -0.015271 -0.00836
v -0.013083 -0.015271 -0.00836
v -0.013083 -0.015271 -0.00836
v -0.013083 -0.015271 -0.00836
v -0.013083 -0.015271 -0.00836
v -0.013083 -0.015271 -0.00836
v -0.013083 -0.015271 -0.00836
v -0.012874 -0.015408 -0.008615
v -0.012874 -0.015408 -0.008615
v -0.012874 -0.015408 -0.008615
v -0.014513 -0.012348 -0.009691
v -0.014513 -0.012348 -0.009691
v -0.014513 -0.012348 -0.009691
v -0.014513 -0.012348 -0.009691
v -0.014513 -0.012348 -0.009691
v -0.014513 -0.012348 -0.009691
v -0.014513 -0.012348 -0.009691
v -0.014513 -0.012348 -0.009691
v -0.014869 -0.012695 -0.00836
v -0.014869 -0.012695 -0.00836
v -0.014869 -0.012695 -0.00836
v -0.014869 -0.012695 -0.00836
v -0.014869 -0.012695 -0.00836
v -0.014869 -0.012695 -0.00836
v -0.014869 -0.012695 -0.00836
v -0.014075 -0.01193 -0.010973
v -0.014075 -0.01193 -0.010973
v -0.014075 -0.01193 -0.010973
v -0.014075 -0.01193 -0.010973
v -0.014075 -0.01193 -0.010973
v -0.014075 -0.01193 -0.010973
v -0.014075 -0.01193 -0.010973
v -0.013544 -0.015846 0.005666
v -0.013544 -0.015846 0.005666
v -0.013544 -0.015846 0.005666
v -0.013544 -0.015846 0.005666
v -0.013544 -0.015846 0.005666
v -0.013544 -0.015846 0.005666
v -0.013544 -0.015846 0.005666
v -0.01255 -0.017106 0.005666
v -0.01255 -0.017106 0.005666
v -0.01255 -0.017106 0.005666
v -0.01255 -0.017106 0.005666
v -0.015376 -0.013203 0.005666
v -0.015376 -0.013203 0.005666
v -0.015376 -0.013203 0.005666
v -0.015376 -0.013203 0.005666
v -0.015376 -0.013203 0.005666
v -0.015376 -0.013203 0.005666
v -0.015376 -0.013204 -0.005612
v -0.015376 -0.013204 -0.005612
v -0.015376 -0.013204 -0.005612
v -0.015376 -0.013204 -0.005612
v -0.015376 -0.013204 -0.005612
v -0.015376 -0.013204 -0.005612
v -0.013544 -0.015846 -0.005612
v -0.013544 -0.015846 -0.005612
v -0.013544 -0.015846 -0.005612
v -0.013544 -0.015846 -0.005612
v -0.013544 -0.015846 -0.005612
v -0.013544 -0.015846 -0.005612
v -0.015669 -0.013501 -0.002805
v -0.015669 -0.013501 -0.002805
v -0.015669 -0.013501 -0.002805
v -0.015669 -0.013501 -0.002805
v -0.015669 -0.013501 -0.002805
v -0.015669 -0.013501 -0.002805
v -0.015669 -0.013501 -0.002805
v -0.015669 -0.013501 -0.002805
v -0.015669 -0.013501 -0.002805
v -0.01381 -0.016184 -0.002805
v -0.01381 -0.016184 -0.002805
v -0.01381 -0.016184 -0.002805
v -0.01381 -0.016184 -0.002805
v -0.019278 -0.008076 2.7E-05
v -0.019278 -0.008076 2.7E-05
v -0.019278 -0.008076 2.7E-05
v -0.019278 -0.008076 2.7E-05
v -0.019278 -0.008076 2.7E-05
v -0.019278 -0.008076 2.7E-05
v -0.019278 -0.008076 2.7E-05
v -0.019254 -0.008061 -0.001268
v -0.019254 -0.008061 -0.001268
v -0.019254 -0.008061 -0.001268
v -0.019254 -0.008061 -0.001268
v -0.019254 -0.008061 -0.001268
v -0.019254 -0.008061 -0.001268
v -0.019254 -0.008061 -0.001268
v -0.019254 -0.008061 -0.001268
v -0.019254 -0.008061 -0.001268
v -0.019254 -0.008061 -0.001268
v -0.019254 -0.008061 -0.001268
v -0.019254 -0.008061 -0.001268
v -0.019254 -0.008061 -0.001268
v -0.019254 -0.008061 -0.001268
v -0.019254 -0.008061 -0.001268
v -0.019254 -0.008061 -0.001268
v -0.019254 -0.008061 -0.001268
v -0.019254 -0.008061 -0.001268
v -0.019254 -0.008061 -0.001268
v -0.019254 -0.008061 -0.001268
v -0.019254 -0.008061 -0.001268
v -0.019254 -0.008061 -0.001268
v -0.014513 -0.012348 0.009744
v -0.014513 -0.012348 0.009744
v -0.014513 -0.012348 0.009744
v -0.014513 -0.012348 0.009744
v -0.014513 -0.012348 0.009744
v -0.014513 -0.012348 0.009744
v -0.018181 -0.007385 0.008604
v -0.018181 -0.007385 0.008604
v -0.018181 -0.007385 0.008604
v -0.018181 -0.007385 0.008604
v -0.018181 -0.007385 0.008604
v -0.018181 -0.007385 0.008604
v -0.018181 -0.007385 0.008604
v -0.015396 -0.009871 0.011027
v -0.015396 -0.009871 0.011027
v -0.015396 -0.009871 0.011027
v -0.015396 -0.009871 0.011027
v -0.015396 -0.009871 0.011027
v -0.017309 -0.006837 0.011027
v -0.017309 -0.006837 0.011027
v -0.017309 -0.006837 0.011027
v -0.017309 -0.006837 0.011027
v -0.019243 -0.008054 -0.001531
v -0.019243 -0.008054 -0.001531
v -0.019243 -0.008054 -0.001531
v -0.019243 -0.008054 -0.001531
v -0.019163 -0.008003 -0.002805
v -0.019163 -0.008003 -0.002805
v -0.019163 -0.008003 -0.002805
v -0.019163 -0.008003 -0.002805
v -0.019163 -0.008003 -0.002805
v -0.018882 -0.007827 -0.005235
v -0.018882 -0.007827 -0.005235
v -0.018882 -0.007827 -0.005235
v -0.018882 -0.007827 -0.005235
v -0.018882 -0.007827 -0.005235
v -0.018285 -0.007451 -0.008171
v -0.018285 -0.007451 -0.008171
v -0.018285 -0.007451 -0.008171
v -0.018285 -0.007451 -0.008171
v -0.017491 -0.006951 -0.010551
v -0.017491 -0.006951 -0.010551
v -0.017491 -0.006951 -0.010551
v -0.017491 -0.006951 -0.010551
v -0.017309 -0.006837 -0.010973
v -0.017309 -0.006837 -0.010973
v -0.017309 -0.006837 -0.010973
v -0.017309 -0.006837 -0.010973
v -0.017309 -0.006837 -0.010973
v -0.015396 -0.009871 -0.010973
v -0.015396 -0.009871 -0.010973
v -0.015396 -0.009871 -0.010973
v -0.015396 -0.009871 -0.010973
v -0.015396 -0.009871 -0.010973
v -0.019197 -0.008025 0.002407
v -0.019197 -0.008025 0.002407
v -0.019197 -0.008025 0.002407
v -0.019197 -0.008025 0.002407
v -0.019197 -0.008025 0.002407
v -0.019197 -0.008025 0.002407
v -0.019197 -0.008025 0.002407
v -0.019197 -0.008025 0.002407
v -0.019197 -0.008025 0.002407
v -0.018765 -0.007753 0.006011
v -0.018765 -0.007753 0.006011
v -0.018765 -0.007753 0.006011
v -0.018765 -0.007753 0.006011
v -0.018765 -0.007753 0.006011
v -0.018765 -0.007753 0.006011
v 0.021311 -0.00855 -0.010973
v 0.021311 -0.00855 -0.010973
v 0.021311 -0.00855 -0.010973
v 0.021311 -0.00855 -0.010973
v 0.021508 -0.008222 -0.010973
v 0.021508 -0.008222 -0.010973
v 0.021508 -0.008222 -0.010973
v 0.021508 -0.008222 -0.010973
v 0.022267 -0.008476 -0.00836
v 0.022267 -0.008476 -0.00836
v 0.022267 -0.008476 -0.00836
v 0.022267 -0.008476 -0.00836
v 0.022267 -0.008476 -0.00836
v 0.022267 -0.008476 -0.00836
v 0.022267 -0.008476 -0.00836
v 0.022267 -0.008476 -0.00836
v 0.022267 -0.008476 -0.00836
v 0.021669 -0.010263 -0.005612
v 0.021669 -0.010263 -0.005612
v 0.021669 -0.010263 -0.005612
v 0.021669 -0.010263 -0.005612
v 0.021669 -0.010263 -0.005612
v 0.021669 -0.010263 -0.005612
v 0.020434 -0.011761 -0.005612
v 0.020434 -0.011761 -0.005612
v 0.020434 -0.011761 -0.005612
v 0.020434 -0.011761 -0.005612
v 0.020434 -0.011761 -0.005612
v 0.020434 -0.011761 -0.005612
v 0.020434 -0.011761 -0.005612
v 0.020434 -0.011761 -0.005612
v 0.02001 -0.011515 -0.00836
v 0.02001 -0.011515 -0.00836
v 0.02001 -0.011515 -0.00836
v 0.02001 -0.011515 -0.00836
v 0.02001 -0.011515 -0.00836
v 0.021946 -0.010399 -0.002805
v 0.021946 -0.010399 -0.002805
v 0.021946 -0.010399 -0.002805
v 0.021946 -0.010399 -0.002805
v 0.021946 -0.010399 -0.002805
v 0.021946 -0.010399 -0.002805
v 0.021946 -0.010399 -0.002805
v 0.020685 -0.01191 -0.002805
v 0.020685 -0.01191 -0.002805
v 0.020685 -0.01191 -0.002805
v 0.020685 -0.01191 -0.002805
v 0.020685 -0.01191 0.002859
v 0.020685 -0.01191 0.002859
v 0.020685 -0.01191 0.002859
v 0.020685 -0.01191 0.002859
v 0.024543 -0.005223 0.005666
v 0.024543 -0.005223 0.005666
v 0.024543 -0.005223 0.005666
v 0.024543 -0.005223 0.005666
v 0.024543 -0.005223 0.005666
v 0.024543 -0.005223 0.005666
v 0.024543 -0.005223 0.005666
v 0.020659 -0.009541 0.011027
v 0.020659 -0.009541 0.011027
v 0.020659 -0.009541 0.011027
v 0.020659 -0.009541 0.011027
v 0.020659 -0.009541 0.011027
v 0.020659 -0.009541 0.011027
v 0.021199 -0.01004 0.008414
v 0.021199 -0.01004 0.008414
v 0.021199 -0.01004 0.008414
v 0.021199 -0.01004 0.008414
v 0.021199 -0.01004 0.008414
v 0.021199 -0.01004 0.008414
v 0.021199 -0.01004 0.008414
v 0.021199 -0.01004 0.008414
v 0.021275 -0.008607 0.011027
v 0.021275 -0.008607 0.011027
v 0.021275 -0.008607 0.011027
v 0.021275 -0.008607 0.011027
v 0.021275 -0.008607 0.011027
v 0.021275 -0.008607 0.011027
v 0.025508 -0.00344 0.002859
v 0.025508 -0.00344 0.002859
v 0.025508 -0.00344 0.002859
v 0.025508 -0.00344 0.002859
v 0.025508 -0.00344 0.002859
v 0.025508 -0.00344 0.002859
v 0.025329 -0.00368 0.003882
v 0.025329 -0.00368 0.003882
v 0.025329 -0.00368 0.003882
v 0.024906 -0.00531 0.002859
v 0.024906 -0.00531 0.002859
v 0.024906 -0.00531 0.002859
v 0.024906 -0.00531 0.002859
v 0.024906 -0.00531 0.002859
v 0.024906 -0.00531 0.002859
v 0.024906 -0.00531 0.002859
v 0.025638 -0.003461 2.7E-05
v 0.025638 -0.003461 2.7E-05
v 0.025638 -0.003461 2.7E-05
v 0.025638 -0.003461 2.7E-05
v 0.025638 -0.003461 2.7E-05
v 0.025638 -0.003461 2.7E-05
v 0.025638 -0.003461 2.7E-05
v 0.025638 -0.003461 2.7E-05
v 0.025976 -0.001623 9.7E-05
v 0.025976 -0.001623 9.7E-05
v 0.025976 -0.001623 9.7E-05
v 0.025972 -0.001655 -0.000183
v 0.024906 -0.005309 -0.002805
v 0.024906 -0.005309 -0.002805
v 0.024906 -0.005309 -0.002805
v 0.024906 -0.005309 -0.002805
v 0.024906 -0.005309 -0.002805
v 0.024906 -0.005309 -0.002805
v 0.024906 -0.005309 -0.002805
v 0.025508 -0.00344 -0.002805
v 0.025508 -0.00344 -0.002805
v 0.025508 -0.00344 -0.002805
v 0.025508 -0.00344 -0.002805
v 0.025508 -0.00344 -0.002805
v 0.025508 -0.00344 -0.002805
v 0.023186 -0.006823 -0.00836
v 0.023186 -0.006823 -0.00836
v 0.023186 -0.006823 -0.00836
v 0.023186 -0.006823 -0.00836
v 0.023186 -0.006823 -0.00836
v 0.019393 -0.011186 -0.010973
v 0.019393 -0.011186 -0.010973
v 0.019393 -0.011186 -0.010973
v 0.019393 -0.011186 -0.010973
v 0.020659 -0.009541 -0.010973
v 0.020659 -0.009541 -0.010973
v 0.020659 -0.009541 -0.010973
v 0.020659 -0.009541 -0.010973
v 0.020659 -0.009541 -0.010973
v 0.020659 -0.009541 -0.010973
v 0.020659 -0.009541 -0.010973
v 0.020659 -0.009541 -0.010973
v 0.018721 -0.012898 -0.00836
v 0.018721 -0.012898 -0.00836
v 0.018721 -0.012898 -0.00836
v 0.018721 -0.012898 -0.00836
v 0.018721 -0.012898 -0.00836
v 0.018721 -0.012898 -0.00836
v 0.018721 -0.012898 -0.00836
v 0.018721 -0.012898 -0.00836
v 0.018721 -0.012898 -0.00836
v 0.018721 -0.012898 -0.00836
v 0.02204 -0.010444 2.7E-05
v 0.02204 -0.010444 2.7E-05
v 0.02204 -0.010444 2.7E-05
v 0.02204 -0.010444 2.7E-05
v 0.02204 -0.010444 2.7E-05
v 0.02204 -0.010444 2.7E-05
v 0.02204 -0.010444 2.7E-05
v 0.021224 -0.011441 -4.5E-05
v 0.021224 -0.011441 -4.5E-05
v 0.018721 -0.012898 0.008414
v 0.018721 -0.012898 0.008414
v 0.018721 -0.012898 0.008414
v 0.018721 -0.012898 0.008414
v 0.018721 -0.012898 0.008414
v 0.018721 -0.012898 0.008414
v 0.018721 -0.012898 0.008414
v 0.018721 -0.012898 0.008414
v 0.017639 -0.013899 0.008526
v 0.017639 -0.013899 0.008526
v 0.017639 -0.013899 0.008526
v 0.017639 -0.013899 0.008526
v 0.017639 -0.013899 0.008526
v 0.02001 -0.011515 0.008414
v 0.02001 -0.011515 0.008414
v 0.02001 -0.011515 0.008414
v 0.02001 -0.011515 0.008414
v 0.02001 -0.011515 0.008414
v 0.02001 -0.011515 0.008414
v 0.02001 -0.011515 0.008414
v 0.022267 -0.008476 0.008414
v 0.022267 -0.008476 0.008414
v 0.022267 -0.008476 0.008414
v 0.022267 -0.008476 0.008414
v 0.022267 -0.008476 0.008414
v 0.022267 -0.008476 0.008414
v 0.022267 -0.008476 0.008414
v 0.022785 -0.008672 0.005666
v 0.022785 -0.008672 0.005666
v 0.022785 -0.008672 0.005666
v 0.022785 -0.008672 0.005666
v 0.022785 -0.008672 0.005666
v 0.022785 -0.008672 0.005666
v 0.023186 -0.006823 0.008414
v 0.023186 -0.006823 0.008414
v 0.023186 -0.006823 0.008414
v 0.023186 -0.006823 0.008414
v 0.023186 -0.006823 0.008414
v 0.023186 -0.006823 0.008414
v 0.023752 -0.006992 0.005666
v 0.023752 -0.006992 0.005666
v 0.023752 -0.006992 0.005666
v 0.023752 -0.006992 0.005666
v 0.023752 -0.006992 0.005666
v 0.023752 -0.006992 0.005666
v 0.024087 -0.007097 0.002859
v 0.024087 -0.007097 0.002859
v 0.024087 -0.007097 0.002859
v 0.024087 -0.007097 0.002859
v 0.024087 -0.007097 0.002859
v 0.024087 -0.007097 0.002859
v 0.023091 -0.008792 0.002859
v 0.023091 -0.008792 0.002859
v 0.023091 -0.008792 0.002859
v 0.023091 -0.008792 0.002859
v 0.023091 -0.008792 0.002859
v 0.023091 -0.008792 0.002859
v 0.025028 -0.005338 2.7E-05
v 0.025028 -0.005338 2.7E-05
v 0.025028 -0.005338 2.7E-05
v 0.025028 -0.005338 2.7E-05
v 0.025028 -0.005338 2.7E-05
v 0.025028 -0.005338 2.7E-05
v 0.024199 -0.007131 2.7E-05
v 0.024199 -0.007131 2.7E-05
v 0.024199 -0.007131 2.7E-05
v 0.024199 -0.007131 2.7E-05
v 0.024199 -0.007131 2.7E-05
v 0.024199 -0.007131 2.7E-05
v 0.023194 -0.008832 2.7E-05
v 0.023194 -0.008832 2.7E-05
v 0.023194 -0.008832 2.7E-05
v 0.023194 -0.008832 2.7E-05
v 0.023194 -0.008832 2.7E-05
v 0.023194 -0.008832 2.7E-05
v 0.023194 -0.008832 2.7E-05
v 0.023194 -0.008832 2.7E-05
v 0.021199 -0.01004 -0.00836
v 0.021199 -0.01004 -0.00836
v 0.021199 -0.01004 -0.00836
v 0.021199 -0.01004 -0.00836
v 0.021199 -0.01004 -0.00836
v 0.021199 -0.01004 -0.00836
v 0.022785 -0.008672 -0.005612
v 0.022785 -0.008672 -0.005612
v 0.022785 -0.008672 -0.005612
v 0.022785 -0.008672 -0.005612
v 0.022785 -0.008672 -0.005612
v 0.022785 -0.008672 -0.005612
v 0.023752 -0.006992 -0.005612
v 0.023752 -0.006992 -0.005612
v 0.023752 -0.006992 -0.005612
v 0.023752 -0.006992 -0.005612
v 0.023752 -0.006992 -0.005612
v 0.023752 -0.006992 -0.005612
v 0.024543 -0.005223 -0.005612
v 0.024543 -0.005223 -0.005612
v 0.024543 -0.005223 -0.005612
v 0.024543 -0.005223 -0.005612
v 0.024543 -0.005223 -0.005612
v 0.019103 -0.013164 -0.005612
v 0.019103 -0.013164 -0.005612
v 0.019103 -0.013164 -0.005612
v 0.019103 -0.013164 -0.005612
v 0.019103 -0.013164 -0.005612
v 0.023091 -0.008792 -0.002805
v 0.023091 -0.008792 -0.002805
v 0.023091 -0.008792 -0.002805
v 0.023091 -0.008792 -0.002805
v 0.023091 -0.008792 -0.002805
v 0.023091 -0.008792 -0.002805
v 0.024087 -0.007097 -0.002805
v 0.024087 -0.007097 -0.002805
v 0.024087 -0.007097 -0.002805
v 0.024087 -0.007097 -0.002805
v 0.024087 -0.007097 -0.002805
v 0.024087 -0.007097 -0.002805
v 0.020434 -0.011761 0.005666
v 0.020434 -0.011761 0.005666
v 0.020434 -0.011761 0.005666
v 0.020434 -0.011761 0.005666
v 0.020434 -0.011761 0.005666
v 0.020434 -0.011761 0.005666
v 0.019103 -0.013165 0.005666
v 0.019103 -0.013165 0.005666
v 0.019103 -0.013165 0.005666
v 0.019103 -0.013165 0.005666
v 0.019103 -0.013165 0.005666
v 0.019103 -0.013165 0.005666
v 0.021508 -0.008222 0.011027
v 0.021508 -0.008222 0.011027
v 0.021508 -0.008222 0.011027
v 0.021508 -0.008222 0.011027
v 0.021311 -0.00855 0.011027
v 0.021311 -0.00855 0.011027
v 0.021311 -0.00855 0.011027
v 0.021311 -0.00855 0.011027
v 0.021311 -0.00855 0.011027
v 0.021669 -0.010263 0.005666
v 0.021669 -0.010263 0.005666
v 0.021669 -0.010263 0.005666
v 0.021669 -0.010263 0.005666
v 0.021669 -0.010263 0.005666
v 0.021669 -0.010263 0.005666
v 0.021946 -0.010399 0.002859
v 0.021946 -0.010399 0.002859
v 0.021946 -0.010399 0.002859
v 0.021946 -0.010399 0.002859
v 0.021946 -0.010399 0.002859
v 0.021946 -0.010399 0.002859
v 0.021946 -0.010399 0.002859
v 0.021203 -0.011466 0.000238
v 0.021203 -0.011466 0.000238
v 0.021275 -0.008607 -0.010973
v 0.021275 -0.008607 -0.010973
v 0.021275 -0.008607 -0.010973
v 0.021275 -0.008607 -0.010973
v 0.021275 -0.008607 -0.010973
v -0.011309 -0.01877 -0.004398
v -0.011309 -0.01877 -0.004398
v -0.011309 -0.01877 -0.004398
v -0.011309 -0.01877 -0.004398
v -0.011449 -0.019001 -0.002192
v -0.011449 -0.019001 -0.002192
v -0.011449 -0.019001 -0.002192
v -0.011449 -0.019001 -0.002192
v -0.011449 -0.019001 -0.002192
v -0.011449 -0.019001 -0.002192
v -0.011449 -0.019001 -0.002192
v -0.004554 -0.021514 -0.008185
v -0.004554 -0.021514 -0.008185
v -0.004554 -0.021514 -0.008185
v -0.004554 -0.021514 -0.008185
v -0.004554 -0.021514 -0.008185
v -0.004554 -0.021514 -0.008185
v -0.004554 -0.021514 -0.008185
v -0.006784 -0.021252 -0.006581
v -0.006784 -0.021252 -0.006581
v -0.006784 -0.021252 -0.006581
v -0.006784 -0.021252 -0.006581
v -0.006784 -0.021252 -0.006581
v -0.006784 -0.021252 -0.006581
v -0.006784 -0.021252 -0.006581
v -0.006784 -0.021252 -0.006581
v -0.009075 -0.020025 -0.006581
v -0.009075 -0.020025 -0.006581
v -0.009075 -0.020025 -0.006581
v -0.009075 -0.020025 -0.006581
v -0.009075 -0.020025 -0.006581
v -0.009075 -0.020025 -0.006581
v -0.009075 -0.020025 -0.006581
v -0.009075 -0.020025 -0.006581
v -0.009075 -0.020025 -0.006581
v -0.007962 -0.020697 -0.006581
v -0.007962 -0.020697 -0.006581
v -0.007962 -0.020697 -0.006581
v -0.007962 -0.020697 -0.006581
v -0.007962 -0.020697 -0.006581
v -0.009272 -0.020425 -0.004398
v -0.009272 -0.020425 -0.004398
v -0.009272 -0.020425 -0.004398
v -0.009272 -0.020425 -0.004398
v -0.009272 -0.020425 -0.004398
v -0.009272 -0.020425 -0.004398
v -0.009272 -0.020425 -0.004398
v -0.009272 -0.020425 -0.004398
v -0.013245 -0.017145 -4.3E-05
v -0.013245 -0.017145 -4.3E-05
v -0.013245 -0.017145 -4.3E-05
v -0.011496 -0.019078 2.7E-05
v -0.011496 -0.019078 2.7E-05
v -0.011496 -0.019078 2.7E-05
v -0.011496 -0.019078 2.7E-05
v -0.011496 -0.019078 2.7E-05
v -0.011496 -0.019078 2.7E-05
v -0.011496 -0.019078 2.7E-05
v -0.011496 -0.019078 2.7E-05
v -0.011496 -0.019078 2.7E-05
v -0.013225 -0.017169 0.000234
v -0.011449 -0.019001 0.002245
v -0.011449 -0.019001 0.002245
v -0.011449 -0.019001 0.002245
v -0.011449 -0.019001 0.002245
v -0.011449 -0.019001 0.002245
v -0.011449 -0.019001 0.002245
v -0.011309 -0.01877 0.004452
v -0.011309 -0.01877 0.004452
v -0.011309 -0.01877 0.004452
v -0.011309 -0.01877 0.004452
v -0.011309 -0.01877 0.004452
v -0.009075 -0.020025 0.006635
v -0.009075 -0.020025 0.006635
v -0.009075 -0.020025 0.006635
v -0.009075 -0.020025 0.006635
v -0.009075 -0.020025 0.006635
v -0.009075 -0.020025 0.006635
v -0.009075 -0.020025 0.006635
v -0.009075 -0.020025 0.006635
v -0.009075 -0.020025 0.006635
v -0.010469 -0.019072 0.006239
v -0.010469 -0.019072 0.006239
v -0.010469 -0.019072 0.006239
v -0.009272 -0.020425 0.004452
v -0.009272 -0.020425 0.004452
v -0.009272 -0.020425 0.004452
v -0.009272 -0.020425 0.004452
v -0.009272 -0.020425 0.004452
v -0.009272 -0.020425 0.004452
v -0.009272 -0.020425 0.004452
v -0.006148 -0.021856 0.004922
v -0.006148 -0.021856 0.004922
v -0.006148 -0.021856 0.004922
v -0.006148 -0.021856 0.004922
v -0.005556 -0.021683 0.006635
v -0.005556 -0.021683 0.006635
v -0.005556 -0.021683 0.006635
v -0.005556 -0.021683 0.006635
v -0.005556 -0.021683 0.006635
v -0.005556 -0.021683 0.006635
v -0.005556 -0.021683 0.006635
v -0.005556 -0.021683 0.006635
v -0.005556 -0.021683 0.006635
v -0.005556 -0.021683 0.006635
v -0.006784 -0.021252 0.006635
v -0.006784 -0.021252 0.006635
v -0.006784 -0.021252 0.006635
v -0.006784 -0.021252 0.006635
v -0.006784 -0.021252 0.006635
v -0.006784 -0.021252 0.006635
v -0.006936 -0.021651 0.004452
v -0.006936 -0.021651 0.004452
v -0.006936 -0.021651 0.004452
v -0.006936 -0.021651 0.004452
v -0.008242 -0.021339 0.002245
v -0.008242 -0.021339 0.002245
v -0.008242 -0.021339 0.002245
v -0.008242 -0.021339 0.002245
v -0.008242 -0.021339 0.002245
v -0.008137 -0.021098 0.004452
v -0.008137 -0.021098 0.004452
v -0.008137 -0.021098 0.004452
v -0.008137 -0.021098 0.004452
v -0.008137 -0.021098 0.004452
v -0.008137 -0.021098 0.004452
v -0.008137 -0.021098 0.004452
v -0.008137 -0.021098 0.004452
v -0.009389 -0.020664 0.002245
v -0.009389 -0.020664 0.002245
v -0.009389 -0.020664 0.002245
v -0.009389 -0.020664 0.002245
v -0.009389 -0.020664 0.002245
v -0.009389 -0.020664 0.002245
v -0.009389 -0.020664 0.002245
v -0.009389 -0.020664 0.002245
v -0.009429 -0.020745 2.7E-05
v -0.009429 -0.020745 2.7E-05
v -0.009429 -0.020745 2.7E-05
v -0.009429 -0.020745 2.7E-05
v -0.009429 -0.020745 2.7E-05
v -0.009429 -0.020745 2.7E-05
v -0.009429 -0.020745 2.7E-05
v -0.009429 -0.020745 2.7E-05
v -0.008763 -0.021154 -0.000181
v -0.008763 -0.021154 -0.000181
v -0.008242 -0.021339 -0.002192
v -0.008242 -0.021339 -0.002192
v -0.008242 -0.021339 -0.002192
v -0.008242 -0.021339 -0.002192
v -0.008242 -0.021339 -0.002192
v -0.008137 -0.021098 -0.004398
v -0.008137 -0.021098 -0.004398
v -0.008137 -0.021098 -0.004398
v -0.008137 -0.021098 -0.004398
v -0.008137 -0.021098 -0.004398
v -0.008137 -0.021098 -0.004398
v -0.008137 -0.021098 -0.004398
v -0.008137 -0.021098 -0.004398
v -0.006936 -0.021651 -0.004398
v -0.006936 -0.021651 -0.004398
v -0.006936 -0.021651 -0.004398
v -0.006936 -0.021651 -0.004398
v -0.006936 -0.021651 -0.004398
v -0.005556 -0.021683 -0.006581
v -0.005556 -0.021683 -0.006581
v -0.005556 -0.021683 -0.006581
v -0.005556 -0.021683 -0.006581
v -0.005556 -0.021683 -0.006581
v -0.005556 -0.021683 -0.006581
v -0.007962 -0.020697 0.006635
v -0.007962 -0.020697 0.006635
v -0.007962 -0.020697 0.006635
v -0.007962 -0.020697 0.006635
v -0.007962 -0.020697 0.006635
v -0.009389 -0.020664 -0.002192
v -0.009389 -0.020664 -0.002192
v -0.009389 -0.020664 -0.002192
v -0.009389 -0.020664 -0.002192
v -0.009389 -0.020664 -0.002192
v -0.009389 -0.020664 -0.002192
v -0.010111 -0.019251 -0.006581
v -0.010111 -0.019251 -0.006581
v -0.010111 -0.019251 -0.006581
v 0.016386 -0.015393 0.006635
v 0.016386 -0.015393 0.006635
v 0.016386 -0.015393 0.006635
v 0.016386 -0.015393 0.006635
v 0.016386 -0.015393 0.006635
v 0.010025 -0.019701 0.004452
v 0.010025 -0.019701 0.004452
v 0.010025 -0.019701 0.004452
v 0.010025 -0.019701 0.004452
v 0.010025 -0.019701 0.004452
v 0.008314 -0.020711 2.7E-05
v 0.008314 -0.020711 2.7E-05
v 0.008314 -0.020711 2.7E-05
v 0.008314 -0.020711 2.7E-05
v 0.008314 -0.020711 2.7E-05
v 0.008314 -0.020711 2.7E-05
v 0.008314 -0.020711 2.7E-05
v 0.008314 -0.020711 2.7E-05
v 0.009934 -0.019451 -0.006581
v 0.009934 -0.019451 -0.006581
v 0.009934 -0.019451 -0.006581
v 0.009934 -0.019451 -0.006581
v 0.009934 -0.019451 -0.006581
v 0.013272 -0.0176 -0.006581
v 0.013272 -0.0176 -0.006581
v 0.013272 -0.0176 -0.006581
v 0.013272 -0.0176 -0.006581
v 0.013272 -0.0176 -0.006581
v 0.013272 -0.0176 -0.006581
v 0.01502 -0.016744 -0.004398
v 0.01502 -0.016744 -0.004398
v 0.01502 -0.016744 -0.004398
v 0.01502 -0.016744 -0.004398
v 0.01502 -0.016744 -0.004398
v 0.01502 -0.016744 -0.004398
v 0.01502 -0.016744 -0.004398
v 0.01502 -0.016744 -0.004398
v 0.01502 -0.016744 -0.004398
v 0.013409 -0.017819 -0.004398
v 0.013409 -0.017819 -0.004398
v 0.013409 -0.017819 -0.004398
v 0.013409 -0.017819 -0.004398
v 0.013409 -0.017819 -0.004398
v 0.013409 -0.017819 -0.004398
v 0.010025 -0.019701 -0.004398
v 0.010025 -0.019701 -0.004398
v 0.010025 -0.019701 -0.004398
v 0.010025 -0.019701 -0.004398
v 0.010025 -0.019701 -0.004398
v 0.01008 -0.019851 -0.002192
v 0.01008 -0.019851 -0.002192
v 0.01008 -0.019851 -0.002192
v 0.01008 -0.019851 -0.002192
v 0.01008 -0.019851 -0.002192
v 0.01008 -0.019851 -0.002192
v 0.01008 -0.019851 -0.002192
v 0.01008 -0.019851 -0.002192
v 0.006612 -0.021372 0.000237
v 0.006612 -0.021372 0.000237
v 0.006582 -0.021384 -4.4E-05
v 0.006582 -0.021384 -4.4E-05
v 0.010098 -0.019901 2.7E-05
v 0.010098 -0.019901 2.7E-05
v 0.010098 -0.019901 2.7E-05
v 0.010098 -0.019901 2.7E-05
v 0.010098 -0.019901 2.7E-05
v 0.010098 -0.019901 2.7E-05
v 0.010098 -0.019901 2.7E-05
v 0.011743 -0.018806 0.004452
v 0.011743 -0.018806 0.004452
v 0.011743 -0.018806 0.004452
v 0.011743 -0.018806 0.004452
v 0.011743 -0.018806 0.004452
v 0.011743 -0.018806 0.004452
v 0.011743 -0.018806 0.004452
v 0.011743 -0.018806 0.004452
v 0.011743 -0.018806 0.004452
v 0.016571 -0.015583 0.004452
v 0.016571 -0.015583 0.004452
v 0.016571 -0.015583 0.004452
v 0.016571 -0.015583 0.004452
v 0.016571 -0.015583 0.004452
v 0.016682 -0.015697 0.002245
v 0.016682 -0.015697 0.002245
v 0.016682 -0.015697 0.002245
v 0.016682 -0.015697 0.002245
v 0.016682 -0.015697 0.002245
v 0.016682 -0.015697 0.002245
v 0.016682 -0.015697 0.002245
v 0.016682 -0.015697 0.002245
v 0.01672 -0.015735 2.7E-05
v 0.01672 -0.015735 2.7E-05
v 0.01672 -0.015735 2.7E-05
v 0.01672 -0.015735 2.7E-05
v 0.01672 -0.015735 2.7E-05
v 0.01672 -0.015735 2.7E-05
v 0.01672 -0.015735 2.7E-05
v 0.018223 -0.014478 2.7E-05
v 0.018223 -0.014478 2.7E-05
v 0.018223 -0.014478 2.7E-05
v 0.018223 -0.014478 2.7E-05
v 0.018223 -0.014478 2.7E-05
v 0.018223 -0.014478 2.7E-05
v 0.018223 -0.014478 2.7E-05
v 0.018223 -0.014478 2.7E-05
v 0.019556 -0.01323 -0.000183
v 0.019556 -0.01323 -0.000183
v 0.01958 -0.013208 9.7E-05
v 0.01958 -0.013208 9.7E-05
v 0.016571 -0.015583 -0.004398
v 0.016571 -0.015583 -0.004398
v 0.016571 -0.015583 -0.004398
v 0.016571 -0.015583 -0.004398
v 0.016571 -0.015583 -0.004398
v 0.013272 -0.0176 0.006635
v 0.013272 -0.0176 0.006635
v 0.013272 -0.0176 0.006635
v 0.013272 -0.0176 0.006635
v 0.013272 -0.0176 0.006635
v 0.013272 -0.0176 0.006635
v 0.013409 -0.017819 0.004452
v 0.013409 -0.017819 0.004452
v 0.013409 -0.017819 0.004452
v 0.013409 -0.017819 0.004452
v 0.013409 -0.017819 0.004452
v 0.013409 -0.017819 0.004452
v 0.013492 -0.01795 0.002245
v 0.013492 -0.01795 0.002245
v 0.013492 -0.01795 0.002245
v 0.013492 -0.01795 0.002245
v 0.013492 -0.01795 0.002245
v 0.015149 -0.016907 2.7E-05
v 0.015149 -0.016907 2.7E-05
v 0.015149 -0.016907 2.7E-05
v 0.015149 -0.016907 2.7E-05
v 0.015149 -0.016907 2.7E-05
v 0.013519 -0.017994 2.7E-05
v 0.013519 -0.017994 2.7E-05
v 0.013519 -0.017994 2.7E-05
v 0.013519 -0.017994 2.7E-05
v 0.013519 -0.017994 2.7E-05
v 0.013519 -0.017994 2.7E-05
v 0.013492 -0.01795 -0.002192
v 0.013492 -0.01795 -0.002192
v 0.013492 -0.01795 -0.002192
v 0.013492 -0.01795 -0.002192
v 0.013492 -0.01795 -0.002192
v 0.011834 -0.018993 2.7E-05
v 0.011834 -0.018993 2.7E-05
v 0.011834 -0.018993 2.7E-05
v 0.011834 -0.018993 2.7E-05
v 0.011834 -0.018993 2.7E-05
v 0.003029 -0.0223 0.002859
v 0.003029 -0.0223 0.002859
v 0.003029 -0.0223 0.002859
v 0.003029 -0.0223 0.002859
v 0.003029 -0.0223 0.002859
v 0.003029 -0.0223 0.002859
v 0.003029 -0.0223 0.002859
v 0.004936 -0.021818 0.002859
v 0.004936 -0.021818 0.002859
v 0.004936 -0.021818 0.002859
v 0.004936 -0.021818 0.002859
v 0.004911 -0.021526 0.005666
v 0.004911 -0.021526 0.005666
v 0.004911 -0.021526 0.005666
v 0.004911 -0.021526 0.005666
v 0.004911 -0.021526 0.005666
v 0.004911 -0.021526 0.005666
v 0.004911 -0.021526 0.005666
v 0.004911 -0.021526 0.005666
v -0.002738 -0.022401 -0.005612
v -0.002738 -0.022401 -0.005612
v -0.002738 -0.022401 -0.005612
v -0.002738 -0.022401 -0.005612
v -0.002738 -0.022401 -0.005612
v -0.002738 -0.022401 -0.005612
v -0.002738 -0.022401 -0.005612
v 0.004936 -0.021818 -0.002805
v 0.004936 -0.021818 -0.002805
v 0.004936 -0.021818 -0.002805
v 0.004936 -0.021818 -0.002805
v 0.006674 -0.020476 0.008414
v 0.006674 -0.020476 0.008414
v 0.006674 -0.020476 0.008414
v 0.006674 -0.020476 0.008414
v 0.006674 -0.020476 0.008414
v 0.006674 -0.020476 0.008414
v 0.006674 -0.020476 0.008414
v 0.006674 -0.020476 0.008414
v 0.006674 -0.020476 0.008414
v 0.006674 -0.020476 0.008414
v 0.004847 -0.020338 0.011027
v 0.004847 -0.020338 0.011027
v 0.004847 -0.020338 0.011027
v 0.004847 -0.020338 0.011027
v 0.002824 -0.020766 0.011027
v 0.002824 -0.020766 0.011027
v 0.002824 -0.020766 0.011027
v 0.002824 -0.020766 0.011027
v 0.002824 -0.020766 0.011027
v 0.002824 -0.020766 0.011027
v 0.002824 -0.020766 0.011027
v 0.002824 -0.020766 0.011027
v -0.004797 -0.022628 2.7E-05
v -0.004797 -0.022628 2.7E-05
v -0.004797 -0.022628 2.7E-05
v -0.004797 -0.022628 2.7E-05
v -0.004797 -0.022628 2.7E-05
v -0.004797 -0.022628 2.7E-05
v -0.004797 -0.022628 2.7E-05
v -0.004797 -0.022628 2.7E-05
v -0.004797 -0.022628 2.7E-05
v -0.006177 -0.022263 0.000954
v -0.006177 -0.022263 0.000954
v -0.006177 -0.022263 0.000954
v -0.006177 -0.022263 0.000954
v -0.006177 -0.022263 0.000954
v -0.001828 -0.02192 0.00814
v -0.001828 -0.02192 0.00814
v -0.001828 -0.02192 0.00814
v -0.001828 -0.02192 0.00814
v -0.001828 -0.02192 0.00814
v -0.001828 -0.02192 0.00814
v -0.001828 -0.02192 0.00814
v -0.001828 -0.02192 0.00814
v -0.000714 -0.021869 0.008414
v -0.000714 -0.021869 0.008414
v -0.000714 -0.021869 0.008414
v -0.000714 -0.021869 0.008414
v -0.000714 -0.021869 0.008414
v -0.000357 -0.021258 0.010411
v -0.000357 -0.021258 0.010411
v -0.000357 -0.021258 0.010411
v -0.000357 -0.021258 0.010411
v -0.000357 -0.021258 0.010411
v -0.000357 -0.021258 0.010411
v 0.001166 -0.021755 0.008414
v 0.001166 -0.021755 0.008414
v 0.001166 -0.021755 0.008414
v 0.001166 -0.021755 0.008414
v 0.001166 -0.021755 0.008414
v 0.001166 -0.021755 0.008414
v 0.001166 -0.021755 0.008414
v 0.001166 -0.021755 0.008414
v 0.001166 -0.021755 0.008414
v 5E-05 -0.021026 0.011027
v 5E-05 -0.021026 0.011027
v 5E-05 -0.021026 0.011027
v 5E-05 -0.021026 0.011027
v 5E-05 -0.021026 0.011027
v 5E-05 -0.021026 0.011027
v 0.004281 -0.022101 9.8E-05
v 0.004281 -0.022101 9.8E-05
v 0.003029 -0.022403 2.7E-05
v 0.003029 -0.022403 2.7E-05
v 0.003029 -0.022403 2.7E-05
v 0.003029 -0.022403 2.7E-05
v 0.003029 -0.022403 2.7E-05
v 0.003029 -0.022403 2.7E-05
v 0.003029 -0.022403 2.7E-05
v 0.003029 -0.022403 2.7E-05
v 0.006674 -0.020476 -0.00836
v 0.006674 -0.020476 -0.00836
v 0.006674 -0.020476 -0.00836
v 0.006674 -0.020476 -0.00836
v 0.006674 -0.020476 -0.00836
v 0.006674 -0.020476 -0.00836
v 0.006674 -0.020476 -0.00836
v 0.006674 -0.020476 -0.00836
v 0.008045 -0.019934 -0.008472
v 0.008045 -0.019934 -0.008472
v 0.008045 -0.019934 -0.008472
v 0.008045 -0.019934 -0.008472
v 0.008045 -0.019934 -0.008472
v 0.004875 -0.021037 -0.00836
v 0.004875 -0.021037 -0.00836
v 0.004875 -0.021037 -0.00836
v 0.004875 -0.021037 -0.00836
v 0.004875 -0.021037 -0.00836
v 0.004875 -0.021037 -0.00836
v 0.004875 -0.021037 -0.00836
v 0.003035 -0.02147 -0.00836
v 0.003035 -0.02147 -0.00836
v 0.003035 -0.02147 -0.00836
v 0.003035 -0.02147 -0.00836
v 0.003035 -0.02147 -0.00836
v 0.003035 -0.02147 -0.00836
v 0.003035 -0.02147 -0.00836
v 0.003035 -0.02147 -0.00836
v 0.002824 -0.020766 -0.010973
v 0.002824 -0.020766 -0.010973
v 0.002824 -0.020766 -0.010973
v 0.002824 -0.020766 -0.010973
v 0.002824 -0.020766 -0.010973
v 0.002824 -0.020766 -0.010973
v -0.006178 -0.022263 -0.000899
v -0.006178 -0.022263 -0.000899
v -0.006178 -0.022263 -0.000899
v -0.00476 -0.022501 -0.002805
v -0.00476 -0.022501 -0.002805
v -0.00476 -0.022501 -0.002805
v -0.00476 -0.022501 -0.002805
v -0.00476 -0.022501 -0.002805
v -0.00476 -0.022501 -0.002805
v -0.002817 -0.022765 -0.002805
v -0.002817 -0.022765 -0.002805
v -0.002817 -0.022765 -0.002805
v -0.002817 -0.022765 -0.002805
v -0.002817 -0.022765 -0.002805
v -0.002817 -0.022765 -0.002805
v -0.002817 -0.022765 -0.002805
v -0.006599 -0.02214 -4.4E-05
v -0.006599 -0.02214 -4.4E-05
v -0.006599 -0.02214 -4.4E-05
v -0.006568 -0.02215 0.000236
v 0.001715 -0.020917 0.011027
v 0.001715 -0.020917 0.011027
v 0.001715 -0.020917 0.011027
v 0.001715 -0.020917 0.011027
v 0.001715 -0.020917 0.011027
v 0.001715 -0.020917 0.011027
v 0.001649 -0.020924 0.011027
v 0.001649 -0.020924 0.011027
v 0.001649 -0.020924 0.011027
v 0.001649 -0.020924 0.011027
v 0.001269 -0.020961 0.011027
v 0.001269 -0.020961 0.011027
v 0.001269 -0.020961 0.011027
v 0.001269 -0.020961 0.011027
v 0.006749 -0.020935 0.005666
v 0.006749 -0.020935 0.005666
v 0.006749 -0.020935 0.005666
v 0.006749 -0.020935 0.005666
v 0.00108 -0.022745 2.7E-05
v 0.00108 -0.022745 2.7E-05
v 0.00108 -0.022745 2.7E-05
v 0.00108 -0.022745 2.7E-05
v 0.00108 -0.022745 2.7E-05
v 0.00108 -0.022745 2.7E-05
v 0.00108 -0.022745 2.7E-05
v 0.00108 -0.022745 2.7E-05
v 0.003029 -0.0223 -0.002805
v 0.003029 -0.0223 -0.002805
v 0.003029 -0.0223 -0.002805
v 0.003029 -0.0223 -0.002805
v 0.003029 -0.0223 -0.002805
v 0.003029 -0.0223 -0.002805
v 0.003029 -0.0223 -0.002805
v 0.001649 -0.020924 -0.010973
v 0.001649 -0.020924 -0.010973
v 0.001649 -0.020924 -0.010973
v 0.001649 -0.020924 -0.010973
v 0.001715 -0.020917 -0.010973
v 0.001715 -0.020917 -0.010973
v 0.001715 -0.020917 -0.010973
v 0.001715 -0.020917 -0.010973
v 0.001715 -0.020917 -0.010973
v 0.001715 -0.020917 -0.010973
v 0.001715 -0.020917 -0.010973
v 0.001166 -0.021755 -0.00836
v 0.001166 -0.021755 -0.00836
v 0.001166 -0.021755 -0.00836
v 0.001166 -0.021755 -0.00836
v 0.001166 -0.021755 -0.00836
v 0.001166 -0.021755 -0.00836
v 0.001166 -0.021755 -0.00836
v -0.000714 -0.021869 -0.00836
v -0.000714 -0.021869 -0.00836
v -0.000714 -0.021869 -0.00836
v -0.000714 -0.021869 -0.00836
v -0.000714 -0.021869 -0.00836
v -0.000714 -0.021869 -0.00836
v 0.001269 -0.020961 -0.010973
v 0.001269 -0.020961 -0.010973
v 0.001269 -0.020961 -0.010973
v 0.001269 -0.020961 -0.010973
v 0.006749 -0.020935 -0.005612
v 0.006749 -0.020935 -0.005612
v 0.006749 -0.020935 -0.005612
v 0.006749 -0.020935 -0.005612
v 0.006749 -0.020935 -0.005612
v 0.006749 -0.020935 -0.005612
v 0.004911 -0.021526 -0.005612
v 0.004911 -0.021526 -0.005612
v 0.004911 -0.021526 -0.005612
v 0.004911 -0.021526 -0.005612
v 0.004911 -0.021526 -0.005612
v 0.004911 -0.021526 -0.005612
v 0.004312 -0.022092 -0.000184
v 0.004312 -0.022092 -0.000184
v -0.002845 -0.022887 2.7E-05
v -0.002845 -0.022887 2.7E-05
v -0.002845 -0.022887 2.7E-05
v -0.002845 -0.022887 2.7E-05
v -0.002845 -0.022887 2.7E-05
v -0.002845 -0.022887 2.7E-05
v -0.000876 -0.022915 2.7E-05
v -0.000876 -0.022915 2.7E-05
v -0.000876 -0.022915 2.7E-05
v -0.000876 -0.022915 2.7E-05
v -0.000876 -0.022915 2.7E-05
v -0.000876 -0.022915 2.7E-05
v -0.000859 -0.022799 -0.002805
v -0.000859 -0.022799 -0.002805
v -0.000859 -0.022799 -0.002805
v -0.000859 -0.022799 -0.002805
v -0.000859 -0.022799 -0.002805
v -0.000859 -0.022799 -0.002805
v 0.00109 -0.022635 -0.002805
v 0.00109 -0.022635 -0.002805
v 0.00109 -0.022635 -0.002805
v 0.00109 -0.022635 -0.002805
v 0.00109 -0.022635 -0.002805
v 0.00109 -0.022635 -0.002805
v 0.003029 -0.02199 -0.005612
v 0.003029 -0.02199 -0.005612
v 0.003029 -0.02199 -0.005612
v 0.003029 -0.02199 -0.005612
v 0.003029 -0.02199 -0.005612
v 0.003029 -0.02199 -0.005612
v -0.000808 -0.022452 -0.005612
v -0.000808 -0.022452 -0.005612
v -0.000808 -0.022452 -0.005612
v -0.000808 -0.022452 -0.005612
v -0.000808 -0.022452 -0.005612
v -0.000808 -0.022452 -0.005612
v 0.001115 -0.022307 -0.005612
v 0.001115 -0.022307 -0.005612
v 0.001115 -0.022307 -0.005612
v 0.001115 -0.022307 -0.005612
v 0.001115 -0.022307 -0.005612
v 0.001115 -0.022307 -0.005612
v -0.002738 -0.022401 0.005666
v -0.002738 -0.022401 0.005666
v -0.002738 -0.022401 0.005666
v -0.002738 -0.022401 0.005666
v -0.002738 -0.022401 0.005666
v -0.002817 -0.022765 0.002859
v -0.002817 -0.022765 0.002859
v -0.002817 -0.022765 0.002859
v -0.002817 -0.022765 0.002859
v -0.002817 -0.022765 0.002859
v -0.002817 -0.022765 0.002859
v -0.002817 -0.022765 0.002859
v -0.000859 -0.022799 0.002859
v -0.000859 -0.022799 0.002859
v -0.000859 -0.022799 0.002859
v -0.000859 -0.022799 0.002859
v -0.000859 -0.022799 0.002859
v -0.000859 -0.022799 0.002859
v -0.000808 -0.022452 0.005666
v -0.000808 -0.022452 0.005666
v -0.000808 -0.022452 0.005666
v -0.000808 -0.022452 0.005666
v -0.000808 -0.022452 0.005666
v -0.000808 -0.022452 0.005666
v 0.00109 -0.022635 0.002859
v 0.00109 -0.022635 0.002859
v 0.00109 -0.022635 0.002859
v 0.00109 -0.022635 0.002859
v 0.00109 -0.022635 0.002859
v 0.00109 -0.022635 0.002859
v 0.001115 -0.022307 0.005666
v 0.001115 -0.022307 0.005666
v 0.001115 -0.022307 0.005666
v 0.001115 -0.022307 0.005666
v 0.001115 -0.022307 0.005666
v 0.001115 -0.022307 0.005666
v 0.003029 -0.02199 0.005666
v 0.003029 -0.02199 0.005666
v 0.003029 -0.02199 0.005666
v 0.003029 -0.02199 0.005666
v 0.003029 -0.02199 0.005666
v 0.003029 -0.02199 0.005666
v 0.003035 -0.02147 0.008414
v 0.003035 -0.02147 0.008414
v 0.003035 -0.02147 0.008414
v 0.003035 -0.02147 0.008414
v 0.003035 -0.02147 0.008414
v 0.003035 -0.02147 0.008414
v 0.004875 -0.021037 0.008414
v 0.004875 -0.021037 0.008414
v 0.004875 -0.021037 0.008414
v 0.004875 -0.021037 0.008414
v 0.004875 -0.021037 0.008414
v -0.005094 -0.022432 0.00283
v -0.005094 -0.022432 0.00283
v -0.005094 -0.022432 0.00283
v -0.005094 -0.022432 0.00283
v -0.005094 -0.022432 0.00283
v -0.005094 -0.022432 0.00283
v -0.005094 -0.022432 0.00283
v -0.00476 -0.022501 0.002859
v -0.00476 -0.022501 0.002859
v -0.00476 -0.022501 0.002859
v -0.00476 -0.022501 0.002859
v -0.00476 -0.022501 0.002859
v -0.004478 -0.022444 0.003862
v -0.004478 -0.022444 0.003862
v -0.004478 -0.022444 0.003862
v -0.004478 -0.022444 0.003862
v -0.004478 -0.022444 0.003862
v -0.004478 -0.022444 0.003862
v -0.003439 -0.022345 0.005567
v -0.003439 -0.022345 0.005567
v -0.003439 -0.022345 0.005567
v -0.003439 -0.022345 0.005567
v -0.003439 -0.022345 0.005567
v -0.003439 -0.022345 0.005567
v -0.003439 -0.022345 0.005567
v -0.011167 -0.015932 -0.010973
v -0.011167 -0.015932 -0.010973
v -0.011167 -0.015932 -0.010973
v -0.011167 -0.015932 -0.010973
v -0.011167 -0.015932 -0.010973
v -0.011167 -0.015932 -0.010973
v -0.011167 -0.015932 -0.010973
v -0.011167 -0.015932 -0.010973
v -0.011167 -0.015932 -0.010973
v -0.011167 -0.015932 -0.010973
v -0.011167 -0.015932 -0.010973
v -0.012821 -0.014093 -0.010616
v -0.012821 -0.014093 -0.010616
v -0.012821 -0.014093 -0.010616
v -0.012821 -0.014093 -0.010616
v -0.012821 -0.014093 -0.010616
v -0.009743 -0.017823 -0.01039
v -0.009743 -0.017823 -0.01039
v -0.009743 -0.017823 -0.01039
v -0.009743 -0.017823 -0.01039
v -0.009743 -0.017823 -0.01039
v -0.009743 -0.017823 -0.01039
v -0.009743 -0.017823 -0.01039
v -0.003633 -0.020841 -0.010613
v -0.003633 -0.020841 -0.010613
v -0.003633 -0.020841 -0.010613
v -0.003633 -0.020841 -0.010613
v -0.003633 -0.020841 -0.010613
v -0.003633 -0.020841 -0.010613
v -0.003633 -0.020841 -0.010613
v -0.003633 -0.020841 -0.010613
v -0.003633 -0.020841 -0.010613
v -0.007287 -0.019539 -0.010488
v -0.007287 -0.019539 -0.010488
v -0.007287 -0.019539 -0.010488
v -0.007287 -0.019539 -0.010488
v -0.007287 -0.019539 -0.010488
v -0.007287 -0.019539 -0.010488
v -0.007287 -0.019539 -0.010488
v -0.005666 -0.020239 -0.010613
v -0.005666 -0.020239 -0.010613
v -0.005666 -0.020239 -0.010613
v -0.005666 -0.020239 -0.010613
v -0.005666 -0.020239 -0.010613
v -0.005666 -0.020239 -0.010613
v -0.005666 -0.020239 -0.010613
v -0.005666 -0.020239 -0.010613
v -0.005097 -0.020607 -0.010253
v -0.005097 -0.020607 -0.010253
v -0.005097 -0.020607 -0.010253
v -0.003583 -0.020692 -0.010973
v -0.003583 -0.020692 -0.010973
v -0.003583 -0.020692 -0.010973
v -0.003583 -0.020692 -0.010973
v -0.003583 -0.020692 -0.010973
v -0.003583 -0.020692 -0.010973
v -0.003583 -0.020692 -0.010973
v -0.0056 -0.020084 -0.010973
v -0.0056 -0.020084 -0.010973
v -0.0056 -0.020084 -0.010973
v -0.0056 -0.020084 -0.010973
v -0.0056 -0.020084 -0.010973
v -0.006822 -0.019525 -0.010973
v -0.006822 -0.019525 -0.010973
v -0.006822 -0.019525 -0.010973
v -0.006822 -0.019525 -0.010973
v -0.006822 -0.019525 -0.010973
v -0.006822 -0.019525 -0.010973
v -0.006822 -0.019525 -0.010973
v 0.00792 -0.019485 0.01052
v 0.00792 -0.019485 0.01052
v 0.00792 -0.019485 0.01052
v 0.00792 -0.019485 0.01052
v 0.00792 -0.019485 0.01052
v 0.010462 -0.018291 0.010666
v 0.010462 -0.018291 0.010666
v 0.010462 -0.018291 0.010666
v 0.010462 -0.018291 0.010666
v 0.010462 -0.018291 0.010666
v 0.010462 -0.018291 0.010666
v 0.010462 -0.018291 0.010666
v 0.010462 -0.018291 0.010666
v 0.008743 -0.018993 0.011027
v 0.008743 -0.018993 0.011027
v 0.008743 -0.018993 0.011027
v 0.008743 -0.018993 0.011027
v 0.008743 -0.018993 0.011027
v 0.008743 -0.018993 0.011027
v 0.008743 -0.018993 0.011027
v 0.008089 -0.019266 0.011027
v 0.008089 -0.019266 0.011027
v 0.008089 -0.019266 0.011027
v 0.008089 -0.019266 0.011027
v 0.008089 -0.019266 0.011027
v 0.008089 -0.019266 0.011027
v 0.017027 -0.013641 0.011027
v 0.017027 -0.013641 0.011027
v 0.017027 -0.013641 0.011027
v 0.017027 -0.013641 0.011027
v 0.017027 -0.013641 0.011027
v 0.017027 -0.013641 0.011027
v 0.015943 -0.01471 0.010666
v 0.015943 -0.01471 0.010666
v 0.015943 -0.01471 0.010666
v 0.015943 -0.01471 0.010666
v 0.015943 -0.01471 0.010666
v 0.015943 -0.01471 0.010666
v 0.015943 -0.01471 0.010666
v 0.015943 -0.01471 0.010666
v 0.017287 -0.013585 0.010542
v 0.017287 -0.013585 0.010542
v 0.017287 -0.013585 0.010542
v 0.017287 -0.013585 0.010542
v 0.017287 -0.013585 0.010542
v 0.013297 -0.016647 0.010666
v 0.013297 -0.016647 0.010666
v 0.013297 -0.016647 0.010666
v 0.013297 -0.016647 0.010666
v 0.013297 -0.016647 0.010666
v 0.013297 -0.016647 0.010666
v 0.013297 -0.016647 0.010666
v 0.013297 -0.016647 0.010666
v 0.015871 -0.014643 0.011027
v 0.015871 -0.014643 0.011027
v 0.015871 -0.014643 0.011027
v 0.015871 -0.014643 0.011027
v 0.015871 -0.014643 0.011027
v 0.015871 -0.014643 0.011027
v 0.015871 -0.014643 0.011027
v 0.013243 -0.016569 0.011027
v 0.013243 -0.016569 0.011027
v 0.013243 -0.016569 0.011027
v 0.013243 -0.016569 0.011027
v 0.013243 -0.016569 0.011027
v 0.012808 -0.016848 0.011027
v 0.012808 -0.016848 0.011027
v 0.012808 -0.016848 0.011027
v 0.012808 -0.016848 0.011027
v 0.012808 -0.016848 0.011027
v 0.010427 -0.018201 0.011027
v 0.010427 -0.018201 0.011027
v 0.010427 -0.018201 0.011027
v 0.010427 -0.018201 0.011027
v 0.010427 -0.018201 0.011027
v 0.023925 0.000121 -0.010489
v 0.023925 0.000121 -0.010489
v 0.023925 0.000121 -0.010489
v 0.023925 0.000121 -0.010489
v 0.023925 0.000121 -0.010489
v 0.023925 0.000121 -0.010489
v 0.023925 0.000121 -0.010489
v 0.023682 -0.002993 -0.010613
v 0.023682 -0.002993 -0.010613
v 0.023682 -0.002993 -0.010613
v 0.023682 -0.002993 -0.010613
v 0.023682 -0.002993 -0.010613
v 0.023682 -0.002993 -0.010613
v 0.023682 -0.002993 -0.010613
v 0.023794 0.000394 -0.010722
v 0.023794 0.000394 -0.010722
v 0.023794 0.000394 -0.010722
v 0.023794 0.000394 -0.010722
v 0.023794 0.000394 -0.010722
v 0.023794 0.000394 -0.010722
v 0.023794 0.000394 -0.010722
v 0.023794 0.000394 -0.010722
v 0.023914 0.000303 -0.010485
v 0.023914 0.000303 -0.010485
v 0.023914 0.000303 -0.010485
v 0.023914 0.000303 -0.010485
v 0.023914 0.000303 -0.010485
v 0.024006 0.000102 -0.010315
v 0.024006 0.000102 -0.010315
v 0.024006 0.000102 -0.010315
v 0.024006 0.000102 -0.010315
v 0.024006 0.000102 -0.010315
v 0.024046 -0.000139 -0.010253
v 0.024046 -0.000139 -0.010253
v 0.024046 -0.000139 -0.010253
v 0.024046 -0.000139 -0.010253
v 0.024046 -0.000139 -0.010253
v 0.023892 -0.000882 -0.010613
v 0.023892 -0.000882 -0.010613
v 0.023892 -0.000882 -0.010613
v 0.023892 -0.000882 -0.010613
v 0.023892 -0.000882 -0.010613
v 0.023892 -0.000882 -0.010613
v 0.0231 -0.004994 -0.01075
v 0.0231 -0.004994 -0.01075
v 0.0231 -0.004994 -0.01075
v 0.0231 -0.004994 -0.01075
v 0.0231 -0.004994 -0.01075
v 0.022964 -0.005106 -0.010973
v 0.022964 -0.005106 -0.010973
v 0.022964 -0.005106 -0.010973
v 0.022964 -0.005106 -0.010973
v 0.022964 -0.005106 -0.010973
v 0.023351 -0.00379 -0.010973
v 0.023351 -0.00379 -0.010973
v 0.023351 -0.00379 -0.010973
v 0.023351 -0.00379 -0.010973
v 0.023351 -0.00379 -0.010973
v 0.023351 -0.00379 -0.010973
v 0.023671 0.000365 -0.010973
v 0.023671 0.000365 -0.010973
v 0.023671 0.000365 -0.010973
v 0.023671 0.000365 -0.010973
v 0.023671 0.000365 -0.010973
v 0.02372 -0.000879 -0.010973
v 0.02372 -0.000879 -0.010973
v 0.02372 -0.000879 -0.010973
v 0.02372 -0.000879 -0.010973
v 0.02372 -0.000879 -0.010973
v 0.02372 -0.000879 -0.010973
v 0.02372 -0.000879 -0.010973
v 0.023521 -0.002979 -0.010973
v 0.023521 -0.002979 -0.010973
v 0.023521 -0.002979 -0.010973
v 0.023521 -0.002979 -0.010973
v 0.023521 -0.002979 -0.010973
v 0.023521 -0.002979 -0.010973
v 0.023521 -0.002979 -0.010973
v -0.011167 -0.015932 0.011027
v -0.011167 -0.015932 0.011027
v -0.011167 -0.015932 0.011027
v -0.011167 -0.015932 0.011027
v -0.011167 -0.015932 0.011027
v -0.011167 -0.015932 0.011027
v -0.011167 -0.015932 0.011027
v -0.011167 -0.015932 0.011027
v -0.011167 -0.015932 0.011027
v -0.011167 -0.015932 0.011027
v -0.011167 -0.015932 0.011027
v -0.011167 -0.015932 0.011027
v -0.011167 -0.015932 0.011027
v -0.011167 -0.015932 0.011027
v -0.011167 -0.015932 0.011027
v -0.011167 -0.015932 0.011027
v -0.009743 -0.017823 0.010443
v -0.009743 -0.017823 0.010443
v -0.009743 -0.017823 0.010443
v -0.009743 -0.017823 0.010443
v -0.009743 -0.017823 0.010443
v -0.009743 -0.017823 0.010443
v -0.009367 -0.017921 0.010803
v -0.009367 -0.017921 0.010803
v -0.009367 -0.017921 0.010803
v -0.009367 -0.017921 0.010803
v -0.009367 -0.017921 0.010803
v -0.009205 -0.01791 0.011027
v -0.009205 -0.01791 0.011027
v -0.009205 -0.01791 0.011027
v -0.009205 -0.01791 0.011027
v -0.009205 -0.01791 0.011027
v -0.00232 -0.021001 0.010803
v -0.00232 -0.021001 0.010803
v -0.00232 -0.021001 0.010803
v -0.00232 -0.021001 0.010803
v -0.00232 -0.021001 0.010803
v -0.00232 -0.021001 0.010803
v -0.00216 -0.020927 0.011027
v -0.00216 -0.020927 0.011027
v -0.00216 -0.020927 0.011027
v -0.00216 -0.020927 0.011027
v -0.00216 -0.020927 0.011027
v -0.003583 -0.020692 0.011027
v -0.003583 -0.020692 0.011027
v -0.003583 -0.020692 0.011027
v -0.003583 -0.020692 0.011027
v -0.003583 -0.020692 0.011027
v -0.003583 -0.020692 0.011027
v -0.003583 -0.020692 0.011027
v -0.003583 -0.020692 0.011027
v -0.003633 -0.020841 0.010666
v -0.003633 -0.020841 0.010666
v -0.003633 -0.020841 0.010666
v -0.003633 -0.020841 0.010666
v -0.003633 -0.020841 0.010666
v -0.003633 -0.020841 0.010666
v -0.003633 -0.020841 0.010666
v -0.003633 -0.020841 0.010666
v -0.007304 -0.01962 0.010368
v -0.007304 -0.01962 0.010368
v -0.007304 -0.01962 0.010368
v -0.007304 -0.01962 0.010368
v -0.007304 -0.01962 0.010368
v -0.00723 -0.01968 0.01033
v -0.00723 -0.01968 0.01033
v -0.00723 -0.01968 0.01033
v -0.00723 -0.01968 0.01033
v -0.00723 -0.01968 0.01033
v -0.007286 -0.019538 0.010542
v -0.007286 -0.019538 0.010542
v -0.007286 -0.019538 0.010542
v -0.007286 -0.019538 0.010542
v -0.007286 -0.019538 0.010542
v -0.007286 -0.019538 0.010542
v -0.007286 -0.019538 0.010542
v -0.005666 -0.020239 0.010666
v -0.005666 -0.020239 0.010666
v -0.005666 -0.020239 0.010666
v -0.005666 -0.020239 0.010666
v -0.005666 -0.020239 0.010666
v -0.005666 -0.020239 0.010666
v -0.005666 -0.020239 0.010666
v -0.007476 -0.019302 0.010775
v -0.007476 -0.019302 0.010775
v -0.007476 -0.019302 0.010775
v -0.007476 -0.019302 0.010775
v -0.007476 -0.019302 0.010775
v -0.007476 -0.019302 0.010775
v -0.007476 -0.019302 0.010775
v -0.007476 -0.019302 0.010775
v -0.007445 -0.01945 0.010539
v -0.007445 -0.01945 0.010539
v -0.007445 -0.01945 0.010539
v -0.007445 -0.01945 0.010539
v -0.007445 -0.01945 0.010539
v -0.007397 -0.019204 0.011027
v -0.007397 -0.019204 0.011027
v -0.007397 -0.019204 0.011027
v -0.007397 -0.019204 0.011027
v -0.007397 -0.019204 0.011027
v -0.007397 -0.019204 0.011027
v -0.0056 -0.020084 0.011027
v -0.0056 -0.020084 0.011027
v -0.0056 -0.020084 0.011027
v -0.0056 -0.020084 0.011027
v -0.0056 -0.020084 0.011027
v -0.0056 -0.020084 0.011027
v -0.0056 -0.020084 0.011027
v 0.023433 0.003091 -0.01039
v 0.023433 0.003091 -0.01039
v 0.023433 0.003091 -0.01039
v 0.023433 0.003091 -0.01039
v 0.023433 0.003091 -0.01039
v 0.023433 0.003091 -0.01039
v 0.022351 0.00517 -0.010973
v 0.022351 0.00517 -0.010973
v 0.022351 0.00517 -0.010973
v 0.022351 0.00517 -0.010973
v 0.022351 0.00517 -0.010973
v 0.022351 0.00517 -0.010973
v 0.022351 0.00517 -0.010973
v 0.022351 0.00517 -0.010973
v 0.022351 0.00517 -0.010973
v 0.022351 0.00517 -0.010973
v 0.022351 0.00517 -0.010973
v 0.02336 0.002708 -0.01075
v 0.02336 0.002708 -0.01075
v 0.02336 0.002708 -0.01075
v 0.02336 0.002708 -0.01075
v 0.02336 0.002708 -0.01075
v 0.02328 0.002565 -0.010973
v 0.02328 0.002565 -0.010973
v 0.02328 0.002565 -0.010973
v 0.02328 0.002565 -0.010973
v 0.02328 0.002565 -0.010973
v 0.021107 0.007627 -0.010973
v 0.021107 0.007627 -0.010973
v 0.021107 0.007627 -0.010973
v 0.021107 0.007627 -0.010973
v 0.021107 0.007627 -0.010973
v 0.021107 0.007627 -0.010973
v 0.021107 0.007627 -0.010973
v 0.021411 0.00745 -0.010616
v 0.021411 0.00745 -0.010616
v 0.021411 0.00745 -0.010616
v 0.021411 0.00745 -0.010616
v 0.021411 0.00745 -0.010616
v 0.021411 0.00745 -0.010616
v 0.02122 0.007687 -0.010722
v 0.02122 0.007687 -0.010722
v 0.02122 0.007687 -0.010722
v 0.02122 0.007687 -0.010722
v 0.02122 0.007687 -0.010722
v 0.021374 0.007641 -0.010491
v 0.021374 0.007641 -0.010491
v 0.021374 0.007641 -0.010491
v 0.021374 0.007641 -0.010491
v 0.021374 0.007641 -0.010491
v 0.021374 0.007641 -0.010491
v 0.021548 0.007492 -0.01032
v 0.021548 0.007492 -0.01032
v 0.021548 0.007492 -0.01032
v 0.021548 0.007492 -0.01032
v 0.021548 0.007492 -0.01032
v 0.023682 -0.002993 0.010666
v 0.023682 -0.002993 0.010666
v 0.023682 -0.002993 0.010666
v 0.023682 -0.002993 0.010666
v 0.023682 -0.002993 0.010666
v 0.023682 -0.002993 0.010666
v 0.023682 -0.002993 0.010666
v 0.023682 -0.002993 0.010666
v 0.023926 0.000121 0.010542
v 0.023926 0.000121 0.010542
v 0.023926 0.000121 0.010542
v 0.023926 0.000121 0.010542
v 0.023926 0.000121 0.010542
v 0.023926 0.000121 0.010542
v 0.023892 -0.000882 0.010666
v 0.023892 -0.000882 0.010666
v 0.023892 -0.000882 0.010666
v 0.023892 -0.000882 0.010666
v 0.023892 -0.000882 0.010666
v 0.023892 -0.000882 0.010666
v 0.023892 -0.000882 0.010666
v 0.023892 -0.000882 0.010666
v 0.023521 -0.002979 0.011027
v 0.023521 -0.002979 0.011027
v 0.023521 -0.002979 0.011027
v 0.023521 -0.002979 0.011027
v 0.023521 -0.002979 0.011027
v 0.023521 -0.002979 0.011027
v 0.023521 -0.002979 0.011027
v 0.02372 -0.000879 0.011027
v 0.02372 -0.000879 0.011027
v 0.02372 -0.000879 0.011027
v 0.02372 -0.000879 0.011027
v 0.02372 -0.000879 0.011027
v 0.02372 -0.000879 0.011027
v 0.02372 -0.000879 0.011027
v 0.018723 0.011591 -0.010973
v 0.018723 0.011591 -0.010973
v 0.018723 0.011591 -0.010973
v 0.018723 0.011591 -0.010973
v 0.018723 0.011591 -0.010973
v 0.016809 0.014637 -0.010973
v 0.016809 0.014637 -0.010973
v 0.016809 0.014637 -0.010973
v 0.016809 0.014637 -0.010973
v 0.017681 0.015185 -0.00855
v 0.017681 0.015185 -0.00855
v 0.017681 0.015185 -0.00855
v 0.017681 0.015185 -0.00855
v 0.017681 0.015185 -0.00855
v 0.017681 0.015185 -0.00855
v 0.017681 0.015185 -0.00855
v 0.020575 0.009721 -0.009691
v 0.020575 0.009721 -0.009691
v 0.020575 0.009721 -0.009691
v 0.020575 0.009721 -0.009691
v 0.020575 0.009721 -0.009691
v 0.020575 0.009721 -0.009691
v 0.020009 0.009507 -0.010973
v 0.020009 0.009507 -0.010973
v 0.020009 0.009507 -0.010973
v 0.020009 0.009507 -0.010973
v 0.020009 0.009507 -0.010973
v 0.020009 0.009507 -0.010973
v 0.020009 0.009507 -0.010973
v 0.020009 0.009507 -0.010973
v 0.022248 0.01031 2.7E-05
v 0.022248 0.01031 2.7E-05
v 0.022248 0.01031 2.7E-05
v 0.022248 0.01031 2.7E-05
v 0.022248 0.01031 2.7E-05
v 0.022248 0.01031 2.7E-05
v 0.022248 0.01031 2.7E-05
v 0.022248 0.01031 2.7E-05
v 0.022115 0.010264 -0.002805
v 0.022115 0.010264 -0.002805
v 0.022115 0.010264 -0.002805
v 0.022115 0.010264 -0.002805
v 0.022115 0.010264 -0.002805
v 0.022115 0.010264 -0.002805
v 0.022115 0.010264 -0.002805
v 0.022115 0.010264 -0.002805
v 0.022115 0.010264 -0.002805
v 0.023722 0.00744 -0.002805
v 0.023722 0.00744 -0.002805
v 0.023722 0.00744 -0.002805
v 0.023722 0.00744 -0.002805
v 0.023722 0.00744 -0.002805
v 0.023722 0.00744 -0.002805
v 0.022115 0.010264 0.002859
v 0.022115 0.010264 0.002859
v 0.022115 0.010264 0.002859
v 0.022115 0.010264 0.002859
v 0.022115 0.010264 0.002859
v 0.022115 0.010264 0.002859
v 0.022115 0.010264 0.002859
v 0.022115 0.010264 0.002859
v 0.022115 0.010264 0.002859
v 0.023276 0.005777 0.008414
v 0.023276 0.005777 0.008414
v 0.023276 0.005777 0.008414
v 0.023276 0.005777 0.008414
v 0.023276 0.005777 0.008414
v 0.023276 0.005777 0.008414
v 0.023276 0.005777 0.008414
v 0.023276 0.005777 0.008414
v 0.023276 0.005777 0.008414
v 0.023276 0.005777 0.008414
v 0.023276 0.005777 0.008414
v 0.024008 0.005907 0.005666
v 0.024008 0.005907 0.005666
v 0.024008 0.005907 0.005666
v 0.024008 0.005907 0.005666
v 0.024008 0.005907 0.005666
v 0.024008 0.005907 0.005666
v 0.022585 0.007178 0.008414
v 0.022585 0.007178 0.008414
v 0.022585 0.007178 0.008414
v 0.022585 0.007178 0.008414
v 0.022585 0.007178 0.008414
v 0.022585 0.007178 0.008414
v 0.022585 0.007178 0.008414
v 0.022585 0.007178 0.008414
v 0.020575 0.009721 0.009744
v 0.020575 0.009721 0.009744
v 0.020575 0.009721 0.009744
v 0.020575 0.009721 0.009744
v 0.020575 0.009721 0.009744
v 0.020575 0.009721 0.009744
v 0.020575 0.009721 0.009744
v 0.020575 0.009721 0.009744
v 0.021042 0.009892 0.008414
v 0.021042 0.009892 0.008414
v 0.021042 0.009892 0.008414
v 0.021042 0.009892 0.008414
v 0.021042 0.009892 0.008414
v 0.021042 0.009892 0.008414
v 0.021042 0.009892 0.008414
v 0.020009 0.009507 0.011027
v 0.020009 0.009507 0.011027
v 0.020009 0.009507 0.011027
v 0.020009 0.009507 0.011027
v 0.020009 0.009507 0.011027
v 0.020009 0.009507 0.011027
v 0.020009 0.009507 0.011027
v 0.018723 0.011591 0.011027
v 0.018723 0.011591 0.011027
v 0.018723 0.011591 0.011027
v 0.018723 0.011591 0.011027
v 0.018723 0.011591 0.011027
v 0.016809 0.014637 0.011027
v 0.016809 0.014637 0.011027
v 0.016809 0.014637 0.011027
v 0.016809 0.014637 0.011027
v 0.016809 0.014637 0.011027
v 0.018663 0.015803 0.002859
v 0.018663 0.015803 0.002859
v 0.018663 0.015803 0.002859
v 0.018663 0.015803 0.002859
v 0.018663 0.015803 0.002859
v 0.021719 0.010129 0.005666
v 0.021719 0.010129 0.005666
v 0.021719 0.010129 0.005666
v 0.021719 0.010129 0.005666
v 0.021719 0.010129 0.005666
v 0.021719 0.010129 0.005666
v 0.018382 0.015626 0.005292
v 0.018382 0.015626 0.005292
v 0.018382 0.015626 0.005292
v 0.018382 0.015626 0.005292
v 0.018382 0.015626 0.005292
v 0.017784 0.01525 0.008227
v 0.017784 0.01525 0.008227
v 0.017784 0.01525 0.008227
v 0.017784 0.01525 0.008227
v 0.017784 0.01525 0.008227
v 0.01699 0.01475 0.010607
v 0.01699 0.01475 0.010607
v 0.01699 0.01475 0.010607
v 0.01699 0.01475 0.010607
v 0.018697 0.015825 -0.002354
v 0.018697 0.015825 -0.002354
v 0.018697 0.015825 -0.002354
v 0.018697 0.015825 -0.002354
v 0.018697 0.015825 -0.002354
v 0.018697 0.015825 -0.002354
v 0.018697 0.015825 -0.002354
v 0.018697 0.015825 -0.002354
v 0.018697 0.015825 -0.002354
v 0.023302 0.007346 -0.005612
v 0.023302 0.007346 -0.005612
v 0.023302 0.007346 -0.005612
v 0.023302 0.007346 -0.005612
v 0.023302 0.007346 -0.005612
v 0.023302 0.007346 -0.005612
v 0.023302 0.007346 -0.005612
v 0.024008 0.005908 -0.005612
v 0.024008 0.005908 -0.005612
v 0.024008 0.005908 -0.005612
v 0.024008 0.005908 -0.005612
v 0.023276 0.005777 -0.00836
v 0.023276 0.005777 -0.00836
v 0.023276 0.005777 -0.00836
v 0.023276 0.005777 -0.00836
v 0.023276 0.005777 -0.00836
v 0.023276 0.005777 -0.00836
v 0.023276 0.005777 -0.00836
v 0.023276 0.005777 -0.00836
v 0.022585 0.007178 -0.00836
v 0.022585 0.007178 -0.00836
v 0.022585 0.007178 -0.00836
v 0.022585 0.007178 -0.00836
v 0.022585 0.007178 -0.00836
v 0.021042 0.009892 -0.00836
v 0.021042 0.009892 -0.00836
v 0.021042 0.009892 -0.00836
v 0.021042 0.009892 -0.00836
v 0.021042 0.009892 -0.00836
v 0.021042 0.009892 -0.00836
v 0.02172 0.010129 -0.005612
v 0.02172 0.010129 -0.005612
v 0.02172 0.010129 -0.005612
v 0.02172 0.010129 -0.005612
v 0.02172 0.010129 -0.005612
v 0.02172 0.010129 -0.005612
v 0.018265 0.015553 -0.005958
v 0.018265 0.015553 -0.005958
v 0.018265 0.015553 -0.005958
v 0.018265 0.015553 -0.005958
v 0.018265 0.015553 -0.005958
v 0.018265 0.015553 -0.005958
v 0.023302 0.007346 0.005666
v 0.023302 0.007346 0.005666
v 0.023302 0.007346 0.005666
v 0.023302 0.007346 0.005666
v 0.023302 0.007346 0.005666
v 0.023302 0.007346 0.005666
v 0.023722 0.00744 0.002859
v 0.023722 0.00744 0.002859
v 0.023722 0.00744 0.002859
v 0.023722 0.00744 0.002859
v 0.018778 0.015876 2.7E-05
v 0.018778 0.015876 2.7E-05
v 0.018778 0.015876 2.7E-05
v 0.018778 0.015876 2.7E-05
v 0.018778 0.015876 2.7E-05
v 0.018778 0.015876 2.7E-05
v 0.018778 0.015876 2.7E-05
v 0.018754 0.015861 0.001321
v 0.018754 0.015861 0.001321
v 0.018754 0.015861 0.001321
v 0.018754 0.015861 0.001321
v 0.018754 0.015861 0.001321
v 0.018754 0.015861 0.001321
v 0.018754 0.015861 0.001321
v 0.018754 0.015861 0.001321
v 0.018754 0.015861 0.001321
v 0.018754 0.015861 0.001321
v 0.018754 0.015861 0.001321
v 0.018754 0.015861 0.001321
v 0.018754 0.015861 0.001321
v 0.018754 0.015861 0.001321
v 0.018754 0.015861 0.001321
v 0.018754 0.015861 0.001321
v 0.018754 0.015861 0.001321
v 0.018754 0.015861 0.001321
v 0.018754 0.015861 0.001321
v 0.018754 0.015861 0.001321
v 0.018754 0.015861 0.001321
v 0.018754 0.015861 0.001321
v 0.018754 0.015861 0.001321
v 0.018743 0.015854 0.001587
v 0.018743 0.015854 0.001587
v 0.018743 0.015854 0.001587
v 0.018743 0.015854 0.001587
v 0.022351 0.00517 0.011027
v 0.022351 0.00517 0.011027
v 0.022351 0.00517 0.011027
v 0.022351 0.00517 0.011027
v 0.022351 0.00517 0.011027
v 0.022351 0.00517 0.011027
v 0.022351 0.00517 0.011027
v 0.022351 0.00517 0.011027
v 0.022351 0.00517 0.011027
v 0.022351 0.00517 0.011027
v 0.022351 0.00517 0.011027
v 0.022351 0.00517 0.011027
v 0.023433 0.003091 0.010443
v 0.023433 0.003091 0.010443
v 0.023433 0.003091 0.010443
v 0.023433 0.003091 0.010443
v 0.023433 0.003091 0.010443
v 0.023433 0.003091 0.010443
v 0.023433 0.003091 0.010443
v 0.00095 -0.020415 0.012376
v 0.00095 -0.020415 0.012376
v 0.00095 -0.020415 0.012376
v 0.00095 -0.020415 0.012376
v 0.00095 -0.020415 0.012376
v 0.00095 -0.020415 0.012376
v 0.00095 -0.020415 0.012376
v 0.001745 -0.019726 0.013584
v 0.001745 -0.019726 0.013584
v 0.001745 -0.019726 0.013584
v 0.001745 -0.019726 0.013584
v 0.001745 -0.019726 0.013584
v 0.00245 -0.018946 0.014712
v 0.00245 -0.018946 0.014712
v 0.00245 -0.018946 0.014712
v 0.00245 -0.018946 0.014712
v 0.002969 -0.018193 0.015615
v 0.002969 -0.018193 0.015615
v 0.002969 -0.018193 0.015615
v 0.002969 -0.018193 0.015615
v 0.002969 -0.018193 0.015615
v 0.008457 -0.018523 0.012715
v 0.008457 -0.018523 0.012715
v 0.008457 -0.018523 0.012715
v 0.008457 -0.018523 0.012715
v 0.008457 -0.018523 0.012715
v 0.008457 -0.018523 0.012715
v 0.008968 -0.017751 0.013939
v 0.008968 -0.017751 0.013939
v 0.008968 -0.017751 0.013939
v 0.008968 -0.017751 0.013939
v 0.009335 -0.016981 0.014988
v 0.009335 -0.016981 0.014988
v 0.009335 -0.016981 0.014988
v 0.009335 -0.016981 0.014988
v 0.009335 -0.016981 0.014988
v 0.009335 -0.016981 0.014988
v 0.009335 -0.016981 0.014988
v 0.009568 -0.016227 0.01586
v 0.009568 -0.016227 0.01586
v 0.009568 -0.016227 0.01586
v 0.009568 -0.016227 0.01586
v 0.017308 -0.013346 -0.011061
v 0.017308 -0.013346 -0.011061
v 0.017308 -0.013346 -0.011061
v 0.017308 -0.013346 -0.011061
v 0.017308 -0.013346 -0.011061
v 0.016188 -0.01366 -0.012664
v 0.016188 -0.01366 -0.012664
v 0.016188 -0.01366 -0.012664
v 0.016188 -0.01366 -0.012664
v 0.016188 -0.01366 -0.012664
v 0.016188 -0.01366 -0.012664
v 0.015271 -0.013786 -0.013887
v 0.015271 -0.013786 -0.013887
v 0.015271 -0.013786 -0.013887
v 0.015271 -0.013786 -0.013887
v 0.014419 -0.013783 -0.014936
v 0.014419 -0.013783 -0.014936
v 0.014419 -0.013783 -0.014936
v 0.014419 -0.013783 -0.014936
v 0.014419 -0.013783 -0.014936
v 0.014419 -0.013783 -0.014936
v 0.014419 -0.013783 -0.014936
v 0.013623 -0.013666 -0.015827
v 0.013623 -0.013666 -0.015827
v 0.013623 -0.013666 -0.015827
v 0.013623 -0.013666 -0.015827
v 0.01736 -0.013332 -0.010973
v 0.01736 -0.013332 -0.010973
v 0.01736 -0.013332 -0.010973
v 0.01736 -0.013332 -0.010973
v 0.01736 -0.013332 -0.010973
v 0.017374 -0.013331 -0.010944
v 0.017374 -0.013331 -0.010944
v 0.017374 -0.013331 -0.010944
v 0.017374 -0.013331 -0.010944
v 0.017374 -0.013331 -0.010944
v 0.017374 -0.013331 -0.010944
v 0.017374 -0.013331 -0.010944
v 0.017412 -0.013478 -0.010462
v 0.017412 -0.013478 -0.010462
v 0.017412 -0.013478 -0.010462
v 0.017412 -0.013478 -0.010462
v 0.017412 -0.013478 -0.010462
v 0.017441 -0.01337 -0.010678
v 0.017441 -0.01337 -0.010678
v 0.017441 -0.01337 -0.010678
v 0.017441 -0.01337 -0.010678
v 0.017441 -0.01337 -0.010678
v 0.017441 -0.01337 -0.010678
v 0.017441 -0.01337 -0.010678
v 0.017292 -0.013648 -0.010302
v 0.017292 -0.013648 -0.010302
v 0.017292 -0.013648 -0.010302
v 0.017292 -0.013648 -0.010302
v 0.017292 -0.013648 -0.010302
v 0.017292 -0.013648 -0.010302
v 0.017362 -0.013558 -0.01037
v 0.017362 -0.013558 -0.01037
v 0.017362 -0.013558 -0.01037
v 0.017362 -0.013558 -0.01037
v 0.017362 -0.013558 -0.01037
v -0.01183 -0.013815 0.012369
v -0.01183 -0.013815 0.012369
v -0.01183 -0.013815 0.012369
v -0.01183 -0.013815 0.012369
v -0.01183 -0.013815 0.012369
v -0.01183 -0.013815 0.012369
v -0.010808 -0.013772 0.013525
v -0.010808 -0.013772 0.013525
v -0.010808 -0.013772 0.013525
v -0.010808 -0.013772 0.013525
v -0.009743 -0.013612 0.014575
v -0.009743 -0.013612 0.014575
v -0.009743 -0.013612 0.014575
v -0.009743 -0.013612 0.014575
v -0.006322 -0.017109 0.014396
v -0.006322 -0.017109 0.014396
v -0.006322 -0.017109 0.014396
v -0.006322 -0.017109 0.014396
v -0.006322 -0.017109 0.014396
v -0.007277 -0.017502 0.013382
v -0.007277 -0.017502 0.013382
v -0.007277 -0.017502 0.013382
v -0.007277 -0.017502 0.013382
v -0.007277 -0.017502 0.013382
v -0.008199 -0.017761 0.012315
v -0.008199 -0.017761 0.012315
v -0.008199 -0.017761 0.012315
v -0.008199 -0.017761 0.012315
v -0.008199 -0.017761 0.012315
v -0.0091 -0.017901 0.011167
v -0.0091 -0.017901 0.011167
v -0.0091 -0.017901 0.011167
v -0.0091 -0.017901 0.011167
v -0.0091 -0.017901 0.011167
v -0.004486 -0.018006 0.014516
v -0.004486 -0.018006 0.014516
v -0.004486 -0.018006 0.014516
v -0.004486 -0.018006 0.014516
v -0.00734 -0.019186 0.011114
v -0.00734 -0.019186 0.011114
v -0.00734 -0.019186 0.011114
v -0.00734 -0.019186 0.011114
v -0.00734 -0.019186 0.011114
v -0.00734 -0.019186 0.011114
v -0.006382 -0.018931 0.012332
v -0.006382 -0.018931 0.012332
v -0.006382 -0.018931 0.012332
v -0.006382 -0.018931 0.012332
v -0.006382 -0.018931 0.012332
v -0.006382 -0.018931 0.012332
v -0.006382 -0.018931 0.012332
v -0.006382 -0.018931 0.012332
v -0.005422 -0.018536 0.013467
v -0.005422 -0.018536 0.013467
v -0.005422 -0.018536 0.013467
v -0.005422 -0.018536 0.013467
v -0.005422 -0.018536 0.013467
v 0.000415 -0.01903 0.01465
v 0.000415 -0.01903 0.01465
v 0.000415 -0.01903 0.01465
v 0.000415 -0.01903 0.01465
v -0.000337 -0.019752 0.013574
v -0.000337 -0.019752 0.013574
v -0.000337 -0.019752 0.013574
v -0.000337 -0.019752 0.013574
v -0.000337 -0.019752 0.013574
v -0.000337 -0.019752 0.013574
v -0.001199 -0.02039 0.012366
v -0.001199 -0.02039 0.012366
v -0.001199 -0.02039 0.012366
v -0.001199 -0.02039 0.012366
v -0.001199 -0.02039 0.012366
v -0.001199 -0.02039 0.012366
v -0.001199 -0.02039 0.012366
v 0.018834 0.006915 -0.014268
v 0.018834 0.006915 -0.014268
v 0.018834 0.006915 -0.014268
v 0.018834 0.006915 -0.014268
v 0.018834 0.006915 -0.014268
v 0.019349 0.007854 -0.013192
v 0.019349 0.007854 -0.013192
v 0.019349 0.007854 -0.013192
v 0.019349 0.007854 -0.013192
v 0.01964 0.00488 -0.014527
v 0.01964 0.00488 -0.014527
v 0.01964 0.00488 -0.014527
v 0.01964 0.00488 -0.014527
v 0.021083 0.007576 -0.011061
v 0.021083 0.007576 -0.011061
v 0.021083 0.007576 -0.011061
v 0.021083 0.007576 -0.011061
v 0.021083 0.007576 -0.011061
v 0.021083 0.007576 -0.011061
v 0.020731 0.006675 -0.012318
v 0.020731 0.006675 -0.012318
v 0.020731 0.006675 -0.012318
v 0.020731 0.006675 -0.012318
v 0.020731 0.006675 -0.012318
v 0.020731 0.006675 -0.012318
v 0.020731 0.006675 -0.012318
v 0.020248 0.00577 -0.013478
v 0.020248 0.00577 -0.013478
v 0.020248 0.00577 -0.013478
v 0.020248 0.00577 -0.013478
v 0.021303 0.00029 -0.014355
v 0.021303 0.00029 -0.014355
v 0.021303 0.00029 -0.014355
v 0.021303 0.00029 -0.014355
v 0.021303 0.00029 -0.014355
v 0.022075 0.0009869999 -0.013333
v 0.022075 0.0009869999 -0.013333
v 0.022075 0.0009869999 -0.013333
v 0.022075 0.0009869999 -0.013333
v 0.022075 0.0009869999 -0.013333
v 0.022075 0.0009869999 -0.013333
v 0.022736 0.001747 -0.012214
v 0.022736 0.001747 -0.012214
v 0.022736 0.001747 -0.012214
v 0.022736 0.001747 -0.012214
v 0.022736 0.001747 -0.012214
v 0.021333 -0.001742 -0.014462
v 0.021333 -0.001742 -0.014462
v 0.021333 -0.001742 -0.014462
v 0.021333 -0.001742 -0.014462
v 0.02363 0.000321 -0.01106
v 0.02363 0.000321 -0.01106
v 0.02363 0.000321 -0.01106
v 0.02363 0.000321 -0.01106
v 0.02363 0.000321 -0.01106
v 0.02363 0.000321 -0.01106
v 0.022986 -0.000432 -0.012278
v 0.022986 -0.000432 -0.012278
v 0.022986 -0.000432 -0.012278
v 0.022986 -0.000432 -0.012278
v 0.022986 -0.000432 -0.012278
v 0.022986 -0.000432 -0.012278
v 0.022986 -0.000432 -0.012278
v 0.022986 -0.000432 -0.012278
v 0.022216 -0.001127 -0.013414
v 0.022216 -0.001127 -0.013414
v 0.022216 -0.001127 -0.013414
v 0.022216 -0.001127 -0.013414
v 0.022216 -0.001127 -0.013414
v 0.020139 -0.006611 -0.014598
v 0.020139 -0.006611 -0.014598
v 0.020139 -0.006611 -0.014598
v 0.020139 -0.006611 -0.014598
v 0.021115 -0.006245 -0.013521
v 0.021115 -0.006245 -0.013521
v 0.021115 -0.006245 -0.013521
v 0.021115 -0.006245 -0.013521
v 0.021115 -0.006245 -0.013521
v 0.021115 -0.006245 -0.013521
v 0.022062 -0.005743 -0.012316
v 0.022062 -0.005743 -0.012316
v 0.022062 -0.005743 -0.012316
v 0.022062 -0.005743 -0.012316
v 0.022062 -0.005743 -0.012316
v 0.022062 -0.005743 -0.012316
v 0.022062 -0.005743 -0.012316
v -0.011223 -0.011998 0.014323
v -0.011223 -0.011998 0.014323
v -0.011223 -0.011998 0.014323
v -0.011223 -0.011998 0.014323
v -0.011223 -0.011998 0.014323
v -0.012292 -0.012053 0.013251
v -0.012292 -0.012053 0.013251
v -0.012292 -0.012053 0.013251
v -0.012292 -0.012053 0.013251
v 0.015943 -0.01471 -0.010613
v 0.015943 -0.01471 -0.010613
v 0.015943 -0.01471 -0.010613
v 0.015943 -0.01471 -0.010613
v 0.015943 -0.01471 -0.010613
v 0.015943 -0.01471 -0.010613
v 0.015943 -0.01471 -0.010613
v 0.007915 -0.01948 -0.010488
v 0.007915 -0.01948 -0.010488
v 0.007915 -0.01948 -0.010488
v 0.007915 -0.01948 -0.010488
v 0.007915 -0.01948 -0.010488
v 0.007915 -0.01948 -0.010488
v 0.007915 -0.01948 -0.010488
v 0.010462 -0.018291 -0.010613
v 0.010462 -0.018291 -0.010613
v 0.010462 -0.018291 -0.010613
v 0.010462 -0.018291 -0.010613
v 0.010462 -0.018291 -0.010613
v 0.010462 -0.018291 -0.010613
v 0.010462 -0.018291 -0.010613
v 0.010462 -0.018291 -0.010613
v 0.010462 -0.018291 -0.010613
v 0.017288 -0.013591 -0.010467
v 0.017288 -0.013591 -0.010467
v 0.017288 -0.013591 -0.010467
v 0.017288 -0.013591 -0.010467
v 0.017288 -0.013591 -0.010467
v 0.013297 -0.016647 -0.010613
v 0.013297 -0.016647 -0.010613
v 0.013297 -0.016647 -0.010613
v 0.013297 -0.016647 -0.010613
v 0.013297 -0.016647 -0.010613
v 0.013297 -0.016647 -0.010613
v 0.013297 -0.016647 -0.010613
v 0.013297 -0.016647 -0.010613
v 0.015871 -0.014643 -0.010973
v 0.015871 -0.014643 -0.010973
v 0.015871 -0.014643 -0.010973
v 0.015871 -0.014643 -0.010973
v 0.015871 -0.014643 -0.010973
v 0.015871 -0.014643 -0.010973
v 0.015871 -0.014643 -0.010973
v 0.014632 -0.015606 -0.010973
v 0.014632 -0.015606 -0.010973
v 0.014632 -0.015606 -0.010973
v 0.014632 -0.015606 -0.010973
v 0.014632 -0.015606 -0.010973
v 0.013243 -0.016569 -0.010973
v 0.013243 -0.016569 -0.010973
v 0.013243 -0.016569 -0.010973
v 0.013243 -0.016569 -0.010973
v 0.013243 -0.016569 -0.010973
v 0.008089 -0.019266 -0.010973
v 0.008089 -0.019266 -0.010973
v 0.008089 -0.019266 -0.010973
v 0.008089 -0.019266 -0.010973
v 0.008089 -0.019266 -0.010973
v 0.008743 -0.018993 -0.010973
v 0.008743 -0.018993 -0.010973
v 0.008743 -0.018993 -0.010973
v 0.008743 -0.018993 -0.010973
v 0.008743 -0.018993 -0.010973
v 0.008743 -0.018993 -0.010973
v 0.008743 -0.018993 -0.010973
v 0.010427 -0.018201 -0.010973
v 0.010427 -0.018201 -0.010973
v 0.010427 -0.018201 -0.010973
v 0.010427 -0.018201 -0.010973
v 0.010427 -0.018201 -0.010973
v 0.010427 -0.018201 -0.010973
v 0.012808 -0.016848 -0.010973
v 0.012808 -0.016848 -0.010973
v 0.012808 -0.016848 -0.010973
v 0.012808 -0.016848 -0.010973
v 0.00069 0.004491 -0.018767
v 0.00069 0.004491 -0.018767
v 0.00069 0.004491 -0.018767
v 0.00069 0.004491 -0.018767
v 0.00069 0.004491 -0.018767
v -0.00025 0.0039 -0.01878
v -0.00025 0.0039 -0.01878
v -0.00025 0.0039 -0.01878
v -0.00025 0.0039 -0.01878
v -0.002595 0.002424 -0.018701
v -0.002595 0.002424 -0.018701
v -0.002595 0.002424 -0.018701
v -0.002595 0.002424 -0.018701
v -0.002595 0.002424 -0.018701
v 0.009245 0.009876 -0.017586
v 0.009245 0.009876 -0.017586
v 0.009245 0.009876 -0.017586
v 0.009245 0.009876 -0.017586
v 0.009245 0.009876 -0.017586
v 0.007541 0.008804 -0.018005
v 0.007541 0.008804 -0.018005
v 0.007541 0.008804 -0.018005
v 0.007541 0.008804 -0.018005
v 0.007541 0.008804 -0.018005
v 0.007541 0.008804 -0.018005
v 0.005491 0.007513 -0.018353
v 0.005491 0.007513 -0.018353
v 0.005491 0.007513 -0.018353
v 0.005491 0.007513 -0.018353
v 0.005491 0.007513 -0.018353
v 0.005491 0.007513 -0.018353
v 0.00314 0.006034 -0.01862
v 0.00314 0.006034 -0.01862
v 0.00314 0.006034 -0.01862
v 0.00314 0.006034 -0.01862
v -0.00119 0.003309 0.01882
v -0.00119 0.003309 0.01882
v -0.00119 0.003309 0.01882
v -0.00119 0.003309 0.01882
v -0.00119 0.003309 0.01882
v -0.00025 0.0039 0.018834
v -0.00025 0.0039 0.018834
v -0.00025 0.0039 0.018834
v -0.00025 0.0039 0.018834
v 0.002095 0.005376 0.018754
v 0.002095 0.005376 0.018754
v 0.002095 0.005376 0.018754
v 0.002095 0.005376 0.018754
v 0.002095 0.005376 0.018754
v -0.005191 0.00079 -0.018456
v -0.005191 0.00079 -0.018456
v -0.005191 0.00079 -0.018456
v -0.005191 0.00079 -0.018456
v -0.005191 0.00079 -0.018456
v -0.007444 -0.000627 -0.018121
v -0.007444 -0.000627 -0.018121
v -0.007444 -0.000627 -0.018121
v -0.007444 -0.000627 -0.018121
v -0.007444 -0.000627 -0.018121
v -0.009211 -0.00174 -0.017735
v -0.009211 -0.00174 -0.017735
v -0.009211 -0.00174 -0.017735
v -0.009211 -0.00174 -0.017735
v -0.009211 -0.00174 -0.017735
v -0.009211 -0.00174 -0.017735
v -0.009745 -0.002076 0.017639
v -0.009745 -0.002076 0.017639
v -0.009745 -0.002076 0.017639
v -0.009745 -0.002076 0.017639
v -0.009745 -0.002076 0.017639
v -0.008041 -0.001004 0.018059
v -0.008041 -0.001004 0.018059
v -0.008041 -0.001004 0.018059
v -0.008041 -0.001004 0.018059
v -0.008041 -0.001004 0.018059
v -0.008041 -0.001004 0.018059
v -0.005991 0.000287 0.018406
v -0.005991 0.000287 0.018406
v -0.005991 0.000287 0.018406
v -0.005991 0.000287 0.018406
v -0.005991 0.000287 0.018406
v -0.005991 0.000287 0.018406
v -0.00364 0.001766 0.018673
v -0.00364 0.001766 0.018673
v -0.00364 0.001766 0.018673
v -0.00364 0.001766 0.018673
v 0.004691 0.00701 0.01851
v 0.004691 0.00701 0.01851
v 0.004691 0.00701 0.01851
v 0.004691 0.00701 0.01851
v 0.004691 0.00701 0.01851
v 0.006944 0.008427 0.018174
v 0.006944 0.008427 0.018174
v 0.006944 0.008427 0.018174
v 0.006944 0.008427 0.018174
v 0.006944 0.008427 0.018174
v 0.008711 0.00954 0.017788
v 0.008711 0.00954 0.017788
v 0.008711 0.00954 0.017788
v 0.008711 0.00954 0.017788
v 0.008711 0.00954 0.017788
v 0.008711 0.00954 0.017788
v 0.011692 0.011416 -0.016611
v 0.011692 0.011416 -0.016611
v 0.011692 0.011416 -0.016611
v 0.011692 0.011416 -0.016611
v 0.011692 0.011416 -0.016611
v 0.011692 0.011416 -0.016611
v 0.010589 0.010722 -0.017119
v 0.010589 0.010722 -0.017119
v 0.010589 0.010722 -0.017119
v 0.010589 0.010722 -0.017119
v 0.010589 0.010722 -0.017119
v -0.010578 -0.0026 -0.017314
v -0.010578 -0.0026 -0.017314
v -0.010578 -0.0026 -0.017314
v -0.010578 -0.0026 -0.017314
v -0.010578 -0.0026 -0.017314
v -0.011812 -0.003377 -0.016801
v -0.011812 -0.003377 -0.016801
v -0.011812 -0.003377 -0.016801
v -0.011812 -0.003377 -0.016801
v -0.011812 -0.003377 -0.016801
v -0.012891 -0.004056 -0.016212
v -0.012891 -0.004056 -0.016212
v -0.012891 -0.004056 -0.016212
v -0.012891 -0.004056 -0.016212
v -0.012891 -0.004056 -0.016212
v -0.015728 -0.005842 -0.013641
v -0.015728 -0.005842 -0.013641
v -0.015728 -0.005842 -0.013641
v -0.015728 -0.005842 -0.013641
v -0.015728 -0.005842 -0.013641
v -0.016467 -0.006306 -0.01257
v -0.016467 -0.006306 -0.01257
v -0.016467 -0.006306 -0.01257
v -0.016467 -0.006306 -0.01257
v -0.017123 -0.006719 -0.011371
v -0.017123 -0.006719 -0.011371
v -0.017123 -0.006719 -0.011371
v -0.017123 -0.006719 -0.011371
v -0.017123 -0.006719 -0.011371
v -0.012192 -0.003616 0.016664
v -0.012192 -0.003616 0.016664
v -0.012192 -0.003616 0.016664
v -0.012192 -0.003616 0.016664
v -0.012192 -0.003616 0.016664
v -0.012192 -0.003616 0.016664
v -0.011089 -0.002922 0.017172
v -0.011089 -0.002922 0.017172
v -0.011089 -0.002922 0.017172
v -0.011089 -0.002922 0.017172
v -0.011089 -0.002922 0.017172
v 0.010078 0.0104 0.017367
v 0.010078 0.0104 0.017367
v 0.010078 0.0104 0.017367
v 0.010078 0.0104 0.017367
v 0.010078 0.0104 0.017367
v 0.011312 0.011177 0.016854
v 0.011312 0.011177 0.016854
v 0.011312 0.011177 0.016854
v 0.011312 0.011177 0.016854
v 0.011312 0.011177 0.016854
v 0.012391 0.011856 0.016265
v 0.012391 0.011856 0.016265
v 0.012391 0.011856 0.016265
v 0.012391 0.011856 0.016265
v 0.012391 0.011856 0.016265
v 0.015228 0.013642 0.013694
v 0.015228 0.013642 0.013694
v 0.015228 0.013642 0.013694
v 0.015228 0.013642 0.013694
v 0.015228 0.013642 0.013694
v 0.015967 0.014106 0.012623
v 0.015967 0.014106 0.012623
v 0.015967 0.014106 0.012623
v 0.015967 0.014106 0.012623
v 0.016623 0.014519 0.011424
v 0.016623 0.014519 0.011424
v 0.016623 0.014519 0.011424
v 0.016623 0.014519 0.011424
v 0.016623 0.014519 0.011424
v 0.014624 0.013261 -0.01436
v 0.014624 0.013261 -0.01436
v 0.014624 0.013261 -0.01436
v 0.014624 0.013261 -0.01436
v 0.014624 0.013261 -0.01436
v 0.013734 0.012701 -0.015227
v 0.013734 0.012701 -0.015227
v 0.013734 0.012701 -0.015227
v 0.013734 0.012701 -0.015227
v 0.013734 0.012701 -0.015227
v 0.012775 0.012097 -0.015963
v 0.012775 0.012097 -0.015963
v 0.012775 0.012097 -0.015963
v 0.012775 0.012097 -0.015963
v 0.012775 0.012097 -0.015963
v -0.013961 -0.00473 -0.015454
v -0.013961 -0.00473 -0.015454
v -0.013961 -0.00473 -0.015454
v -0.013961 -0.00473 -0.015454
v -0.013961 -0.00473 -0.015454
v -0.014899 -0.00532 -0.014598
v -0.014899 -0.00532 -0.014598
v -0.014899 -0.00532 -0.014598
v -0.014899 -0.00532 -0.014598
v -0.014899 -0.00532 -0.014598
v -0.015124 -0.005461 0.014414
v -0.015124 -0.005461 0.014414
v -0.015124 -0.005461 0.014414
v -0.015124 -0.005461 0.014414
v -0.015124 -0.005461 0.014414
v -0.014234 -0.004901 0.01528
v -0.014234 -0.004901 0.01528
v -0.014234 -0.004901 0.01528
v -0.014234 -0.004901 0.01528
v -0.014234 -0.004901 0.01528
v -0.013275 -0.004297 0.016016
v -0.013275 -0.004297 0.016016
v -0.013275 -0.004297 0.016016
v -0.013275 -0.004297 0.016016
v -0.013275 -0.004297 0.016016
v 0.016166 0.014232 -0.012235
v 0.016166 0.014232 -0.012235
v 0.016166 0.014232 -0.012235
v 0.016166 0.014232 -0.012235
v 0.016166 0.014232 -0.012235
v 0.016166 0.014232 -0.012235
v 0.016166 0.014232 -0.012235
v 0.016166 0.014232 -0.012235
v 0.015434 0.013771 -0.013366
v 0.015434 0.013771 -0.013366
v 0.015434 0.013771 -0.013366
v 0.015434 0.013771 -0.013366
v 0.015434 0.013771 -0.013366
v 0.013461 0.01253 0.015507
v 0.013461 0.01253 0.015507
v 0.013461 0.01253 0.015507
v 0.013461 0.01253 0.015507
v 0.013461 0.01253 0.015507
v 0.014399 0.01312 0.014652
v 0.014399 0.01312 0.014652
v 0.014399 0.01312 0.014652
v 0.014399 0.01312 0.014652
v 0.014399 0.01312 0.014652
v -0.016666 -0.006432 0.012288
v -0.016666 -0.006432 0.012288
v -0.016666 -0.006432 0.012288
v -0.016666 -0.006432 0.012288
v -0.016666 -0.006432 0.012288
v -0.016666 -0.006432 0.012288
v -0.016666 -0.006432 0.012288
v -0.016666 -0.006432 0.012288
v -0.015934 -0.005971 0.01342
v -0.015934 -0.005971 0.01342
v -0.015934 -0.005971 0.01342
v -0.015934 -0.005971 0.01342
v -0.015934 -0.005971 0.01342
v 0.01257 0.003016 0.018595
v 0.01257 0.003016 0.018595
v 0.01257 0.003016 0.018595
v 0.01257 0.003016 0.018595
v 0.01257 0.003016 0.018595
v 0.01257 0.003016 0.018595
v 0.011316 0.002256 0.018962
v 0.011316 0.002256 0.018962
v 0.011316 0.002256 0.018962
v 0.011316 0.002256 0.018962
v 0.011316 0.002256 0.018962
v 0.011316 0.002256 0.018962
v 0.013382 -0.00106 0.018978
v 0.013382 -0.00106 0.018978
v 0.013382 -0.00106 0.018978
v 0.013382 -0.00106 0.018978
v 0.013382 -0.00106 0.018978
v 0.013382 -0.00106 0.018978
v 0.013536 -0.012768 0.016735
v 0.013536 -0.012768 0.016735
v 0.013536 -0.012768 0.016735
v 0.013536 -0.012768 0.016735
v 0.013536 -0.012768 0.016735
v 0.013536 -0.012768 0.016735
v 0.013536 -0.012768 0.016735
v 0.014826 -0.012101 0.01631
v 0.014826 -0.012101 0.01631
v 0.014826 -0.012101 0.01631
v 0.014826 -0.012101 0.01631
v 0.014826 -0.012101 0.01631
v 0.014476 -0.010702 0.017411
v 0.014476 -0.010702 0.017411
v 0.014476 -0.010702 0.017411
v 0.014476 -0.010702 0.017411
v 0.014476 -0.010702 0.017411
v 0.014476 -0.010702 0.017411
v 0.015764 -0.010001 0.016943
v 0.015764 -0.010001 0.016943
v 0.015764 -0.010001 0.016943
v 0.015764 -0.010001 0.016943
v 0.015764 -0.010001 0.016943
v 0.015764 -0.010001 0.016943
v 0.019467 -0.003771 0.016117
v 0.019467 -0.003771 0.016117
v 0.019467 -0.003771 0.016117
v 0.019467 -0.003771 0.016117
v 0.019467 -0.003771 0.016117
v 0.019467 -0.003771 0.016117
v 0.020477 -0.002948 0.015317
v 0.020477 -0.002948 0.015317
v 0.020477 -0.002948 0.015317
v 0.020477 -0.002948 0.015317
v 0.020477 -0.002948 0.015317
v 0.020477 -0.002948 0.015317
v 0.020477 -0.002948 0.015317
v 0.020477 -0.002948 0.015317
v 0.019816 -0.001308 0.015929
v 0.019816 -0.001308 0.015929
v 0.019816 -0.001308 0.015929
v 0.019816 -0.001308 0.015929
v 0.019816 -0.001308 0.015929
v 0.019816 -0.001308 0.015929
v 0.019816 -0.001308 0.015929
v 0.019889 0.003568 0.014885
v 0.019889 0.003568 0.014885
v 0.019889 0.003568 0.014885
v 0.019889 0.003568 0.014885
v 0.019889 0.003568 0.014885
v 0.020643 0.004297 0.013858
v 0.020643 0.004297 0.013858
v 0.020643 0.004297 0.013858
v 0.020643 0.004297 0.013858
v 0.020643 0.004297 0.013858
v 0.020643 0.004297 0.013858
v 0.019928 0.008669 0.011915
v 0.019928 0.008669 0.011915
v 0.019928 0.008669 0.011915
v 0.019928 0.008669 0.011915
v 0.019928 0.008669 0.011915
v 0.019928 0.008669 0.011915
v 0.017925 0.011708 0.012081
v 0.017925 0.011708 0.012081
v 0.017925 0.011708 0.012081
v 0.017925 0.011708 0.012081
v 0.017925 0.011708 0.012081
v 0.017925 0.011708 0.012081
v 0.017925 0.011708 0.012081
v 0.017925 0.011708 0.012081
v 0.015674 0.009943 0.015291
v 0.015674 0.009943 0.015291
v 0.015674 0.009943 0.015291
v 0.015674 0.009943 0.015291
v 0.015674 0.009943 0.015291
v 0.015674 0.009943 0.015291
v 0.016519 0.010585 0.014325
v 0.016519 0.010585 0.014325
v 0.016519 0.010585 0.014325
v 0.016519 0.010585 0.014325
v 0.016519 0.010585 0.014325
v 0.016519 0.010585 0.014325
v 0.011515 0.006998 0.017941
v 0.011515 0.006998 0.017941
v 0.011515 0.006998 0.017941
v 0.011515 0.006998 0.017941
v 0.011515 0.006998 0.017941
v 0.012651 0.00777 0.017457
v 0.012651 0.00777 0.017457
v 0.012651 0.00777 0.017457
v 0.012651 0.00777 0.017457
v 0.012651 0.00777 0.017457
v 0.012651 0.00777 0.017457
v 0.005115 -0.004625 0.019831
v 0.005115 -0.004625 0.019831
v 0.005115 -0.004625 0.019831
v 0.005115 -0.004625 0.019831
v 0.005115 -0.004625 0.019831
v 0.005115 -0.004625 0.019831
v 0.007902 -0.003877 0.019794
v 0.007902 -0.003877 0.019794
v 0.007902 -0.003877 0.019794
v 0.007902 -0.003877 0.019794
v 0.007902 -0.003877 0.019794
v 0.007902 -0.003877 0.019794
v 0.006014 -0.000679 0.019648
v 0.006014 -0.000679 0.019648
v 0.006014 -0.000679 0.019648
v 0.006014 -0.000679 0.019648
v 0.006014 -0.000679 0.019648
v 0.006014 -0.000679 0.019648
v 0.020441 -0.008189 0.013153
v 0.020441 -0.008189 0.013153
v 0.020441 -0.008189 0.013153
v 0.020441 -0.008189 0.013153
v 0.019448 -0.009021 0.013898
v 0.019448 -0.009021 0.013898
v 0.019448 -0.009021 0.013898
v 0.019448 -0.009021 0.013898
v 0.019448 -0.009021 0.013898
v 0.019448 -0.009021 0.013898
v 0.01944 -0.010228 0.012548
v 0.01944 -0.010228 0.012548
v 0.01944 -0.010228 0.012548
v 0.01944 -0.010228 0.012548
v 0.01944 -0.010228 0.012548
v 0.01944 -0.010228 0.012548
v 0.01944 -0.010228 0.012548
v 0.01944 -0.010228 0.012548
v 0.01944 -0.010228 0.012548
v 0.019281 -0.011291 0.011084
v 0.019281 -0.011291 0.011084
v 0.019281 -0.011291 0.011084
v 0.019281 -0.011291 0.011084
v 0.016999 -0.009257 0.016392
v 0.016999 -0.009257 0.016392
v 0.016999 -0.009257 0.016392
v 0.016999 -0.009257 0.016392
v 0.016999 -0.009257 0.016392
v 0.016067 -0.011386 0.015804
v 0.016067 -0.011386 0.015804
v 0.016067 -0.011386 0.015804
v 0.016067 -0.011386 0.015804
v 0.016067 -0.011386 0.015804
v 0.016067 -0.011386 0.015804
v 0.016067 -0.011386 0.015804
v 0.016067 -0.011386 0.015804
v 0.017255 -0.010628 0.015227
v 0.017255 -0.010628 0.015227
v 0.017255 -0.010628 0.015227
v 0.017255 -0.010628 0.015227
v 0.017255 -0.010628 0.015227
v 0.017255 -0.010628 0.015227
v 0.01732 -0.011831 0.013865
v 0.01732 -0.011831 0.013865
v 0.01732 -0.011831 0.013865
v 0.01732 -0.011831 0.013865
v 0.01732 -0.011831 0.013865
v 0.012561 -0.016454 0.012561
v 0.012561 -0.016454 0.012561
v 0.012561 -0.016454 0.012561
v 0.012561 -0.016454 0.012561
v 0.012561 -0.016454 0.012561
v 0.012561 -0.016454 0.012561
v 0.012561 -0.016454 0.012561
v 0.012561 -0.016454 0.012561
v 0.012561 -0.016454 0.012561
v 0.012561 -0.016454 0.012561
v 0.014757 -0.015207 0.01187
v 0.014757 -0.015207 0.01187
v 0.014757 -0.015207 0.01187
v 0.014757 -0.015207 0.01187
v 0.014757 -0.015207 0.01187
v 0.014939 -0.014337 0.013468
v 0.014939 -0.014337 0.013468
v 0.014939 -0.014337 0.013468
v 0.014939 -0.014337 0.013468
v 0.014939 -0.014337 0.013468
v 0.013728 -0.015014 0.013937
v 0.013728 -0.015014 0.013937
v 0.013728 -0.015014 0.013937
v 0.013728 -0.015014 0.013937
v 0.013728 -0.015014 0.013937
v 0.013728 -0.015014 0.013937
v 0.013728 -0.015014 0.013937
v 0.011298 -0.01445 0.016719
v 0.011298 -0.01445 0.016719
v 0.011298 -0.01445 0.016719
v 0.011298 -0.01445 0.016719
v 0.011298 -0.01445 0.016719
v 0.011298 -0.01445 0.016719
v 0.011628 -0.014974 0.016005
v 0.011628 -0.014974 0.016005
v 0.011628 -0.014974 0.016005
v 0.011628 -0.014974 0.016005
v 0.012437 -0.014617 0.015809
v 0.012437 -0.014617 0.015809
v 0.012437 -0.014617 0.015809
v 0.012437 -0.014617 0.015809
v 0.012437 -0.014617 0.015809
v 0.012437 -0.014617 0.015809
v 0.011651 -0.01501 0.015949
v 0.011651 -0.01501 0.015949
v 0.011651 -0.01501 0.015949
v 0.011651 -0.01501 0.015949
v 0.011651 -0.01501 0.015949
v 0.012471 -0.015645 0.014347
v 0.012471 -0.015645 0.014347
v 0.012471 -0.015645 0.014347
v 0.012471 -0.015645 0.014347
v 0.012471 -0.015645 0.014347
v 0.012471 -0.015645 0.014347
v 0.011975 -0.015524 0.015036
v 0.011975 -0.015524 0.015036
v 0.011975 -0.015524 0.015036
v 0.011975 -0.015524 0.015036
v 0.011975 -0.015524 0.015036
v 0.012293 -0.01603 0.013855
v 0.012293 -0.01603 0.013855
v 0.012293 -0.01603 0.013855
v 0.012293 -0.01603 0.013855
v 0.012293 -0.01603 0.013855
v 0.010402 -0.013026 0.018031
v 0.010402 -0.013026 0.018031
v 0.010402 -0.013026 0.018031
v 0.010402 -0.013026 0.018031
v 0.010402 -0.013026 0.018031
v 0.010402 -0.013026 0.018031
v 0.010402 -0.013026 0.018031
v 0.010402 -0.013026 0.018031
v 0.010377 -0.012543 0.018264
v 0.010377 -0.012543 0.018264
v 0.010377 -0.012543 0.018264
v 0.010377 -0.012543 0.018264
v 0.010377 -0.012543 0.018264
v 0.009854 -0.012155 0.018555
v 0.009854 -0.012155 0.018555
v 0.009854 -0.012155 0.018555
v 0.009854 -0.012155 0.018555
v 0.009854 -0.012155 0.018555
v 0.009765 -0.011011 0.018939
v 0.009765 -0.011011 0.018939
v 0.009765 -0.011011 0.018939
v 0.009765 -0.011011 0.018939
v 0.009765 -0.011011 0.018939
v 0.009765 -0.011011 0.018939
v 0.00921 -0.011132 0.019004
v 0.00921 -0.011132 0.019004
v 0.00921 -0.011132 0.019004
v 0.00921 -0.011132 0.019004
v 0.00921 -0.011132 0.019004
v 0.008408 -0.009858 0.019386
v 0.008408 -0.009858 0.019386
v 0.008408 -0.009858 0.019386
v 0.008408 -0.009858 0.019386
v 0.008408 -0.009858 0.019386
v 0.008408 -0.009858 0.019386
v 0.008408 -0.009858 0.019386
v 0.001942 0.000418 0.019395
v 0.001942 0.000418 0.019395
v 0.001942 0.000418 0.019395
v 0.001942 0.000418 0.019395
v 0.001942 0.000418 0.019395
v 0.001942 0.000418 0.019395
v 0.001942 0.000418 0.019395
v 0.010337 0.006226 0.018334
v 0.010337 0.006226 0.018334
v 0.010337 0.006226 0.018334
v 0.010337 0.006226 0.018334
v 0.010337 0.006226 0.018334
v 0.010337 0.006226 0.018334
v 0.009122 0.00546 0.018648
v 0.009122 0.00546 0.018648
v 0.009122 0.00546 0.018648
v 0.009122 0.00546 0.018648
v 0.009122 0.00546 0.018648
v 0.009122 0.00546 0.018648
v 0.006612 0.003944 0.019074
v 0.006612 0.003944 0.019074
v 0.006612 0.003944 0.019074
v 0.006612 0.003944 0.019074
v 0.006612 0.003944 0.019074
v 0.006612 0.003944 0.019074
v 0.004038 0.002445 0.019274
v 0.004038 0.002445 0.019274
v 0.004038 0.002445 0.019274
v 0.004038 0.002445 0.019274
v 0.004038 0.002445 0.019274
v 0.004038 0.002445 0.019274
v 0.003652 -0.002301 0.019699
v 0.003652 -0.002301 0.019699
v 0.003652 -0.002301 0.019699
v 0.003652 -0.002301 0.019699
v 0.003652 -0.002301 0.019699
v 0.003652 -0.002301 0.019699
v 0.013731 0.008527 0.016861
v 0.013731 0.008527 0.016861
v 0.013731 0.008527 0.016861
v 0.013731 0.008527 0.016861
v 0.013731 0.008527 0.016861
v 0.013731 0.008527 0.016861
v 0.017271 0.011174 0.013251
v 0.017271 0.011174 0.013251
v 0.017271 0.011174 0.013251
v 0.017271 0.011174 0.013251
v 0.017271 0.011174 0.013251
v 0.017271 0.011174 0.013251
v 0.019333 0.00809 0.013106
v 0.019333 0.00809 0.013106
v 0.019333 0.00809 0.013106
v 0.019333 0.00809 0.013106
v 0.019333 0.00809 0.013106
v 0.019333 0.00809 0.013106
v 0.018639 0.007458 0.014206
v 0.018639 0.007458 0.014206
v 0.018639 0.007458 0.014206
v 0.018639 0.007458 0.014206
v 0.018639 0.007458 0.014206
v 0.017846 0.00678 0.015209
v 0.017846 0.00678 0.015209
v 0.017846 0.00678 0.015209
v 0.017846 0.00678 0.015209
v 0.017846 0.00678 0.015209
v 0.017846 0.00678 0.015209
v 0.017846 0.00678 0.015209
v 0.016957 0.006065 0.016107
v 0.016957 0.006065 0.016107
v 0.016957 0.006065 0.016107
v 0.016957 0.006065 0.016107
v 0.016957 0.006065 0.016107
v 0.016957 0.006065 0.016107
v 0.016957 0.006065 0.016107
v 0.016957 0.006065 0.016107
v 0.021292 0.004985 0.012741
v 0.021292 0.004985 0.012741
v 0.021292 0.004985 0.012741
v 0.021292 0.004985 0.012741
v 0.021292 0.004985 0.012741
v 0.021292 0.004985 0.012741
v 0.021836 0.005623 0.011538
v 0.021836 0.005623 0.011538
v 0.021836 0.005623 0.011538
v 0.021836 0.005623 0.011538
v 0.021836 0.005623 0.011538
v 0.021836 0.005623 0.011538
v 0.021836 0.005623 0.011538
v 0.022207 -0.001298 0.013482
v 0.022207 -0.001298 0.013482
v 0.022207 -0.001298 0.013482
v 0.022207 -0.001298 0.013482
v 0.022207 -0.001298 0.013482
v 0.023341 -0.002033 0.011648
v 0.023341 -0.002033 0.011648
v 0.023341 -0.002033 0.011648
v 0.023341 -0.002033 0.011648
v 0.023341 -0.002033 0.011648
v 0.022645 -0.002853 0.012677
v 0.022645 -0.002853 0.012677
v 0.022645 -0.002853 0.012677
v 0.022645 -0.002853 0.012677
v 0.022645 -0.002853 0.012677
v 0.022645 -0.002853 0.012677
v 0.022645 -0.002853 0.012677
v 0.022645 -0.002853 0.012677
v 0.022891 -0.004318 0.011695
v 0.022891 -0.004318 0.011695
v 0.022891 -0.004318 0.011695
v 0.022891 -0.004318 0.011695
v 0.022116 -0.005156 0.012642
v 0.022116 -0.005156 0.012642
v 0.022116 -0.005156 0.012642
v 0.022116 -0.005156 0.012642
v 0.022116 -0.005156 0.012642
v 0.022116 -0.005156 0.012642
v 0.021252 -0.005998 0.013521
v 0.021252 -0.005998 0.013521
v 0.021252 -0.005998 0.013521
v 0.021252 -0.005998 0.013521
v 0.021252 -0.005998 0.013521
v 0.021252 -0.005998 0.013521
v 0.017769 -0.006974 0.016735
v 0.017769 -0.006974 0.016735
v 0.017769 -0.006974 0.016735
v 0.017769 -0.006974 0.016735
v 0.017769 -0.006974 0.016735
v 0.017769 -0.006974 0.016735
v 0.017769 -0.006974 0.016735
v 0.018913 -0.006173 0.016066
v 0.018913 -0.006173 0.016066
v 0.018913 -0.006173 0.016066
v 0.018913 -0.006173 0.016066
v 0.018913 -0.006173 0.016066
v 0.018913 -0.006173 0.016066
v 0.019978 -0.005354 0.015326
v 0.019978 -0.005354 0.015326
v 0.019978 -0.005354 0.015326
v 0.019978 -0.005354 0.015326
v 0.019978 -0.005354 0.015326
v 0.019978 -0.005354 0.015326
v 0.02096 -0.004522 0.014515
v 0.02096 -0.004522 0.014515
v 0.02096 -0.004522 0.014515
v 0.02096 -0.004522 0.014515
v 0.02096 -0.004522 0.014515
v 0.016554 -0.007742 0.017328
v 0.016554 -0.007742 0.017328
v 0.016554 -0.007742 0.017328
v 0.016554 -0.007742 0.017328
v 0.016554 -0.007742 0.017328
v 0.016554 -0.007742 0.017328
v 0.016554 -0.007742 0.017328
v 0.014912 0.004556 0.017568
v 0.014912 0.004556 0.017568
v 0.014912 0.004556 0.017568
v 0.014912 0.004556 0.017568
v 0.014912 0.004556 0.017568
v 0.014912 0.004556 0.017568
v 0.01903 0.002808 0.015818
v 0.01903 0.002808 0.015818
v 0.01903 0.002808 0.015818
v 0.01903 0.002808 0.015818
v 0.01903 0.002808 0.015818
v 0.01903 0.002808 0.015818
v 0.01807 0.002029 0.016653
v 0.01807 0.002029 0.016653
v 0.01807 0.002029 0.016653
v 0.01807 0.002029 0.016653
v 0.01807 0.002029 0.016653
v 0.01807 0.002029 0.016653
v 0.017192 -0.005368 0.017478
v 0.017192 -0.005368 0.017478
v 0.017192 -0.005368 0.017478
v 0.017192 -0.005368 0.017478
v 0.017192 -0.005368 0.017478
v 0.017192 -0.005368 0.017478
v 0.018369 -0.00458 0.016838
v 0.018369 -0.00458 0.016838
v 0.018369 -0.00458 0.016838
v 0.018369 -0.00458 0.016838
v 0.018369 -0.00458 0.016838
v 0.018369 -0.00458 0.016838
v 0.017663 -0.002921 0.017405
v 0.017663 -0.002921 0.017405
v 0.017663 -0.002921 0.017405
v 0.017663 -0.002921 0.017405
v 0.017663 -0.002921 0.017405
v 0.017663 -0.002921 0.017405
v 0.018784 -0.002121 0.016711
v 0.018784 -0.002121 0.016711
v 0.018784 -0.002121 0.016711
v 0.018784 -0.002121 0.016711
v 0.018784 -0.002121 0.016711
v 0.018784 -0.002121 0.016711
v 0.017956 -0.000441 0.017124
v 0.017956 -0.000441 0.017124
v 0.017956 -0.000441 0.017124
v 0.017956 -0.000441 0.017124
v 0.017956 -0.000441 0.017124
v 0.017956 -0.000441 0.017124
v 0.019002 0.00036 0.016366
v 0.019002 0.00036 0.016366
v 0.019002 0.00036 0.016366
v 0.019002 0.00036 0.016366
v 0.019002 0.00036 0.016366
v 0.019002 0.00036 0.016366
v 0.019002 0.00036 0.016366
v 0.022689 0.00409 0.011209
v 0.022689 0.00409 0.011209
v 0.022689 0.00409 0.011209
v 0.022689 0.00409 0.011209
v 0.022165 0.003417 0.012413
v 0.022165 0.003417 0.012413
v 0.022165 0.003417 0.012413
v 0.022165 0.003417 0.012413
v 0.022165 0.003417 0.012413
v 0.022165 0.003417 0.012413
v 0.021534 0.002699 0.013533
v 0.021534 0.002699 0.013533
v 0.021534 0.002699 0.013533
v 0.021534 0.002699 0.013533
v 0.021534 0.002699 0.013533
v 0.021534 0.002699 0.013533
v 0.020796 0.001942 0.014568
v 0.020796 0.001942 0.014568
v 0.020796 0.001942 0.014568
v 0.020796 0.001942 0.014568
v 0.020796 0.001942 0.014568
v 0.020796 0.001942 0.014568
v 0.019951 0.001158 0.015513
v 0.019951 0.001158 0.015513
v 0.019951 0.001158 0.015513
v 0.019951 0.001158 0.015513
v 0.019951 0.001158 0.015513
v 0.019951 0.001158 0.015513
v 0.02185 -0.003686 0.013632
v 0.02185 -0.003686 0.013632
v 0.02185 -0.003686 0.013632
v 0.02185 -0.003686 0.013632
v 0.02185 -0.003686 0.013632
v 0.02185 -0.003686 0.013632
v 0.021393 -0.00212 0.014439
v 0.021393 -0.00212 0.014439
v 0.021393 -0.00212 0.014439
v 0.021393 -0.00212 0.014439
v 0.021393 -0.00212 0.014439
v 0.012994 -0.003474 0.019187
v 0.012994 -0.003474 0.019187
v 0.012994 -0.003474 0.019187
v 0.012994 -0.003474 0.019187
v 0.012994 -0.003474 0.019187
v 0.012994 -0.003474 0.019187
v 0.011619 -0.00417 0.019457
v 0.011619 -0.00417 0.019457
v 0.011619 -0.00417 0.019457
v 0.011619 -0.00417 0.019457
v 0.011619 -0.00417 0.019457
v 0.011619 -0.00417 0.019457
v 0.011619 -0.00417 0.019457
v 0.011619 -0.00417 0.019457
v 0.012486 -0.005852 0.019236
v 0.012486 -0.005852 0.019236
v 0.012486 -0.005852 0.019236
v 0.012486 -0.005852 0.019236
v 0.012486 -0.005852 0.019236
v 0.012486 -0.005852 0.019236
v 0.01108 -0.006511 0.019455
v 0.01108 -0.006511 0.019455
v 0.01108 -0.006511 0.019455
v 0.01108 -0.006511 0.019455
v 0.01108 -0.006511 0.019455
v 0.011877 -0.008175 0.019111
v 0.011877 -0.008175 0.019111
v 0.011877 -0.008175 0.019111
v 0.011877 -0.008175 0.019111
v 0.011877 -0.008175 0.019111
v 0.011877 -0.008175 0.019111
v 0.010855 -0.013746 0.017457
v 0.010855 -0.013746 0.017457
v 0.010855 -0.013746 0.017457
v 0.010855 -0.013746 0.017457
v 0.012203 -0.013384 0.017072
v 0.012203 -0.013384 0.017072
v 0.012203 -0.013384 0.017072
v 0.012203 -0.013384 0.017072
v 0.012203 -0.013384 0.017072
v 0.012203 -0.013384 0.017072
v 0.012203 -0.013384 0.017072
v 0.012203 -0.013384 0.017072
v 0.012203 -0.013384 0.017072
v 0.011773 -0.011968 0.018071
v 0.011773 -0.011968 0.018071
v 0.011773 -0.011968 0.018071
v 0.011773 -0.011968 0.018071
v 0.011773 -0.011968 0.018071
v 0.011773 -0.011968 0.018071
v 0.011179 -0.010421 0.018797
v 0.011179 -0.010421 0.018797
v 0.011179 -0.010421 0.018797
v 0.011179 -0.010421 0.018797
v 0.011179 -0.010421 0.018797
v 0.011179 -0.010421 0.018797
v 0.010461 -0.0088 0.019287
v 0.010461 -0.0088 0.019287
v 0.010461 -0.0088 0.019287
v 0.010461 -0.0088 0.019287
v 0.010461 -0.0088 0.019287
v 0.010461 -0.0088 0.019287
v 0.009658 -0.007151 0.019593
v 0.009658 -0.007151 0.019593
v 0.009658 -0.007151 0.019593
v 0.009658 -0.007151 0.019593
v 0.009658 -0.007151 0.019593
v 0.009658 -0.007151 0.019593
v 0.007489 -0.008398 0.019656
v 0.007489 -0.008398 0.019656
v 0.007489 -0.008398 0.019656
v 0.007489 -0.008398 0.019656
v 0.007489 -0.008398 0.019656
v 0.007489 -0.008398 0.019656
v 0.008801 -0.005506 0.01975
v 0.008801 -0.005506 0.01975
v 0.008801 -0.005506 0.01975
v 0.008801 -0.005506 0.01975
v 0.008801 -0.005506 0.01975
v 0.006348 -0.006585 0.019815
v 0.006348 -0.006585 0.019815
v 0.006348 -0.006585 0.019815
v 0.006348 -0.006585 0.019815
v 0.006348 -0.006585 0.019815
v 0.006348 -0.006585 0.019815
v 0.015942 -0.006125 0.01803
v 0.015942 -0.006125 0.01803
v 0.015942 -0.006125 0.01803
v 0.015942 -0.006125 0.01803
v 0.015942 -0.006125 0.01803
v 0.015942 -0.006125 0.01803
v 0.016462 -0.0037 0.018009
v 0.016462 -0.0037 0.018009
v 0.016462 -0.0037 0.018009
v 0.016462 -0.0037 0.018009
v 0.016462 -0.0037 0.018009
v 0.016462 -0.0037 0.018009
v 0.016821 -0.001231 0.017788
v 0.016821 -0.001231 0.017788
v 0.016821 -0.001231 0.017788
v 0.016821 -0.001231 0.017788
v 0.016821 -0.001231 0.017788
v 0.016821 -0.001231 0.017788
v 0.017016 0.001243 0.017386
v 0.017016 0.001243 0.017386
v 0.017016 0.001243 0.017386
v 0.017016 0.001243 0.017386
v 0.017016 0.001243 0.017386
v 0.017016 0.001243 0.017386
v 0.015977 0.00532 0.016894
v 0.015977 0.00532 0.016894
v 0.015977 0.00532 0.016894
v 0.015977 0.00532 0.016894
v 0.015977 0.00532 0.016894
v 0.015977 0.00532 0.016894
v 0.014742 0.009255 0.016139
v 0.014742 0.009255 0.016139
v 0.014742 0.009255 0.016139
v 0.014742 0.009255 0.016139
v 0.014742 0.009255 0.016139
v 0.014742 0.009255 0.016139
v 0.015277 -0.008472 0.017835
v 0.015277 -0.008472 0.017835
v 0.015277 -0.008472 0.017835
v 0.015277 -0.008472 0.017835
v 0.015277 -0.008472 0.017835
v 0.015277 -0.008472 0.017835
v 0.01373 -0.013991 0.015427
v 0.01373 -0.013991 0.015427
v 0.01373 -0.013991 0.015427
v 0.01373 -0.013991 0.015427
v 0.01373 -0.013991 0.015427
v 0.01373 -0.013991 0.015427
v 0.018384 -0.009836 0.014589
v 0.018384 -0.009836 0.014589
v 0.018384 -0.009836 0.014589
v 0.018384 -0.009836 0.014589
v 0.018384 -0.009836 0.014589
v 0.010689 -0.002499 0.019547
v 0.010689 -0.002499 0.019547
v 0.010689 -0.002499 0.019547
v 0.010689 -0.002499 0.019547
v 0.010689 -0.002499 0.019547
v 0.010689 -0.002499 0.019547
v 0.012054 -0.001789 0.019309
v 0.012054 -0.001789 0.019309
v 0.012054 -0.001789 0.019309
v 0.012054 -0.001789 0.019309
v 0.012054 -0.001789 0.019309
v 0.012054 -0.001789 0.019309
v 0.010023 0.001508 0.019242
v 0.010023 0.001508 0.019242
v 0.010023 0.001508 0.019242
v 0.010023 0.001508 0.019242
v 0.010023 0.001508 0.019242
v 0.010023 0.001508 0.019242
v 0.008702 0.000771 0.019443
v 0.008702 0.000771 0.019443
v 0.008702 0.000771 0.019443
v 0.008702 0.000771 0.019443
v 0.008702 0.000771 0.019443
v 0.013772 0.003785 0.018133
v 0.013772 0.003785 0.018133
v 0.013772 0.003785 0.018133
v 0.013772 0.003785 0.018133
v 0.013772 0.003785 0.018133
v 0.013772 0.003785 0.018133
v 0.015875 0.00046 0.018018
v 0.015875 0.00046 0.018018
v 0.015875 0.00046 0.018018
v 0.015875 0.00046 0.018018
v 0.015875 0.00046 0.018018
v 0.015875 0.00046 0.018018
v 0.01466 -0.000309 0.018549
v 0.01466 -0.000309 0.018549
v 0.01466 -0.000309 0.018549
v 0.01466 -0.000309 0.018549
v 0.01466 -0.000309 0.018549
v 0.01466 -0.000309 0.018549
v 0.015609 -0.002004 0.018355
v 0.015609 -0.002004 0.018355
v 0.015609 -0.002004 0.018355
v 0.015609 -0.002004 0.018355
v 0.015609 -0.002004 0.018355
v 0.015609 -0.002004 0.018355
v 0.014329 -0.002752 0.018821
v 0.014329 -0.002752 0.018821
v 0.014329 -0.002752 0.018821
v 0.014329 -0.002752 0.018821
v 0.014329 -0.002752 0.018821
v 0.014329 -0.002752 0.018821
v 0.015191 -0.004449 0.018516
v 0.015191 -0.004449 0.018516
v 0.015191 -0.004449 0.018516
v 0.015191 -0.004449 0.018516
v 0.015191 -0.004449 0.018516
v 0.015191 -0.004449 0.018516
v 0.013861 -0.005166 0.018925
v 0.013861 -0.005166 0.018925
v 0.013861 -0.005166 0.018925
v 0.013861 -0.005166 0.018925
v 0.013861 -0.005166 0.018925
v 0.013861 -0.005166 0.018925
v 0.014631 -0.006844 0.018487
v 0.014631 -0.006844 0.018487
v 0.014631 -0.006844 0.018487
v 0.014631 -0.006844 0.018487
v 0.014631 -0.006844 0.018487
v 0.014631 -0.006844 0.018487
v 0.013271 -0.007526 0.018847
v 0.013271 -0.007526 0.018847
v 0.013271 -0.007526 0.018847
v 0.013271 -0.007526 0.018847
v 0.013271 -0.007526 0.018847
v 0.013271 -0.007526 0.018847
v 0.013947 -0.009159 0.018251
v 0.013947 -0.009159 0.018251
v 0.013947 -0.009159 0.018251
v 0.013947 -0.009159 0.018251
v 0.013947 -0.009159 0.018251
v 0.013947 -0.009159 0.018251
v 0.012577 -0.009807 0.018571
v 0.012577 -0.009807 0.018571
v 0.012577 -0.009807 0.018571
v 0.012577 -0.009807 0.018571
v 0.012577 -0.009807 0.018571
v 0.012577 -0.009807 0.018571
v 0.013143 -0.011356 0.017788
v 0.013143 -0.011356 0.017788
v 0.013143 -0.011356 0.017788
v 0.013143 -0.011356 0.017788
v 0.013143 -0.011356 0.017788
v 0.013143 -0.011356 0.017788
v 0.004316 -0.008329 0.01975
v 0.004316 -0.008329 0.01975
v 0.004316 -0.008329 0.01975
v 0.004316 -0.008329 0.01975
v 0.004316 -0.008329 0.01975
v 0.004316 -0.008329 0.01975
v 0.004316 -0.008329 0.01975
v 0.003235 -0.006814 0.019794
v 0.003235 -0.006814 0.019794
v 0.003235 -0.006814 0.019794
v 0.003235 -0.006814 0.019794
v 0.003235 -0.006814 0.019794
v 0.003235 -0.006814 0.019794
v 0.000788 -0.008731 0.019547
v 0.000788 -0.008731 0.019547
v 0.000788 -0.008731 0.019547
v 0.000788 -0.008731 0.019547
v 0.000788 -0.008731 0.019547
v 0.000788 -0.008731 0.019547
v 0.000788 -0.008731 0.019547
v -0.004998 -0.008041 0.018595
v -0.004998 -0.008041 0.018595
v -0.004998 -0.008041 0.018595
v -0.004998 -0.008041 0.018595
v -0.004998 -0.008041 0.018595
v -0.004998 -0.008041 0.018595
v -0.006212 -0.008792 0.018133
v -0.006212 -0.008792 0.018133
v -0.006212 -0.008792 0.018133
v -0.006212 -0.008792 0.018133
v -0.006212 -0.008792 0.018133
v -0.005192 -0.010479 0.018125
v -0.005192 -0.010479 0.018125
v -0.005192 -0.010479 0.018125
v -0.005192 -0.010479 0.018125
v -0.005192 -0.010479 0.018125
v -0.005192 -0.010479 0.018125
v -0.005192 -0.010479 0.018125
v -0.0074 -0.009486 0.017568
v -0.0074 -0.009486 0.017568
v -0.0074 -0.009486 0.017568
v -0.0074 -0.009486 0.017568
v -0.0074 -0.009486 0.017568
v -0.0074 -0.009486 0.017568
v -0.0074 -0.009486 0.017568
v -0.001863 -0.017195 0.016117
v -0.001863 -0.017195 0.016117
v -0.001863 -0.017195 0.016117
v -0.001863 -0.017195 0.016117
v -0.001863 -0.017195 0.016117
v -0.001863 -0.017195 0.016117
v -0.003042 -0.01775 0.015317
v -0.003042 -0.01775 0.015317
v -0.003042 -0.01775 0.015317
v -0.003042 -0.01775 0.015317
v -0.003042 -0.01775 0.015317
v -0.003042 -0.01775 0.015317
v -0.003042 -0.01775 0.015317
v -0.001831 -0.018866 0.014515
v -0.001831 -0.018866 0.014515
v -0.001831 -0.018866 0.014515
v -0.001831 -0.018866 0.014515
v -0.001831 -0.018866 0.014515
v -0.001831 -0.018866 0.014515
v -0.001831 -0.018866 0.014515
v 0.004188 -0.01545 0.017835
v 0.004188 -0.01545 0.017835
v 0.004188 -0.01545 0.017835
v 0.004188 -0.01545 0.017835
v 0.004188 -0.01545 0.017835
v 0.004188 -0.01545 0.017835
v 0.005383 -0.014549 0.018251
v 0.005383 -0.014549 0.018251
v 0.005383 -0.014549 0.018251
v 0.005383 -0.014549 0.018251
v 0.005383 -0.014549 0.018251
v 0.005383 -0.014549 0.018251
v 0.004203 -0.013233 0.018847
v 0.004203 -0.013233 0.018847
v 0.004203 -0.013233 0.018847
v 0.004203 -0.013233 0.018847
v 0.004203 -0.013233 0.018847
v 0.004203 -0.013233 0.018847
v 0.010757 -0.016884 0.013937
v 0.010757 -0.016884 0.013937
v 0.010757 -0.016884 0.013937
v 0.010757 -0.016884 0.013937
v 0.010757 -0.016884 0.013937
v 0.010757 -0.016884 0.013937
v 0.010757 -0.016884 0.013937
v 0.01187 -0.016023 0.014347
v 0.01187 -0.016023 0.014347
v 0.01187 -0.016023 0.014347
v 0.01187 -0.016023 0.014347
v 0.01187 -0.016023 0.014347
v 0.010957 -0.015548 0.015809
v 0.010957 -0.015548 0.015809
v 0.010957 -0.015548 0.015809
v 0.010957 -0.015548 0.015809
v 0.010957 -0.015548 0.015809
v 0.010957 -0.015548 0.015809
v 0.010957 -0.015548 0.015809
v 0.010957 -0.015548 0.015809
v 0.010957 -0.015548 0.015809
v 0.008862 -0.011579 0.018939
v 0.008862 -0.011579 0.018939
v 0.008862 -0.011579 0.018939
v 0.008862 -0.011579 0.018939
v 0.008862 -0.011579 0.018939
v 0.008862 -0.011579 0.018939
v 0.007718 -0.012599 0.018797
v 0.007718 -0.012599 0.018797
v 0.007718 -0.012599 0.018797
v 0.007718 -0.012599 0.018797
v 0.007718 -0.012599 0.018797
v 0.008856 -0.013804 0.018071
v 0.008856 -0.013804 0.018071
v 0.008856 -0.013804 0.018071
v 0.008856 -0.013804 0.018071
v 0.008856 -0.013804 0.018071
v 0.008856 -0.013804 0.018071
v 0.008856 -0.013804 0.018071
v -0.014387 -0.008751 0.013251
v -0.014387 -0.008751 0.013251
v -0.014387 -0.008751 0.013251
v -0.014387 -0.008751 0.013251
v -0.01353 -0.008327 0.014325
v -0.01353 -0.008327 0.014325
v -0.01353 -0.008327 0.014325
v -0.01353 -0.008327 0.014325
v -0.01353 -0.008327 0.014325
v -0.01353 -0.008327 0.014325
v 0.006333 -0.018745 0.013865
v 0.006333 -0.018745 0.013865
v 0.006333 -0.018745 0.013865
v 0.006333 -0.018745 0.013865
v 0.006333 -0.018745 0.013865
v 0.009834 -0.016444 0.015427
v 0.009834 -0.016444 0.015427
v 0.009834 -0.016444 0.015427
v 0.009834 -0.016444 0.015427
v 0.009834 -0.016444 0.015427
v 0.006474 -0.017424 0.015804
v 0.006474 -0.017424 0.015804
v 0.006474 -0.017424 0.015804
v 0.006474 -0.017424 0.015804
v 0.006474 -0.017424 0.015804
v 0.006474 -0.017424 0.015804
v 0.006474 -0.017424 0.015804
v 0.007656 -0.016614 0.01631
v 0.007656 -0.016614 0.01631
v 0.007656 -0.016614 0.01631
v 0.007656 -0.016614 0.01631
v 0.007656 -0.016614 0.01631
v 0.007656 -0.016614 0.01631
v 0.0017 -0.019984 0.013153
v 0.0017 -0.019984 0.013153
v 0.0017 -0.019984 0.013153
v 0.0017 -0.019984 0.013153
v 0.0017 -0.019984 0.013153
v 0.003971 -0.019964 0.012548
v 0.003971 -0.019964 0.012548
v 0.003971 -0.019964 0.012548
v 0.003971 -0.019964 0.012548
v 0.003971 -0.019964 0.012548
v 0.003971 -0.019964 0.012548
v 0.003971 -0.019964 0.012548
v 0.003971 -0.019964 0.012548
v 0.003971 -0.019964 0.012548
v 0.004998 -0.02028 0.011084
v 0.004998 -0.02028 0.011084
v 0.004998 -0.02028 0.011084
v 0.004998 -0.02028 0.011084
v 0.004998 -0.02028 0.011084
v 0.002879 -0.019449 0.013898
v 0.002879 -0.019449 0.013898
v 0.002879 -0.019449 0.013898
v 0.002879 -0.019449 0.013898
v 0.002879 -0.019449 0.013898
v 0.002879 -0.019449 0.013898
v 0.004075 -0.018842 0.014589
v 0.004075 -0.018842 0.014589
v 0.004075 -0.018842 0.014589
v 0.004075 -0.018842 0.014589
v 0.004075 -0.018842 0.014589
v 0.001759 -0.01705 0.016735
v 0.001759 -0.01705 0.016735
v 0.001759 -0.01705 0.016735
v 0.001759 -0.01705 0.016735
v 0.001759 -0.01705 0.016735
v 0.001759 -0.01705 0.016735
v 0.001759 -0.01705 0.016735
v -0.004064 -0.019663 0.012677
v -0.004064 -0.019663 0.012677
v -0.004064 -0.019663 0.012677
v -0.004064 -0.019663 0.012677
v -0.004064 -0.019663 0.012677
v -0.004064 -0.019663 0.012677
v -0.004064 -0.019663 0.012677
v -0.00285 -0.020519 0.011695
v -0.00285 -0.020519 0.011695
v -0.00285 -0.020519 0.011695
v -0.00285 -0.020519 0.011695
v -0.00285 -0.020519 0.011695
v -0.00285 -0.020519 0.011695
v -0.005105 -0.019936 0.011648
v -0.005105 -0.019936 0.011648
v -0.005105 -0.019936 0.011648
v -0.005105 -0.019936 0.011648
v -0.005277 -0.018596 0.013482
v -0.005277 -0.018596 0.013482
v -0.005277 -0.018596 0.013482
v -0.005277 -0.018596 0.013482
v -0.004184 -0.018217 0.014439
v -0.004184 -0.018217 0.014439
v -0.004184 -0.018217 0.014439
v -0.004184 -0.018217 0.014439
v -0.004184 -0.018217 0.014439
v -0.004184 -0.018217 0.014439
v -0.004184 -0.018217 0.014439
v -0.005385 -0.014989 0.016366
v -0.005385 -0.014989 0.016366
v -0.005385 -0.014989 0.016366
v -0.005385 -0.014989 0.016366
v -0.005385 -0.014989 0.016366
v -0.005385 -0.014989 0.016366
v -0.005385 -0.014989 0.016366
v -0.006516 -0.015499 0.015513
v -0.006516 -0.015499 0.015513
v -0.006516 -0.015499 0.015513
v -0.006516 -0.015499 0.015513
v -0.006516 -0.015499 0.015513
v -0.007588 -0.015922 0.014568
v -0.007588 -0.015922 0.014568
v -0.007588 -0.015922 0.014568
v -0.007588 -0.015922 0.014568
v -0.007588 -0.015922 0.014568
v -0.007588 -0.015922 0.014568
v -0.00859 -0.016261 0.013533
v -0.00859 -0.016261 0.013533
v -0.00859 -0.016261 0.013533
v -0.00859 -0.016261 0.013533
v -0.00859 -0.016261 0.013533
v -0.00859 -0.016261 0.013533
v -0.00951 -0.016518 0.012413
v -0.00951 -0.016518 0.012413
v -0.00951 -0.016518 0.012413
v -0.00951 -0.016518 0.012413
v -0.00951 -0.016518 0.012413
v -0.00951 -0.016518 0.012413
v -0.00951 -0.016518 0.012413
v -0.010343 -0.0167 0.011209
v -0.010343 -0.0167 0.011209
v -0.010343 -0.0167 0.011209
v -0.010343 -0.0167 0.011209
v -0.010343 -0.0167 0.011209
v -0.011357 -0.015267 0.011538
v -0.011357 -0.015267 0.011538
v -0.011357 -0.015267 0.011538
v -0.011357 -0.015267 0.011538
v -0.011357 -0.015267 0.011538
v -0.011357 -0.015267 0.011538
v -0.010546 -0.015053 0.012741
v -0.010546 -0.015053 0.012741
v -0.010546 -0.015053 0.012741
v -0.010546 -0.015053 0.012741
v -0.010546 -0.015053 0.012741
v -0.009645 -0.014765 0.013858
v -0.009645 -0.014765 0.013858
v -0.009645 -0.014765 0.013858
v -0.009645 -0.014765 0.013858
v -0.009645 -0.014765 0.013858
v -0.009645 -0.014765 0.013858
v -0.009645 -0.014765 0.013858
v -0.009645 -0.014765 0.013858
v -0.008662 -0.014401 0.014885
v -0.008662 -0.014401 0.014885
v -0.008662 -0.014401 0.014885
v -0.008662 -0.014401 0.014885
v -0.008662 -0.014401 0.014885
v -0.007605 -0.013955 0.015818
v -0.007605 -0.013955 0.015818
v -0.007605 -0.013955 0.015818
v -0.007605 -0.013955 0.015818
v -0.007605 -0.013955 0.015818
v -0.007605 -0.013955 0.015818
v -0.007605 -0.013955 0.015818
v -0.007605 -0.013955 0.015818
v -0.011628 -0.011591 0.014206
v -0.011628 -0.011591 0.014206
v -0.011628 -0.011591 0.014206
v -0.011628 -0.011591 0.014206
v -0.011628 -0.011591 0.014206
v -0.011628 -0.011591 0.014206
v -0.012498 -0.011944 0.013106
v -0.012498 -0.011944 0.013106
v -0.012498 -0.011944 0.013106
v -0.012498 -0.011944 0.013106
v -0.012498 -0.011944 0.013106
v -0.012498 -0.011944 0.013106
v -0.012498 -0.011944 0.013106
v -0.012498 -0.011944 0.013106
v -0.013278 -0.01223 0.011915
v -0.013278 -0.01223 0.011915
v -0.013278 -0.01223 0.011915
v -0.013278 -0.01223 0.011915
v -0.013278 -0.01223 0.011915
v -0.013278 -0.01223 0.011915
v -0.012586 -0.007843 0.015291
v -0.012586 -0.007843 0.015291
v -0.012586 -0.007843 0.015291
v -0.012586 -0.007843 0.015291
v -0.012586 -0.007843 0.015291
v -0.012586 -0.007843 0.015291
v -0.011563 -0.0073 0.016139
v -0.011563 -0.0073 0.016139
v -0.011563 -0.0073 0.016139
v -0.011563 -0.0073 0.016139
v -0.011563 -0.0073 0.016139
v -0.011563 -0.0073 0.016139
v -0.01047 -0.006704 0.016861
v -0.01047 -0.006704 0.016861
v -0.01047 -0.006704 0.016861
v -0.01047 -0.006704 0.016861
v -0.01047 -0.006704 0.016861
v -0.01047 -0.006704 0.016861
v -0.00932 -0.006058 0.017457
v -0.00932 -0.006058 0.017457
v -0.00932 -0.006058 0.017457
v -0.00932 -0.006058 0.017457
v -0.00932 -0.006058 0.017457
v -0.00932 -0.006058 0.017457
v -0.008132 -0.005368 0.017941
v -0.008132 -0.005368 0.017941
v -0.008132 -0.005368 0.017941
v -0.008132 -0.005368 0.017941
v -0.008132 -0.005368 0.017941
v -0.008132 -0.005368 0.017941
v -0.006927 -0.004639 0.018334
v -0.006927 -0.004639 0.018334
v -0.006927 -0.004639 0.018334
v -0.006927 -0.004639 0.018334
v -0.006927 -0.004639 0.018334
v -0.006927 -0.004639 0.018334
v -0.00571 -0.003875 0.018648
v -0.00571 -0.003875 0.018648
v -0.00571 -0.003875 0.018648
v -0.00571 -0.003875 0.018648
v -0.00571 -0.003875 0.018648
v -0.003258 -0.002267 0.019074
v -0.003258 -0.002267 0.019074
v -0.003258 -0.002267 0.019074
v -0.003258 -0.002267 0.019074
v -0.003258 -0.002267 0.019074
v -0.003258 -0.002267 0.019074
v -0.000793 -0.000596 0.019274
v -0.000793 -0.000596 0.019274
v -0.000793 -0.000596 0.019274
v -0.000793 -0.000596 0.019274
v -0.000793 -0.000596 0.019274
v -0.000793 -0.000596 0.019274
v -0.000793 -0.000596 0.019274
v 0.006567 -0.011251 0.019287
v 0.006567 -0.011251 0.019287
v 0.006567 -0.011251 0.019287
v 0.006567 -0.011251 0.019287
v 0.006567 -0.011251 0.019287
v 0.006567 -0.011251 0.019287
v 0.006567 -0.011251 0.019287
v 0.005428 -0.009814 0.019593
v 0.005428 -0.009814 0.019593
v 0.005428 -0.009814 0.019593
v 0.005428 -0.009814 0.019593
v 0.005428 -0.009814 0.019593
v 0.005428 -0.009814 0.019593
v 0.009978 -0.012794 0.018264
v 0.009978 -0.012794 0.018264
v 0.009978 -0.012794 0.018264
v 0.009978 -0.012794 0.018264
v 0.009978 -0.012794 0.018264
v 0.009947 -0.014804 0.017072
v 0.009947 -0.014804 0.017072
v 0.009947 -0.014804 0.017072
v 0.009947 -0.014804 0.017072
v 0.009947 -0.014804 0.017072
v 0.009947 -0.014804 0.017072
v 0.009947 -0.014804 0.017072
v 0.009623 -0.017683 0.013468
v 0.009623 -0.017683 0.013468
v 0.009623 -0.017683 0.013468
v 0.009623 -0.017683 0.013468
v 0.009623 -0.017683 0.013468
v 0.009623 -0.017683 0.013468
v 0.010486 -0.017895 0.01187
v 0.010486 -0.017895 0.01187
v 0.010486 -0.017895 0.01187
v 0.010486 -0.017895 0.01187
v 0.010486 -0.017895 0.01187
v 0.003033 -0.011801 0.019236
v 0.003033 -0.011801 0.019236
v 0.003033 -0.011801 0.019236
v 0.003033 -0.011801 0.019236
v 0.003033 -0.011801 0.019236
v 0.00182 -0.012744 0.018925
v 0.00182 -0.012744 0.018925
v 0.00182 -0.012744 0.018925
v 0.00182 -0.012744 0.018925
v 0.00182 -0.012744 0.018925
v 0.00182 -0.012744 0.018925
v 0.003 -0.014164 0.018487
v 0.003 -0.014164 0.018487
v 0.003 -0.014164 0.018487
v 0.003 -0.014164 0.018487
v 0.003 -0.014164 0.018487
v 0.003 -0.014164 0.018487
v 0.001784 -0.015035 0.01803
v 0.001784 -0.015035 0.01803
v 0.001784 -0.015035 0.01803
v 0.001784 -0.015035 0.01803
v 0.001784 -0.015035 0.01803
v 0.001784 -0.015035 0.01803
v 0.002978 -0.016287 0.017328
v 0.002978 -0.016287 0.017328
v 0.002978 -0.016287 0.017328
v 0.002978 -0.016287 0.017328
v 0.002978 -0.016287 0.017328
v 0.002978 -0.016287 0.017328
v 0.006545 -0.015693 0.017411
v 0.006545 -0.015693 0.017411
v 0.006545 -0.015693 0.017411
v 0.006545 -0.015693 0.017411
v 0.006545 -0.015693 0.017411
v 0.006545 -0.015693 0.017411
v 0.005357 -0.016552 0.016943
v 0.005357 -0.016552 0.016943
v 0.005357 -0.016552 0.016943
v 0.005357 -0.016552 0.016943
v 0.005357 -0.016552 0.016943
v 0.005357 -0.016552 0.016943
v 0.004152 -0.017343 0.016392
v 0.004152 -0.017343 0.016392
v 0.004152 -0.017343 0.016392
v 0.004152 -0.017343 0.016392
v 0.004152 -0.017343 0.016392
v 0.000599 -0.013633 0.018516
v 0.000599 -0.013633 0.018516
v 0.000599 -0.013633 0.018516
v 0.000599 -0.013633 0.018516
v 0.000599 -0.013633 0.018516
v 0.000599 -0.013633 0.018516
v -0.000627 -0.014455 0.018009
v -0.000627 -0.014455 0.018009
v -0.000627 -0.014455 0.018009
v -0.000627 -0.014455 0.018009
v -0.000627 -0.014455 0.018009
v -0.000627 -0.014455 0.018009
v 0.000562 -0.015835 0.017478
v 0.000562 -0.015835 0.017478
v 0.000562 -0.015835 0.017478
v 0.000562 -0.015835 0.017478
v 0.000562 -0.015835 0.017478
v 0.000562 -0.015835 0.017478
v -0.000658 -0.016555 0.016838
v -0.000658 -0.016555 0.016838
v -0.000658 -0.016555 0.016838
v -0.000658 -0.016555 0.016838
v -0.000658 -0.016555 0.016838
v -0.000658 -0.016555 0.016838
v 0.000543 -0.017734 0.016066
v 0.000543 -0.017734 0.016066
v 0.000543 -0.017734 0.016066
v 0.000543 -0.017734 0.016066
v 0.000543 -0.017734 0.016066
v -0.000657 -0.018341 0.015326
v -0.000657 -0.018341 0.015326
v -0.000657 -0.018341 0.015326
v -0.000657 -0.018341 0.015326
v -0.000657 -0.018341 0.015326
v -0.000657 -0.018341 0.015326
v -0.000657 -0.018341 0.015326
v 0.005277 -0.018167 0.015227
v 0.005277 -0.018167 0.015227
v 0.005277 -0.018167 0.015227
v 0.005277 -0.018167 0.015227
v 0.005277 -0.018167 0.015227
v 0.005277 -0.018167 0.015227
v 0.005277 -0.018167 0.015227
v 0.005277 -0.018167 0.015227
v -0.004234 -0.016445 0.015929
v -0.004234 -0.016445 0.015929
v -0.004234 -0.016445 0.015929
v -0.004234 -0.016445 0.015929
v -0.004234 -0.016445 0.015929
v -0.004234 -0.016445 0.015929
v -0.003054 -0.015866 0.016711
v -0.003054 -0.015866 0.016711
v -0.003054 -0.015866 0.016711
v -0.003054 -0.015866 0.016711
v -0.003054 -0.015866 0.016711
v -0.003054 -0.015866 0.016711
v -0.001849 -0.015201 0.017405
v -0.001849 -0.015201 0.017405
v -0.001849 -0.015201 0.017405
v -0.001849 -0.015201 0.017405
v -0.001849 -0.015201 0.017405
v -0.001849 -0.015201 0.017405
v -0.001849 -0.015201 0.017405
v -0.00297 -0.019307 0.013632
v -0.00297 -0.019307 0.013632
v -0.00297 -0.019307 0.013632
v -0.00297 -0.019307 0.013632
v -0.00297 -0.019307 0.013632
v -0.00297 -0.019307 0.013632
v -0.001759 -0.020182 0.012642
v -0.001759 -0.020182 0.012642
v -0.001759 -0.020182 0.012642
v -0.001759 -0.020182 0.012642
v -0.001759 -0.020182 0.012642
v -0.000627 -0.019768 0.013521
v -0.000627 -0.019768 0.013521
v -0.000627 -0.019768 0.013521
v -0.000627 -0.019768 0.013521
v -0.004124 -0.012127 0.018018
v -0.004124 -0.012127 0.018018
v -0.004124 -0.012127 0.018018
v -0.004124 -0.012127 0.018018
v -0.005323 -0.012816 0.017386
v -0.005323 -0.012816 0.017386
v -0.005323 -0.012816 0.017386
v -0.005323 -0.012816 0.017386
v -0.005323 -0.012816 0.017386
v -0.005323 -0.012816 0.017386
v -0.006488 -0.013427 0.016653
v -0.006488 -0.013427 0.016653
v -0.006488 -0.013427 0.016653
v -0.006488 -0.013427 0.016653
v -0.006488 -0.013427 0.016653
v -0.006488 -0.013427 0.016653
v -0.008549 -0.010116 0.016894
v -0.008549 -0.010116 0.016894
v -0.008549 -0.010116 0.016894
v -0.008549 -0.010116 0.016894
v -0.008549 -0.010116 0.016894
v -0.008549 -0.010116 0.016894
v -0.009645 -0.010678 0.016107
v -0.009645 -0.010678 0.016107
v -0.009645 -0.010678 0.016107
v -0.009645 -0.010678 0.016107
v -0.009645 -0.010678 0.016107
v -0.009645 -0.010678 0.016107
v -0.010674 -0.01117 0.015209
v -0.010674 -0.01117 0.015209
v -0.010674 -0.01117 0.015209
v -0.010674 -0.01117 0.015209
v -0.010674 -0.01117 0.015209
v 0.001169 -0.003729 0.019648
v 0.001169 -0.003729 0.019648
v 0.001169 -0.003729 0.019648
v 0.001169 -0.003729 0.019648
v 0.001169 -0.003729 0.019648
v 0.001169 -0.003729 0.019648
v -0.001301 -0.005525 0.019443
v -0.001301 -0.005525 0.019443
v -0.001301 -0.005525 0.019443
v -0.001301 -0.005525 0.019443
v -0.001301 -0.005525 0.019443
v -0.000276 -0.007138 0.019535
v -0.000276 -0.007138 0.019535
v -0.000276 -0.007138 0.019535
v -0.000276 -0.007138 0.019535
v -0.000276 -0.007138 0.019535
v -0.000276 -0.007138 0.019535
v -0.003771 -0.007239 0.018962
v -0.003771 -0.007239 0.018962
v -0.003771 -0.007239 0.018962
v -0.003771 -0.007239 0.018962
v -0.003771 -0.007239 0.018962
v -0.003771 -0.007239 0.018962
v -0.002745 -0.008902 0.019017
v -0.002745 -0.008902 0.019017
v -0.002745 -0.008902 0.019017
v -0.002745 -0.008902 0.019017
v -0.002745 -0.008902 0.019017
v -0.002745 -0.008902 0.019017
v -0.002745 -0.008902 0.019017
v -0.001675 -0.010536 0.018978
v -0.001675 -0.010536 0.018978
v -0.001675 -0.010536 0.018978
v -0.001675 -0.010536 0.018978
v -0.001675 -0.010536 0.018978
v -0.001675 -0.010536 0.018978
v -0.002904 -0.011364 0.018549
v -0.002904 -0.011364 0.018549
v -0.002904 -0.011364 0.018549
v -0.002904 -0.011364 0.018549
v -0.002904 -0.011364 0.018549
v -0.002904 -0.011364 0.018549
v -0.001787 -0.012952 0.018355
v -0.001787 -0.012952 0.018355
v -0.001787 -0.012952 0.018355
v -0.001787 -0.012952 0.018355
v -0.001787 -0.012952 0.018355
v -0.001787 -0.012952 0.018355
v -0.003008 -0.013711 0.017788
v -0.003008 -0.013711 0.017788
v -0.003008 -0.013711 0.017788
v -0.003008 -0.013711 0.017788
v -0.003008 -0.013711 0.017788
v -0.003008 -0.013711 0.017788
v -0.004212 -0.014392 0.017124
v -0.004212 -0.014392 0.017124
v -0.004212 -0.014392 0.017124
v -0.004212 -0.014392 0.017124
v -0.004212 -0.014392 0.017124
v -0.004212 -0.014392 0.017124
v 0.008814 -0.015739 0.016735
v 0.008814 -0.015739 0.016735
v 0.008814 -0.015739 0.016735
v 0.008814 -0.015739 0.016735
v 0.008814 -0.015739 0.016735
v 0.007712 -0.014774 0.017788
v 0.007712 -0.014774 0.017788
v 0.007712 -0.014774 0.017788
v 0.007712 -0.014774 0.017788
v 0.007712 -0.014774 0.017788
v 0.007712 -0.014774 0.017788
v 0.00656 -0.013594 0.018571
v 0.00656 -0.013594 0.018571
v 0.00656 -0.013594 0.018571
v 0.00656 -0.013594 0.018571
v 0.00656 -0.013594 0.018571
v 0.00656 -0.013594 0.018571
v 0.005392 -0.012257 0.019111
v 0.005392 -0.012257 0.019111
v 0.005392 -0.012257 0.019111
v 0.005392 -0.012257 0.019111
v 0.005392 -0.012257 0.019111
v 0.005392 -0.012257 0.019111
v 0.004236 -0.010819 0.019455
v 0.004236 -0.010819 0.019455
v 0.004236 -0.010819 0.019455
v 0.004236 -0.010819 0.019455
v 0.004236 -0.010819 0.019455
v 0.004236 -0.010819 0.019455
v 0.001892 -0.010291 0.019457
v 0.001892 -0.010291 0.019457
v 0.001892 -0.010291 0.019457
v 0.001892 -0.010291 0.019457
v 0.001892 -0.010291 0.019457
v 0.001892 -0.010291 0.019457
v 0.000669 -0.011231 0.019187
v 0.000669 -0.011231 0.019187
v 0.000669 -0.011231 0.019187
v 0.000669 -0.011231 0.019187
v 0.000669 -0.011231 0.019187
v 0.000669 -0.011231 0.019187
v -0.000558 -0.012122 0.018821
v -0.000558 -0.012122 0.018821
v -0.000558 -0.012122 0.018821
v -0.000558 -0.012122 0.018821
v -0.000558 -0.012122 0.018821
v 0.008801 -0.005506 -0.019696
v 0.008801 -0.005506 -0.019696
v 0.008801 -0.005506 -0.019696
v 0.008801 -0.005506 -0.019696
v 0.008801 -0.005506 -0.019696
v 0.008801 -0.005506 -0.019696
v 0.008801 -0.005506 -0.019696
v 0.007902 -0.003877 -0.019741
v 0.007902 -0.003877 -0.019741
v 0.007902 -0.003877 -0.019741
v 0.007902 -0.003877 -0.019741
v 0.007902 -0.003877 -0.019741
v 0.007902 -0.003877 -0.019741
v 0.010689 -0.002499 -0.019494
v 0.010689 -0.002499 -0.019494
v 0.010689 -0.002499 -0.019494
v 0.010689 -0.002499 -0.019494
v 0.010689 -0.002499 -0.019494
v 0.010689 -0.002499 -0.019494
v 0.010689 -0.002499 -0.019494
v 0.01257 0.003016 -0.018542
v 0.01257 0.003016 -0.018542
v 0.01257 0.003016 -0.018542
v 0.01257 0.003016 -0.018542
v 0.01257 0.003016 -0.018542
v 0.01257 0.003016 -0.018542
v 0.013772 0.003785 -0.01808
v 0.013772 0.003785 -0.01808
v 0.013772 0.003785 -0.01808
v 0.013772 0.003785 -0.01808
v 0.013772 0.003785 -0.01808
v 0.014852 0.002136 -0.018071
v 0.014852 0.002136 -0.018071
v 0.014852 0.002136 -0.018071
v 0.014852 0.002136 -0.018071
v 0.014852 0.002136 -0.018071
v 0.014852 0.002136 -0.018071
v 0.014852 0.002136 -0.018071
v 0.014912 0.004556 -0.017515
v 0.014912 0.004556 -0.017515
v 0.014912 0.004556 -0.017515
v 0.014912 0.004556 -0.017515
v 0.014912 0.004556 -0.017515
v 0.014912 0.004556 -0.017515
v 0.014912 0.004556 -0.017515
v 0.019467 -0.003771 -0.016064
v 0.019467 -0.003771 -0.016064
v 0.019467 -0.003771 -0.016064
v 0.019467 -0.003771 -0.016064
v 0.019467 -0.003771 -0.016064
v 0.019467 -0.003771 -0.016064
v 0.020477 -0.002948 -0.015264
v 0.020477 -0.002948 -0.015264
v 0.020477 -0.002948 -0.015264
v 0.020477 -0.002948 -0.015264
v 0.020477 -0.002948 -0.015264
v 0.020477 -0.002948 -0.015264
v 0.020477 -0.002948 -0.015264
v 0.02096 -0.004522 -0.014461
v 0.02096 -0.004522 -0.014461
v 0.02096 -0.004522 -0.014461
v 0.02096 -0.004522 -0.014461
v 0.02096 -0.004522 -0.014461
v 0.02096 -0.004522 -0.014461
v 0.02096 -0.004522 -0.014461
v 0.015277 -0.008472 -0.017782
v 0.015277 -0.008472 -0.017782
v 0.015277 -0.008472 -0.017782
v 0.015277 -0.008472 -0.017782
v 0.015277 -0.008472 -0.017782
v 0.015277 -0.008472 -0.017782
v 0.013947 -0.009159 -0.018198
v 0.013947 -0.009159 -0.018198
v 0.013947 -0.009159 -0.018198
v 0.013947 -0.009159 -0.018198
v 0.013947 -0.009159 -0.018198
v 0.013947 -0.009159 -0.018198
v 0.013271 -0.007526 -0.018793
v 0.013271 -0.007526 -0.018793
v 0.013271 -0.007526 -0.018793
v 0.013271 -0.007526 -0.018793
v 0.013271 -0.007526 -0.018793
v 0.013271 -0.007526 -0.018793
v 0.01732 -0.011831 -0.013812
v 0.01732 -0.011831 -0.013812
v 0.01732 -0.011831 -0.013812
v 0.01732 -0.011831 -0.013812
v 0.01732 -0.011831 -0.013812
v 0.01373 -0.013991 -0.015374
v 0.01373 -0.013991 -0.015374
v 0.01373 -0.013991 -0.015374
v 0.01373 -0.013991 -0.015374
v 0.01373 -0.013991 -0.015374
v 0.014939 -0.014337 -0.013415
v 0.014939 -0.014337 -0.013415
v 0.014939 -0.014337 -0.013415
v 0.014939 -0.014337 -0.013415
v 0.014939 -0.014337 -0.013415
v 0.014757 -0.015207 -0.011817
v 0.014757 -0.015207 -0.011817
v 0.014757 -0.015207 -0.011817
v 0.014757 -0.015207 -0.011817
v 0.014757 -0.015207 -0.011817
v 0.014757 -0.015207 -0.011817
v 0.014757 -0.015207 -0.011817
v 0.014757 -0.015207 -0.011817
v 0.012502 -0.016362 -0.012819
v 0.012502 -0.016362 -0.012819
v 0.012502 -0.016362 -0.012819
v 0.012502 -0.016362 -0.012819
v 0.012502 -0.016362 -0.012819
v 0.012502 -0.016362 -0.012819
v 0.012502 -0.016362 -0.012819
v 0.012502 -0.016362 -0.012819
v 0.012502 -0.016362 -0.012819
v 0.017271 0.011174 -0.013197
v 0.017271 0.011174 -0.013197
v 0.017271 0.011174 -0.013197
v 0.017271 0.011174 -0.013197
v 0.016519 0.010585 -0.014271
v 0.016519 0.010585 -0.014271
v 0.016519 0.010585 -0.014271
v 0.016519 0.010585 -0.014271
v 0.016519 0.010585 -0.014271
v 0.016519 0.010585 -0.014271
v 0.019889 0.003568 -0.014832
v 0.019889 0.003568 -0.014832
v 0.019889 0.003568 -0.014832
v 0.019889 0.003568 -0.014832
v 0.019889 0.003568 -0.014832
v 0.01903 0.002808 -0.015765
v 0.01903 0.002808 -0.015765
v 0.01903 0.002808 -0.015765
v 0.01903 0.002808 -0.015765
v 0.01903 0.002808 -0.015765
v 0.01903 0.002808 -0.015765
v 0.01903 0.002808 -0.015765
v 0.01903 0.002808 -0.015765
v 0.018639 0.007458 -0.014153
v 0.018639 0.007458 -0.014153
v 0.018639 0.007458 -0.014153
v 0.018639 0.007458 -0.014153
v 0.018639 0.007458 -0.014153
v 0.018639 0.007458 -0.014153
v 0.019333 0.00809 -0.013052
v 0.019333 0.00809 -0.013052
v 0.019333 0.00809 -0.013052
v 0.019333 0.00809 -0.013052
v 0.019333 0.00809 -0.013052
v 0.019333 0.00809 -0.013052
v 0.019333 0.00809 -0.013052
v 0.019333 0.00809 -0.013052
v 0.019928 0.008669 -0.011862
v 0.019928 0.008669 -0.011862
v 0.019928 0.008669 -0.011862
v 0.019928 0.008669 -0.011862
v 0.019928 0.008669 -0.011862
v 0.019928 0.008669 -0.011862
v 0.015674 0.009943 -0.015238
v 0.015674 0.009943 -0.015238
v 0.015674 0.009943 -0.015238
v 0.015674 0.009943 -0.015238
v 0.015674 0.009943 -0.015238
v 0.015674 0.009943 -0.015238
v 0.014742 0.009255 -0.016085
v 0.014742 0.009255 -0.016085
v 0.014742 0.009255 -0.016085
v 0.014742 0.009255 -0.016085
v 0.014742 0.009255 -0.016085
v 0.014742 0.009255 -0.016085
v 0.013731 0.008527 -0.016807
v 0.013731 0.008527 -0.016807
v 0.013731 0.008527 -0.016807
v 0.013731 0.008527 -0.016807
v 0.013731 0.008527 -0.016807
v 0.013731 0.008527 -0.016807
v 0.012651 0.00777 -0.017404
v 0.012651 0.00777 -0.017404
v 0.012651 0.00777 -0.017404
v 0.012651 0.00777 -0.017404
v 0.012651 0.00777 -0.017404
v 0.012651 0.00777 -0.017404
v 0.011515 0.006998 -0.017888
v 0.011515 0.006998 -0.017888
v 0.011515 0.006998 -0.017888
v 0.011515 0.006998 -0.017888
v 0.011515 0.006998 -0.017888
v 0.011515 0.006998 -0.017888
v 0.010337 0.006226 -0.01828
v 0.010337 0.006226 -0.01828
v 0.010337 0.006226 -0.01828
v 0.010337 0.006226 -0.01828
v 0.010337 0.006226 -0.01828
v 0.010337 0.006226 -0.01828
v 0.009122 0.00546 -0.018595
v 0.009122 0.00546 -0.018595
v 0.009122 0.00546 -0.018595
v 0.009122 0.00546 -0.018595
v 0.009122 0.00546 -0.018595
v 0.006612 0.003944 -0.019021
v 0.006612 0.003944 -0.019021
v 0.006612 0.003944 -0.019021
v 0.006612 0.003944 -0.019021
v 0.006612 0.003944 -0.019021
v 0.006612 0.003944 -0.019021
v 0.004038 0.002445 -0.01922
v 0.004038 0.002445 -0.01922
v 0.004038 0.002445 -0.01922
v 0.004038 0.002445 -0.01922
v 0.004038 0.002445 -0.01922
v 0.004038 0.002445 -0.01922
v 0.004038 0.002445 -0.01922
v 0.001363 0.001338 -0.01921
v 0.001363 0.001338 -0.01921
v 0.001363 0.001338 -0.01921
v 0.001363 0.001338 -0.01921
v 0.001363 0.001338 -0.01921
v 0.001363 0.001338 -0.01921
v 0.001363 0.001338 -0.01921
v 0.008144 -0.009438 -0.019426
v 0.008144 -0.009438 -0.019426
v 0.008144 -0.009438 -0.019426
v 0.008144 -0.009438 -0.019426
v 0.008144 -0.009438 -0.019426
v 0.008144 -0.009438 -0.019426
v 0.008144 -0.009438 -0.019426
v 0.008144 -0.009438 -0.019426
v 0.009765 -0.011011 -0.018886
v 0.009765 -0.011011 -0.018886
v 0.009765 -0.011011 -0.018886
v 0.009765 -0.011011 -0.018886
v 0.009765 -0.011011 -0.018886
v 0.009765 -0.011011 -0.018886
v 0.009765 -0.011011 -0.018886
v 0.009765 -0.011011 -0.018886
v 0.00894 -0.010704 -0.019098
v 0.00894 -0.010704 -0.019098
v 0.00894 -0.010704 -0.019098
v 0.00894 -0.010704 -0.019098
v 0.009263 -0.011216 -0.01892
v 0.009263 -0.011216 -0.01892
v 0.009263 -0.011216 -0.01892
v 0.009263 -0.011216 -0.01892
v 0.010377 -0.012543 -0.018211
v 0.010377 -0.012543 -0.018211
v 0.010377 -0.012543 -0.018211
v 0.010206 -0.012714 -0.018184
v 0.010206 -0.012714 -0.018184
v 0.010206 -0.012714 -0.018184
v 0.010206 -0.012714 -0.018184
v 0.010206 -0.012714 -0.018184
v 0.009623 -0.011788 -0.018681
v 0.009623 -0.011788 -0.018681
v 0.009623 -0.011788 -0.018681
v 0.009623 -0.011788 -0.018681
v 0.009623 -0.011788 -0.018681
v 0.012203 -0.013384 -0.017019
v 0.012203 -0.013384 -0.017019
v 0.012203 -0.013384 -0.017019
v 0.012203 -0.013384 -0.017019
v 0.012203 -0.013384 -0.017019
v 0.012203 -0.013384 -0.017019
v 0.012203 -0.013384 -0.017019
v 0.010957 -0.013907 -0.017252
v 0.010957 -0.013907 -0.017252
v 0.010957 -0.013907 -0.017252
v 0.010957 -0.013907 -0.017252
v 0.010702 -0.013502 -0.017615
v 0.010702 -0.013502 -0.017615
v 0.010702 -0.013502 -0.017615
v 0.010702 -0.013502 -0.017615
v 0.010702 -0.013502 -0.017615
v 0.010702 -0.013502 -0.017615
v 0.010702 -0.013502 -0.017615
v 0.011773 -0.011968 -0.018017
v 0.011773 -0.011968 -0.018017
v 0.011773 -0.011968 -0.018017
v 0.011773 -0.011968 -0.018017
v 0.011773 -0.011968 -0.018017
v 0.011773 -0.011968 -0.018017
v 0.011773 -0.011968 -0.018017
v 0.011157 -0.014224 -0.016925
v 0.011157 -0.014224 -0.016925
v 0.011157 -0.014224 -0.016925
v 0.011157 -0.014224 -0.016925
v 0.011157 -0.014224 -0.016925
v 0.011157 -0.014224 -0.016925
v 0.012437 -0.014617 -0.015756
v 0.012437 -0.014617 -0.015756
v 0.012437 -0.014617 -0.015756
v 0.012437 -0.014617 -0.015756
v 0.012437 -0.014617 -0.015756
v 0.012437 -0.014617 -0.015756
v 0.012437 -0.014617 -0.015756
v 0.012437 -0.014617 -0.015756
v 0.012437 -0.014617 -0.015756
v 0.011578 -0.014892 -0.016074
v 0.011578 -0.014892 -0.016074
v 0.011578 -0.014892 -0.016074
v 0.011578 -0.014892 -0.016074
v 0.013728 -0.015014 -0.013884
v 0.013728 -0.015014 -0.013884
v 0.013728 -0.015014 -0.013884
v 0.013728 -0.015014 -0.013884
v 0.013728 -0.015014 -0.013884
v 0.013728 -0.015014 -0.013884
v 0.012471 -0.015645 -0.014294
v 0.012471 -0.015645 -0.014294
v 0.012471 -0.015645 -0.014294
v 0.012471 -0.015645 -0.014294
v 0.012471 -0.015645 -0.014294
v 0.012212 -0.015901 -0.014137
v 0.012212 -0.015901 -0.014137
v 0.012212 -0.015901 -0.014137
v 0.012212 -0.015901 -0.014137
v 0.012212 -0.015901 -0.014137
v 0.011916 -0.01543 -0.015167
v 0.011916 -0.01543 -0.015167
v 0.011916 -0.01543 -0.015167
v 0.011916 -0.01543 -0.015167
v 0.011916 -0.01543 -0.015167
v 0.016067 -0.011386 -0.015751
v 0.016067 -0.011386 -0.015751
v 0.016067 -0.011386 -0.015751
v 0.016067 -0.011386 -0.015751
v 0.016067 -0.011386 -0.015751
v 0.016067 -0.011386 -0.015751
v 0.016067 -0.011386 -0.015751
v 0.014826 -0.012101 -0.016257
v 0.014826 -0.012101 -0.016257
v 0.014826 -0.012101 -0.016257
v 0.014826 -0.012101 -0.016257
v 0.014826 -0.012101 -0.016257
v 0.014826 -0.012101 -0.016257
v 0.020441 -0.008189 -0.0131
v 0.020441 -0.008189 -0.0131
v 0.020441 -0.008189 -0.0131
v 0.020441 -0.008189 -0.0131
v 0.01944 -0.010228 -0.012495
v 0.01944 -0.010228 -0.012495
v 0.01944 -0.010228 -0.012495
v 0.01944 -0.010228 -0.012495
v 0.01944 -0.010228 -0.012495
v 0.01944 -0.010228 -0.012495
v 0.01944 -0.010228 -0.012495
v 0.01944 -0.010228 -0.012495
v 0.01944 -0.010228 -0.012495
v 0.019281 -0.011291 -0.01103
v 0.019281 -0.011291 -0.01103
v 0.019281 -0.011291 -0.01103
v 0.019281 -0.011291 -0.01103
v 0.019281 -0.011291 -0.01103
v 0.019448 -0.009021 -0.013844
v 0.019448 -0.009021 -0.013844
v 0.019448 -0.009021 -0.013844
v 0.019448 -0.009021 -0.013844
v 0.019448 -0.009021 -0.013844
v 0.019448 -0.009021 -0.013844
v 0.018384 -0.009836 -0.014536
v 0.018384 -0.009836 -0.014536
v 0.018384 -0.009836 -0.014536
v 0.018384 -0.009836 -0.014536
v 0.018384 -0.009836 -0.014536
v 0.017769 -0.006974 -0.016682
v 0.017769 -0.006974 -0.016682
v 0.017769 -0.006974 -0.016682
v 0.017769 -0.006974 -0.016682
v 0.017769 -0.006974 -0.016682
v 0.017769 -0.006974 -0.016682
v 0.017769 -0.006974 -0.016682
v 0.022891 -0.004318 -0.011642
v 0.022891 -0.004318 -0.011642
v 0.022891 -0.004318 -0.011642
v 0.022891 -0.004318 -0.011642
v 0.022891 -0.004318 -0.011642
v 0.022891 -0.004318 -0.011642
v 0.022891 -0.004318 -0.011642
v 0.022645 -0.002853 -0.012623
v 0.022645 -0.002853 -0.012623
v 0.022645 -0.002853 -0.012623
v 0.022645 -0.002853 -0.012623
v 0.022645 -0.002853 -0.012623
v 0.022645 -0.002853 -0.012623
v 0.022645 -0.002853 -0.012623
v 0.023341 -0.002033 -0.011595
v 0.023341 -0.002033 -0.011595
v 0.023341 -0.002033 -0.011595
v 0.023341 -0.002033 -0.011595
v 0.022207 -0.001298 -0.013429
v 0.022207 -0.001298 -0.013429
v 0.022207 -0.001298 -0.013429
v 0.022207 -0.001298 -0.013429
v 0.021393 -0.00212 -0.014386
v 0.021393 -0.00212 -0.014386
v 0.021393 -0.00212 -0.014386
v 0.021393 -0.00212 -0.014386
v 0.021393 -0.00212 -0.014386
v 0.021393 -0.00212 -0.014386
v 0.021393 -0.00212 -0.014386
v 0.019002 0.00036 -0.016312
v 0.019002 0.00036 -0.016312
v 0.019002 0.00036 -0.016312
v 0.019002 0.00036 -0.016312
v 0.019002 0.00036 -0.016312
v 0.019002 0.00036 -0.016312
v 0.019002 0.00036 -0.016312
v 0.019951 0.001158 -0.015459
v 0.019951 0.001158 -0.015459
v 0.019951 0.001158 -0.015459
v 0.019951 0.001158 -0.015459
v 0.019951 0.001158 -0.015459
v 0.020796 0.001942 -0.014514
v 0.020796 0.001942 -0.014514
v 0.020796 0.001942 -0.014514
v 0.020796 0.001942 -0.014514
v 0.020796 0.001942 -0.014514
v 0.020796 0.001942 -0.014514
v 0.021534 0.002699 -0.01348
v 0.021534 0.002699 -0.01348
v 0.021534 0.002699 -0.01348
v 0.021534 0.002699 -0.01348
v 0.021534 0.002699 -0.01348
v 0.021534 0.002699 -0.01348
v 0.022165 0.003417 -0.012359
v 0.022165 0.003417 -0.012359
v 0.022165 0.003417 -0.012359
v 0.022165 0.003417 -0.012359
v 0.022165 0.003417 -0.012359
v 0.022165 0.003417 -0.012359
v 0.022689 0.00409 -0.011156
v 0.022689 0.00409 -0.011156
v 0.022689 0.00409 -0.011156
v 0.022689 0.00409 -0.011156
v 0.022689 0.00409 -0.011156
v 0.021836 0.005623 -0.011485
v 0.021836 0.005623 -0.011485
v 0.021836 0.005623 -0.011485
v 0.021836 0.005623 -0.011485
v 0.021836 0.005623 -0.011485
v 0.021836 0.005623 -0.011485
v 0.021292 0.004985 -0.012688
v 0.021292 0.004985 -0.012688
v 0.021292 0.004985 -0.012688
v 0.021292 0.004985 -0.012688
v 0.021292 0.004985 -0.012688
v 0.020643 0.004297 -0.013805
v 0.020643 0.004297 -0.013805
v 0.020643 0.004297 -0.013805
v 0.020643 0.004297 -0.013805
v 0.020643 0.004297 -0.013805
v 0.020643 0.004297 -0.013805
v 0.020643 0.004297 -0.013805
v 0.020643 0.004297 -0.013805
v 0.003306 -0.00175 -0.019596
v 0.003306 -0.00175 -0.019596
v 0.003306 -0.00175 -0.019596
v 0.003306 -0.00175 -0.019596
v 0.003306 -0.00175 -0.019596
v 0.003306 -0.00175 -0.019596
v 0.004834 -0.004179 -0.019763
v 0.004834 -0.004179 -0.019763
v 0.004834 -0.004179 -0.019763
v 0.004834 -0.004179 -0.019763
v 0.004834 -0.004179 -0.019763
v 0.004834 -0.004179 -0.019763
v 0.0061 -0.006191 -0.019776
v 0.0061 -0.006191 -0.019776
v 0.0061 -0.006191 -0.019776
v 0.0061 -0.006191 -0.019776
v 0.0061 -0.006191 -0.019776
v 0.0061 -0.006191 -0.019776
v 0.009658 -0.007151 -0.019539
v 0.009658 -0.007151 -0.019539
v 0.009658 -0.007151 -0.019539
v 0.009658 -0.007151 -0.019539
v 0.009658 -0.007151 -0.019539
v 0.009658 -0.007151 -0.019539
v 0.007199 -0.007937 -0.019659
v 0.007199 -0.007937 -0.019659
v 0.007199 -0.007937 -0.019659
v 0.007199 -0.007937 -0.019659
v 0.007199 -0.007937 -0.019659
v 0.007199 -0.007937 -0.019659
v 0.010461 -0.0088 -0.019234
v 0.010461 -0.0088 -0.019234
v 0.010461 -0.0088 -0.019234
v 0.010461 -0.0088 -0.019234
v 0.010461 -0.0088 -0.019234
v 0.010461 -0.0088 -0.019234
v 0.011179 -0.010421 -0.018743
v 0.011179 -0.010421 -0.018743
v 0.011179 -0.010421 -0.018743
v 0.011179 -0.010421 -0.018743
v 0.011179 -0.010421 -0.018743
v 0.011179 -0.010421 -0.018743
v 0.012486 -0.005852 -0.019182
v 0.012486 -0.005852 -0.019182
v 0.012486 -0.005852 -0.019182
v 0.012486 -0.005852 -0.019182
v 0.012486 -0.005852 -0.019182
v 0.013861 -0.005166 -0.018871
v 0.013861 -0.005166 -0.018871
v 0.013861 -0.005166 -0.018871
v 0.013861 -0.005166 -0.018871
v 0.013861 -0.005166 -0.018871
v 0.013861 -0.005166 -0.018871
v 0.014631 -0.006844 -0.018433
v 0.014631 -0.006844 -0.018433
v 0.014631 -0.006844 -0.018433
v 0.014631 -0.006844 -0.018433
v 0.014631 -0.006844 -0.018433
v 0.014631 -0.006844 -0.018433
v 0.015942 -0.006125 -0.017976
v 0.015942 -0.006125 -0.017976
v 0.015942 -0.006125 -0.017976
v 0.015942 -0.006125 -0.017976
v 0.015942 -0.006125 -0.017976
v 0.015942 -0.006125 -0.017976
v 0.016554 -0.007742 -0.017274
v 0.016554 -0.007742 -0.017274
v 0.016554 -0.007742 -0.017274
v 0.016554 -0.007742 -0.017274
v 0.016554 -0.007742 -0.017274
v 0.016554 -0.007742 -0.017274
v 0.014476 -0.010702 -0.017358
v 0.014476 -0.010702 -0.017358
v 0.014476 -0.010702 -0.017358
v 0.014476 -0.010702 -0.017358
v 0.014476 -0.010702 -0.017358
v 0.014476 -0.010702 -0.017358
v 0.015764 -0.010001 -0.01689
v 0.015764 -0.010001 -0.01689
v 0.015764 -0.010001 -0.01689
v 0.015764 -0.010001 -0.01689
v 0.015764 -0.010001 -0.01689
v 0.015764 -0.010001 -0.01689
v 0.016999 -0.009257 -0.016339
v 0.016999 -0.009257 -0.016339
v 0.016999 -0.009257 -0.016339
v 0.016999 -0.009257 -0.016339
v 0.016999 -0.009257 -0.016339
v 0.015191 -0.004449 -0.018463
v 0.015191 -0.004449 -0.018463
v 0.015191 -0.004449 -0.018463
v 0.015191 -0.004449 -0.018463
v 0.015191 -0.004449 -0.018463
v 0.015191 -0.004449 -0.018463
v 0.016462 -0.0037 -0.017955
v 0.016462 -0.0037 -0.017955
v 0.016462 -0.0037 -0.017955
v 0.016462 -0.0037 -0.017955
v 0.016462 -0.0037 -0.017955
v 0.016462 -0.0037 -0.017955
v 0.017192 -0.005368 -0.017425
v 0.017192 -0.005368 -0.017425
v 0.017192 -0.005368 -0.017425
v 0.017192 -0.005368 -0.017425
v 0.017192 -0.005368 -0.017425
v 0.017192 -0.005368 -0.017425
v 0.018369 -0.00458 -0.016785
v 0.018369 -0.00458 -0.016785
v 0.018369 -0.00458 -0.016785
v 0.018369 -0.00458 -0.016785
v 0.018369 -0.00458 -0.016785
v 0.018369 -0.00458 -0.016785
v 0.018913 -0.006173 -0.016012
v 0.018913 -0.006173 -0.016012
v 0.018913 -0.006173 -0.016012
v 0.018913 -0.006173 -0.016012
v 0.018913 -0.006173 -0.016012
v 0.019978 -0.005354 -0.015272
v 0.019978 -0.005354 -0.015272
v 0.019978 -0.005354 -0.015272
v 0.019978 -0.005354 -0.015272
v 0.019978 -0.005354 -0.015272
v 0.019978 -0.005354 -0.015272
v 0.019978 -0.005354 -0.015272
v 0.017255 -0.010628 -0.015174
v 0.017255 -0.010628 -0.015174
v 0.017255 -0.010628 -0.015174
v 0.017255 -0.010628 -0.015174
v 0.017255 -0.010628 -0.015174
v 0.017255 -0.010628 -0.015174
v 0.017255 -0.010628 -0.015174
v 0.017255 -0.010628 -0.015174
v 0.019816 -0.001308 -0.015876
v 0.019816 -0.001308 -0.015876
v 0.019816 -0.001308 -0.015876
v 0.019816 -0.001308 -0.015876
v 0.019816 -0.001308 -0.015876
v 0.019816 -0.001308 -0.015876
v 0.018784 -0.002121 -0.016658
v 0.018784 -0.002121 -0.016658
v 0.018784 -0.002121 -0.016658
v 0.018784 -0.002121 -0.016658
v 0.018784 -0.002121 -0.016658
v 0.018784 -0.002121 -0.016658
v 0.017663 -0.002921 -0.017352
v 0.017663 -0.002921 -0.017352
v 0.017663 -0.002921 -0.017352
v 0.017663 -0.002921 -0.017352
v 0.017663 -0.002921 -0.017352
v 0.017663 -0.002921 -0.017352
v 0.017663 -0.002921 -0.017352
v 0.02185 -0.003686 -0.013579
v 0.02185 -0.003686 -0.013579
v 0.02185 -0.003686 -0.013579
v 0.02185 -0.003686 -0.013579
v 0.02185 -0.003686 -0.013579
v 0.02185 -0.003686 -0.013579
v 0.022116 -0.005156 -0.012589
v 0.022116 -0.005156 -0.012589
v 0.022116 -0.005156 -0.012589
v 0.022116 -0.005156 -0.012589
v 0.022116 -0.005156 -0.012589
v 0.021252 -0.005998 -0.013467
v 0.021252 -0.005998 -0.013467
v 0.021252 -0.005998 -0.013467
v 0.021252 -0.005998 -0.013467
v 0.015875 0.00046 -0.017965
v 0.015875 0.00046 -0.017965
v 0.015875 0.00046 -0.017965
v 0.015875 0.00046 -0.017965
v 0.017016 0.001243 -0.017333
v 0.017016 0.001243 -0.017333
v 0.017016 0.001243 -0.017333
v 0.017016 0.001243 -0.017333
v 0.017016 0.001243 -0.017333
v 0.017016 0.001243 -0.017333
v 0.01807 0.002029 -0.016599
v 0.01807 0.002029 -0.016599
v 0.01807 0.002029 -0.016599
v 0.01807 0.002029 -0.016599
v 0.01807 0.002029 -0.016599
v 0.01807 0.002029 -0.016599
v 0.015977 0.00532 -0.016841
v 0.015977 0.00532 -0.016841
v 0.015977 0.00532 -0.016841
v 0.015977 0.00532 -0.016841
v 0.015977 0.00532 -0.016841
v 0.015977 0.00532 -0.016841
v 0.016957 0.006065 -0.016053
v 0.016957 0.006065 -0.016053
v 0.016957 0.006065 -0.016053
v 0.016957 0.006065 -0.016053
v 0.016957 0.006065 -0.016053
v 0.016957 0.006065 -0.016053
v 0.017846 0.00678 -0.015156
v 0.017846 0.00678 -0.015156
v 0.017846 0.00678 -0.015156
v 0.017846 0.00678 -0.015156
v 0.017846 0.00678 -0.015156
v 0.006014 -0.000679 -0.019595
v 0.006014 -0.000679 -0.019595
v 0.006014 -0.000679 -0.019595
v 0.006014 -0.000679 -0.019595
v 0.006014 -0.000679 -0.019595
v 0.006014 -0.000679 -0.019595
v 0.008702 0.000771 -0.01939
v 0.008702 0.000771 -0.01939
v 0.008702 0.000771 -0.01939
v 0.008702 0.000771 -0.01939
v 0.008702 0.000771 -0.01939
v 0.009713 -0.000851 -0.019482
v 0.009713 -0.000851 -0.019482
v 0.009713 -0.000851 -0.019482
v 0.009713 -0.000851 -0.019482
v 0.009713 -0.000851 -0.019482
v 0.009713 -0.000851 -0.019482
v 0.011316 0.002256 -0.018909
v 0.011316 0.002256 -0.018909
v 0.011316 0.002256 -0.018909
v 0.011316 0.002256 -0.018909
v 0.011316 0.002256 -0.018909
v 0.011316 0.002256 -0.018909
v 0.012372 0.000612 -0.018964
v 0.012372 0.000612 -0.018964
v 0.012372 0.000612 -0.018964
v 0.012372 0.000612 -0.018964
v 0.012372 0.000612 -0.018964
v 0.012372 0.000612 -0.018964
v 0.012372 0.000612 -0.018964
v 0.013382 -0.00106 -0.018925
v 0.013382 -0.00106 -0.018925
v 0.013382 -0.00106 -0.018925
v 0.013382 -0.00106 -0.018925
v 0.013382 -0.00106 -0.018925
v 0.013382 -0.00106 -0.018925
v 0.01466 -0.000309 -0.018496
v 0.01466 -0.000309 -0.018496
v 0.01466 -0.000309 -0.018496
v 0.01466 -0.000309 -0.018496
v 0.01466 -0.000309 -0.018496
v 0.01466 -0.000309 -0.018496
v 0.015609 -0.002004 -0.018301
v 0.015609 -0.002004 -0.018301
v 0.015609 -0.002004 -0.018301
v 0.015609 -0.002004 -0.018301
v 0.015609 -0.002004 -0.018301
v 0.015609 -0.002004 -0.018301
v 0.016821 -0.001231 -0.017735
v 0.016821 -0.001231 -0.017735
v 0.016821 -0.001231 -0.017735
v 0.016821 -0.001231 -0.017735
v 0.016821 -0.001231 -0.017735
v 0.016821 -0.001231 -0.017735
v 0.017956 -0.000441 -0.017071
v 0.017956 -0.000441 -0.017071
v 0.017956 -0.000441 -0.017071
v 0.017956 -0.000441 -0.017071
v 0.017956 -0.000441 -0.017071
v 0.017956 -0.000441 -0.017071
v 0.013536 -0.012768 -0.016681
v 0.013536 -0.012768 -0.016681
v 0.013536 -0.012768 -0.016681
v 0.013536 -0.012768 -0.016681
v 0.013536 -0.012768 -0.016681
v 0.013143 -0.011356 -0.017735
v 0.013143 -0.011356 -0.017735
v 0.013143 -0.011356 -0.017735
v 0.013143 -0.011356 -0.017735
v 0.013143 -0.011356 -0.017735
v 0.013143 -0.011356 -0.017735
v 0.012577 -0.009807 -0.018517
v 0.012577 -0.009807 -0.018517
v 0.012577 -0.009807 -0.018517
v 0.012577 -0.009807 -0.018517
v 0.012577 -0.009807 -0.018517
v 0.012577 -0.009807 -0.018517
v 0.011877 -0.008175 -0.019058
v 0.011877 -0.008175 -0.019058
v 0.011877 -0.008175 -0.019058
v 0.011877 -0.008175 -0.019058
v 0.011877 -0.008175 -0.019058
v 0.011877 -0.008175 -0.019058
v 0.01108 -0.006511 -0.019402
v 0.01108 -0.006511 -0.019402
v 0.01108 -0.006511 -0.019402
v 0.01108 -0.006511 -0.019402
v 0.01108 -0.006511 -0.019402
v 0.01108 -0.006511 -0.019402
v 0.011619 -0.00417 -0.019404
v 0.011619 -0.00417 -0.019404
v 0.011619 -0.00417 -0.019404
v 0.011619 -0.00417 -0.019404
v 0.011619 -0.00417 -0.019404
v 0.011619 -0.00417 -0.019404
v 0.012994 -0.003474 -0.019134
v 0.012994 -0.003474 -0.019134
v 0.012994 -0.003474 -0.019134
v 0.012994 -0.003474 -0.019134
v 0.012994 -0.003474 -0.019134
v 0.012994 -0.003474 -0.019134
v 0.014329 -0.002752 -0.018768
v 0.014329 -0.002752 -0.018768
v 0.014329 -0.002752 -0.018768
v 0.014329 -0.002752 -0.018768
v 0.014329 -0.002752 -0.018768
v -0.004998 -0.008041 -0.018542
v -0.004998 -0.008041 -0.018542
v -0.004998 -0.008041 -0.018542
v -0.004998 -0.008041 -0.018542
v -0.004998 -0.008041 -0.018542
v -0.004998 -0.008041 -0.018542
v -0.003771 -0.007239 -0.018909
v -0.003771 -0.007239 -0.018909
v -0.003771 -0.007239 -0.018909
v -0.003771 -0.007239 -0.018909
v -0.003771 -0.007239 -0.018909
v -0.003771 -0.007239 -0.018909
v -0.001675 -0.010536 -0.018925
v -0.001675 -0.010536 -0.018925
v -0.001675 -0.010536 -0.018925
v -0.001675 -0.010536 -0.018925
v -0.001675 -0.010536 -0.018925
v -0.001675 -0.010536 -0.018925
v 0.008814 -0.015739 -0.016681
v 0.008814 -0.015739 -0.016681
v 0.008814 -0.015739 -0.016681
v 0.008814 -0.015739 -0.016681
v 0.008814 -0.015739 -0.016681
v 0.008814 -0.015739 -0.016681
v 0.008814 -0.015739 -0.016681
v 0.007656 -0.016614 -0.016257
v 0.007656 -0.016614 -0.016257
v 0.007656 -0.016614 -0.016257
v 0.007656 -0.016614 -0.016257
v 0.007656 -0.016614 -0.016257
v 0.006545 -0.015693 -0.017358
v 0.006545 -0.015693 -0.017358
v 0.006545 -0.015693 -0.017358
v 0.006545 -0.015693 -0.017358
v 0.006545 -0.015693 -0.017358
v 0.006545 -0.015693 -0.017358
v 0.005357 -0.016552 -0.01689
v 0.005357 -0.016552 -0.01689
v 0.005357 -0.016552 -0.01689
v 0.005357 -0.016552 -0.01689
v 0.005357 -0.016552 -0.01689
v 0.005357 -0.016552 -0.01689
v -0.001863 -0.017195 -0.016064
v -0.001863 -0.017195 -0.016064
v -0.001863 -0.017195 -0.016064
v -0.001863 -0.017195 -0.016064
v -0.001863 -0.017195 -0.016064
v -0.001863 -0.017195 -0.016064
v -0.003042 -0.01775 -0.015264
v -0.003042 -0.01775 -0.015264
v -0.003042 -0.01775 -0.015264
v -0.003042 -0.01775 -0.015264
v -0.003042 -0.01775 -0.015264
v -0.003042 -0.01775 -0.015264
v -0.003042 -0.01775 -0.015264
v -0.003042 -0.01775 -0.015264
v -0.004234 -0.016445 -0.015876
v -0.004234 -0.016445 -0.015876
v -0.004234 -0.016445 -0.015876
v -0.004234 -0.016445 -0.015876
v -0.004234 -0.016445 -0.015876
v -0.004234 -0.016445 -0.015876
v -0.004234 -0.016445 -0.015876
v -0.008662 -0.014401 -0.014832
v -0.008662 -0.014401 -0.014832
v -0.008662 -0.014401 -0.014832
v -0.008662 -0.014401 -0.014832
v -0.008662 -0.014401 -0.014832
v -0.009645 -0.014765 -0.013805
v -0.009645 -0.014765 -0.013805
v -0.009645 -0.014765 -0.013805
v -0.009645 -0.014765 -0.013805
v -0.009645 -0.014765 -0.013805
v -0.009645 -0.014765 -0.013805
v -0.013278 -0.01223 -0.011862
v -0.013278 -0.01223 -0.011862
v -0.013278 -0.01223 -0.011862
v -0.013278 -0.01223 -0.011862
v -0.013278 -0.01223 -0.011862
v -0.013278 -0.01223 -0.011862
v -0.015151 -0.00911 -0.012028
v -0.015151 -0.00911 -0.012028
v -0.015151 -0.00911 -0.012028
v -0.015151 -0.00911 -0.012028
v -0.015151 -0.00911 -0.012028
v -0.015151 -0.00911 -0.012028
v -0.015151 -0.00911 -0.012028
v -0.015151 -0.00911 -0.012028
v -0.012586 -0.007843 -0.015238
v -0.012586 -0.007843 -0.015238
v -0.012586 -0.007843 -0.015238
v -0.012586 -0.007843 -0.015238
v -0.012586 -0.007843 -0.015238
v -0.012586 -0.007843 -0.015238
v -0.01353 -0.008327 -0.014271
v -0.01353 -0.008327 -0.014271
v -0.01353 -0.008327 -0.014271
v -0.01353 -0.008327 -0.014271
v -0.01353 -0.008327 -0.014271
v -0.01353 -0.008327 -0.014271
v -0.008132 -0.005368 -0.017888
v -0.008132 -0.005368 -0.017888
v -0.008132 -0.005368 -0.017888
v -0.008132 -0.005368 -0.017888
v -0.008132 -0.005368 -0.017888
v -0.00932 -0.006058 -0.017404
v -0.00932 -0.006058 -0.017404
v -0.00932 -0.006058 -0.017404
v -0.00932 -0.006058 -0.017404
v -0.00932 -0.006058 -0.017404
v -0.00932 -0.006058 -0.017404
v 0.003235 -0.006814 -0.019741
v 0.003235 -0.006814 -0.019741
v 0.003235 -0.006814 -0.019741
v 0.003235 -0.006814 -0.019741
v 0.003235 -0.006814 -0.019741
v 0.003235 -0.006814 -0.019741
v 0.001169 -0.003729 -0.019595
v 0.001169 -0.003729 -0.019595
v 0.001169 -0.003729 -0.019595
v 0.001169 -0.003729 -0.019595
v 0.001169 -0.003729 -0.019595
v 0.001169 -0.003729 -0.019595
v 0.010486 -0.017895 -0.011817
v 0.010486 -0.017895 -0.011817
v 0.010486 -0.017895 -0.011817
v 0.010486 -0.017895 -0.011817
v 0.010486 -0.017895 -0.011817
v 0.010486 -0.017895 -0.011817
v 0.009623 -0.017683 -0.013415
v 0.009623 -0.017683 -0.013415
v 0.009623 -0.017683 -0.013415
v 0.009623 -0.017683 -0.013415
v 0.010757 -0.016884 -0.013884
v 0.010757 -0.016884 -0.013884
v 0.010757 -0.016884 -0.013884
v 0.010757 -0.016884 -0.013884
v 0.010757 -0.016884 -0.013884
v 0.010757 -0.016884 -0.013884
v 0.010757 -0.016884 -0.013884
v 0.010957 -0.015548 -0.015756
v 0.010957 -0.015548 -0.015756
v 0.010957 -0.015548 -0.015756
v 0.010957 -0.015548 -0.015756
v 0.010957 -0.015548 -0.015756
v 0.010957 -0.015548 -0.015756
v 0.01187 -0.016023 -0.014294
v 0.01187 -0.016023 -0.014294
v 0.01187 -0.016023 -0.014294
v 0.01187 -0.016023 -0.014294
v 0.01187 -0.016023 -0.014294
v 0.01187 -0.016023 -0.014294
v 0.008862 -0.011579 -0.018886
v 0.008862 -0.011579 -0.018886
v 0.008862 -0.011579 -0.018886
v 0.008862 -0.011579 -0.018886
v 0.008862 -0.011579 -0.018886
v 0.008862 -0.011579 -0.018886
v 0.008862 -0.011579 -0.018886
v 0.009978 -0.012794 -0.018211
v 0.009978 -0.012794 -0.018211
v 0.009978 -0.012794 -0.018211
v 0.009978 -0.012794 -0.018211
v 0.009978 -0.012794 -0.018211
v 0.009978 -0.012794 -0.018211
v -0.006927 -0.004639 -0.01828
v -0.006927 -0.004639 -0.01828
v -0.006927 -0.004639 -0.01828
v -0.006927 -0.004639 -0.01828
v -0.006927 -0.004639 -0.01828
v -0.006927 -0.004639 -0.01828
v -0.00571 -0.003875 -0.018595
v -0.00571 -0.003875 -0.018595
v -0.00571 -0.003875 -0.018595
v -0.00571 -0.003875 -0.018595
v -0.00571 -0.003875 -0.018595
v -0.00571 -0.003875 -0.018595
v -0.003258 -0.002267 -0.019021
v -0.003258 -0.002267 -0.019021
v -0.003258 -0.002267 -0.019021
v -0.003258 -0.002267 -0.019021
v -0.003258 -0.002267 -0.019021
v -0.003258 -0.002267 -0.019021
v -0.000793 -0.000596 -0.01922
v -0.000793 -0.000596 -0.01922
v -0.000793 -0.000596 -0.01922
v -0.000793 -0.000596 -0.01922
v -0.000793 -0.000596 -0.01922
v -0.000793 -0.000596 -0.01922
v -0.01047 -0.006704 -0.016807
v -0.01047 -0.006704 -0.016807
v -0.01047 -0.006704 -0.016807
v -0.01047 -0.006704 -0.016807
v -0.01047 -0.006704 -0.016807
v -0.01047 -0.006704 -0.016807
v -0.014387 -0.008751 -0.013197
v -0.014387 -0.008751 -0.013197
v -0.014387 -0.008751 -0.013197
v -0.014387 -0.008751 -0.013197
v -0.014387 -0.008751 -0.013197
v -0.014387 -0.008751 -0.013197
v -0.012498 -0.011944 -0.013052
v -0.012498 -0.011944 -0.013052
v -0.012498 -0.011944 -0.013052
v -0.012498 -0.011944 -0.013052
v -0.012498 -0.011944 -0.013052
v -0.012498 -0.011944 -0.013052
v -0.011628 -0.011591 -0.014153
v -0.011628 -0.011591 -0.014153
v -0.011628 -0.011591 -0.014153
v -0.011628 -0.011591 -0.014153
v -0.011628 -0.011591 -0.014153
v -0.010674 -0.01117 -0.015156
v -0.010674 -0.01117 -0.015156
v -0.010674 -0.01117 -0.015156
v -0.010674 -0.01117 -0.015156
v -0.010674 -0.01117 -0.015156
v -0.010674 -0.01117 -0.015156
v -0.010674 -0.01117 -0.015156
v -0.009645 -0.010678 -0.016053
v -0.009645 -0.010678 -0.016053
v -0.009645 -0.010678 -0.016053
v -0.009645 -0.010678 -0.016053
v -0.009645 -0.010678 -0.016053
v -0.009645 -0.010678 -0.016053
v -0.009645 -0.010678 -0.016053
v -0.009645 -0.010678 -0.016053
v -0.010546 -0.015053 -0.012688
v -0.010546 -0.015053 -0.012688
v -0.010546 -0.015053 -0.012688
v -0.010546 -0.015053 -0.012688
v -0.010546 -0.015053 -0.012688
v -0.010546 -0.015053 -0.012688
v -0.011357 -0.015267 -0.011485
v -0.011357 -0.015267 -0.011485
v -0.011357 -0.015267 -0.011485
v -0.011357 -0.015267 -0.011485
v -0.011357 -0.015267 -0.011485
v -0.011357 -0.015267 -0.011485
v -0.011357 -0.015267 -0.011485
v -0.005277 -0.018596 -0.013429
v -0.005277 -0.018596 -0.013429
v -0.005277 -0.018596 -0.013429
v -0.005277 -0.018596 -0.013429
v -0.005277 -0.018596 -0.013429
v -0.005105 -0.019936 -0.011595
v -0.005105 -0.019936 -0.011595
v -0.005105 -0.019936 -0.011595
v -0.005105 -0.019936 -0.011595
v -0.005105 -0.019936 -0.011595
v -0.005105 -0.019936 -0.011595
v -0.004064 -0.019663 -0.012623
v -0.004064 -0.019663 -0.012623
v -0.004064 -0.019663 -0.012623
v -0.004064 -0.019663 -0.012623
v -0.004064 -0.019663 -0.012623
v -0.004064 -0.019663 -0.012623
v -0.004064 -0.019663 -0.012623
v -0.004064 -0.019663 -0.012623
v -0.00285 -0.020519 -0.011642
v -0.00285 -0.020519 -0.011642
v -0.00285 -0.020519 -0.011642
v -0.00285 -0.020519 -0.011642
v -0.001759 -0.020182 -0.012589
v -0.001759 -0.020182 -0.012589
v -0.001759 -0.020182 -0.012589
v -0.001759 -0.020182 -0.012589
v -0.001759 -0.020182 -0.012589
v -0.001759 -0.020182 -0.012589
v -0.000627 -0.019768 -0.013467
v -0.000627 -0.019768 -0.013467
v -0.000627 -0.019768 -0.013467
v -0.000627 -0.019768 -0.013467
v -0.000627 -0.019768 -0.013467
v -0.000627 -0.019768 -0.013467
v 0.001759 -0.01705 -0.016682
v 0.001759 -0.01705 -0.016682
v 0.001759 -0.01705 -0.016682
v 0.001759 -0.01705 -0.016682
v 0.001759 -0.01705 -0.016682
v 0.001759 -0.01705 -0.016682
v 0.001759 -0.01705 -0.016682
v 0.000543 -0.017734 -0.016012
v 0.000543 -0.017734 -0.016012
v 0.000543 -0.017734 -0.016012
v 0.000543 -0.017734 -0.016012
v 0.000543 -0.017734 -0.016012
v 0.000543 -0.017734 -0.016012
v -0.000657 -0.018341 -0.015272
v -0.000657 -0.018341 -0.015272
v -0.000657 -0.018341 -0.015272
v -0.000657 -0.018341 -0.015272
v -0.000657 -0.018341 -0.015272
v -0.000657 -0.018341 -0.015272
v -0.001831 -0.018866 -0.014461
v -0.001831 -0.018866 -0.014461
v -0.001831 -0.018866 -0.014461
v -0.001831 -0.018866 -0.014461
v -0.001831 -0.018866 -0.014461
v 0.002978 -0.016287 -0.017274
v 0.002978 -0.016287 -0.017274
v 0.002978 -0.016287 -0.017274
v 0.002978 -0.016287 -0.017274
v 0.002978 -0.016287 -0.017274
v 0.002978 -0.016287 -0.017274
v 0.002978 -0.016287 -0.017274
v 0.002879 -0.019449 -0.013844
v 0.002879 -0.019449 -0.013844
v 0.002879 -0.019449 -0.013844
v 0.002879 -0.019449 -0.013844
v 0.002879 -0.019449 -0.013844
v 0.002879 -0.019449 -0.013844
v 0.0017 -0.019984 -0.0131
v 0.0017 -0.019984 -0.0131
v 0.0017 -0.019984 -0.0131
v 0.0017 -0.019984 -0.0131
v 0.0017 -0.019984 -0.0131
v 0.003971 -0.019964 -0.012495
v 0.003971 -0.019964 -0.012495
v 0.003971 -0.019964 -0.012495
v 0.003971 -0.019964 -0.012495
v 0.003971 -0.019964 -0.012495
v 0.003971 -0.019964 -0.012495
v 0.003971 -0.019964 -0.012495
v 0.003971 -0.019964 -0.012495
v 0.004998 -0.02028 -0.01103
v 0.004998 -0.02028 -0.01103
v 0.004998 -0.02028 -0.01103
v 0.004998 -0.02028 -0.01103
v 0.004152 -0.017343 -0.016339
v 0.004152 -0.017343 -0.016339
v 0.004152 -0.017343 -0.016339
v 0.004152 -0.017343 -0.016339
v 0.004152 -0.017343 -0.016339
v 0.006474 -0.017424 -0.015751
v 0.006474 -0.017424 -0.015751
v 0.006474 -0.017424 -0.015751
v 0.006474 -0.017424 -0.015751
v 0.006474 -0.017424 -0.015751
v 0.006474 -0.017424 -0.015751
v 0.006474 -0.017424 -0.015751
v 0.006474 -0.017424 -0.015751
v 0.005277 -0.018167 -0.015174
v 0.005277 -0.018167 -0.015174
v 0.005277 -0.018167 -0.015174
v 0.005277 -0.018167 -0.015174
v 0.005277 -0.018167 -0.015174
v 0.005277 -0.018167 -0.015174
v 0.006333 -0.018745 -0.013812
v 0.006333 -0.018745 -0.013812
v 0.006333 -0.018745 -0.013812
v 0.006333 -0.018745 -0.013812
v 0.006333 -0.018745 -0.013812
v -0.0074 -0.009486 -0.017515
v -0.0074 -0.009486 -0.017515
v -0.0074 -0.009486 -0.017515
v -0.0074 -0.009486 -0.017515
v -0.0074 -0.009486 -0.017515
v -0.0074 -0.009486 -0.017515
v -0.007605 -0.013955 -0.015765
v -0.007605 -0.013955 -0.015765
v -0.007605 -0.013955 -0.015765
v -0.007605 -0.013955 -0.015765
v -0.007605 -0.013955 -0.015765
v -0.007605 -0.013955 -0.015765
v -0.006488 -0.013427 -0.016599
v -0.006488 -0.013427 -0.016599
v -0.006488 -0.013427 -0.016599
v -0.006488 -0.013427 -0.016599
v -0.006488 -0.013427 -0.016599
v -0.006488 -0.013427 -0.016599
v 0.000562 -0.015835 -0.017425
v 0.000562 -0.015835 -0.017425
v 0.000562 -0.015835 -0.017425
v 0.000562 -0.015835 -0.017425
v 0.000562 -0.015835 -0.017425
v 0.000562 -0.015835 -0.017425
v -0.000658 -0.016555 -0.016785
v -0.000658 -0.016555 -0.016785
v -0.000658 -0.016555 -0.016785
v -0.000658 -0.016555 -0.016785
v -0.000658 -0.016555 -0.016785
v -0.000658 -0.016555 -0.016785
v -0.001848 -0.015201 -0.017352
v -0.001848 -0.015201 -0.017352
v -0.001848 -0.015201 -0.017352
v -0.001848 -0.015201 -0.017352
v -0.001848 -0.015201 -0.017352
v -0.001848 -0.015201 -0.017352
v -0.003054 -0.015866 -0.016658
v -0.003054 -0.015866 -0.016658
v -0.003054 -0.015866 -0.016658
v -0.003054 -0.015866 -0.016658
v -0.003054 -0.015866 -0.016658
v -0.003054 -0.015866 -0.016658
v -0.004212 -0.014392 -0.017071
v -0.004212 -0.014392 -0.017071
v -0.004212 -0.014392 -0.017071
v -0.004212 -0.014392 -0.017071
v -0.004212 -0.014392 -0.017071
v -0.004212 -0.014392 -0.017071
v -0.005385 -0.014989 -0.016312
v -0.005385 -0.014989 -0.016312
v -0.005385 -0.014989 -0.016312
v -0.005385 -0.014989 -0.016312
v -0.005385 -0.014989 -0.016312
v -0.005385 -0.014989 -0.016312
v -0.005385 -0.014989 -0.016312
v -0.010343 -0.0167 -0.011156
v -0.010343 -0.0167 -0.011156
v -0.010343 -0.0167 -0.011156
v -0.010343 -0.0167 -0.011156
v -0.00951 -0.016518 -0.012359
v -0.00951 -0.016518 -0.012359
v -0.00951 -0.016518 -0.012359
v -0.00951 -0.016518 -0.012359
v -0.00951 -0.016518 -0.012359
v -0.00951 -0.016518 -0.012359
v -0.00859 -0.016261 -0.01348
v -0.00859 -0.016261 -0.01348
v -0.00859 -0.016261 -0.01348
v -0.00859 -0.016261 -0.01348
v -0.00859 -0.016261 -0.01348
v -0.00859 -0.016261 -0.01348
v -0.007588 -0.015922 -0.014514
v -0.007588 -0.015922 -0.014514
v -0.007588 -0.015922 -0.014514
v -0.007588 -0.015922 -0.014514
v -0.007588 -0.015922 -0.014514
v -0.007588 -0.015922 -0.014514
v -0.006516 -0.015499 -0.015459
v -0.006516 -0.015499 -0.015459
v -0.006516 -0.015499 -0.015459
v -0.006516 -0.015499 -0.015459
v -0.006516 -0.015499 -0.015459
v -0.006516 -0.015499 -0.015459
v -0.00297 -0.019307 -0.013579
v -0.00297 -0.019307 -0.013579
v -0.00297 -0.019307 -0.013579
v -0.00297 -0.019307 -0.013579
v -0.00297 -0.019307 -0.013579
v -0.00297 -0.019307 -0.013579
v -0.004184 -0.018217 -0.014386
v -0.004184 -0.018217 -0.014386
v -0.004184 -0.018217 -0.014386
v -0.004184 -0.018217 -0.014386
v -0.004184 -0.018217 -0.014386
v 0.000669 -0.011231 -0.019134
v 0.000669 -0.011231 -0.019134
v 0.000669 -0.011231 -0.019134
v 0.000669 -0.011231 -0.019134
v 0.000669 -0.011231 -0.019134
v 0.000669 -0.011231 -0.019134
v 0.001892 -0.010291 -0.019404
v 0.001892 -0.010291 -0.019404
v 0.001892 -0.010291 -0.019404
v 0.001892 -0.010291 -0.019404
v 0.001892 -0.010291 -0.019404
v 0.001892 -0.010291 -0.019404
v 0.001892 -0.010291 -0.019404
v 0.001892 -0.010291 -0.019404
v 0.003033 -0.011801 -0.019182
v 0.003033 -0.011801 -0.019182
v 0.003033 -0.011801 -0.019182
v 0.003033 -0.011801 -0.019182
v 0.003033 -0.011801 -0.019182
v 0.003033 -0.011801 -0.019182
v 0.004236 -0.010819 -0.019402
v 0.004236 -0.010819 -0.019402
v 0.004236 -0.010819 -0.019402
v 0.004236 -0.010819 -0.019402
v 0.004236 -0.010819 -0.019402
v 0.005392 -0.012257 -0.019058
v 0.005392 -0.012257 -0.019058
v 0.005392 -0.012257 -0.019058
v 0.005392 -0.012257 -0.019058
v 0.005392 -0.012257 -0.019058
v 0.005392 -0.012257 -0.019058
v 0.009947 -0.014804 -0.017019
v 0.009947 -0.014804 -0.017019
v 0.009947 -0.014804 -0.017019
v 0.009947 -0.014804 -0.017019
v 0.009947 -0.014804 -0.017019
v 0.009947 -0.014804 -0.017019
v 0.009947 -0.014804 -0.017019
v 0.009947 -0.014804 -0.017019
v 0.009947 -0.014804 -0.017019
v 0.008856 -0.013804 -0.018017
v 0.008856 -0.013804 -0.018017
v 0.008856 -0.013804 -0.018017
v 0.008856 -0.013804 -0.018017
v 0.008856 -0.013804 -0.018017
v 0.008856 -0.013804 -0.018017
v 0.007718 -0.012599 -0.018743
v 0.007718 -0.012599 -0.018743
v 0.007718 -0.012599 -0.018743
v 0.007718 -0.012599 -0.018743
v 0.007718 -0.012599 -0.018743
v 0.007718 -0.012599 -0.018743
v 0.006567 -0.011251 -0.019234
v 0.006567 -0.011251 -0.019234
v 0.006567 -0.011251 -0.019234
v 0.006567 -0.011251 -0.019234
v 0.006567 -0.011251 -0.019234
v 0.006567 -0.011251 -0.019234
v 0.005428 -0.009814 -0.019539
v 0.005428 -0.009814 -0.019539
v 0.005428 -0.009814 -0.019539
v 0.005428 -0.009814 -0.019539
v 0.005428 -0.009814 -0.019539
v 0.005428 -0.009814 -0.019539
v 0.004316 -0.008329 -0.019696
v 0.004316 -0.008329 -0.019696
v 0.004316 -0.008329 -0.019696
v 0.004316 -0.008329 -0.019696
v 0.004316 -0.008329 -0.019696
v 0.001784 -0.015035 -0.017976
v 0.001784 -0.015035 -0.017976
v 0.001784 -0.015035 -0.017976
v 0.001784 -0.015035 -0.017976
v 0.001784 -0.015035 -0.017976
v 0.001784 -0.015035 -0.017976
v -0.000627 -0.014455 -0.017955
v -0.000627 -0.014455 -0.017955
v -0.000627 -0.014455 -0.017955
v -0.000627 -0.014455 -0.017955
v -0.000627 -0.014455 -0.017955
v -0.000627 -0.014455 -0.017955
v -0.003008 -0.013711 -0.017735
v -0.003008 -0.013711 -0.017735
v -0.003008 -0.013711 -0.017735
v -0.003008 -0.013711 -0.017735
v -0.003008 -0.013711 -0.017735
v -0.003008 -0.013711 -0.017735
v -0.005323 -0.012816 -0.017333
v -0.005323 -0.012816 -0.017333
v -0.005323 -0.012816 -0.017333
v -0.005323 -0.012816 -0.017333
v -0.005323 -0.012816 -0.017333
v -0.005323 -0.012816 -0.017333
v -0.008549 -0.010116 -0.016841
v -0.008549 -0.010116 -0.016841
v -0.008549 -0.010116 -0.016841
v -0.008549 -0.010116 -0.016841
v -0.008549 -0.010116 -0.016841
v -0.008549 -0.010116 -0.016841
v -0.011563 -0.0073 -0.016085
v -0.011563 -0.0073 -0.016085
v -0.011563 -0.0073 -0.016085
v -0.011563 -0.0073 -0.016085
v -0.011563 -0.0073 -0.016085
v -0.011563 -0.0073 -0.016085
v 0.004188 -0.01545 -0.017782
v 0.004188 -0.01545 -0.017782
v 0.004188 -0.01545 -0.017782
v 0.004188 -0.01545 -0.017782
v 0.004188 -0.01545 -0.017782
v 0.004188 -0.01545 -0.017782
v 0.009834 -0.016444 -0.015374
v 0.009834 -0.016444 -0.015374
v 0.009834 -0.016444 -0.015374
v 0.009834 -0.016444 -0.015374
v 0.009834 -0.016444 -0.015374
v 0.009834 -0.016444 -0.015374
v 0.004075 -0.018842 -0.014536
v 0.004075 -0.018842 -0.014536
v 0.004075 -0.018842 -0.014536
v 0.004075 -0.018842 -0.014536
v 0.004075 -0.018842 -0.014536
v 0.000788 -0.008731 -0.019494
v 0.000788 -0.008731 -0.019494
v 0.000788 -0.008731 -0.019494
v 0.000788 -0.008731 -0.019494
v 0.000788 -0.008731 -0.019494
v 0.000788 -0.008731 -0.019494
v -0.000443 -0.009654 -0.019255
v -0.000443 -0.009654 -0.019255
v -0.000443 -0.009654 -0.019255
v -0.000443 -0.009654 -0.019255
v -0.000443 -0.009654 -0.019255
v -0.000443 -0.009654 -0.019255
v -0.002537 -0.006397 -0.019189
v -0.002537 -0.006397 -0.019189
v -0.002537 -0.006397 -0.019189
v -0.002537 -0.006397 -0.019189
v -0.002537 -0.006397 -0.019189
v -0.002537 -0.006397 -0.019189
v -0.001301 -0.005525 -0.01939
v -0.001301 -0.005525 -0.01939
v -0.001301 -0.005525 -0.01939
v -0.001301 -0.005525 -0.01939
v -0.001301 -0.005525 -0.01939
v -0.006212 -0.008792 -0.01808
v -0.006212 -0.008792 -0.01808
v -0.006212 -0.008792 -0.01808
v -0.006212 -0.008792 -0.01808
v -0.006212 -0.008792 -0.01808
v -0.006212 -0.008792 -0.01808
v -0.004124 -0.012127 -0.017965
v -0.004124 -0.012127 -0.017965
v -0.004124 -0.012127 -0.017965
v -0.004124 -0.012127 -0.017965
v -0.004124 -0.012127 -0.017965
v -0.004124 -0.012127 -0.017965
v -0.002904 -0.011364 -0.018496
v -0.002904 -0.011364 -0.018496
v -0.002904 -0.011364 -0.018496
v -0.002904 -0.011364 -0.018496
v -0.002904 -0.011364 -0.018496
v -0.002904 -0.011364 -0.018496
v -0.001787 -0.012952 -0.018301
v -0.001787 -0.012952 -0.018301
v -0.001787 -0.012952 -0.018301
v -0.001787 -0.012952 -0.018301
v -0.001787 -0.012952 -0.018301
v -0.001787 -0.012952 -0.018301
v -0.000558 -0.012122 -0.018768
v -0.000558 -0.012122 -0.018768
v -0.000558 -0.012122 -0.018768
v -0.000558 -0.012122 -0.018768
v -0.000558 -0.012122 -0.018768
v -0.000558 -0.012122 -0.018768
v 0.000599 -0.013633 -0.018463
v 0.000599 -0.013633 -0.018463
v 0.000599 -0.013633 -0.018463
v 0.000599 -0.013633 -0.018463
v 0.000599 -0.013633 -0.018463
v 0.000599 -0.013633 -0.018463
v 0.00182 -0.012744 -0.018871
v 0.00182 -0.012744 -0.018871
v 0.00182 -0.012744 -0.018871
v 0.00182 -0.012744 -0.018871
v 0.00182 -0.012744 -0.018871
v 0.00182 -0.012744 -0.018871
v 0.003 -0.014164 -0.018433
v 0.003 -0.014164 -0.018433
v 0.003 -0.014164 -0.018433
v 0.003 -0.014164 -0.018433
v 0.003 -0.014164 -0.018433
v 0.003 -0.014164 -0.018433
v 0.004203 -0.013233 -0.018793
v 0.004203 -0.013233 -0.018793
v 0.004203 -0.013233 -0.018793
v 0.004203 -0.013233 -0.018793
v 0.004203 -0.013233 -0.018793
v 0.004203 -0.013233 -0.018793
v 0.005383 -0.014549 -0.018198
v 0.005383 -0.014549 -0.018198
v 0.005383 -0.014549 -0.018198
v 0.005383 -0.014549 -0.018198
v 0.005383 -0.014549 -0.018198
v 0.005383 -0.014549 -0.018198
v 0.00656 -0.013594 -0.018517
v 0.00656 -0.013594 -0.018517
v 0.00656 -0.013594 -0.018517
v 0.00656 -0.013594 -0.018517
v 0.00656 -0.013594 -0.018517
v 0.00656 -0.013594 -0.018517
v 0.007712 -0.014774 -0.017735
v 0.007712 -0.014774 -0.017735
v 0.007712 -0.014774 -0.017735
v 0.007712 -0.014774 -0.017735
v 0.007712 -0.014774 -0.017735
v 0.007712 -0.014774 -0.017735
vn -0.4921 -0.7455 -0.4496
vn -0.5085 -0.7712 -0.383
vn -0.4491 -0.8207 -0.3533
vn -0.4539 -0.786 -0.4197
vn -0.5742 -0.7137 -0.4011
vn -0.5805 -0.724 -0.3727
vn -0.4943 -0.7564 -0.4284
vn -0.494 -0.7444 -0.4493
vn -0.4954 -0.7381 -0.458
vn -0.5661 -0.7348 -0.3736
vn -0.56 -0.6985 -0.4456
vn -0.4921 -0.7455 -0.4496
vn -0.5085 -0.7712 -0.383
vn -0.5353 -0.7558 -0.3771
vn -0.8934 0.3388 0.2949
vn -0.8866 0.3282 0.326
vn -0.882 0.4609 0.0987
vn -0.4921 -0.7455 -0.4496
vn -0.4943 -0.7564 -0.4284
vn -0.4539 -0.786 -0.4197
vn 0.8361 -0.2785 0.4726
vn -0.1061 -0.938 -0.3299
vn 0.8066 -0.3047 0.5065
vn 0.8196 -0.2993 0.4885
vn 0.8195 -0.2994 0.4886
vn -0.1026 -0.9222 -0.3729
vn -0.0327 -0.9244 -0.38
vn -0.0209 -0.9387 -0.3442
vn 0.8491 -0.2382 0.4714
vn 0.8304 -0.2706 0.4871
vn 0.8361 -0.2785 0.4726
vn -0.0382 -0.9289 -0.3685
vn -0.1026 -0.9222 -0.3729
vn -0.1026 -0.9222 -0.3729
vn -0.0382 -0.9289 -0.3685
vn -0.1028 -0.944 -0.3136
vn -0.106 -0.935 -0.3385
vn -0.1061 -0.938 -0.3299
vn -0.0783 -0.9468 -0.3122
vn -0.0656 -0.9462 -0.3169
vn -0.0361 -0.9311 -0.3629
vn -0.0417 -0.94 -0.3386
vn -0.0522 -0.9443 -0.3249
vn -0.0742 -0.9467 -0.3133
vn -0.0076 -0.9358 -0.3524
vn -0.0202 -0.9358 -0.352
vn 0.8656 -0.1522 0.4771
vn 0.843 -0.078 0.5322
vn 0.8753 -0.1367 0.4639
vn -0.1059 -0.7275 -0.6779
vn -0.0076 -0.9358 -0.3524
vn -0.0185 -0.6826 -0.7305
vn -0.0044 -0.6872 -0.7264
vn 0.05 -0.936 -0.3485
vn 0.0446 -0.9367 -0.3473
vn 0.0464 -0.9362 -0.3485
vn 0.8753 -0.1367 0.4639
vn 0.0464 -0.9362 -0.3485
vn -0.0202 -0.9358 -0.352
vn 0.0427 -0.9351 -0.3518
vn -0.0076 -0.9358 -0.3524
vn 0.0399 -0.9374 -0.3461
vn -0.0327 -0.9244 -0.38
vn -0.0209 -0.9387 -0.3442
vn -0.0044 -0.6872 -0.7264
vn 0.1042 -0.9399 -0.3251
vn 0.0309 -0.6714 -0.7404
vn 0.0446 -0.9367 -0.3473
vn -0.867 -0.0287 -0.4974
vn 0.0639 -0.8024 -0.5934
vn 0.1912 -0.7944 -0.5765
vn 0.048 -0.659 -0.7506
vn 0.0309 -0.6714 -0.7404
vn 0.1186 -0.7531 -0.6471
vn 0.0035 -0.6607 -0.7506
vn 0.1042 -0.9399 -0.3251
vn 0.1097 -0.779 -0.6174
vn 0.1042 -0.9399 -0.3251
vn -0.867 -0.0287 -0.4974
vn 0.0446 -0.9367 -0.3473
vn 0.05 -0.936 -0.3485
vn -0.8712 0.0739 -0.4854
vn -0.8659 0.0824 -0.4934
vn -0.0291 -0.6791 0.7335
vn 0.0111 -0.9366 0.3503
vn 0.0539 -0.9381 0.3421
vn 0.0716 -0.9373 0.341
vn 0.0144 -0.6841 0.7293
vn -0.0291 -0.6791 0.7335
vn -0.0623 -0.7467 0.6622
vn -0.0176 -0.6829 0.7303
vn 0.8671 -0.1057 -0.4869
vn -0.0168 -0.9358 0.3521
vn 0.0111 -0.9366 0.3503
vn -0.0712 -0.7115 0.6991
vn 0.0539 -0.9381 0.3421
vn -0.0086 -0.93 0.3674
vn -0.0168 -0.9358 0.3521
vn 0.0111 -0.9366 0.3503
vn 0.0812 -0.943 0.3226
vn 0.8472 -0.2249 -0.4814
vn 0.8602 -0.1919 -0.4725
vn 0.8671 -0.1057 -0.4869
vn 0.8453 -0.2224 -0.4857
vn -0.0946 -0.9201 0.3802
vn -0.0168 -0.9358 0.3521
vn -0.0373 -0.9315 0.3619
vn -0.0086 -0.93 0.3674
vn 0.687 -0.3359 -0.6444
vn -0.1058 -0.9246 0.3658
vn -0.1073 -0.9318 0.3468
vn 0.8193 -0.294 -0.4922
vn 0.8316 -0.2835 -0.4775
vn 0.737 -0.3047 -0.6033
vn -0.1073 -0.9318 0.3468
vn 0.4607 -0.3867 -0.7989
vn 0.3686 -0.3803 -0.8482
vn -0.1221 -0.9445 0.3049
vn 0.687 -0.3359 -0.6444
vn -0.1012 -0.9442 0.3135
vn -0.0803 -0.9466 0.3124
vn -0.0423 -0.9452 0.3236
vn -0.0377 -0.9304 0.3647
vn -0.1073 -0.9318 0.3468
vn -0.1058 -0.9246 0.3658
vn -0.0373 -0.9315 0.3619
vn -0.0946 -0.9201 0.3802
vn -0.1012 -0.9442 0.3135
vn -0.1952 -0.9223 0.3334
vn -0.1604 -0.9452 0.2844
vn -0.0135 -0.3559 -0.9344
vn -0.0602 -0.3488 -0.9353
vn -0.1448 -0.9449 0.2936
vn -0.1952 -0.9223 0.3334
vn -0.0877 -0.3694 -0.9251
vn -0.2227 -0.9154 0.3354
vn -0.0602 -0.3488 -0.9353
vn -0.3094 -0.8828 0.3535
vn -0.0931 -0.3621 -0.9275
vn -0.2669 -0.9212 0.283
vn 0.6283 0.0858 0.7732
vn -0.2227 -0.9154 0.3354
vn 0.5354 0.1154 0.8367
vn -0.1952 -0.9223 0.3334
vn 0.2294 0.2581 0.9385
vn -0.1376 -0.9091 0.3931
vn -0.1448 -0.9449 0.2936
vn 0.2909 0.2204 0.931
vn 0.4932 -0.717 -0.4926
vn 0.4969 -0.7159 -0.4905
vn 0.487 -0.7149 -0.5018
vn -0.8054 -0.5926 0.0101
vn -0.8073 -0.5865 0.0658
vn -0.7949 -0.6056 0.0372
vn -0.7947 -0.6059 0.0372
vn -0.8074 -0.5891 0.0315
vn -0.8073 -0.5865 0.0658
vn -0.7674 -0.6311 0.1134
vn -0.771 -0.635 0.0483
vn -0.7652 -0.6339 0.1127
vn -0.7949 -0.6056 0.0372
vn -0.7653 -0.6336 0.1133
vn 0.4978 -0.7302 -0.468
vn -0.7674 -0.6311 0.1134
vn 0.4932 -0.717 -0.4926
vn 0.4906 -0.7257 -0.4823
vn 0.4855 -0.7368 -0.4706
vn -0.8073 -0.5865 0.0658
vn -0.4853 -0.3644 -0.7948
vn -0.5673 -0.4371 -0.6979
vn -0.4698 -0.3632 -0.8046
vn -0.4828 -0.4399 -0.7572
vn -0.4853 0.8067 -0.3371
vn -0.5219 -0.4737 -0.7094
vn -0.7073 -0.5315 -0.4661
vn -0.4352 0.8402 -0.3236
vn -0.7073 -0.5315 -0.4661
vn -0.4853 0.8067 -0.3371
vn -0.718 -0.5209 -0.4617
vn -0.4129 0.843 -0.3447
vn 0.4544 -0.8117 0.367
vn -0.7073 -0.5315 -0.4661
vn -0.4853 -0.3644 -0.7948
vn -0.7314 -0.5019 -0.4617
vn -0.5489 -0.3735 -0.7478
vn -0.5187 -0.3429 -0.7832
vn -0.718 -0.5209 -0.4617
vn -0.4129 0.843 -0.3447
vn -0.4953 0.8564 -0.1461
vn -0.3886 0.8522 -0.3504
vn -0.4295 0.8558 -0.2884
vn -0.7331 -0.5005 -0.4605
vn -0.7314 -0.5019 -0.4617
vn -0.7375 -0.5098 -0.443
vn -0.4192 0.8392 -0.3464
vn -0.718 -0.5209 -0.4617
vn -0.7331 -0.5005 -0.4605
vn 0.4134 -0.8428 0.3445
vn 0.4544 -0.8117 0.367
vn 0.5919 -0.8017 -0.0831
vn 0.5922 -0.8016 -0.0826
vn -0.7314 -0.5019 -0.4617
vn 0.3731 -0.8641 0.3379
vn 0.5921 -0.8016 -0.0828
vn -0.7432 -0.5143 -0.4279
vn -0.7395 -0.5076 -0.4421
vn -0.7409 -0.5119 -0.4347
vn -0.7602 -0.5298 -0.3761
vn 0.5824 -0.809 -0.0794
vn 0.5895 -0.8043 -0.0753
vn 0.5902 -0.8032 -0.0809
vn 0.5916 -0.8035 -0.0671
vn -0.7758 -0.494 -0.3924
vn -0.7602 -0.5298 -0.3761
vn -0.6819 0.6349 0.3631
vn -0.6845 0.6274 0.3712
vn -0.6794 0.5399 0.4969
vn -0.7432 -0.5143 -0.4279
vn -0.7587 -0.541 -0.3628
vn -0.7619 -0.5312 -0.3706
vn -0.7602 -0.5298 -0.3761
vn -0.7758 -0.494 -0.3924
vn 0.2628 0.1862 -0.9467
vn 0.5824 -0.809 -0.0794
vn -0.7719 -0.5036 -0.3879
vn -0.6398 0.3357 0.6914
vn -0.6794 0.5399 0.4969
vn -0.7758 -0.494 -0.3924
vn -0.7719 -0.5036 -0.3879
vn -0.6641 0.3707 0.6492
vn -0.6641 0.3707 0.6492
vn -0.4963 -0.0046 0.8681
vn -0.7619 -0.5312 -0.3706
vn -0.7719 -0.5036 -0.3879
vn -0.4839 -0.0435 0.8741
vn -0.3548 -0.2276 0.9068
vn -0.4963 -0.0046 0.8681
vn -0.7619 -0.5312 -0.3706
vn -0.7587 -0.541 -0.3628
vn -0.7515 -0.5482 -0.3671
vn 0.2517 0.2041 -0.9461
vn 0.2595 0.1937 -0.9461
vn -0.7209 -0.592 -0.3604
vn -0.7515 -0.5482 -0.3671
vn -0.7297 -0.5693 -0.3789
vn -0.7587 -0.541 -0.3628
vn 0.2628 0.1862 -0.9467
vn -0.6654 -0.6493 -0.3684
vn 0.4911 -0.0902 -0.8664
vn 0.509 -0.1306 -0.8508
vn -0.6698 -0.6443 -0.3692
vn -0.6853 -0.6522 -0.3241
vn 0.6664 -0.3737 -0.6452
vn -0.6654 -0.6493 -0.3684
vn 0.4911 -0.0902 -0.8664
vn 0.3449 0.1031 -0.933
vn -0.6842 -0.6256 -0.3749
vn -0.6842 -0.6256 -0.3749
vn -0.2993 -0.3047 0.9042
vn -0.6698 -0.6443 -0.3692
vn -0.6775 -0.6346 -0.3719
vn -0.688 -0.62 -0.3771
vn -0.6654 -0.6493 -0.3684
vn -0.3158 -0.2834 0.9055
vn -0.3169 -0.3029 0.8988
vn -0.6507 -0.6625 -0.3711
vn -0.3548 -0.2276 0.9068
vn -0.7297 -0.5693 -0.3789
vn -0.7515 -0.5482 -0.3671
vn -0.3329 -0.2578 0.9071
vn -0.3329 -0.2578 0.9071
vn -0.3356 -0.2638 0.9043
vn -0.3158 -0.2834 0.9055
vn -0.7297 -0.5693 -0.3789
vn -0.7209 -0.592 -0.3604
vn -0.688 -0.62 -0.3771
vn 0.2517 0.2041 -0.9461
vn 0.254 0.2092 -0.9443
vn 0.2749 0.1857 -0.9434
vn -0.7209 -0.592 -0.3604
vn -0.688 -0.62 -0.3771
vn -0.6775 -0.6346 -0.3719
vn 0.3449 0.1031 -0.933
vn 0.3228 0.125 -0.9382
vn -0.6775 -0.6346 -0.3719
vn -0.6842 -0.6256 -0.3749
vn 0.2749 0.1857 -0.9434
vn 0.523 -0.7357 0.4305
vn -0.6727 -0.6915 -0.2634
vn 0.5311 -0.7358 0.4201
vn 0.5227 -0.7365 0.4294
vn -0.7192 -0.6517 -0.2408
vn -0.6306 -0.7264 -0.2734
vn -0.6727 -0.6915 -0.2634
vn 0.6359 -0.747 0.1941
vn 0.5311 -0.7358 0.4201
vn -0.6587 -0.7088 -0.2525
vn -0.7192 -0.6517 -0.2408
vn -0.7062 -0.6815 -0.1923
vn -0.6734 -0.7066 -0.2172
vn -0.7136 -0.6739 -0.1917
vn -0.6351 -0.7207 -0.278
vn -0.575 -0.7687 -0.2803
vn -0.6306 -0.7264 -0.2734
vn -0.6727 -0.6915 -0.2634
vn -0.6586 -0.6772 -0.3282
vn 0.7222 -0.6408 -0.2605
vn -0.6306 -0.7264 -0.2734
vn -0.6764 -0.6688 -0.3087
vn 0.7465 -0.5638 -0.3534
vn 0.6989 -0.7126 -0.0608
vn 0.6359 -0.747 0.1941
vn 0.6199 -0.7327 0.2807
vn -0.575 -0.7687 -0.2803
vn -0.6698 -0.6443 -0.3692
vn -0.6853 -0.6522 -0.3241
vn -0.6351 -0.7207 -0.278
vn -0.6028 -0.6948 -0.3921
vn -0.575 -0.7687 -0.2803
vn -0.6764 -0.6688 -0.3087
vn -0.6143 -0.7081 -0.3481
vn -0.6507 -0.6625 -0.3711
vn -0.6111 -0.7029 -0.364
vn -0.6853 -0.6522 -0.3241
vn 0.7222 -0.6408 -0.2605
vn 0.6674 -0.3805 -0.6402
vn -0.6764 -0.6688 -0.3087
vn 0.6664 -0.3737 -0.6452
vn 0.493 -0.7433 0.4521
vn -0.7136 -0.6739 -0.1917
vn 0.523 -0.7357 0.4305
vn -0.7416 -0.6507 -0.1634
vn 0.5053 -0.7288 0.462
vn 0.5089 -0.7391 0.4413
vn -0.7192 -0.6517 -0.2408
vn -0.7416 -0.6507 -0.1634
vn -0.7421 -0.6519 -0.1559
vn -0.6041 -0.7915 -0.0928
vn -0.7136 -0.6739 -0.1917
vn -0.7062 -0.6815 -0.1923
vn 0.493 -0.7433 0.4521
vn -0.7421 -0.6519 -0.1559
vn -0.758 -0.6438 -0.105
vn -0.7558 -0.6464 -0.1046
vn -0.7416 -0.6507 -0.1634
vn 0.496 -0.7285 0.4724
vn 0.4866 -0.7279 0.4831
vn 0.4787 -0.7307 0.4868
vn 0.4945 -0.7129 0.4972
vn -0.7998 -0.5994 -0.0319
vn -0.7935 -0.6019 -0.09
vn -0.7998 -0.5994 -0.0319
vn -0.7935 -0.6019 -0.09
vn -0.7739 -0.6316 -0.0466
vn -0.7558 -0.6464 -0.1046
vn -0.758 -0.6438 -0.105
vn -0.7955 -0.6048 -0.0368
vn -0.7614 -0.6367 -0.1222
vn -0.8025 -0.5956 -0.0366
vn 0.4945 -0.7129 0.4972
vn 0.4928 -0.7107 0.5021
vn 0.505 -0.7294 0.4615
vn -0.7998 -0.5994 -0.0319
vn -0.8025 -0.5956 -0.0366
vn -0.8059 -0.5921 -0.0058
vn -0.7859 -0.6183 0.0084
vn -0.7866 -0.6173 -0.0109
vn -0.7955 -0.6048 -0.0368
vn -0.8066 -0.5911 0.0027
vn -0.8067 -0.591 0.0048
vn -0.8059 -0.5921 -0.0058
vn -0.8054 -0.5926 0.0101
vn -0.7947 -0.6059 0.0372
vn -0.7949 -0.6056 0.0372
vn -0.8067 -0.591 -0.0027
vn -0.8025 -0.5956 -0.0366
vn 0.546 -0.7806 0.3043
vn -0.8059 -0.5921 -0.0058
vn 0.505 -0.7294 0.4615
vn 0.5452 -0.776 0.3172
vn -0.8067 -0.591 0.0048
vn -0.8067 -0.591 0.0048
vn 0.546 -0.7806 0.3043
vn 0.5728 -0.8176 0.0577
vn -0.8066 -0.5911 0.0027
vn -0.8054 -0.5926 0.0101
vn 0.487 -0.7149 -0.5018
vn 0.5485 -0.7853 -0.2871
vn -0.8067 -0.591 -0.0027
vn 0.495 -0.7128 -0.4968
vn 0.5823 -0.8126 -0.0253
vn -0.8066 -0.5911 0.0027
vn 0.5144 -0.7767 -0.3634
vn 0.5485 -0.7853 -0.2871
vn 0.5728 -0.8176 0.0577
vn -0.8067 -0.591 -0.0027
vn 0.4855 -0.7368 -0.4706
vn 0.5023 -0.7346 -0.456
vn -0.7389 -0.6558 0.1548
vn -0.7432 -0.654 0.1413
vn -0.7674 -0.6311 0.1134
vn -0.7391 -0.6558 0.1538
vn -0.7652 -0.6339 0.1127
vn -0.6258 -0.6945 0.355
vn -0.6822 -0.6624 0.3095
vn -0.6149 -0.7081 0.3472
vn -0.609 -0.7013 0.3706
vn -0.6853 -0.6531 0.3223
vn -0.6564 -0.7018 0.2766
vn -0.6676 -0.6464 0.3694
vn -0.581 -0.7642 0.2802
vn -0.6247 -0.7132 0.3179
vn -0.6512 -0.662 0.371
vn -0.6822 -0.6624 0.3095
vn -0.5685 -0.773 0.2815
vn -0.581 -0.7642 0.2802
vn 0.6777 -0.7327 -0.0615
vn 0.6855 -0.728 0.0065
vn 0.7319 -0.5899 0.341
vn -0.676 -0.6884 0.2629
vn -0.5685 -0.773 0.2815
vn -0.6328 -0.7249 0.2721
vn -0.581 -0.7642 0.2802
vn -0.6971 -0.6907 0.1921
vn -0.6507 -0.7184 0.2458
vn -0.6564 -0.7018 0.2766
vn -0.7143 -0.6527 0.2524
vn -0.7143 -0.6733 0.191
vn 0.6777 -0.7327 -0.0615
vn -0.6328 -0.7249 0.2721
vn 0.6016 -0.7493 -0.2768
vn -0.5685 -0.773 0.2815
vn -0.676 -0.6884 0.2629
vn -0.6328 -0.7249 0.2721
vn 0.6016 -0.7493 -0.2768
vn 0.5854 -0.7504 -0.307
vn 0.5512 -0.7412 -0.3831
vn -0.676 -0.6884 0.2629
vn -0.7143 -0.6527 0.2524
vn 0.5262 -0.7348 -0.4281
vn 0.5512 -0.7412 -0.3831
vn -0.7143 -0.6733 0.191
vn -0.7143 -0.6527 0.2524
vn 0.5049 -0.7411 -0.4427
vn 0.5009 -0.749 -0.4338
vn 0.5262 -0.7348 -0.4281
vn -0.7221 -0.6667 0.1846
vn -0.7143 -0.6733 0.191
vn -0.6971 -0.6907 0.1921
vn -0.6204 -0.7748 0.1215
vn -0.7221 -0.6667 0.1846
vn -0.7391 -0.6558 0.1538
vn -0.7389 -0.6558 0.1548
vn 0.5049 -0.7411 -0.4427
vn -0.7221 -0.6667 0.1846
vn 0.5023 -0.7346 -0.456
vn -0.7389 -0.6558 0.1548
vn -0.7295 -0.5695 0.3787
vn -0.712 -0.5848 0.3886
vn -0.7587 -0.541 0.3629
vn 0.2566 0.2082 0.9438
vn 0.2512 0.2068 0.9456
vn 0.2654 0.188 0.9456
vn -0.7025 -0.6329 0.3254
vn -0.712 -0.5848 0.3886
vn 0.3975 0.0382 0.9168
vn -0.6754 -0.6374 0.371
vn 0.2566 0.2082 0.9438
vn -0.2943 -0.2992 -0.9077
vn -0.712 -0.5848 0.3886
vn -0.7025 -0.6329 0.3254
vn -0.6676 -0.6464 0.3694
vn -0.6754 -0.6374 0.371
vn -0.6512 -0.662 0.371
vn -0.3295 -0.2956 -0.8967
vn -0.6754 -0.6374 0.371
vn -0.6853 -0.6531 0.3223
vn -0.6676 -0.6464 0.3694
vn 0.6363 -0.3455 0.6897
vn 0.685 -0.3877 0.6168
vn 0.5346 -0.1814 0.8254
vn 0.3975 0.0382 0.9168
vn 0.3657 0.1121 0.9239
vn -0.6853 -0.6531 0.3223
vn 0.7319 -0.5899 0.341
vn 0.6363 -0.3455 0.6897
vn 0.7319 -0.5898 0.3413
vn -0.6822 -0.6624 0.3095
vn -0.7295 -0.5695 0.3787
vn -0.3295 -0.2956 -0.8967
vn -0.3007 -0.2874 -0.9094
vn -0.3296 -0.259 -0.9079
vn -0.3269 -0.2533 -0.9105
vn -0.7025 -0.6329 0.3254
vn -0.4286 -0.1427 -0.8921
vn -0.4595 -0.0534 -0.8865
vn -0.3269 -0.2533 -0.9105
vn -0.7295 -0.5695 0.3787
vn -0.7587 -0.541 0.3629
vn -0.7605 -0.5354 0.3674
vn -0.7629 -0.5286 0.3723
vn 0.2634 0.1877 0.9462
vn 0.2654 0.188 0.9456
vn -0.7653 -0.5221 0.3765
vn 0.5805 -0.811 0.0722
vn -0.7605 -0.5354 0.3674
vn -0.7587 -0.541 0.3629
vn 0.5889 -0.8046 0.076
vn -0.5927 0.24 -0.7688
vn -0.4286 -0.1427 -0.8921
vn -0.5589 0.0704 -0.8262
vn -0.7605 -0.5354 0.3674
vn -0.7629 -0.5286 0.3723
vn -0.7629 -0.5286 0.3723
vn -0.7653 -0.5221 0.3765
vn -0.6434 0.375 -0.6674
vn -0.7461 -0.5169 0.4197
vn -0.5589 0.0704 -0.8262
vn -0.6421 0.427 -0.6367
vn 0.5899 -0.8035 0.0801
vn -0.7381 -0.5098 0.4418
vn -0.7653 -0.5221 0.3765
vn -0.7388 -0.5117 0.4385
vn -0.7461 -0.5169 0.4197
vn 0.5889 -0.8046 0.076
vn 0.589 -0.8046 0.0755
vn 0.5895 -0.8038 0.0796
vn -0.7308 -0.5032 0.4612
vn -0.7381 -0.4968 0.4566
vn 0.5924 -0.8013 0.0832
vn -0.7267 -0.5065 0.4642
vn 0.374 -0.8623 -0.3414
vn -0.7367 -0.4981 0.4573
vn -0.7367 -0.4981 0.4573
vn -0.7232 -0.5101 0.4655
vn -0.4 0.8545 0.3315
vn -0.2957 0.828 0.4764
vn -0.7267 -0.5065 0.4642
vn -0.7232 -0.5101 0.4655
vn 0.3833 -0.8595 -0.3381
vn 0.4278 -0.8333 -0.3502
vn -0.7367 -0.4981 0.4573
vn 0.374 -0.8623 -0.3414
vn 0.3712 -0.8608 -0.3481
vn -0.726 -0.5147 0.456
vn -0.7232 -0.5101 0.4655
vn -0.4352 0.8156 0.3814
vn -0.7073 -0.5318 0.4656
vn -0.4 0.8545 0.3315
vn -0.4228 0.8389 0.3427
vn -0.443 0.8368 0.3217
vn -0.4877 0.8056 0.3365
vn -0.726 -0.5147 0.456
vn -0.4679 -0.3518 0.8107
vn -0.726 -0.5147 0.456
vn -0.5792 -0.3672 0.7278
vn -0.4791 -0.3685 0.7966
vn -0.5747 -0.3994 0.7143
vn 0.4278 -0.8333 -0.3502
vn -0.5193 -0.3428 0.7828
vn -0.7073 -0.5318 0.4656
vn -0.5674 -0.4369 0.698
vn -0.5052 -0.4863 0.7129
vn -0.4877 0.8056 0.3365
vn -0.4829 -0.4397 0.7572
vn -0.7073 -0.5318 0.4656
vn -0.4679 -0.3518 0.8107
vn -0.6434 0.375 -0.6674
vn -0.6741 0.5446 -0.4989
vn -0.6592 0.6698 -0.3418
vn -0.7388 -0.5117 0.4385
vn -0.7461 -0.5169 0.4197
vn -0.6636 0.6599 -0.3524
vn -0.6636 0.6599 -0.3524
vn -0.7348 -0.5079 0.4495
vn -0.7381 -0.5098 0.4418
vn -0.7388 -0.5117 0.4385
vn -0.5943 0.8042 0.0002
vn -0.579 0.815 0.0242
vn 0.5924 -0.8013 0.0832
vn 0.5907 -0.8026 0.0835
vn -0.7381 -0.5098 0.4418
vn 0.5914 -0.802 0.0838
vn -0.7348 -0.5079 0.4495
vn 0.591 -0.8024 0.0831
vn -0.7308 -0.5032 0.4612
vn 0.5899 -0.8035 0.0801
vn -0.4652 0.8531 0.2361
vn -0.7381 -0.4968 0.4566
vn -0.7308 -0.5032 0.4612
vn -0.579 0.815 0.0242
vn -0.7348 -0.5079 0.4495
vn -0.2957 0.828 0.4764
vn -0.4343 0.8512 0.2947
vn -0.7381 -0.4968 0.4566
vn -0.7267 -0.5065 0.4642
vn -0.4652 0.8531 0.2361
vn -0.5669 -0.7335 0.3751
vn -0.4938 -0.7595 0.4235
vn -0.5414 -0.7067 0.4555
vn -0.493 -0.7445 0.4502
vn -0.5087 -0.7706 0.3839
vn -0.5377 -0.7534 0.3784
vn -0.5565 -0.7409 0.376
vn -0.5733 -0.7115 0.4063
vn -0.4931 -0.755 0.4322
vn -0.493 -0.7442 0.4506
vn -0.4802 -0.7262 0.492
vn -0.5639 -0.7014 0.436
vn -0.5781 -0.725 0.3743
vn -0.6009 -0.7143 0.3587
vn -0.5733 -0.7115 0.4063
vn 0.5032 -0.7105 -0.4919
vn 0.0695 -0.5664 -0.8212
vn 0.0687 -0.5657 -0.8218
vn 0.4222 -0.7161 -0.5558
vn 0.2796 -0.6784 -0.6794
vn -0.5781 -0.725 0.3743
vn -0.5399 -0.7858 0.3016
vn -0.5781 -0.725 0.3743
vn -0.6149 -0.7081 0.3472
vn -0.609 -0.7013 0.3706
vn -0.5669 -0.7335 0.3751
vn -0.6009 -0.7143 0.3587
vn -0.2035 -0.3801 -0.9023
vn -0.6258 -0.6945 0.355
vn -0.6149 -0.7081 0.3472
vn -0.6009 -0.7143 0.3587
vn -0.188 -0.3958 -0.8989
vn 0.0695 -0.5664 -0.8212
vn -0.6258 -0.6945 0.355
vn -0.2035 -0.3801 -0.9023
vn -0.2943 -0.2992 -0.9077
vn -0.6512 -0.662 0.371
vn -0.4685 -0.7667 0.439
vn -0.4577 -0.7583 0.4642
vn 0.6569 -0.6611 -0.3624
vn 0.6294 -0.6846 -0.3677
vn -0.493 -0.7445 0.4502
vn -0.5414 -0.7067 0.4555
vn 0.7083 -0.5925 -0.3836
vn 0.629 -0.679 -0.3787
vn -0.4684 -0.7544 0.4599
vn -0.5639 -0.7014 0.436
vn 0.5852 -0.7209 -0.3713
vn 0.6294 -0.6846 -0.3677
vn 0.5756 -0.7213 -0.3852
vn -0.5414 -0.7067 0.4555
vn 0.5772 -0.7216 -0.3821
vn 0.5824 -0.7264 -0.3648
vn -0.5639 -0.7014 0.436
vn -0.5733 -0.7115 0.4063
vn 0.5824 -0.7264 -0.3648
vn 0.4222 -0.7161 -0.5558
vn 0.5655 -0.7314 -0.3811
vn -0.7318 0.0489 -0.6797
vn -0.4582 -0.8171 0.3498
vn -0.5032 -0.1582 -0.8496
vn -0.7385 0.0627 -0.6713
vn -0.481 -0.7947 0.3703
vn -0.4625 -0.7916 0.3993
vn -0.4536 -0.7857 0.4205
vn -0.8781 0.3449 -0.3316
vn -0.4625 -0.7916 0.3993
vn -0.8735 0.2375 -0.4249
vn -0.7318 0.0489 -0.6797
vn -0.5087 -0.7706 0.3839
vn -0.4802 -0.7262 0.492
vn -0.4536 -0.7857 0.4205
vn -0.481 -0.7947 0.3703
vn -0.4625 -0.7916 0.3993
vn -0.5071 -0.7721 0.3831
vn -0.8903 0.3853 -0.2427
vn -0.4536 -0.7857 0.4205
vn -0.8735 0.2375 -0.4249
vn -0.4802 -0.7262 0.492
vn -0.4938 -0.7595 0.4235
vn -0.8955 0.4424 -0.0479
vn -0.4938 -0.7595 0.4235
vn -0.4931 -0.755 0.4322
vn -0.8903 0.3853 -0.2427
vn -0.8494 0.5241 0.0625
vn -0.8955 0.4424 -0.0479
vn -0.4931 -0.755 0.4322
vn -0.493 -0.7442 0.4506
vn -0.8163 0.5568 0.1537
vn -0.8163 0.5568 0.1537
vn -0.7192 0.6023 0.3463
vn -0.7202 0.6019 0.345
vn -0.493 -0.7445 0.4502
vn -0.493 -0.7442 0.4506
vn -0.4684 -0.7544 0.4599
vn -0.4684 -0.7544 0.4599
vn -0.6974 0.6076 0.3802
vn -0.4577 -0.7583 0.4642
vn -0.7202 0.6019 0.345
vn -0.4577 -0.7583 0.4642
vn -0.6974 0.6076 0.3802
vn -0.7261 0.5723 0.3811
vn -0.4685 -0.7667 0.439
vn -0.7071 0.5533 0.4403
vn -0.3977 -0.8048 0.4406
vn -0.4477 -0.7773 0.4421
vn -0.3472 -0.5106 0.7866
vn -0.4149 -0.5478 0.7264
vn -0.4477 -0.7773 0.4421
vn -0.4151 -0.5562 0.7199
vn 0.7083 -0.5925 -0.3836
vn -0.3609 -0.5079 0.7822
vn -0.4685 -0.7667 0.439
vn -0.3332 -0.5473 0.7678
vn -0.3977 -0.8048 0.4406
vn -0.3332 -0.5473 0.7678
vn -0.4477 -0.7773 0.4421
vn -0.2968 -0.5881 0.7524
vn -0.3855 -0.8101 0.4418
vn -0.7261 0.5723 0.3811
vn -0.7274 0.5357 0.4288
vn -0.7482 0.5292 0.4002
vn -0.3977 -0.8048 0.4406
vn -0.3855 -0.8101 0.4418
vn -0.7848 0.4613 0.414
vn -0.7848 0.4613 0.414
vn -0.1936 -0.5559 0.8084
vn -0.3855 -0.8101 0.4418
vn -0.2696 -0.6597 0.7015
vn -0.2968 -0.5881 0.7524
vn -0.2785 -0.655 0.7024
vn -0.5337 -0.129 -0.8358
vn -0.5032 -0.1582 -0.8496
vn -0.2909 -0.2984 -0.909
vn -0.4582 -0.8171 0.3498
vn -0.4464 -0.8285 0.338
vn -0.481 -0.7947 0.3703
vn -0.5071 -0.7721 0.3831
vn -0.4464 -0.8285 0.338
vn 0.1351 0.3049 0.9428
vn 0.1454 0.276 0.9501
vn -0.4526 -0.8222 0.3451
vn -0.4582 -0.8171 0.3498
vn 0.1618 0.2872 0.9441
vn -0.2909 -0.2984 -0.909
vn -0.4526 -0.8222 0.3451
vn -0.3558 -0.856 0.3751
vn -0.1431 -0.3723 -0.917
vn -0.3184 -0.276 -0.9069
vn -0.4464 -0.8285 0.338
vn -0.3094 -0.8828 0.3535
vn -0.2669 -0.9212 0.283
vn 0.0952 0.2983 0.9497
vn -0.4526 -0.8222 0.3451
vn -0.3558 -0.856 0.3751
vn 0.1454 0.276 0.9501
vn -0.3558 -0.856 0.3751
vn -0.1241 -0.3522 -0.9276
vn -0.0931 -0.3621 -0.9275
vn -0.1473 -0.3247 -0.9343
vn -0.2669 -0.9212 0.283
vn -0.1431 -0.3723 -0.917
vn 0.2909 0.2204 0.931
vn -0.2227 -0.9154 0.3354
vn 0.0952 0.2983 0.9497
vn 0.0978 0.2781 0.9556
vn -0.3094 -0.8828 0.3535
vn -0.1012 -0.9442 0.3135
vn -0.1604 -0.9452 0.2844
vn -0.134 -0.9447 0.2993
vn -0.1383 -0.9459 0.2934
vn -0.1343 -0.9542 0.2673
vn -0.1376 -0.9091 0.3931
vn -0.1448 -0.9449 0.2936
vn -0.1395 -0.9378 0.318
vn -0.1398 -0.9264 0.3497
vn -0.1221 -0.9445 0.3049
vn -0.0803 -0.9466 0.3124
vn -0.1385 -0.9453 0.2954
vn -0.1397 -0.9352 0.3253
vn -0.0069 -0.9746 0.224
vn 0.3686 -0.3803 -0.8482
vn -0.1221 -0.9445 0.3049
vn -0.134 -0.9447 0.2993
vn 0.1517 -0.3747 -0.9147
vn -0.134 -0.9447 0.2993
vn -0.1604 -0.9452 0.2844
vn 0.1123 -0.3763 -0.9197
vn 0.1517 -0.3747 -0.9147
vn -0.0135 -0.3559 -0.9344
vn 0.0026 -0.6617 0.7498
vn 0.1179 -0.7535 0.6468
vn 0.1408 -0.7611 0.6332
vn 0.1093 -0.7787 0.6178
vn 0.0144 -0.6841 0.7293
vn 0.0716 -0.9373 0.341
vn -0.8336 -0.143 0.5335
vn 0.0483 -0.6599 0.7498
vn -0.8665 -0.0014 0.4992
vn -0.8636 0.1488 0.4818
vn -0.8474 0.0948 0.5224
vn 0.0812 -0.943 0.3226
vn 0.0716 -0.9373 0.341
vn -0.8574 0.1068 0.5034
vn -0.8336 -0.143 0.5335
vn -0.8689 0.0788 0.4886
vn 0.0539 -0.9381 0.3421
vn -0.8636 0.1488 0.4818
vn -0.8504 0.1651 0.4996
vn -0.8525 0.1656 0.4958
vn -0.0086 -0.93 0.3674
vn -0.0377 -0.9304 0.3647
vn -0.0373 -0.9315 0.3619
vn 0.0812 -0.943 0.3226
vn -0.1058 -0.9246 0.3658
vn -0.0946 -0.9201 0.3802
vn 0.8295 -0.2808 -0.4827
vn 0.8219 -0.2864 -0.4924
vn 0.8472 -0.2249 -0.4814
vn 0.8316 -0.2835 -0.4775
vn -0.1383 -0.9459 0.2934
vn -0.1385 -0.9453 0.2954
vn 0.9539 -0.1292 0.2711
vn 0.9787 -0.196 0.0612
vn 0.9558 -0.2553 -0.1458
vn 0.9787 -0.196 0.0612
vn -0.1385 -0.9453 0.2954
vn -0.1383 -0.9556 0.2601
vn -0.1343 -0.9542 0.2673
vn -0.1376 -0.9091 0.3931
vn -0.1398 -0.9264 0.3497
vn 0.7888 -0.0012 0.6147
vn 0.6283 0.0858 0.7732
vn 0.8757 -0.0488 0.4805
vn 0.7892 -0.0016 0.6141
vn -0.1398 -0.9264 0.3497
vn 0.7888 -0.0012 0.6147
vn -0.1397 -0.9352 0.3253
vn 0.9062 -0.0751 0.4161
vn 0.914 -0.0821 0.3973
vn -0.1395 -0.9378 0.318
vn -0.1397 -0.9352 0.3253
vn 0.8757 -0.0488 0.4805
vn 0.9539 -0.1292 0.2708
vn 0.914 -0.0821 0.3973
vn -0.1395 -0.9378 0.318
vn 0.9539 -0.1292 0.2711
vn -0.1383 -0.9459 0.2934
vn -0.1493 -0.9613 0.2316
vn -0.8469 0.179 0.5007
vn -0.8501 0.1964 0.4887
vn -0.0069 -0.9746 0.224
vn -0.1456 -0.959 0.243
vn -0.1383 -0.9556 0.2601
vn -0.8506 0.1717 0.497
vn -0.1343 -0.9542 0.2673
vn -0.0069 -0.9746 0.224
vn -0.0803 -0.9466 0.3124
vn -0.0423 -0.9452 0.3236
vn -0.8506 0.1717 0.497
vn -0.8495 0.1699 0.4995
vn -0.8525 0.1656 0.4958
vn -0.849 0.1675 0.5011
vn -0.8495 0.1699 0.4995
vn -0.0377 -0.9304 0.3647
vn -0.0423 -0.9452 0.3236
vn -0.1383 -0.9556 0.2601
vn 0.9752 -0.2107 -0.0672
vn 0.8787 -0.294 -0.376
vn 0.8595 -0.2961 -0.4166
vn 0.9558 -0.2553 -0.1458
vn -0.1493 -0.9613 0.2316
vn 0.8595 -0.2961 -0.4166
vn 0.8226 -0.3053 -0.4798
vn -0.1595 -0.9603 0.2289
vn -0.1456 -0.959 0.243
vn -0.1493 -0.9613 0.2316
vn -0.2538 -0.9364 0.2425
vn -0.1456 -0.959 0.243
vn -0.1601 -0.9645 0.2099
vn -0.1595 -0.9603 0.2289
vn -0.8501 0.1964 0.4887
vn -0.8496 0.1952 0.4901
vn -0.191 -0.9656 0.1766
vn -0.225 -0.9581 0.1772
vn -0.2538 -0.9364 0.2425
vn -0.1601 -0.9645 0.2099
vn -0.1595 -0.9603 0.2289
vn -0.1593 -0.9767 0.1438
vn -0.1601 -0.9645 0.2099
vn -0.8496 0.1952 0.4901
vn -0.8421 0.1977 0.5017
vn -0.191 -0.9656 0.1766
vn -0.8449 0.2185 0.4882
vn -0.1593 -0.9767 0.1438
vn -0.191 -0.9656 0.1766
vn -0.2368 -0.9638 0.1224
vn -0.2675 -0.9537 0.1372
vn -0.2426 -0.9552 0.1694
vn -0.225 -0.9581 0.1772
vn -0.3622 -0.9199 0.1506
vn -0.2678 -0.9562 0.1177
vn -0.8449 0.2185 0.4882
vn -0.8363 0.2209 0.5017
vn -0.8405 0.2345 0.4885
vn -0.2368 -0.9638 0.1224
vn -0.1593 -0.9767 0.1438
vn -0.8405 0.2345 0.4885
vn -0.8412 0.2346 0.4873
vn -0.3622 -0.9199 0.1506
vn -0.2368 -0.9638 0.1224
vn -0.4037 -0.9139 0.0431
vn -0.3526 -0.9357 0.0135
vn -0.3599 -0.9322 -0.0378
vn -0.4266 -0.9036 -0.0384
vn -0.4294 -0.9028 -0.0248
vn -0.3867 -0.9214 -0.0378
vn -0.4269 -0.9043 0.0079
vn -0.3513 -0.9363 -0.0033
vn -0.458 -0.8881 0.0379
vn -0.3532 -0.9354 -0.017
vn -0.3593 -0.9325 0.038
vn -0.3513 -0.9363 -0.0033
vn -0.9131 0.3213 0.2509
vn -0.3526 -0.9357 0.0135
vn -0.9556 0.292 -0.0398
vn -0.8728 0.3021 0.3833
vn -0.3526 -0.9357 0.0135
vn -0.3593 -0.9325 0.038
vn -0.3719 -0.9277 0.0321
vn -0.9131 0.3213 0.2509
vn -0.3719 -0.9277 0.0321
vn -0.3593 -0.9325 0.038
vn -0.3458 -0.9321 0.108
vn -0.458 -0.8881 0.0379
vn -0.3191 -0.946 0.0576
vn -0.3149 -0.9442 0.0962
vn -0.8191 0.2796 0.5009
vn -0.8319 0.2698 0.4849
vn -0.8728 0.3021 0.3833
vn -0.853 0.2902 0.4338
vn -0.3191 -0.946 0.0576
vn -0.3719 -0.9277 0.0321
vn -0.8319 0.2698 0.4849
vn -0.3191 -0.946 0.0576
vn -0.8412 0.2346 0.4873
vn -0.3149 -0.9442 0.0962
vn -0.829 0.2484 0.501
vn -0.2678 -0.9562 0.1177
vn -0.3622 -0.9199 0.1506
vn -0.3276 -0.9426 -0.0648
vn -0.3356 -0.9404 -0.0554
vn -0.8302 0.2746 -0.4852
vn -0.8301 0.2746 -0.4853
vn -0.3867 -0.9214 -0.0378
vn -0.3099 -0.9471 -0.0837
vn -0.3454 -0.9338 -0.0935
vn -0.3195 -0.9444 -0.0777
vn -0.3128 -0.9433 -0.1116
vn -0.3356 -0.9404 -0.0554
vn -0.3276 -0.9426 -0.0648
vn -0.315 -0.9444 -0.0943
vn -0.3599 -0.9322 -0.0378
vn -0.3499 -0.9358 -0.0427
vn -0.4016 -0.9123 -0.08
vn -0.8301 0.2746 -0.4853
vn -0.3195 -0.9444 -0.0777
vn -0.3276 -0.9426 -0.0648
vn -0.8237 0.2662 -0.5006
vn -0.838 0.2519 -0.4841
vn -0.838 0.2519 -0.4841
vn -0.315 -0.9444 -0.0943
vn -0.3195 -0.9444 -0.0777
vn -0.8373 0.2522 -0.4851
vn -0.3499 -0.9358 -0.0427
vn -0.8302 0.2746 -0.4852
vn -0.8261 0.2746 -0.4922
vn -0.3356 -0.9404 -0.0554
vn -0.3499 -0.9358 -0.0427
vn -0.8261 0.2746 -0.4922
vn -0.3532 -0.9354 -0.017
vn -0.3599 -0.9322 -0.0378
vn -0.8975 0.3031 -0.3204
vn -0.8983 0.3042 -0.317
vn -0.8193 0.2796 -0.5005
vn -0.3532 -0.9354 -0.017
vn -0.8975 0.3031 -0.3204
vn -0.9344 0.3368 0.1155
vn -0.9556 0.292 -0.0398
vn -0.3513 -0.9363 -0.0033
vn -0.8449 0.2186 -0.4883
vn -0.2777 -0.9505 -0.1392
vn -0.8458 0.2178 -0.4871
vn -0.2793 -0.9517 -0.1277
vn -0.2261 -0.9659 -0.1263
vn -0.8458 0.2178 -0.4871
vn -0.2777 -0.9505 -0.1392
vn -0.2838 -0.9509 -0.1233
vn -0.8369 0.2502 -0.4868
vn -0.8329 0.236 -0.5006
vn -0.3454 -0.9338 -0.0935
vn -0.2777 -0.9505 -0.1392
vn 0.7987 -0.3698 0.4747
vn 0.7883 -0.3657 0.4949
vn -0.2784 -0.9524 -0.1246
vn 0.7935 -0.3775 0.4773
vn -0.2838 -0.9509 -0.1233
vn -0.3099 -0.9471 -0.0837
vn -0.2793 -0.9517 -0.1277
vn -0.2884 -0.9506 -0.1146
vn -0.2884 -0.9506 -0.1146
vn -0.2838 -0.9509 -0.1233
vn -0.8369 0.2502 -0.4868
vn -0.8384 0.2537 -0.4824
vn -0.2884 -0.9506 -0.1146
vn -0.3099 -0.9471 -0.0837
vn -0.3128 -0.9433 -0.1116
vn -0.8384 0.2537 -0.4824
vn -0.8373 0.2522 -0.4852
vn -0.3128 -0.9433 -0.1116
vn -0.315 -0.9444 -0.0943
vn -0.8373 0.2522 -0.4851
vn -0.8373 0.2522 -0.4852
vn -0.2784 -0.9524 -0.1246
vn -0.2368 -0.9552 -0.1775
vn -0.2261 -0.9659 -0.1263
vn -0.207 -0.9698 -0.1289
vn -0.1969 -0.9643 -0.1769
vn -0.1897 -0.9701 -0.1511
vn -0.2793 -0.9517 -0.1277
vn -0.1913 -0.9721 -0.136
vn -0.2261 -0.9659 -0.1263
vn -0.207 -0.9698 -0.1289
vn -0.8446 0.2187 -0.4887
vn -0.8449 0.2186 -0.4883
vn -0.8381 0.2192 -0.4996
vn -0.8446 0.2187 -0.4887
vn -0.847 0.2061 -0.49
vn -0.207 -0.9698 -0.1289
vn -0.1913 -0.9721 -0.136
vn -0.1584 -0.9612 -0.226
vn -0.8476 0.1885 -0.4961
vn -0.8449 0.194 -0.4984
vn -0.8472 0.1965 -0.4936
vn -0.1618 -0.9634 -0.2136
vn -0.1618 -0.9634 -0.2136
vn -0.8471 0.1965 -0.4939
vn -0.8472 0.1965 -0.4936
vn -0.1685 -0.9653 -0.1993
vn -0.2598 -0.944 -0.2033
vn -0.1584 -0.9612 -0.226
vn -0.1587 -0.9579 -0.2395
vn -0.1969 -0.9643 -0.1769
vn -0.2368 -0.9552 -0.1775
vn -0.2003 -0.951 -0.2354
vn -0.2004 -0.9638 -0.1758
vn -0.1572 -0.9607 -0.2289
vn -0.1878 -0.9651 -0.1827
vn -0.1777 -0.9655 -0.1901
vn -0.1685 -0.9653 -0.1993
vn -0.1618 -0.9634 -0.2136
vn -0.8471 0.1965 -0.4939
vn -0.1777 -0.9655 -0.1901
vn -0.1685 -0.9653 -0.1993
vn -0.8491 0.1956 -0.4907
vn -0.8491 0.1956 -0.4907
vn -0.1878 -0.9651 -0.1827
vn -0.8468 0.1975 -0.4938
vn -0.1777 -0.9655 -0.1901
vn -0.1878 -0.9651 -0.1827
vn -0.2004 -0.9638 -0.1758
vn -0.8468 0.1975 -0.4938
vn -0.8417 0.2036 -0.5001
vn -0.8469 0.2061 -0.4902
vn -0.8469 0.2061 -0.4902
vn -0.1897 -0.9701 -0.1511
vn -0.1969 -0.9643 -0.1769
vn -0.2004 -0.9638 -0.1758
vn -0.8471 0.206 -0.4899
vn -0.8471 0.206 -0.4899
vn -0.1913 -0.9721 -0.136
vn -0.1897 -0.9701 -0.1511
vn -0.847 0.2061 -0.49
vn -0.1342 -0.9542 -0.2675
vn -0.1302 -0.9501 -0.2836
vn -0.8467 0.1865 -0.4983
vn -0.8471 0.1869 -0.4975
vn -0.8503 0.1828 -0.4936
vn -0.1383 -0.9565 -0.2567
vn -0.1342 -0.9542 -0.2675
vn -0.8467 0.1865 -0.4983
vn -0.8489 0.1871 -0.4944
vn 0.9742 -0.2249 0.0171
vn 0.9529 -0.0976 -0.2872
vn 0.9676 -0.1639 -0.1923
vn 0.9001 -0.2664 0.3449
vn 0.9193 -0.2728 0.2837
vn -0.1302 -0.9501 -0.2836
vn -0.1309 -0.9595 -0.2494
vn -0.1446 -0.958 -0.2478
vn -0.1342 -0.9542 -0.2675
vn -0.1382 -0.9472 -0.2895
vn -0.1383 -0.9565 -0.2567
vn -0.8489 0.1871 -0.4944
vn -0.1456 -0.9583 -0.2458
vn -0.1446 -0.958 -0.2478
vn -0.848 0.1877 -0.4956
vn -0.1383 -0.9565 -0.2567
vn -0.1456 -0.9583 -0.2458
vn -0.2003 -0.951 -0.2354
vn -0.1572 -0.9607 -0.2289
vn 0.8231 -0.3047 0.4793
vn 0.9193 -0.2728 0.2837
vn -0.1446 -0.958 -0.2478
vn -0.848 0.1877 -0.4956
vn -0.8485 0.1872 -0.495
vn -0.1572 -0.9607 -0.2289
vn -0.1456 -0.9583 -0.2458
vn -0.1587 -0.9579 -0.2395
vn -0.1587 -0.9579 -0.2395
vn -0.1584 -0.9612 -0.226
vn -0.8476 0.1885 -0.4961
vn -0.8485 0.1872 -0.495
vn -0.1302 -0.9501 -0.2836
vn -0.0615 -0.9635 -0.2606
vn -0.8503 0.1828 -0.4936
vn -0.1309 -0.9595 -0.2494
vn -0.8489 0.1834 -0.4958
vn -0.1309 -0.9595 -0.2494
vn -0.0615 -0.9635 -0.2606
vn -0.055 -0.9623 -0.2663
vn -0.0549 -0.9579 -0.2817
vn -0.1024 -0.944 -0.3137
vn -0.0783 -0.9468 -0.3122
vn -0.1423 -0.9447 -0.2953
vn -0.1349 -0.9445 -0.2996
vn -0.1406 -0.9314 -0.3356
vn -0.1382 -0.9472 -0.2895
vn -0.1028 -0.944 -0.3136
vn -0.0615 -0.9635 -0.2606
vn -0.8489 0.1834 -0.4958
vn -0.055 -0.9623 -0.2663
vn -0.8503 0.1835 -0.4932
vn -0.0656 -0.9462 -0.3169
vn -0.0522 -0.9443 -0.3249
vn -0.8523 0.1736 -0.4934
vn -0.8525 0.1733 -0.4931
vn -0.854 0.1729 -0.4908
vn -0.0417 -0.94 -0.3386
vn -0.0522 -0.9443 -0.3249
vn -0.8525 0.1733 -0.4931
vn -0.854 0.1729 -0.4908
vn -0.8497 0.1701 -0.4991
vn -0.0417 -0.94 -0.3386
vn -0.0361 -0.9311 -0.3629
vn -0.8564 0.1546 -0.4927
vn -0.8516 0.1748 -0.4942
vn -0.8523 0.1736 -0.4934
vn -0.0656 -0.9462 -0.3169
vn -0.0742 -0.9467 -0.3133
vn -0.8505 0.1771 -0.4953
vn -0.0549 -0.9579 -0.2817
vn -0.0783 -0.9468 -0.3122
vn -0.8516 0.1748 -0.4942
vn -0.0742 -0.9467 -0.3133
vn -0.0549 -0.9579 -0.2817
vn -0.055 -0.9623 -0.2663
vn -0.8503 0.1835 -0.4932
vn -0.8486 0.1825 -0.4966
vn -0.8505 0.1771 -0.4953
vn -0.8608 0.1168 -0.4954
vn 0.0427 -0.9351 -0.3518
vn 0.05 -0.936 -0.3485
vn 0.0464 -0.9362 -0.3485
vn -0.8659 0.0824 -0.4934
vn -0.8652 0.1169 -0.4876
vn 0.0399 -0.9374 -0.3461
vn 0.0427 -0.9351 -0.3518
vn -0.8652 0.1169 -0.4876
vn -0.86 0.1216 -0.4957
vn -0.0327 -0.9244 -0.38
vn -0.0382 -0.9289 -0.3685
vn -0.0361 -0.9311 -0.3629
vn 0.0399 -0.9374 -0.3461
vn -0.86 0.1216 -0.4957
vn -0.8564 0.1546 -0.4927
vn -0.8531 0.1559 -0.498
vn 0.8656 -0.1522 0.4771
vn 0.8457 -0.2383 0.4775
vn 0.8491 -0.2382 0.4714
vn -0.0209 -0.9387 -0.3442
vn -0.0202 -0.9358 -0.352
vn 0.855 -0.2073 0.4754
vn -0.1924 -0.9231 -0.3331
vn -0.1406 -0.9314 -0.3356
vn 0.6658 0.0665 -0.7431
vn -0.1423 -0.9447 -0.2953
vn 0.8339 -0.0311 -0.551
vn -0.1948 -0.9225 -0.3331
vn -0.1924 -0.9231 -0.3331
vn -0.2128 -0.9182 -0.3341
vn 0.6658 0.0665 -0.7431
vn 0.446 0.1474 -0.8828
vn -0.0603 -0.3546 0.9331
vn -0.0894 -0.3763 0.9222
vn -0.1948 -0.9225 -0.3331
vn -0.1924 -0.9231 -0.3331
vn -0.0953 -0.3682 0.9249
vn -0.2289 -0.9134 -0.3366
vn -0.263 -0.9014 -0.344
vn -0.2128 -0.9182 -0.3341
vn 0.8339 -0.0311 -0.551
vn -0.1406 -0.9314 -0.3356
vn -0.1382 -0.9472 -0.2895
vn 0.797 0.0126 -0.6039
vn 0.9676 -0.1639 -0.1923
vn -0.1349 -0.9445 -0.2996
vn -0.1948 -0.9225 -0.3331
vn -0.1423 -0.9447 -0.2953
vn -0.0603 -0.3546 0.9331
vn 0.1885 -0.383 0.9043
vn 0.1885 -0.383 0.9043
vn 0.5071 -0.3736 0.7767
vn -0.1349 -0.9445 -0.2996
vn -0.1024 -0.944 -0.3137
vn 0.4273 -0.3901 0.8156
vn 0.0954 -0.3529 0.9308
vn -0.1024 -0.944 -0.3137
vn 0.5071 -0.3736 0.7767
vn -0.106 -0.935 -0.3385
vn 0.696 -0.342 0.6313
vn -0.1028 -0.944 -0.3136
vn 0.7157 -0.341 0.6096
vn 0.696 -0.342 0.6313
vn -0.106 -0.935 -0.3385
vn -0.1061 -0.938 -0.3299
vn 0.8066 -0.3047 0.5065
vn -0.4527 -0.8225 -0.3444
vn -0.4408 -0.8269 -0.3492
vn 0.0962 0.2966 -0.9501
vn -0.3119 -0.8909 -0.3301
vn 0.1537 0.2912 -0.9442
vn 0.1529 0.2714 -0.9503
vn -0.3553 -0.856 -0.3754
vn -0.1263 -0.3583 0.925
vn -0.1331 -0.3502 0.9272
vn -0.0953 -0.3682 0.9249
vn -0.3553 -0.856 -0.3754
vn -0.3119 -0.8909 -0.3301
vn -0.263 -0.9014 -0.344
vn 0.0962 0.2966 -0.9501
vn 0.1397 0.2682 -0.9532
vn 0.0984 0.2795 -0.9551
vn -0.3119 -0.8909 -0.3301
vn -0.2289 -0.9134 -0.3366
vn -0.263 -0.9014 -0.344
vn 0.1397 0.2682 -0.9532
vn -0.2128 -0.9182 -0.3341
vn 0.22 0.2345 -0.9469
vn -0.2289 -0.9134 -0.3366
vn 0.446 0.1474 -0.8828
vn 0.5374 0.136 -0.8323
vn -0.4491 -0.8207 -0.3533
vn -0.7723 0.1332 0.6211
vn -0.8934 0.3388 0.2949
vn -0.8109 0.1644 0.5617
vn -0.4539 -0.786 -0.4197
vn -0.4936 -0.7819 -0.3807
vn -0.5358 -0.1272 0.8347
vn -0.6609 -0.0308 0.7498
vn -0.4638 -0.8113 -0.3559
vn -0.8109 0.1644 0.5617
vn -0.4936 -0.7819 -0.3807
vn -0.4638 -0.8113 -0.3559
vn -0.4527 -0.8225 -0.3444
vn -0.4491 -0.8207 -0.3533
vn -0.5085 -0.7712 -0.383
vn -0.0205 0.3985 -0.9169
vn 0.1537 0.2912 -0.9442
vn -0.5353 -0.7558 -0.3771
vn -0.4936 -0.7819 -0.3807
vn -0.4408 -0.8269 -0.3492
vn -0.4527 -0.8225 -0.3444
vn -0.2639 -0.3151 0.9116
vn -0.4638 -0.8113 -0.3559
vn -0.5358 -0.1272 0.8347
vn -0.5338 -0.1294 0.8357
vn -0.341 -0.2784 0.8979
vn -0.1331 -0.3502 0.9272
vn -0.4408 -0.8269 -0.3492
vn -0.1672 -0.3686 0.9144
vn -0.168 -0.3682 0.9144
vn -0.2639 -0.3151 0.9116
vn -0.3553 -0.856 -0.3754
vn -0.458 -0.7725 -0.4397
vn 0.6678 -0.6401 0.3798
vn 0.6992 -0.619 0.3577
vn 0.6652 -0.6522 0.3635
vn -0.4693 -0.77 -0.4323
vn -0.4693 -0.77 -0.4323
vn -0.4694 -0.7428 -0.4773
vn -0.7852 0.4548 -0.4202
vn -0.7397 0.539 -0.4029
vn -0.458 -0.7725 -0.4397
vn -0.4196 -0.7902 -0.4466
vn -0.7462 0.5325 -0.3995
vn -0.3601 -0.8286 -0.4287
vn -0.4829 -0.7651 -0.426
vn -0.4694 -0.7428 -0.4773
vn 0.6652 -0.6522 0.3635
vn 0.6163 -0.6974 0.3658
vn -0.4693 -0.77 -0.4323
vn 0.6213 -0.6984 0.3552
vn -0.4694 -0.7428 -0.4773
vn -0.4807 -0.7371 -0.4749
vn -0.4829 -0.7651 -0.426
vn -0.7051 0.5748 -0.4153
vn -0.7158 0.5697 -0.4037
vn -0.7152 0.5747 -0.3978
vn -0.7397 0.539 -0.4029
vn -0.4954 -0.7381 -0.458
vn -0.56 -0.6985 -0.4456
vn 0.5908 -0.7117 0.38
vn -0.4807 -0.7371 -0.4749
vn -0.4829 -0.7651 -0.426
vn 0.5895 -0.7235 0.3593
vn 0.6213 -0.6984 0.3552
vn -0.716 0.6103 -0.3389
vn -0.4954 -0.7381 -0.458
vn -0.4807 -0.7371 -0.4749
vn -0.7767 0.5934 -0.2111
vn -0.494 -0.7444 -0.4493
vn -0.7152 0.5747 -0.3978
vn -0.674 0.6205 -0.4008
vn -0.7767 0.5934 -0.2111
vn -0.8541 0.5157 -0.0672
vn -0.494 -0.7444 -0.4493
vn -0.4943 -0.7564 -0.4284
vn -0.882 0.4609 0.0987
vn 0.6992 -0.619 0.3577
vn -0.4104 -0.5516 -0.7261
vn -0.3611 -0.5076 -0.7823
vn -0.3474 -0.5103 -0.7867
vn -0.4196 -0.7902 -0.4466
vn -0.458 -0.7725 -0.4397
vn -0.3221 -0.5749 -0.7522
vn -0.4196 -0.7902 -0.4466
vn -0.3601 -0.8286 -0.4287
vn -0.3221 -0.5749 -0.7522
vn -0.2703 -0.5804 -0.7681
vn -0.2703 -0.5804 -0.7681
vn -0.193 -0.5556 -0.8087
vn -0.7852 0.4548 -0.4202
vn -0.2721 -0.6635 -0.6969
vn -0.3601 -0.8286 -0.4287
vn -0.6212 -0.7051 -0.342
vn -0.6143 -0.7081 -0.3481
vn -0.6507 -0.6625 -0.3711
vn -0.2993 -0.3047 0.9042
vn -0.1064 -0.4669 0.8779
vn -0.5701 -0.7431 -0.3504
vn -0.5796 -0.7244 -0.3732
vn -0.6028 -0.6948 -0.3921
vn -0.5805 -0.724 -0.3727
vn -0.5661 -0.7348 -0.3736
vn -0.5917 -0.6637 -0.4576
vn -0.6143 -0.7081 -0.3481
vn -0.6212 -0.7051 -0.342
vn 0.0485 -0.5741 0.8174
vn -0.1064 -0.4669 0.8779
vn -0.6212 -0.7051 -0.342
vn 0.2781 -0.6741 0.6843
vn -0.5796 -0.7244 -0.3732
vn -0.1718 -0.3892 0.905
vn 0.2829 -0.675 0.6814
vn 0.4759 -0.7351 0.4828
vn 0.511 -0.7347 0.4461
vn -0.5742 -0.7137 -0.4011
vn -0.5805 -0.724 -0.3727
vn -0.5796 -0.7244 -0.3732
vn 0.2829 -0.675 0.6814
vn -0.56 -0.6985 -0.4456
vn -0.5742 -0.7137 -0.4011
vn 0.5656 -0.7346 0.3748
vn 0.5895 -0.7235 0.3593
vn 0.5628 -0.7354 0.3773
vn 0.511 -0.7347 0.4461
vn -0.7409 -0.5119 -0.4347
vn -0.7375 -0.5098 -0.443
vn -0.7331 -0.5005 -0.4605
vn 0.5904 -0.8032 -0.079
vn 0.5902 -0.8032 -0.0809
vn 0.5919 -0.8017 -0.0831
vn 0.5918 -0.8018 -0.083
vn -0.5953 0.8035 -0.0008
vn -0.4953 0.8564 -0.1461
vn -0.7375 -0.5098 -0.443
vn -0.7409 -0.5119 -0.4347
vn -0.7395 -0.5076 -0.4421
vn -0.6403 0.748 0.1748
vn -0.6403 0.748 0.1748
vn -0.6819 0.6349 0.3631
vn -0.7395 -0.5076 -0.4421
vn -0.7432 -0.5143 -0.4279
vn -0.2784 -0.9524 -0.1246
vn -0.2598 -0.944 -0.2033
vn 0.7987 -0.3698 0.4747
vn 0.801 -0.3357 0.4956
vn 0.803 -0.3396 0.4898
vn 0.8017 -0.3382 0.4928
vn 0.8038 -0.3389 0.489
vn 0.8161 -0.3273 0.4763
vn -0.2368 -0.9552 -0.1775
vn -0.2003 -0.951 -0.2354
vn 0.8134 -0.3141 0.4896
vn -0.2598 -0.944 -0.2033
vn 0.8161 -0.3273 0.4763
vn 0.8231 -0.3047 0.4793
vn 0.8169 -0.313 0.4844
vn -0.4703 -0.8824 -0.0119
vn -0.4816 -0.8764 -0.0024
vn -0.4266 -0.9036 -0.0384
vn -0.4808 -0.8768 -0.0044
vn -0.4812 -0.8766 0.0052
vn -0.4663 -0.8845 0.0145
vn -0.4269 -0.9043 0.0079
vn 0.774 -0.4441 0.4514
vn -0.4294 -0.9028 -0.0248
vn -0.4703 -0.8824 -0.0119
vn -0.4266 -0.9036 -0.0384
vn 0.7615 -0.4374 0.4783
vn -0.4294 -0.9028 -0.0248
vn 0.7615 -0.4374 0.4783
vn 0.7693 -0.4013 0.4971
vn -0.4016 -0.9123 -0.08
vn 0.7919 -0.3782 0.4795
vn -0.3867 -0.9214 -0.0378
vn 0.7935 -0.3775 0.4773
vn 0.7919 -0.3782 0.4795
vn -0.3454 -0.9338 -0.0935
vn -0.4016 -0.9123 -0.08
vn 0.8666 -0.4867 0.1105
vn -0.4812 -0.8766 0.0052
vn 0.8737 -0.481 0.0726
vn 0.8328 -0.4905 -0.2565
vn -0.4816 -0.8764 -0.0024
vn -0.4808 -0.8768 -0.0044
vn 0.8737 -0.481 0.0726
vn 0.8198 -0.479 0.3138
vn -0.4816 -0.8764 -0.0024
vn 0.7836 -0.4487 0.4297
vn -0.4703 -0.8824 -0.0119
vn 0.8198 -0.479 0.3138
vn 0.774 -0.4441 0.4514
vn -0.4808 -0.8768 -0.0044
vn -0.3149 -0.9442 0.0962
vn -0.2675 -0.9537 0.1372
vn -0.2678 -0.9562 0.1177
vn -0.3458 -0.9321 0.108
vn 0.8086 -0.3445 -0.4769
vn 0.8051 -0.3475 -0.4806
vn -0.4037 -0.9139 0.0431
vn 0.7818 -0.3864 -0.4894
vn -0.3458 -0.9321 0.108
vn -0.458 -0.8881 0.0379
vn 0.7853 -0.3919 -0.4793
vn 0.8051 -0.3475 -0.4806
vn 0.7786 -0.3865 -0.4943
vn -0.4269 -0.9043 0.0079
vn -0.4037 -0.9139 0.0431
vn 0.7853 -0.3919 -0.4793
vn -0.4663 -0.8845 0.0145
vn 0.7667 -0.4246 -0.4815
vn 0.7593 -0.4211 -0.4962
vn 0.8328 -0.4905 -0.2565
vn -0.4663 -0.8845 0.0145
vn 0.8256 -0.4718 -0.3094
vn 0.7502 -0.4312 -0.5012
vn -0.4812 -0.8766 0.0052
vn 0.7667 -0.4246 -0.4815
vn 0.8226 -0.3053 -0.4798
vn -0.225 -0.9581 0.1772
vn -0.2426 -0.9552 0.1694
vn 0.8097 -0.3456 -0.4744
vn 0.8082 -0.3335 -0.4854
vn -0.2538 -0.9364 0.2425
vn -0.2675 -0.9537 0.1372
vn 0.8086 -0.3445 -0.4769
vn 0.8097 -0.3456 -0.4744
vn -0.2426 -0.9552 0.1694
vn 0.1351 0.3049 0.9428
vn -0.5071 -0.7721 0.3831
vn 0.1842 0.276 0.9433
vn -0.0387 0.408 0.9121
vn -0.5377 -0.7534 0.3784
vn -0.5087 -0.7706 0.3839
vn -0.771 -0.635 0.0483
vn -0.5432 0.6818 0.4901
vn -0.8074 -0.5891 0.0315
vn -0.5492 0.689 0.473
vn -0.5472 0.6763 0.4932
vn -0.5564 0.6808 0.4763
vn -0.771 -0.635 0.0483
vn -0.7653 -0.6336 0.1133
vn -0.5432 0.6818 0.4901
vn -0.7653 -0.6336 0.1133
vn -0.5687 0.677 0.4672
vn -0.7432 -0.654 0.1413
vn -0.5574 0.6771 0.4805
vn -0.5564 0.6808 0.4763
vn -0.7652 -0.6339 0.1127
vn -0.5687 0.677 0.4672
vn -0.6204 -0.7748 0.1215
vn -0.7391 -0.6558 0.1538
vn -0.7432 -0.654 0.1413
vn -0.5677 0.6908 0.4477
vn -0.615 0.6581 0.4344
vn -0.6971 -0.6907 0.1921
vn -0.6507 -0.7184 0.2458
vn -0.6204 -0.7748 0.1215
vn -0.5677 0.6908 0.4477
vn -0.5956 0.6656 0.4498
vn -0.5871 0.6617 0.4663
vn -0.6159 0.6541 0.439
vn -0.615 0.6581 0.4344
vn -0.6354 0.6445 0.4253
vn -0.6564 -0.7018 0.2766
vn -0.6507 -0.7184 0.2458
vn -0.6247 -0.7132 0.3179
vn -0.6309 0.6478 0.4271
vn -0.4966 0.6181 0.6093
vn -0.609 -0.7013 0.3706
vn -0.6247 -0.7132 0.3179
vn -0.5399 -0.7858 0.3016
vn -0.6354 0.6445 0.4253
vn -0.3011 0.5368 0.7882
vn -0.5399 -0.7858 0.3016
vn -0.5359 0.6464 0.5431
vn -0.5669 -0.7335 0.3751
vn -0.4966 0.6181 0.6093
vn -0.5565 -0.7409 0.376
vn -0.2373 0.5166 0.8227
vn -0.0131 0.3982 0.9172
vn -0.2373 0.5166 0.8227
vn -0.5565 -0.7409 0.376
vn -0.5377 -0.7534 0.3784
vn -0.0387 0.408 0.9121
vn -0.8074 -0.5891 0.0315
vn -0.7859 -0.6183 0.0084
vn -0.5492 0.689 0.473
vn -0.5652 0.7045 0.4291
vn -0.6045 0.7719 0.1971
vn -0.7947 -0.6059 0.0372
vn -0.7614 -0.6367 -0.1222
vn -0.564 0.6737 -0.4775
vn -0.5721 0.6771 -0.4629
vn -0.5623 0.6773 -0.4744
vn -0.7558 -0.6464 -0.1046
vn -0.6041 -0.7915 -0.0928
vn -0.589 0.6665 -0.4571
vn -0.7421 -0.6519 -0.1559
vn -0.5623 0.6773 -0.4744
vn -0.5469 0.6788 -0.4899
vn -0.5426 0.6819 -0.4906
vn -0.7739 -0.6316 -0.0466
vn -0.7614 -0.6367 -0.1222
vn -0.5519 0.6683 -0.4987
vn -0.5426 0.6819 -0.4906
vn -0.7866 -0.6173 -0.0109
vn -0.7955 -0.6048 -0.0368
vn -0.7739 -0.6316 -0.0466
vn -0.5937 0.7421 -0.3111
vn -0.5938 0.7547 -0.279
vn -0.6045 0.7719 0.1971
vn -0.5938 0.7547 -0.279
vn -0.6285 0.7696 0.1122
vn -0.7866 -0.6173 -0.0109
vn -0.7859 -0.6183 0.0084
vn 0.496 -0.7285 0.4724
vn 0.4866 -0.7279 0.4831
vn -0.7935 -0.6019 -0.09
vn -0.758 -0.6438 -0.105
vn -0.6024 0.6641 -0.4428
vn -0.6734 -0.7066 -0.2172
vn -0.5908 0.6673 -0.4535
vn -0.589 0.6665 -0.4571
vn -0.6041 -0.7915 -0.0928
vn -0.7062 -0.6815 -0.1923
vn -0.6734 -0.7066 -0.2172
vn -0.6054 0.6689 -0.4314
vn -0.6587 -0.7088 -0.2525
vn -0.6024 0.6641 -0.4428
vn -0.4908 0.6088 -0.6232
vn -0.4598 0.604 -0.6509
vn -0.6028 -0.6948 -0.3921
vn -0.5701 -0.7431 -0.3504
vn -0.5899 0.641 -0.4911
vn -0.6111 -0.7029 -0.364
vn -0.6586 -0.6772 -0.3282
vn -0.6111 -0.7029 -0.364
vn -0.6351 -0.7207 -0.278
vn -0.5899 0.641 -0.4911
vn -0.6287 0.6434 -0.4368
vn -0.6354 0.644 -0.4262
vn -0.6354 0.644 -0.4262
vn -0.6054 0.6689 -0.4314
vn -0.6586 -0.6772 -0.3282
vn -0.6587 -0.7088 -0.2525
vn -0.6058 0.6674 -0.4331
vn -0.5661 -0.7348 -0.3736
vn -0.5353 -0.7558 -0.3771
vn -0.0205 0.3985 -0.9169
vn 0.0706 0.3688 -0.9268
vn -0.2401 0.507 -0.8278
vn -0.3057 0.547 -0.7793
vn -0.5917 -0.6637 -0.4576
vn -0.3057 0.547 -0.7793
vn -0.5701 -0.7431 -0.3504
vn -0.4598 0.604 -0.6509
vn -0.5917 -0.6637 -0.4576
vn 0.9899 -0.0932 -0.107
vn 0.01 -0.8774 0.4797
vn 0.9986 0.0371 -0.0373
vn 0.9986 -0.0314 -0.0429
vn 0.0068 -0.8716 0.4902
vn 0.008 -0.8693 0.4941
vn -0.0378 -0.8757 0.4814
vn 0.9963 -0.0769 -0.0374
vn 0.9899 -0.0932 -0.107
vn 0.9913 -0.1186 -0.0568
vn 0.9986 0.0371 -0.0373
vn 0.9877 -0.1232 -0.0962
vn 0.9758 -0.1695 -0.1379
vn 0.9899 -0.0932 -0.107
vn 0.9877 -0.1232 -0.0962
vn -0.0415 -0.8773 0.4782
vn -0.0378 -0.8757 0.4814
vn 0.9785 -0.1703 -0.1162
vn 0.0694 -0.9903 0.12
vn 0.052 -0.9304 0.3629
vn 0.9984 0.0556 -0.0068
vn 0.9984 0.057 -0.0044
vn 0.0534 -0.9926 -0.1091
vn 0.0694 -0.9903 0.12
vn 0.9984 0.0556 -0.0068
vn 0.9984 0.0557 0.0061
vn 0.9984 0.0556 -0.0068
vn 0.9993 0.0336 0.0168
vn 0.9984 0.0557 0.0061
vn 0.9984 0.057 -0.0044
vn 0.9993 -0.0049 0.0371
vn 0.9991 0.0392 -0.0137
vn 0.9983 0.0583 0.0008
vn 1 -0.0049 -0.0067
vn 0.4356 -0.7549 0.4903
vn 0.8779 0.4743 -0.066
vn 0.8898 0.4548 -0.0374
vn 0.4388 -0.7463 0.5005
vn 0.4339 -0.7568 0.4888
vn 0.8825 0.4702 -0.0101
vn 0.9019 0.417 -0.1124
vn 0.8779 0.4743 -0.066
vn 0.8737 0.4857 -0.0275
vn 0.901 0.4189 -0.1127
vn 0.894 0.4465 -0.0375
vn 0.9056 0.4213 -0.0482
vn 0.9019 0.417 -0.1123
vn 0.8898 0.4548 -0.0374
vn 0.4547 -0.7569 0.4695
vn 0.4356 -0.7549 0.4903
vn 0.4426 -0.7558 0.4827
vn 0.8779 0.4743 -0.066
vn 0.4424 -0.7659 0.4666
vn 0.901 0.4189 -0.1127
vn 0.0264 -0.7359 0.6765
vn 0.0719 -0.7638 0.6414
vn 0.2335 -0.8979 0.3733
vn 0.8917 0.3276 0.3124
vn 0.8854 0.3366 0.3206
vn 0.8693 0.3282 0.3697
vn 0.8709 0.3243 0.3692
vn 0.8854 0.3366 0.3206
vn 0.0719 -0.7638 0.6414
vn -0.1842 -0.4033 0.8963
vn -0.0918 -0.5285 0.844
vn 0.9018 0.3057 0.3055
vn 0.8982 0.2477 0.3633
vn 0.8786 0.3007 0.3709
vn 0.8854 0.3366 0.3206
vn 0.8709 0.3243 0.3692
vn 0.8952 0.2466 0.3712
vn 0.9037 0.2489 0.3483
vn 0.9427 0.1803 0.2806
vn 0.9242 0.2616 0.2781
vn 0.8917 0.3276 0.3124
vn -0.5193 0.786 0.3354
vn -0.5791 0.7385 0.3454
vn 0.7802 0.424 0.46
vn -0.5679 0.757 0.3233
vn 0.7768 0.4337 0.4566
vn 0.7855 0.4083 0.465
vn 0.765 0.4411 0.4692
vn 0.774 0.4332 0.4618
vn 0.5742 0.3338 0.7476
vn 0.7855 0.4083 0.465
vn 0.7802 0.424 0.46
vn 0.5981 -0.7383 -0.3117
vn 0.5336 0.3199 0.7829
vn 0.5384 0.2799 0.7948
vn -0.5193 0.786 0.3354
vn 0.5306 0.2663 0.8047
vn 0.6058 0.2446 0.757
vn 0.6397 0.3217 0.698
vn 0.7855 0.4083 0.465
vn 0.653 0.2653 0.7094
vn 0.5384 0.2799 0.7948
vn 0.7768 0.4337 0.4566
vn 0.7802 0.424 0.46
vn 0.5981 -0.7383 -0.3117
vn 0.5654 -0.7462 -0.3515
vn 0.8862 0.2082 0.4138
vn 0.8684 0.2027 0.4525
vn 0.4476 -0.7769 -0.4428
vn 0.4159 -0.8321 -0.367
vn 0.362 -0.855 -0.3714
vn 0.429 -0.8197 -0.3796
vn 0.4252 -0.8241 -0.3742
vn 0.8753 0.1033 0.4723
vn 0.8816 0.1249 0.4552
vn 0.2881 -0.8841 -0.3678
vn 0.897 0.0911 0.4324
vn 0.3617 -0.8558 -0.3698
vn 0.8684 0.2027 0.4525
vn 0.362 -0.855 -0.3714
vn 0.9122 0.1575 0.3783
vn 0.9145 0.1263 0.3843
vn 0.8862 0.2082 0.4138
vn 0.8684 0.2027 0.4525
vn 0.8811 0.1221 0.4569
vn 0.8816 0.1249 0.4552
vn 0.8936 0.1192 0.4328
vn 0.9013 0.2091 0.3793
vn 0.9078 0.1871 0.3755
vn 0.9035 0.2087 0.3744
vn 0.8829 0.1239 0.453
vn 0.8811 0.1221 0.4569
vn 0.9145 0.1263 0.3843
vn 0.9319 0.0581 0.3579
vn 0.8999 0.0763 0.4293
vn 0.8936 0.1192 0.4328
vn 0.0811 0.9517 -0.2961
vn 0.8811 0.1221 0.4569
vn 0.0865 0.9424 -0.3231
vn 0.8999 0.0763 0.4293
vn -0.0312 0.9949 -0.0961
vn -0.0843 -0.861 -0.5016
vn 0.8753 -0.3035 0.3766
vn -0.0891 -0.8653 -0.4933
vn -0.0927 -0.8669 -0.4898
vn 0.8797 -0.3046 0.3652
vn -0.1145 -0.8719 -0.4761
vn -0.1145 -0.8719 -0.4761
vn 0.8527 -0.3667 0.372
vn -0.1188 -0.8635 -0.4902
vn -0.1561 -0.8662 -0.4746
vn 0.8482 -0.3688 0.3802
vn 0.8563 -0.3867 0.3425
vn 0.8753 -0.3035 0.3766
vn 0.8797 -0.3046 0.3652
vn 0.8747 -0.3587 0.3259
vn 0.8899 -0.3092 0.3355
vn 0.8652 -0.3673 0.3414
vn 0.8875 -0.338 0.3132
vn 0.8753 -0.3035 0.3766
vn 0.8951 -0.3163 0.3142
vn 0.8824 -0.3471 0.3176
vn 0.8536 -0.3688 0.3679
vn 0.8878 -0.3373 0.313
vn 0.8527 -0.3667 0.372
vn 0.8522 -0.3873 0.3517
vn -0.2413 -0.8584 -0.4527
vn 0.8455 -0.4018 0.3516
vn -0.27 -0.8297 -0.4886
vn 0.7015 -0.2199 0.6778
vn 0.8223 -0.4502 0.3481
vn 0.8455 -0.4018 0.3516
vn 0.8256 -0.4451 0.3468
vn 0.8255 -0.4443 0.3481
vn 0.6213 -0.293 0.7267
vn 0.6231 -0.2798 0.7304
vn -0.2413 -0.8584 -0.4527
vn 0.8255 -0.4443 0.3481
vn 0.8455 -0.4018 0.3516
vn 0.8522 -0.3873 0.3517
vn 0.8482 -0.3688 0.3802
vn 0.8268 -0.4447 0.3445
vn 0.8563 -0.3867 0.3425
vn 0.8251 -0.4464 0.3462
vn 0.6213 -0.293 0.7267
vn 0.802 -0.502 0.3236
vn 0.8256 -0.4451 0.3468
vn 0.5906 -0.3189 0.7413
vn 0.5943 -0.2891 0.7505
vn 0.3788 0.7832 0.493
vn 0.6955 -0.4047 0.5937
vn 0.6275 -0.4328 0.6472
vn 0.5737 -0.328 0.7505
vn 0.6334 -0.5162 0.5765
vn 0.5906 -0.3189 0.7413
vn 0.802 -0.502 0.3236
vn 0.6548 -0.436 0.6174
vn 0.2993 0.8177 0.4917
vn 0.3069 0.8192 0.4845
vn 0.3788 0.7832 0.493
vn 0.8256 -0.4451 0.3468
vn 0.8223 -0.4502 0.3481
vn 0.802 -0.502 0.3236
vn 0.8388 -0.4161 -0.3511
vn 0.6241 -0.2704 -0.7331
vn 0.8137 -0.469 -0.3433
vn 0.8184 -0.4625 -0.3411
vn 0.6112 -0.3073 -0.7294
vn 0.8511 -0.3886 -0.353
vn 0.6241 -0.2704 -0.7331
vn 0.8388 -0.4161 -0.3511
vn 0.6723 -0.2421 -0.6996
vn 0.6231 -0.2786 -0.7309
vn 0.7004 -0.2656 -0.6626
vn -0.2802 -0.8275 0.4865
vn 0.8213 -0.4526 -0.3473
vn 0.8511 -0.3886 -0.353
vn 0.8426 -0.3927 -0.3684
vn 0.8388 -0.4161 -0.3511
vn 0.8184 -0.4625 -0.3411
vn 0.8426 -0.3927 -0.3684
vn 0.8686 -0.3227 -0.3761
vn -0.1975 -0.8597 0.4711
vn 0.8511 -0.3886 -0.353
vn -0.1597 -0.8604 0.484
vn 0.8522 -0.3833 -0.3562
vn -0.2802 -0.8275 0.4865
vn -0.1578 -0.8644 0.4774
vn 0.4672 -0.8804 -0.0819
vn 0.7827 0.4464 -0.4337
vn 0.4669 -0.8805 -0.0825
vn 0.7795 0.4443 -0.4415
vn 0.7689 0.4433 -0.4607
vn 0.4672 -0.8803 -0.0827
vn 0.4662 -0.8808 -0.0826
vn 0.4671 -0.8804 -0.0823
vn 0.7775 0.4439 -0.4455
vn 0.7924 0.4506 -0.4112
vn 0.803 0.4629 -0.3753
vn 0.7827 0.4464 -0.4337
vn 0.47 -0.8791 -0.0789
vn 0.7844 0.4462 -0.4308
vn 0.4672 -0.8804 -0.0819
vn 0.471 -0.8788 -0.0762
vn 0.4708 -0.879 -0.0752
vn 0.7795 0.4443 -0.4415
vn -0.4716 0.8818 0.0014
vn -0.3107 0.8852 0.3463
vn 0.7844 0.4462 -0.4308
vn -0.4951 0.8682 -0.0326
vn 0.7827 0.4464 -0.4337
vn 0.6565 0.2468 -0.7128
vn 0.5191 0.2696 -0.8111
vn 0.6055 0.2452 -0.7572
vn 0.6393 0.3222 -0.6981
vn 0.7852 0.4079 -0.466
vn -0.5128 0.7893 -0.3377
vn 0.5334 0.3194 -0.7833
vn 0.6087 0.345 -0.7145
vn 0.5713 -0.7445 0.3454
vn 0.7852 0.4079 -0.466
vn 0.7766 0.4329 -0.4577
vn 0.5815 0.363 -0.728
vn 0.5191 0.2696 -0.8111
vn 0.5389 0.2725 -0.797
vn -0.5759 0.7406 -0.3463
vn -0.5627 0.7621 -0.3204
vn -0.5817 0.7409 -0.3358
vn 0.7852 0.4079 -0.466
vn 0.7766 0.4329 -0.4577
vn 0.7721 0.4316 -0.4664
vn -0.5128 0.7893 -0.3377
vn 0.7698 0.4401 -0.4624
vn 0.6113 -0.7176 0.3337
vn 0.5713 -0.7445 0.3454
vn 0.6189 -0.7062 0.3439
vn 0.6188 -0.7084 0.3396
vn 0.7766 0.4329 -0.4577
vn 0.7721 0.4316 -0.4664
vn 0.7721 0.4316 -0.4664
vn 0.7698 0.4401 -0.4624
vn 0.7693 0.442 -0.4613
vn -0.5968 0.7346 -0.3228
vn -0.6021 0.7192 -0.3469
vn -0.5759 0.7406 -0.3463
vn 0.7693 0.442 -0.4613
vn 0.6188 -0.7084 0.3396
vn 0.7689 0.4433 -0.4607
vn 0.7698 0.4401 -0.4624
vn 0.4672 -0.8803 -0.0827
vn 0.7693 0.442 -0.4613
vn 0.7689 0.4433 -0.4607
vn 0.7775 0.4439 -0.4455
vn -0.5968 0.7346 -0.3228
vn -0.5846 0.761 -0.2812
vn -0.5745 0.7844 -0.2339
vn -0.5745 0.7844 -0.2339
vn 0.7795 0.4443 -0.4415
vn 0.7775 0.4439 -0.4455
vn -0.4951 0.8682 -0.0326
vn -0.2941 -0.137 -0.9459
vn 0.8746 0.3598 -0.325
vn -0.2834 -0.1575 -0.946
vn 0.8351 0.3892 -0.3886
vn 0.8288 0.4118 -0.3789
vn 0.8159 0.45 -0.3632
vn -0.2972 -0.1407 -0.9444
vn 0.396 0.1497 0.906
vn 0.8746 0.3598 -0.325
vn 0.8288 0.4118 -0.3789
vn 0.3765 0.1888 0.907
vn 0.3824 0.1887 0.9045
vn 0.4152 0.1718 0.8934
vn 0.8288 0.4118 -0.3789
vn 0.3284 0.3353 0.883
vn 0.3765 0.1888 0.907
vn 0.8141 0.4516 -0.3651
vn 0.2343 0.4217 0.8759
vn 0.8159 0.45 -0.3632
vn 0.8159 0.45 -0.3632
vn 0.471 -0.8788 -0.0762
vn 0.8141 0.4516 -0.3651
vn 0.4797 -0.8744 -0.0727
vn 0.8072 0.4585 -0.3717
vn -0.2819 -0.1554 -0.9468
vn -0.2834 -0.1575 -0.946
vn 0.803 0.4629 -0.3753
vn 0.3284 0.3353 0.883
vn 0.1587 0.532 0.8317
vn 0.8141 0.4516 -0.3651
vn 0.8072 0.4585 -0.3717
vn 0.7924 0.4506 -0.4112
vn 0.8072 0.4585 -0.3717
vn 0.803 0.4629 -0.3753
vn -0.0516 0.7444 0.6657
vn -0.034 0.7361 0.676
vn 0.1587 0.532 0.8317
vn -0.3107 0.8852 0.3463
vn -0.2878 0.8842 0.3679
vn -0.0516 0.7444 0.6657
vn 0.7844 0.4462 -0.4308
vn 0.7924 0.4506 -0.4112
vn 0.4034 0.1375 0.9047
vn 0.8702 0.3252 -0.3701
vn 0.8714 0.3226 -0.3697
vn 0.8351 0.3892 -0.3886
vn 0.8746 0.3598 -0.325
vn 0.878 0.3021 -0.3712
vn 0.8626 0.3411 -0.3735
vn 0.4152 0.1718 0.8934
vn -0.2972 -0.1407 -0.9444
vn 0.8626 0.3411 -0.3735
vn -0.2501 -0.246 -0.9364
vn 0.8351 0.3892 -0.3886
vn -0.075 -0.5642 -0.8222
vn 0.8626 0.3411 -0.3735
vn -0.2331 -0.2709 -0.9339
vn -0.2501 -0.246 -0.9364
vn -0.107 -0.4603 -0.8813
vn 0.8702 0.3252 -0.3701
vn 0.9044 0.249 -0.3466
vn 0.9424 0.1817 -0.2807
vn 0.8714 0.3226 -0.3697
vn 0.8837 0.3344 -0.3275
vn 0.878 0.3021 -0.3712
vn 0.8953 0.2676 -0.3561
vn 0.8954 0.2465 -0.3707
vn 0.893 0.3254 -0.3109
vn 0.9127 0.2554 -0.319
vn 0.9162 0.2896 -0.277
vn 0.9041 0.235 -0.357
vn 0.9053 0.2029 -0.3733
vn 0.9028 0.2146 -0.3726
vn 0.9314 0.1719 -0.321
vn 0.9032 0.1877 -0.386
vn 0.9044 0.249 -0.3466
vn 0.8954 0.2465 -0.3707
vn 0.4999 -0.3033 0.8113
vn 0.4502 -0.0056 0.8929
vn 0.8953 0.2676 -0.3561
vn 0.4371 0.0277 0.899
vn 0.9041 0.235 -0.357
vn 0.9044 0.249 -0.3466
vn 0.0633 -0.7842 -0.6172
vn -0.107 -0.4603 -0.8813
vn 0.0446 -0.7186 -0.694
vn 0.8702 0.3252 -0.3701
vn 0.8837 0.3344 -0.3275
vn 0.8714 0.3226 -0.3697
vn 0.8953 0.2676 -0.3561
vn 0.4371 0.0277 0.899
vn 0.878 0.3021 -0.3712
vn 0.4034 0.1375 0.9047
vn 0.8833 0.1142 -0.4547
vn 0.8806 0.0875 -0.4657
vn 0.8732 0.1762 -0.4543
vn 0.2181 -0.8958 0.3872
vn 0.3331 -0.8668 0.371
vn 0.8933 0.0928 -0.4398
vn 0.884 0.1258 -0.4502
vn 0.3134 -0.8779 0.362
vn 0.3331 -0.8668 0.371
vn 0.4158 -0.826 0.3805
vn 0.8778 0.2066 -0.4323
vn 0.4186 -0.8313 0.3657
vn 0.8732 0.1762 -0.4543
vn 0.3712 -0.8553 0.3616
vn 0.4153 -0.8325 0.3667
vn 0.9035 0.1167 -0.4123
vn 0.884 0.1258 -0.4502
vn 0.9053 0.2029 -0.3733
vn 0.9028 0.2146 -0.3726
vn 0.9152 0.1265 -0.3827
vn 0.8778 0.2066 -0.4323
vn 0.8732 0.1762 -0.4543
vn 0.9114 0.1677 -0.3758
vn 0.8918 0.1204 -0.4362
vn 0.8498 0.1185 -0.5136
vn 0.9028 0.2146 -0.3726
vn 0.4281 -0.8205 0.3788
vn 0.4186 -0.8313 0.3657
vn 0.8778 0.2066 -0.4323
vn 0.4672 -0.7193 0.5142
vn 0.9032 0.1877 -0.386
vn 0.9041 0.235 -0.357
vn 0.4672 -0.7193 0.5142
vn 0.9032 0.1877 -0.386
vn 0.5126 -0.5318 0.6741
vn 0.4964 -0.2914 0.8177
vn 0.4999 -0.3033 0.8113
vn 0.4489 -0.7508 0.4846
vn 0.926 0.086 -0.3676
vn 0.9341 0.0624 -0.3515
vn 0.9151 0.0708 -0.3969
vn 0.3682 0.3851 0.8463
vn 0.2714 0.691 0.67
vn 0.2766 0.6844 0.6746
vn 0.9061 0.0658 -0.418
vn 0.9151 0.0708 -0.3969
vn 0.1789 0.8845 0.4309
vn 0.2766 0.6844 0.6746
vn 0.0711 0.9427 0.3261
vn 0.9061 0.0658 -0.418
vn 0.9151 0.0708 -0.3969
vn 0.8498 0.1185 -0.5136
vn 0.926 0.086 -0.3676
vn 0.9152 0.1265 -0.3827
vn 0.9104 0.1414 -0.3887
vn 0.9061 0.0658 -0.418
vn 0.0466 0.967 0.2506
vn 0.1789 0.8845 0.4309
vn 0.9035 0.1167 -0.4123
vn 0.8498 0.1185 -0.5136
vn 0.9035 0.1167 -0.4123
vn 0.8918 0.1204 -0.4362
vn -0.1133 0.9908 -0.0744
vn 0.0466 0.967 0.2506
vn -0.1042 0.9925 -0.0637
vn 0.8918 0.1204 -0.4362
vn -0.2376 0.9073 -0.3468
vn -0.1133 0.9908 -0.0744
vn -0.2291 0.9149 -0.3324
vn 0.8833 0.1142 -0.4547
vn 0.884 0.1258 -0.4502
vn 0.8806 0.0875 -0.4657
vn -0.2291 0.9149 -0.3324
vn -0.2491 0.8919 -0.3774
vn 0.8833 0.1142 -0.4547
vn 0.8981 0.0071 -0.4397
vn -0.2491 0.8919 -0.3774
vn 0.894 0.0614 -0.4439
vn -0.2028 0.9022 -0.3805
vn -0.1949 0.877 -0.4392
vn 0.8806 0.0875 -0.4657
vn 0.8933 0.0928 -0.4398
vn 0.675 0.1374 -0.7249
vn 0.894 0.0614 -0.4439
vn 0.8933 0.0928 -0.4398
vn 0.6096 0.0917 -0.7874
vn 0.6804 0.135 -0.7203
vn 0.2181 -0.8958 0.3872
vn 0.6135 0.1069 -0.7825
vn 0.6406 0.0594 -0.7656
vn 0.6543 0.0096 -0.7562
vn 0.8982 -0.0078 -0.4395
vn 0.6406 0.0594 -0.7656
vn 0.8981 0.0071 -0.4397
vn 0.894 0.0614 -0.4439
vn -0.0674 0.9053 -0.4194
vn 0.8981 0.0071 -0.4397
vn 0.8982 -0.0078 -0.4395
vn -0.2028 0.9022 -0.3805
vn -0.1533 0.9032 -0.4009
vn -0.1787 0.8886 -0.4226
vn 0.5852 -0.0657 -0.8082
vn -0.0674 0.9053 -0.4194
vn 0.7109 -0.0284 -0.7027
vn 0.8982 -0.0078 -0.4395
vn 0.6543 0.0096 -0.7562
vn 0.7113 -0.043 -0.7016
vn 0.3949 0.1328 0.9091
vn 0.3682 0.3851 0.8463
vn 0.3958 0.29 0.8714
vn 0.9413 0.0408 -0.335
vn 0.9341 0.0624 -0.3515
vn -0.31 -0.0118 -0.9506
vn -0.3276 -0.022 -0.9445
vn 0.9341 0.0624 -0.3515
vn 0.9104 0.1414 -0.3887
vn 0.926 0.086 -0.3676
vn -0.3311 0.0024 -0.9436
vn 0.9413 0.0408 -0.335
vn 0.9369 0.053 -0.3455
vn 0.4027 0.0254 0.915
vn 0.9413 0.0408 -0.335
vn 0.9369 0.053 -0.3455
vn 0.3967 -0.0068 0.9179
vn 0.4034 0.0039 0.915
vn 0.3949 0.1328 0.9091
vn 0.9333 0.0093 -0.3589
vn -0.3084 0.0411 -0.9504
vn -0.31 -0.0118 -0.9506
vn 0.9333 0.0093 -0.3589
vn 0.9369 0.053 -0.3455
vn 0.9385 -0.1028 -0.3296
vn 0.9308 -0.0677 -0.3593
vn -0.323 -0.0989 -0.9412
vn 0.9155 -0.2751 -0.2934
vn -0.3415 -0.4253 -0.8382
vn 0.8758 -0.2659 -0.4029
vn -0.3526 -0.48 -0.8033
vn -0.3212 -0.1321 -0.9377
vn 0.9228 -0.1867 -0.3371
vn 0.9162 -0.2216 -0.3338
vn 0.9265 -0.1528 -0.3439
vn 0.3647 -0.0733 0.9282
vn 0.3469 -0.0976 0.9328
vn 0.9228 -0.1867 -0.3371
vn 0.364 -0.0887 0.9272
vn 0.9162 -0.2216 -0.3338
vn 0.9265 -0.1528 -0.3439
vn -0.2942 0.0318 -0.9552
vn -0.3212 -0.1321 -0.9377
vn 0.9228 -0.1867 -0.3371
vn -0.3084 0.0411 -0.9504
vn 0.9385 -0.1028 -0.3296
vn 0.3789 -0.0382 0.9247
vn 0.3647 -0.0733 0.9282
vn 0.3758 -0.0604 0.9247
vn 0.9265 -0.1528 -0.3439
vn 0.9308 -0.0677 -0.3593
vn 0.9385 -0.1028 -0.3296
vn 0.9308 -0.0677 -0.3593
vn 0.3789 -0.0382 0.9247
vn 0.9333 0.0093 -0.3589
vn 0.3923 -0.0301 0.9194
vn 0.3967 -0.0068 0.9179
vn 0.8522 -0.3833 -0.3562
vn 0.8686 -0.3227 -0.3761
vn 0.8974 -0.3098 -0.3143
vn 0.8854 -0.3442 -0.3123
vn 0.8729 -0.3611 -0.3281
vn 0.892 -0.3294 -0.3095
vn 0.8813 -0.3061 -0.3599
vn 0.851 -0.3701 -0.3725
vn 0.8855 -0.3428 -0.3135
vn 0.8658 -0.3678 -0.3394
vn 0.8771 -0.3559 -0.3226
vn 0.8902 -0.3253 -0.3188
vn 0.02 -0.7568 0.6534
vn 0.8974 -0.3098 -0.3143
vn 0.8813 -0.3061 -0.3599
vn -0.0955 -0.8727 0.4789
vn -0.0844 -0.8678 0.4897
vn 0.8854 -0.3442 -0.3123
vn 0.8758 -0.2659 -0.4029
vn 0.8959 -0.2726 -0.3506
vn 0.8904 -0.3672 -0.2689
vn 0.8971 -0.3573 -0.26
vn 0.9116 -0.2832 -0.2981
vn 0.9155 -0.2751 -0.2934
vn 0.9013 -0.3475 -0.2585
vn 0.8902 -0.3253 -0.3188
vn 0.9084 -0.2784 -0.3119
vn 0.9279 -0.2497 -0.2768
vn 0.9003 -0.3056 -0.31
vn 0.9199 -0.2903 -0.2636
vn 0.8974 -0.3098 -0.3143
vn 0.02 -0.7568 0.6534
vn 0.9003 -0.3056 -0.31
vn 0.8902 -0.3253 -0.3188
vn 0.1545 -0.5769 0.8021
vn 0.1805 -0.5122 0.8397
vn -0.032 -0.7907 0.6113
vn 0.1805 -0.5122 0.8397
vn 0.9003 -0.3056 -0.31
vn 0.2758 -0.302 0.9125
vn 0.9116 -0.2832 -0.2981
vn 0.293 -0.2714 0.9168
vn 0.9279 -0.2497 -0.2768
vn 0.3364 -0.1323 0.9324
vn 0.2758 -0.302 0.9125
vn 0.9116 -0.2832 -0.2981
vn 0.9279 -0.2497 -0.2768
vn 0.9162 -0.2216 -0.3338
vn 0.3364 -0.1323 0.9324
vn 0.9155 -0.2751 -0.2934
vn 0.3469 -0.0976 0.9328
vn 0.6112 -0.3073 -0.7294
vn 0.6275 -0.4328 -0.6473
vn 0.6268 -0.4559 -0.6319
vn 0.4188 0.7581 -0.4999
vn 0.594 -0.2889 -0.7508
vn 0.8137 -0.469 -0.3433
vn 0.5732 -0.3281 -0.7508
vn 0.6548 -0.436 -0.6174
vn 0.4188 0.7581 -0.4999
vn 0.3106 0.8104 -0.4968
vn 0.3084 0.8152 -0.4902
vn 0.3529 0.8038 -0.4789
vn 0.8184 -0.4625 -0.3411
vn 0.8137 -0.469 -0.3433
vn 0.8213 -0.4526 -0.3473
vn 0.2359 0.8385 -0.4911
vn 0.8213 -0.4526 -0.3473
vn 0.8522 -0.3833 -0.3562
vn 0.3106 0.8104 -0.4968
vn 0.2592 0.8302 -0.4936
vn 0.8426 -0.3927 -0.3684
vn 0.2403 0.8301 -0.5031
vn 0.851 -0.3701 -0.3725
vn -0.092 -0.8662 0.4912
vn -0.1578 -0.8644 0.4774
vn 0.8813 -0.3061 -0.3599
vn -0.0955 -0.8727 0.4789
vn 0.8686 -0.3227 -0.3761
vn -0.0991 -0.8716 0.48
vn 0.2121 0.8422 -0.4957
vn 0.2134 0.8422 -0.4951
vn 0.8855 -0.3428 -0.3135
vn 0.8771 -0.3559 -0.3226
vn 0.8729 -0.3611 -0.3281
vn 0.8771 -0.3559 -0.3226
vn 0.2138 0.8424 -0.4946
vn 0.2121 0.8422 -0.4957
vn 0.2168 0.8432 -0.4919
vn 0.8729 -0.3611 -0.3281
vn 0.8658 -0.3678 -0.3394
vn 0.2138 0.8424 -0.4946
vn 0.214 0.8397 -0.4992
vn 0.2359 0.8385 -0.4911
vn 0.8658 -0.3678 -0.3394
vn 0.851 -0.3701 -0.3725
vn 0.2168 0.8432 -0.4919
vn 0.1979 0.8465 -0.4943
vn 0.918 -0.2908 -0.2696
vn 0.9172 -0.2907 -0.2724
vn 0.1982 0.8449 -0.4968
vn 0.9199 -0.2903 -0.2636
vn 0.9013 -0.3475 -0.2585
vn 0.9013 -0.3475 -0.2585
vn 0.8971 -0.3573 -0.26
vn 0.1979 0.8465 -0.4943
vn 0.1984 0.8454 -0.4959
vn 0.8971 -0.3573 -0.26
vn 0.8904 -0.3672 -0.2689
vn 0.1965 0.848 -0.4922
vn 0.1984 0.8454 -0.4959
vn 0.8904 -0.3672 -0.2689
vn 0.892 -0.3294 -0.3095
vn 0.1965 0.848 -0.4922
vn 0.8854 -0.3442 -0.3123
vn 0.1956 0.8488 -0.4912
vn 0.2019 0.8435 -0.4977
vn 0.1956 0.8488 -0.4912
vn 0.8855 -0.3428 -0.3135
vn 0.2134 0.8422 -0.4951
vn 0.892 -0.3294 -0.3095
vn 0.8758 -0.2659 -0.4029
vn -0.3526 -0.48 -0.8033
vn 0.8959 -0.2726 -0.3506
vn -0.3382 -0.6746 -0.6561
vn -0.3446 -0.7083 -0.6161
vn -0.3344 -0.8639 -0.3765
vn 0.8959 -0.2726 -0.3506
vn 0.9084 -0.2784 -0.3119
vn -0.3373 -0.8235 -0.4562
vn -0.3382 -0.6746 -0.6561
vn 0.918 -0.2908 -0.2696
vn 0.9199 -0.2903 -0.2636
vn 0.9084 -0.2784 -0.3119
vn -0.2229 -0.972 0.0739
vn -0.2925 -0.9196 -0.2622
vn -0.3344 -0.8639 -0.3765
vn -0.2234 -0.9735 0.0487
vn 0.918 -0.2908 -0.2696
vn 0.9172 -0.2907 -0.2724
vn 0.9218 -0.2881 -0.2593
vn 0.9296 -0.2797 -0.2401
vn 0.9246 -0.2857 -0.2519
vn -0.2234 -0.9735 0.0487
vn -0.1227 -0.9176 0.3781
vn -0.1247 -0.9218 0.367
vn 0.1982 0.8449 -0.4968
vn 0.9218 -0.2881 -0.2593
vn 0.9172 -0.2907 -0.2724
vn 0.1989 0.8457 -0.4952
vn 0.9246 -0.2857 -0.2519
vn 0.9218 -0.2881 -0.2593
vn 0.1989 0.8457 -0.4952
vn 0.1978 0.8451 -0.4966
vn 0.1942 0.8441 -0.4998
vn 0.1978 0.8451 -0.4966
vn 0.9296 -0.2797 -0.2401
vn 0.9246 -0.2857 -0.2519
vn 0.9295 -0.2798 -0.2403
vn 0.1914 0.8477 -0.4948
vn 0.9295 -0.2798 -0.2403
vn 0.9296 -0.2797 -0.2401
vn -0.0823 -0.8731 0.4806
vn 0.935 -0.2708 -0.2288
vn 0.9542 -0.1742 -0.2431
vn -0.1247 -0.9218 0.367
vn 0.1914 0.8477 -0.4948
vn 0.9345 -0.2706 -0.2314
vn 0.9295 -0.2798 -0.2403
vn 0.935 -0.2708 -0.2288
vn 0.1916 0.8467 -0.4964
vn 0.1757 0.847 -0.5018
vn 0.96 -0.2217 -0.1712
vn 0.955 -0.2374 -0.1777
vn 0.1587 0.8592 -0.4863
vn 0.1839 0.8497 -0.4942
vn 0.935 -0.2708 -0.2288
vn 0.9504 -0.2501 -0.1848
vn 0.9616 -0.2097 -0.1772
vn 0.9542 -0.1742 -0.2431
vn 0.9384 -0.2701 -0.2156
vn 0.9451 -0.2611 -0.1967
vn 0.9526 -0.2476 -0.1765
vn 0.9345 -0.2706 -0.2314
vn 0.96 -0.2217 -0.1712
vn 0.9424 -0.2653 -0.2035
vn 0.955 -0.2374 -0.1777
vn 0.9526 -0.2476 -0.1765
vn 0.9593 -0.2442 -0.142
vn 0.1587 0.8592 -0.4863
vn 0.96 -0.2217 -0.1712
vn 0.1619 0.856 -0.491
vn 0.9593 -0.2442 -0.142
vn 0.9526 -0.2476 -0.1765
vn 0.9758 -0.1695 -0.1379
vn 0.9785 -0.1703 -0.1162
vn 0.9866 -0.0563 -0.1532
vn 0.9742 -0.1894 -0.123
vn 0.9631 -0.2352 -0.1306
vn 0.9666 -0.1925 -0.1694
vn 0.9616 -0.2097 -0.1772
vn 0.9631 -0.2352 -0.1306
vn 0.1592 0.8597 -0.4853
vn 0.1619 0.856 -0.491
vn 0.9593 -0.2442 -0.142
vn 0.955 -0.2374 -0.1777
vn 0.1839 0.8497 -0.4942
vn 0.185 0.8503 -0.4926
vn 0.9504 -0.2501 -0.1848
vn 0.9451 -0.2611 -0.1967
vn 0.1851 0.8509 -0.4916
vn 0.185 0.8503 -0.4926
vn 0.9504 -0.2501 -0.1848
vn 0.1851 0.8509 -0.4916
vn 0.1856 0.849 -0.4948
vn 0.9451 -0.2611 -0.1967
vn 0.9424 -0.2653 -0.2035
vn 0.1856 0.849 -0.4948
vn 0.9424 -0.2653 -0.2035
vn 0.9384 -0.2701 -0.2156
vn 0.1877 0.845 -0.5007
vn 0.1918 0.8473 -0.4954
vn 0.1918 0.8473 -0.4954
vn 0.9384 -0.2701 -0.2156
vn 0.1916 0.8467 -0.4964
vn 0.9345 -0.2706 -0.2314
vn 0.154 0.86 -0.4864
vn 0.9866 -0.0563 -0.1532
vn 0.9785 -0.1703 -0.1162
vn 0.9913 -0.1186 -0.0568
vn 0.9877 -0.1232 -0.0962
vn 0.1266 0.8563 -0.5007
vn 0.1045 0.8664 -0.4883
vn 0.1538 0.86 -0.4866
vn 0.9866 -0.0563 -0.1532
vn 0.154 0.86 -0.4864
vn 0.9742 -0.1894 -0.123
vn 0.1538 0.86 -0.4866
vn 0.1592 0.8494 -0.5032
vn 0.1592 0.8597 -0.4853
vn 0.9631 -0.2352 -0.1306
vn 0.9742 -0.1894 -0.123
vn 0.9918 -0.1108 0.0639
vn 0.1105 0.8695 0.4813
vn 0.1105 0.8659 0.4879
vn 0.9932 -0.1026 0.0545
vn 0.9918 -0.1108 0.0639
vn 0.9932 -0.1026 0.0545
vn 0.9963 -0.0283 0.0815
vn 0.9899 -0.119 0.0772
vn 0.9963 -0.0769 0.0374
vn 0.9916 -0.0882 0.0943
vn 0.9877 -0.1237 0.0961
vn 0.9881 -0.1288 0.0835
vn 0.986 -0.125 0.11
vn 0.9982 -0.0467 0.0374
vn 0.9951 -0.0894 0.0432
vn 0.1333 0.8639 0.4857
vn 0.1105 0.8695 0.4813
vn 0.9899 -0.119 0.0772
vn 0.9918 -0.1108 0.0639
vn 0.1159 0.8576 0.5011
vn 0.9899 -0.119 0.0772
vn 0.9877 -0.1237 0.0961
vn 0.1322 0.8628 0.4879
vn 0.1333 0.8639 0.4857
vn 0.1488 0.9881 0.0387
vn 0.9963 -0.0859 0.0023
vn 0.1001 0.9884 -0.1144
vn 0.9963 -0.0835 0.0186
vn 0.114 0.9452 0.3061
vn 0.9986 -0.0314 -0.0429
vn 0.9986 0.0371 -0.0373
vn 0.9963 -0.0859 0.0023
vn 0.9982 -0.0467 0.0374
vn 0.9997 -0.0024 0.0252
vn 0.9963 -0.0843 -0.0163
vn 0.9963 -0.0769 -0.0374
vn 1 -0.0049 -0.0067
vn 0.9993 -0.0049 0.0371
vn 0.9963 -0.0835 0.0186
vn 0.9963 -0.0769 0.0374
vn 0.9963 -0.0769 0.0374
vn 0.9951 -0.0894 0.0432
vn 0.108 0.8614 0.4963
vn 0.1034 0.8591 0.5013
vn 0.1157 0.942 0.3149
vn 0.114 0.9452 0.3061
vn 0.9963 -0.0835 0.0186
vn 0.108 0.8614 0.4963
vn 0.9932 -0.1026 0.0545
vn 0.1105 0.8659 0.4879
vn 0.9951 -0.0894 0.0432
vn 0.9792 -0.1589 0.1264
vn 0.9771 -0.16 0.1399
vn 0.169 0.8569 0.4869
vn 0.9696 -0.2102 0.1254
vn 0.1674 0.8563 0.4886
vn 0.1674 0.8563 0.4886
vn 0.1469 0.853 0.5009
vn 0.9771 -0.16 0.1399
vn 0.1315 0.8662 0.4821
vn 0.98 -0.155 0.1251
vn 0.98 -0.155 0.1251
vn -0.0119 -0.8691 -0.4946
vn 0.9881 -0.1288 0.0835
vn 0.9916 -0.0882 0.0943
vn 0.9771 -0.16 0.1399
vn -0.0128 -0.88 -0.4749
vn 0.9822 -0.1493 0.1136
vn 0.9792 -0.1589 0.1264
vn -0.0039 -0.8783 -0.4781
vn 0.9792 -0.1592 0.1255
vn 0.1334 0.8641 0.4854
vn 0.9822 -0.1493 0.1136
vn 0.98 -0.155 0.1251
vn 0.1315 0.8662 0.4821
vn 0.133 0.8647 0.4843
vn 0.9881 -0.1288 0.0835
vn 0.1334 0.8641 0.4854
vn 0.986 -0.125 0.11
vn 0.9822 -0.1493 0.1136
vn 0.9877 -0.1237 0.0961
vn 0.133 0.8647 0.4843
vn 0.1322 0.8628 0.4879
vn 0.986 -0.125 0.11
vn 0.9792 -0.1589 0.1264
vn 0.9574 -0.2471 0.1496
vn 0.9641 -0.1976 0.1775
vn 0.9551 -0.2379 0.1769
vn 0.9624 -0.2388 0.1297
vn 0.9792 -0.1592 0.1255
vn 0.9696 -0.2102 0.1254
vn 0.9588 -0.2467 0.141
vn 0.9696 -0.2102 0.1254
vn 0.9624 -0.2388 0.1297
vn 0.169 0.8569 0.4869
vn 0.167 0.8555 0.4902
vn 0.1813 0.8533 0.4888
vn 0.9624 -0.2388 0.1297
vn 0.1665 0.8493 0.501
vn 0.167 0.8555 0.4902
vn 0.9588 -0.2467 0.141
vn 0.94 -0.2684 0.2107
vn 0.1886 0.8491 0.4935
vn 0.1903 0.8452 0.4995
vn 0.1968 0.8452 0.4969
vn 0.9353 -0.2713 0.2271
vn 0.1886 0.8491 0.4935
vn 0.1886 0.8489 0.4938
vn 0.9436 -0.2643 0.1994
vn 0.94 -0.2684 0.2107
vn 0.9506 -0.2496 0.1849
vn 0.9346 -0.2725 0.2287
vn 0.9323 -0.2695 0.241
vn 0.9641 -0.1976 0.1775
vn 0.9353 -0.2713 0.2271
vn 0.9639 -0.1708 0.2044
vn 0.9436 -0.2643 0.1994
vn 0.9563 -0.2338 0.1757
vn 0.9446 -0.2285 0.2356
vn 0.94 -0.2684 0.2107
vn 0.9479 -0.2558 0.1899
vn 0.9551 -0.2379 0.1769
vn 0.1893 0.8495 0.4925
vn 0.1886 0.8489 0.4938
vn 0.9479 -0.2558 0.1899
vn 0.9436 -0.2643 0.1994
vn 0.9506 -0.2496 0.1849
vn 0.1893 0.8495 0.4925
vn 0.9479 -0.2558 0.1899
vn 0.187 0.8484 0.4952
vn 0.1796 0.8527 0.4905
vn 0.9563 -0.2338 0.1757
vn 0.1799 0.8466 0.5009
vn 0.9506 -0.2496 0.1849
vn 0.187 0.8484 0.4952
vn 0.1792 0.8523 0.4913
vn 0.9563 -0.2338 0.1757
vn 0.9574 -0.2471 0.1496
vn 0.1796 0.8527 0.4905
vn 0.9551 -0.2379 0.1769
vn 0.9574 -0.2471 0.1496
vn 0.9588 -0.2467 0.141
vn 0.1792 0.8523 0.4913
vn 0.1813 0.8533 0.4888
vn 0.2001 0.8448 0.4963
vn 0.2025 0.8453 0.4945
vn 0.9132 -0.2926 0.2837
vn 0.9189 -0.2907 0.2668
vn 0.9189 -0.2907 0.2668
vn 0.2025 0.8453 0.4945
vn 0.1968 0.845 0.4972
vn 0.1967 0.8447 0.4977
vn 0.9227 -0.2881 0.2562
vn -0.2199 -0.9754 -0.0175
vn 0.9227 -0.2881 0.2562
vn -0.2704 -0.944 0.1891
vn 0.9189 -0.2907 0.2668
vn -0.3271 -0.8996 0.2894
vn 0.9132 -0.2926 0.2837
vn -0.1493 -0.9255 -0.3481
vn 0.9137 -0.2831 0.2915
vn 0.9273 -0.2823 0.246
vn -0.152 -0.9459 -0.2865
vn 0.9224 -0.2962 0.2479
vn 0.9227 -0.2881 0.2562
vn 0.1968 0.845 0.4972
vn 0.9267 -0.2828 0.2473
vn 0.9273 -0.2823 0.246
vn 0.1969 0.8451 0.497
vn -0.152 -0.9459 -0.2865
vn 0.9273 -0.2823 0.246
vn 0.9446 -0.2285 0.2356
vn 0.9267 -0.2828 0.2473
vn -0.082 -0.8734 -0.48
vn 0.9346 -0.2725 0.2287
vn 0.9323 -0.2695 0.241
vn 0.9267 -0.2828 0.2473
vn 0.1978 0.8454 0.4961
vn 0.1969 0.8451 0.497
vn 0.9346 -0.2725 0.2287
vn 0.9323 -0.2695 0.241
vn 0.1968 0.8452 0.4969
vn 0.9353 -0.2713 0.2271
vn 0.1978 0.8454 0.4961
vn 0.897 -0.3576 0.2599
vn 0.2001 0.8448 0.4963
vn 0.9224 -0.2962 0.2479
vn 0.9132 -0.2926 0.2837
vn 0.2 0.8447 0.4965
vn 0.9142 -0.2779 0.2949
vn 0.8878 -0.3373 0.313
vn 0.9146 -0.2772 0.2944
vn 0.9137 -0.2831 0.2915
vn 0.888 -0.3647 0.2802
vn 0.9224 -0.2962 0.2479
vn 0.8909 -0.3659 0.2692
vn 0.897 -0.3576 0.2599
vn 0.8951 -0.3163 0.3142
vn 0.905 -0.2967 0.305
vn 0.9001 -0.2738 0.3388
vn 0.897 -0.3576 0.2599
vn 0.2 0.8447 0.4965
vn 0.8909 -0.3659 0.2692
vn 0.2009 0.8467 0.4926
vn 0.8747 -0.3587 0.3259
vn 0.2104 0.8432 0.4947
vn 0.8824 -0.3471 0.3176
vn 0.2121 0.8437 0.4931
vn 0.8747 -0.3587 0.3259
vn 0.8652 -0.3673 0.3414
vn 0.2121 0.8437 0.4931
vn 0.2129 0.8448 0.491
vn 0.2139 0.8396 0.4994
vn 0.8536 -0.3688 0.3679
vn 0.8652 -0.3673 0.3414
vn 0.2129 0.8448 0.491
vn 0.2306 0.8389 0.493
vn 0.2106 0.8433 0.4946
vn 0.2104 0.8432 0.4947
vn 0.8824 -0.3471 0.3176
vn 0.8875 -0.338 0.3132
vn 0.8875 -0.338 0.3132
vn 0.2078 0.8432 0.4958
vn 0.8878 -0.3373 0.313
vn 0.888 -0.3647 0.2802
vn 0.2106 0.8433 0.4946
vn 0.2009 0.8467 0.4926
vn 0.2011 0.8439 0.4974
vn 0.8909 -0.3659 0.2692
vn 0.2078 0.8432 0.4958
vn 0.888 -0.3647 0.2802
vn 0.8223 -0.4502 0.3481
vn 0.8255 -0.4443 0.3481
vn 0.2993 0.8177 0.4917
vn 0.2698 0.8262 0.4945
vn 0.2724 0.8282 0.4897
vn 0.8251 -0.4464 0.3462
vn 0.2724 0.8282 0.4897
vn 0.2504 0.8259 0.5051
vn 0.2427 0.8387 0.4874
vn 0.8268 -0.4447 0.3445
vn 0.8251 -0.4464 0.3462
vn 0.8536 -0.3688 0.3679
vn 0.8527 -0.3667 0.372
vn 0.8268 -0.4447 0.3445
vn 0.8482 -0.3688 0.3802
vn 0.2306 0.8389 0.493
vn 0.2261 0.8346 0.5023
vn 0.2427 0.8387 0.4874
vn -0.1829 -0.8596 -0.4772
vn 0.8563 -0.3867 0.3425
vn -0.1564 -0.8624 -0.4815
vn 0.8522 -0.3873 0.3517
vn -0.1561 -0.8662 -0.4746
vn -0.2134 -0.853 -0.4763
vn -0.27 -0.8297 -0.4886
vn 0.2949 -0.2365 -0.9258
vn 0.9142 -0.2779 0.2949
vn 0.9148 -0.1918 0.3555
vn 0.3437 -0.0856 -0.9352
vn 0.9162 -0.2105 0.3411
vn 0.9146 -0.2772 0.2944
vn 0.2205 -0.47 -0.8547
vn 0.1575 -0.5476 -0.8218
vn 0.2934 -0.2436 -0.9244
vn 0.2949 -0.2365 -0.9258
vn 0.905 -0.2967 0.305
vn 0.9146 -0.2772 0.2944
vn 0.8899 -0.3092 0.3355
vn 0.0255 -0.7265 -0.6866
vn 0.2205 -0.47 -0.8547
vn 0.905 -0.2967 0.305
vn 0.8951 -0.3163 0.3142
vn -0.0843 -0.861 -0.5016
vn 0.0255 -0.7265 -0.6866
vn -0.0082 -0.7917 -0.6109
vn 0.8797 -0.3046 0.3652
vn 0.8899 -0.3092 0.3355
vn -0.2704 -0.944 0.1891
vn -0.3468 -0.7369 0.5802
vn 0.9001 -0.2738 0.3388
vn 0.9137 -0.2831 0.2915
vn -0.3583 -0.71 0.6062
vn -0.3381 -0.4277 0.8383
vn -0.3468 -0.7369 0.5802
vn 0.9142 -0.2779 0.2949
vn -0.3465 -0.3321 0.8773
vn 0.9001 -0.2738 0.3388
vn 0.9162 -0.2105 0.3411
vn 0.9148 -0.1918 0.3555
vn 0.9194 -0.1778 0.3508
vn 0.9162 -0.2105 0.3411
vn -0.3465 -0.3321 0.8773
vn -0.3072 -0.0945 0.9469
vn -0.3041 -0.0313 0.9521
vn 0.9194 -0.1778 0.3508
vn 0.9385 -0.1028 0.3296
vn 0.9148 -0.1918 0.3555
vn 0.9307 -0.067 0.3596
vn 0.3693 -0.0593 -0.9274
vn 0.3735 -0.0287 -0.9272
vn 0.3472 -0.0846 -0.934
vn 0.3837 -0.0383 -0.9226
vn 0.3437 -0.0856 -0.9352
vn -0.2893 0.0494 0.956
vn -0.3041 -0.0313 0.9521
vn 0.9194 -0.1778 0.3508
vn -0.2859 0.0401 0.9574
vn 0.9385 -0.1028 0.3296
vn -0.2859 0.0401 0.9574
vn 0.9385 -0.1028 0.3296
vn 0.9332 0.0069 0.3593
vn -0.3101 0.0259 0.9503
vn 0.9307 -0.067 0.3596
vn -0.3114 -0.0209 0.95
vn 0.9374 0.053 0.3443
vn 0.936 0.0382 0.3498
vn -0.3301 -0.0129 0.9439
vn 0.3992 -0.012 -0.9168
vn 0.3918 0.0037 -0.9201
vn 0.3837 -0.0383 -0.9226
vn 0.9307 -0.067 0.3596
vn 0.9332 0.0069 0.3593
vn 0.9169 0.1115 0.3833
vn 0.8999 0.0763 0.4293
vn 0.1987 0.804 -0.5605
vn 0.9319 0.0581 0.3579
vn 0.2106 0.7519 -0.6247
vn 0.0811 0.9517 -0.2961
vn 0.3405 0.4253 -0.8386
vn 0.9169 0.1115 0.3833
vn 0.9308 0.0713 0.3584
vn 0.3055 0.5936 -0.7445
vn 0.1987 0.804 -0.5605
vn 0.9169 0.1115 0.3833
vn 0.9319 0.0581 0.3579
vn -0.3301 -0.0129 0.9439
vn 0.9122 0.1575 0.3783
vn 0.9308 0.0713 0.3584
vn -0.3516 0.1909 0.9165
vn 0.9374 0.053 0.3443
vn 0.9145 0.1263 0.3843
vn 0.9308 0.0713 0.3584
vn 0.393 0.1779 -0.9022
vn 0.3423 0.4204 -0.8403
vn 0.3923 0.1301 -0.9106
vn 0.9374 0.053 0.3443
vn 0.3405 0.4253 -0.8386
vn 0.936 0.0382 0.3498
vn 0.936 0.0382 0.3498
vn 0.9332 0.0069 0.3593
vn 0.3923 0.1301 -0.9106
vn 0.3992 -0.012 -0.9168
vn 0.2567 -0.8992 -0.3543
vn 0.2881 -0.8841 -0.3678
vn 0.2408 -0.8768 -0.4163
vn 0.8954 0.0777 0.4384
vn 0.897 0.0911 0.4324
vn 0.9018 -0.0238 0.4314
vn -0.1936 0.8938 0.4045
vn -0.1856 0.8897 0.4171
vn 0.8954 0.0777 0.4384
vn -0.1541 0.9022 0.4029
vn -0.1801 0.8809 0.4377
vn 0.897 0.0911 0.4324
vn 0.8753 0.1033 0.4723
vn -0.0662 0.9037 0.4229
vn 0.8949 0.0465 0.4439
vn 0.8816 0.1249 0.4552
vn -0.1936 0.8938 0.4045
vn 0.8753 0.1033 0.4723
vn -0.2538 0.8769 0.4082
vn -0.2295 0.9079 0.3509
vn 0.8829 0.1239 0.453
vn -0.1837 0.9616 0.2039
vn -0.0312 0.9949 -0.0961
vn 0.8936 0.1192 0.4328
vn 0.8829 0.1239 0.453
vn -0.0903 0.9934 0.0704
vn -0.1837 0.9616 0.2039
vn 0.6099 0.0914 0.7872
vn 0.6137 0.1064 0.7823
vn 0.6754 0.1323 0.7255
vn 0.6507 0.0486 0.7578
vn 0.8954 0.0777 0.4384
vn 0.2567 -0.8992 -0.3543
vn 0.8949 0.0465 0.4439
vn 0.8949 0.0465 0.4439
vn 0.6453 -0.0007 0.7639
vn 0.9018 -0.0238 0.4314
vn 0.6507 0.0486 0.7578
vn 0.6453 -0.0007 0.7639
vn 0.716 -0.0421 0.6969
vn -0.0662 0.9037 0.4229
vn 0.585 -0.0659 0.8083
vn 0.9018 -0.0238 0.4314
vn 0.8952 0.2466 0.3712
vn 0.904 0.2377 0.3553
vn 0.936 0.1648 0.311
vn 0.9035 0.2087 0.3744
vn 0.9078 0.1871 0.3755
vn 0.922 0.1709 0.3473
vn 0.9041 0.2712 0.3301
vn 0.9037 0.2489 0.3483
vn 0.4926 -0.5646 -0.6622
vn 0.4964 -0.5505 -0.6713
vn 0.904 0.2377 0.3553
vn 0.4945 -0.2267 -0.8391
vn 0.9013 0.2091 0.3793
vn 0.9035 0.2087 0.3744
vn 0.4476 -0.7769 -0.4428
vn 0.4926 -0.5646 -0.6622
vn 0.8862 0.2082 0.4138
vn 0.9013 0.2091 0.3793
vn 0.46 -0.7523 -0.4717
vn 0.385 0.1594 -0.9091
vn 0.3967 0.1358 -0.9078
vn 0.4025 0.1521 -0.9027
vn 0.8571 0.3516 0.3764
vn 0.8567 0.3524 0.3766
vn 0.8709 0.3243 0.3692
vn 0.8786 0.3007 0.3709
vn 0.8693 0.3282 0.3697
vn 0.3967 0.1358 -0.9078
vn 0.8786 0.3007 0.3709
vn 0.9037 0.2489 0.3483
vn 0.9041 0.2712 0.3301
vn 0.4317 0.0214 -0.9018
vn 0.4432 -0.0076 -0.8964
vn 0.4317 0.0214 -0.9018
vn 0.4928 -0.299 -0.8172
vn 0.904 0.2377 0.3553
vn 0.4945 -0.2267 -0.8391
vn 0.9041 0.2712 0.3301
vn 0.8066 0.4553 0.377
vn -0.2826 -0.1569 0.9463
vn 0.816 0.4498 0.3631
vn 0.4773 -0.8752 0.0784
vn -0.2825 -0.1569 0.9464
vn 0.7831 0.4827 0.392
vn 0.8031 0.4626 0.3756
vn 0.4773 -0.8752 0.0784
vn 0.7791 0.4444 0.4422
vn 0.7814 0.4447 0.4378
vn 0.4691 -0.8806 0.0673
vn 0.4708 -0.879 0.0752
vn 0.4693 -0.8792 0.0819
vn 0.7783 0.4445 0.4435
vn 0.8066 0.4553 0.377
vn 0.7814 0.4447 0.4378
vn -0.0956 0.7567 -0.6468
vn -0.1009 0.7643 -0.6369
vn -0.2853 0.8881 -0.3604
vn 0.7831 0.4827 0.392
vn 0.8066 0.4553 0.377
vn -0.1009 0.7643 -0.6369
vn 0.0501 0.6479 -0.7601
vn 0.1588 0.5142 -0.8429
vn 0.8031 0.4626 0.3756
vn 0.7831 0.4827 0.392
vn 0.815 0.4528 0.3616
vn 0.1588 0.5142 -0.8429
vn 0.8031 0.4626 0.3756
vn 0.3125 0.3406 -0.8867
vn 0.816 0.4498 0.3631
vn 0.815 0.4528 0.3616
vn 0.8184 0.443 0.366
vn 0.8288 0.4122 0.3785
vn 0.8455 0.3943 0.3601
vn 0.816 0.4498 0.3631
vn -0.2889 -0.1496 0.9456
vn -0.2942 -0.1394 0.9455
vn -0.2825 -0.1569 0.9464
vn 0.3125 0.3406 -0.8867
vn 0.2439 0.4098 -0.879
vn 0.3522 0.2175 -0.9103
vn 0.8184 0.443 0.366
vn 0.815 0.4528 0.3616
vn -0.2891 -0.1628 0.9434
vn -0.1842 -0.4033 0.8963
vn -0.225 -0.2853 0.9316
vn 0.8571 0.3516 0.3764
vn 0.8693 0.3282 0.3697
vn -0.2942 -0.1394 0.9455
vn 0.8571 0.3516 0.3764
vn -0.2992 -0.1393 0.944
vn 0.8567 0.3524 0.3766
vn 0.8455 0.3943 0.3601
vn -0.2891 -0.1628 0.9434
vn 0.8567 0.3524 0.3766
vn 0.8455 0.3943 0.3601
vn 0.3695 0.1856 -0.9105
vn 0.8288 0.4122 0.3785
vn 0.3759 0.1855 -0.9079
vn 0.385 0.1594 -0.9091
vn 0.8184 0.443 0.366
vn 0.8288 0.4122 0.3785
vn 0.3522 0.2175 -0.9103
vn 0.3695 0.1856 -0.9105
vn -0.5796 0.7753 0.2508
vn -0.5791 0.7385 0.3454
vn -0.599 0.7197 0.3511
vn 0.765 0.4411 0.4692
vn -0.5737 0.742 0.3468
vn -0.5845 0.7601 0.2838
vn 0.7731 0.4411 0.4558
vn -0.5796 0.7753 0.2508
vn -0.4797 0.8773 0.0154
vn 0.7731 0.4411 0.4558
vn 0.7745 0.4416 0.4529
vn 0.4673 -0.8801 0.0838
vn 0.7745 0.4416 0.4529
vn 0.7791 0.4444 0.4422
vn 0.4693 -0.8792 0.0819
vn 0.4692 -0.8794 0.0802
vn 0.468 -0.8798 0.0827
vn 0.774 0.4332 0.4618
vn 0.765 0.4411 0.4692
vn 0.7731 0.4411 0.4558
vn 0.7745 0.4416 0.4529
vn 0.7783 0.4445 0.4435
vn -0.4695 0.8829 -0.0001
vn -0.4797 0.8773 0.0154
vn -0.4053 0.8983 -0.1695
vn 0.7791 0.4444 0.4422
vn 0.7814 0.4447 0.4378
vn 0.7783 0.4445 0.4435
vn -0.2853 0.8881 -0.3604
vn -0.4053 0.8983 -0.1695
vn -0.2806 0.8839 -0.374
vn 0.4663 -0.8809 0.0813
vn 0.4667 -0.8806 0.0827
vn 0.5801 -0.7383 -0.3441
vn 0.7768 0.4337 0.4566
vn 0.5654 -0.7462 -0.3515
vn 0.774 0.4332 0.4618
vn 0.4673 -0.8801 0.0838
vn 0.6144 -0.7129 -0.338
vn 0.4461 -0.7906 -0.4195
vn 0.4404 -0.8006 -0.4063
vn 0.8976 0.3683 0.2422
vn 0.9136 0.3097 0.2636
vn 0.4385 -0.7898 -0.4289
vn 0.4404 -0.8006 -0.4063
vn 0.9263 0.2598 0.273
vn 0.4102 -0.8882 -0.2072
vn 0.9136 0.3097 0.2636
vn 0.9136 0.3097 0.2636
vn 0.9197 0.3429 0.1914
vn 0.9263 0.2598 0.273
vn 0.9242 0.2616 0.2781
vn 0.9281 0.3042 0.2145
vn 0.8961 0.3003 0.3269
vn 0.9243 0.2875 0.2511
vn 0.8976 0.3683 0.2422
vn 0.9158 0.3534 0.1908
vn 0.9427 0.1803 0.2806
vn 0.3556 -0.9319 0.0711
vn 0.3098 -0.936 0.1672
vn 0.4102 -0.8882 -0.2072
vn 0.9263 0.2598 0.273
vn 0.9427 0.1803 0.2806
vn 0.9018 0.3057 0.3055
vn 0.4048 -0.8734 -0.2707
vn 0.8917 0.3276 0.3124
vn 0.2335 -0.8979 0.3733
vn 0.214 -0.8919 0.3984
vn 0.3098 -0.936 0.1672
vn 0.9018 0.3057 0.3055
vn 0.9071 0.3876 0.164
vn 0.9158 0.3534 0.1908
vn 0.4463 -0.7802 -0.4383
vn 0.8976 0.3683 0.2422
vn 0.4377 -0.7721 -0.4607
vn 0.4385 -0.7898 -0.4289
vn 0.4583 -0.7667 -0.4496
vn 0.9085 0.3876 0.1559
vn 0.9158 0.3534 0.1908
vn 0.9736 0.2079 0.0943
vn 0.9197 0.3429 0.1914
vn 0.9071 0.3876 0.164
vn 0.9091 0.4032 0.105
vn 0.9085 0.3876 0.1559
vn 0.9078 0.4059 0.1054
vn 0.443 -0.7629 -0.4709
vn 0.9071 0.3876 0.164
vn 0.4583 -0.7667 -0.4496
vn 0.4321 -0.7532 -0.496
vn 0.4462 -0.7547 -0.4809
vn 0.8863 0.4619 0.0325
vn 0.4542 -0.7468 -0.4859
vn 0.886 0.4545 0.0916
vn 0.9091 0.4032 0.105
vn 0.9034 0.4114 0.1207
vn 0.8863 0.4619 0.0325
vn 0.8839 0.4662 0.0375
vn 0.9035 0.4261 0.0469
vn 0.8895 0.4554 0.0376
vn 0.886 0.4545 0.0916
vn 0.9078 0.4059 0.1054
vn 0.8839 0.4662 0.0375
vn 0.4404 -0.7675 -0.4657
vn 0.4347 -0.758 -0.4863
vn 0.8863 0.4619 0.0325
vn 0.4321 -0.7532 -0.496
vn 0.8808 0.4734 -0.0129
vn 0.8839 0.4662 0.0375
vn 0.8808 0.4734 -0.0129
vn 0.898 0.4399 0.0076
vn 0.8895 0.4554 0.0376
vn 0.8816 0.472 -0.0006
vn 0.8825 0.4702 -0.0101
vn 0.8817 0.4717 0.0003
vn 0.8983 0.4394 -0.0031
vn 0.8817 0.4718 0.0053
vn 0.894 0.4465 -0.0375
vn 0.8898 0.4548 -0.0374
vn 0.8808 0.4734 -0.0129
vn 0.4685 -0.831 -0.3001
vn 0.8816 0.472 -0.0006
vn 0.4404 -0.7675 -0.4657
vn 0.4685 -0.831 -0.3001
vn 0.4688 -0.8239 -0.3184
vn 0.4926 -0.8681 -0.0607
vn 0.8816 0.472 -0.0006
vn 0.8817 0.4718 0.0053
vn 0.4323 -0.7536 0.4951
vn 0.4748 -0.8329 0.2843
vn 0.8817 0.4717 0.0003
vn 0.8825 0.4702 -0.0101
vn 0.4388 -0.7463 0.5005
vn 0.4748 -0.8329 0.2843
vn 0.4926 -0.8681 -0.0607
vn 0.8817 0.4718 0.0053
vn 0.4838 -0.8748 0.0253
vn 0.4816 -0.7997 0.3585
vn 0.8817 0.4717 0.0003
vn 0.901 0.4189 -0.1127
vn 0.9109 0.3876 -0.1412
vn 0.9019 0.417 -0.1123
vn 0.4547 -0.7569 0.4695
vn 0.4447 -0.7717 0.4547
vn 0.9105 0.3828 -0.1564
vn 0.9108 0.3833 -0.1532
vn 0.4424 -0.7861 0.4317
vn 0.9344 0.2241 -0.277
vn 0.9155 0.3032 -0.2645
vn 0.3867 -0.9122 0.1356
vn 0.4333 -0.8503 0.2986
vn 0.9344 0.2241 -0.277
vn 0.9424 0.1817 -0.2807
vn 0.9155 0.3539 -0.1914
vn 0.9162 0.2896 -0.277
vn 0.8972 0.3626 -0.2523
vn 0.9241 0.3301 -0.1926
vn 0.9289 0.2771 -0.2459
vn 0.9155 0.3032 -0.2645
vn 0.9424 0.1817 -0.2807
vn 0.2273 -0.9104 -0.3456
vn 0.3741 -0.9274 -0.0042
vn 0.893 0.3254 -0.3109
vn 0.3867 -0.9122 0.1356
vn 0.9344 0.2241 -0.277
vn 0.2273 -0.9104 -0.3456
vn 0.893 0.3254 -0.3109
vn 0.8837 0.3344 -0.3275
vn 0.2282 -0.9122 -0.3405
vn 0.0446 -0.7186 -0.694
vn 0.8972 0.3626 -0.2523
vn 0.4424 -0.7861 0.4317
vn 0.4416 -0.7913 0.4228
vn 0.9155 0.3032 -0.2645
vn 0.9134 0.3619 -0.1863
vn 0.8972 0.3626 -0.2523
vn 0.4625 -0.7765 0.4278
vn 0.4416 -0.7913 0.4228
vn 0.9155 0.3539 -0.1914
vn 0.4494 -0.7767 0.4413
vn 0.9108 0.3833 -0.1532
vn 0.9663 0.226 -0.123
vn 0.9105 0.3828 -0.1564
vn 0.9155 0.3539 -0.1914
vn 0.9241 0.3301 -0.1926
vn 0.9134 0.3619 -0.1863
vn 0.9105 0.3828 -0.1564
vn 0.4494 -0.7767 0.4413
vn 0.4447 -0.7717 0.4547
vn 0.9134 0.3619 -0.1863
vn 0.01 -0.8774 0.4797
vn 1 -0.0049 -0.0067
vn 0.9991 0.0392 -0.0137
vn 0.0478 -0.8665 0.4969
vn 0.9986 -0.0314 -0.0429
vn 0.0478 -0.8759 0.4801
vn 0.9984 0.057 -0.0044
vn 0.052 -0.9304 0.3629
vn 0.9991 0.0392 -0.0137
vn 0.0614 -0.8636 0.5004
vn 0.065 -0.9471 0.3143
vn 0.0478 -0.8759 0.4801
vn -0.0412 -0.8784 0.4762
vn -0.0506 -0.8723 0.4864
vn -0.0823 -0.8731 0.4806
vn 0.9542 -0.1742 -0.2431
vn 0.9666 -0.1925 -0.1694
vn 0.9616 -0.2097 -0.1772
vn 0.9963 -0.0859 0.0023
vn 0.1177 0.9547 -0.2733
vn 0.9963 -0.0843 -0.0163
vn 0.0687 0.8964 -0.4379
vn 0.1488 0.9881 0.0387
vn 0.1045 0.8664 -0.4883
vn 0.9963 -0.0843 -0.0163
vn 0.9963 -0.0769 -0.0374
vn 0.1177 0.9547 -0.2733
vn 0.9913 -0.1186 -0.0568
vn -0.0415 -0.8773 0.4782
vn 0.9666 -0.1925 -0.1694
vn -0.0412 -0.8784 0.4762
vn 0.9758 -0.1695 -0.1379
vn -0.3286 -0.0269 -0.9441
vn -0.3509 0.3159 -0.8816
vn -0.3311 0.0024 -0.9436
vn 0.9104 0.1414 -0.3887
vn 0.9152 0.1265 -0.3827
vn 0.9114 0.1677 -0.3758
vn -0.3529 0.7567 -0.5503
vn 0.9114 0.1677 -0.3758
vn -0.3789 0.1708 -0.9095
vn -0.3537 0.5028 -0.7887
vn -0.345 0.7143 -0.6089
vn -0.3509 0.3159 -0.8816
vn 0.9314 0.1719 -0.321
vn 0.9053 0.2029 -0.3733
vn 0.9314 0.1719 -0.321
vn 0.8954 0.2465 -0.3707
vn 0.9127 0.2554 -0.319
vn -0.3091 0.852 -0.4226
vn -0.345 0.7143 -0.6089
vn -0.3372 0.8333 -0.4381
vn 0.9127 0.2554 -0.319
vn 0.9289 0.2771 -0.2459
vn -0.3444 0.8348 -0.4296
vn -0.3287 0.841 -0.4297
vn -0.3091 0.852 -0.4226
vn 0.9162 0.2896 -0.277
vn 0.9289 0.2771 -0.2459
vn -0.3874 0.8078 -0.4443
vn -0.3444 0.8348 -0.4296
vn -0.359 0.8208 -0.4443
vn -0.3587 0.8123 -0.46
vn 0.9241 0.3301 -0.1926
vn 0.9663 0.226 -0.123
vn -0.3738 0.8026 -0.4648
vn 0.9109 0.3876 -0.1412
vn 0.9108 0.3833 -0.1532
vn 0.9663 0.226 -0.123
vn -0.3874 0.8078 -0.4443
vn 0.9109 0.3876 -0.1412
vn -0.3765 0.7952 -0.4754
vn -0.3774 0.7954 -0.4743
vn 0.9019 0.417 -0.1123
vn 0.9019 0.417 -0.1124
vn -0.3738 0.8026 -0.4648
vn -0.3793 0.7862 -0.488
vn 0.9056 0.4213 -0.0482
vn 0.9019 0.417 -0.1124
vn -0.3763 0.7867 -0.4894
vn -0.3765 0.7952 -0.4754
vn 0.9056 0.4213 -0.0482
vn 0.8737 0.4857 -0.0275
vn -0.4065 0.8468 -0.3429
vn -0.3793 0.7862 -0.488
vn -0.4306 0.9005 -0.0605
vn -0.4065 0.8468 -0.3429
vn 0.894 0.4465 -0.0375
vn -0.4065 0.8475 -0.3414
vn 0.8737 0.4857 -0.0275
vn 0.8983 0.4394 -0.0031
vn 0.9091 0.4032 0.105
vn -0.3747 0.8069 0.4566
vn 0.9034 0.4114 0.1207
vn 0.9085 0.3876 0.1559
vn -0.3739 0.7981 0.4725
vn 0.9736 0.2079 0.0943
vn -0.364 0.8136 0.4534
vn 0.9034 0.4114 0.1207
vn -0.3726 0.799 0.472
vn -0.3662 0.7875 0.4958
vn -0.379 0.7855 0.4892
vn -0.3739 0.7981 0.4725
vn 0.9035 0.4261 0.0469
vn -0.3806 0.7871 0.4854
vn -0.379 0.7855 0.4892
vn -0.4152 0.8666 0.2769
vn 0.8895 0.4554 0.0376
vn 0.898 0.4399 0.0076
vn 0.9035 0.4261 0.0469
vn 0.8983 0.4394 -0.0031
vn 0.898 0.4399 0.0076
vn -0.422 0.9064 0.0192
vn -0.4306 0.9005 -0.0605
vn -0.4258 0.8304 0.3594
vn -0.4152 0.8666 0.2769
vn 0.886 0.4545 0.0916
vn 0.443 -0.7629 -0.4709
vn 0.4462 -0.7547 -0.4809
vn 0.9078 0.4059 0.1054
vn -0.364 0.8136 0.4534
vn -0.3629 0.8175 0.4472
vn -0.356 0.8257 0.4376
vn 0.9197 0.3429 0.1914
vn 0.9281 0.3042 0.2145
vn 0.9736 0.2079 0.0943
vn -0.356 0.8257 0.4376
vn -0.359 0.8306 0.4257
vn 0.9243 0.2875 0.2511
vn 0.9281 0.3042 0.2145
vn -0.3501 0.6745 0.65
vn 0.936 0.1648 0.311
vn -0.3401 0.7083 0.6186
vn -0.3267 0.8092 0.4884
vn 0.8952 0.2466 0.3712
vn 0.8982 0.2477 0.3633
vn 0.8961 0.3003 0.3269
vn -0.3267 0.8092 0.4884
vn 0.9242 0.2616 0.2781
vn -0.3107 0.8501 0.4252
vn -0.3145 0.8401 0.442
vn 0.8982 0.2477 0.3633
vn 0.9243 0.2875 0.2511
vn -0.3107 0.8501 0.4252
vn -0.352 0.8297 0.4333
vn 0.8961 0.3003 0.3269
vn -0.359 0.8306 0.4257
vn 0.922 0.1709 0.3473
vn -0.3647 0.511 0.7784
vn 0.9122 0.1575 0.3783
vn -0.3516 0.1909 0.9165
vn -0.3645 0.092 0.9266
vn -0.3563 0.432 0.8285
vn 0.9078 0.1871 0.3755
vn 0.922 0.1709 0.3473
vn -0.3501 0.6745 0.65
vn 0.936 0.1648 0.311
vn -0.3647 0.511 0.7784
vn -0.0435 -0.8705 -0.4903
vn -0.059 -0.8766 -0.4776
vn -0.0438 -0.8688 -0.4932
vn -0.0439 -0.8707 -0.4899
vn -0.0128 -0.88 -0.4749
vn -0.0464 -0.8665 -0.497
vn 0.9639 -0.1708 0.2044
vn 0.9641 -0.1976 0.1775
vn 0.9792 -0.1592 0.1255
vn -0.059 -0.8766 -0.4776
vn -0.0694 -0.8688 -0.4903
vn -0.0719 -0.8715 -0.4852
vn 0.9446 -0.2285 0.2356
vn 0.9639 -0.1708 0.2044
vn -0.082 -0.8734 -0.48
vn 0.9993 -0.0049 0.0371
vn 0.9997 -0.0024 0.0252
vn 0.0628 -0.8931 -0.4454
vn 0.062 -0.8757 -0.4789
vn 0.9993 0.0336 0.0168
vn -0.0029 -0.8774 -0.4798
vn 0.9963 -0.0283 0.0815
vn 0.027 -0.8672 -0.4972
vn 0.062 -0.8757 -0.4789
vn 0.9982 -0.0467 0.0374
vn 0.9997 -0.0024 0.0252
vn 0.9963 -0.0283 0.0815
vn -0.0029 -0.8774 -0.4798
vn -0.0039 -0.8783 -0.4781
vn 0.9916 -0.0882 0.0943
vn 0.0525 -0.9921 -0.1142
vn 0.0534 -0.9926 -0.1091
vn 0.0715 -0.9413 -0.3299
vn 0.9984 0.0557 0.0061
vn 0.9983 0.0583 0.0008
vn 0.9983 0.0583 0.0008
vn 0.0628 -0.8931 -0.4454
vn 0.0626 -0.9014 -0.4284
vn 0.0715 -0.9413 -0.3299
vn 0.9993 0.0336 0.0168
vn 0.4733 -0.8547 -0.2133
vn 0.1121 -0.228 0.9672
vn 0.0976 -0.2124 0.9723
vn 0.4175 -0.8793 -0.2294
vn 0.1189 -0.2105 0.9703
vn 0.1152 -0.215 0.9698
vn 0.5425 -0.7954 -0.2704
vn 0.5216 -0.8354 -0.1732
vn 0.4733 -0.8547 -0.2133
vn 0.49 -0.8478 -0.2028
vn 0.1189 -0.2105 0.9703
vn 0.1286 -0.206 0.9701
vn 0.4873 -0.8377 -0.2466
vn 0.4913 -0.85 -0.1898
vn 0.4175 -0.8793 -0.2294
vn 0.4211 -0.8751 -0.2386
vn 0.4733 -0.8547 -0.2133
vn 0.4249 -0.8826 -0.2014
vn 0.46 -0.8659 -0.1966
vn 0.49 -0.8478 -0.2028
vn 0.4913 -0.85 -0.1898
vn 0.5425 -0.7954 -0.2704
vn 0.49 -0.8478 -0.2028
vn 0.5473 -0.8025 -0.2376
vn 0.5512 -0.8125 -0.1897
vn 0.7216 -0.6908 0.0457
vn 0.6725 0.669 0.3165
vn 0.7663 -0.6413 0.0396
vn 0.6124 0.6114 0.5012
vn 0.6677 0.6441 0.3733
vn 0.71 0.7038 0.022
vn 0.6887 -0.7235 0.0473
vn 0.7663 -0.6413 0.0396
vn 0.7024 0.7114 -0.025
vn 0.6677 0.6441 0.3733
vn 0.7287 -0.6848 0.004
vn 0.7278 -0.6855 0.0193
vn 0.7663 -0.6413 0.0396
vn 0.6827 -0.7268 0.0753
vn -0.5736 -0.6456 -0.5043
vn 0.7216 -0.6908 0.0457
vn -0.5731 -0.6453 -0.5051
vn 0.6887 -0.7235 0.0473
vn 0.6828 -0.727 0.0723
vn 0.7067 -0.6636 0.2455
vn 0.7055 -0.6493 0.284
vn -0.4508 -0.7354 -0.5059
vn -0.4453 -0.7323 -0.5152
vn 0.7035 -0.6661 0.2478
vn 0.7045 -0.6652 0.2474
vn -0.4494 -0.7264 -0.52
vn 0.7271 -0.6431 0.2404
vn 0.7055 -0.6493 0.284
vn 0.6838 -0.6878 0.2437
vn 0.6762 -0.6821 0.2785
vn 0.7067 -0.6636 0.2455
vn 0.6773 -0.6835 0.272
vn 0.6756 -0.6776 0.2905
vn 0.6723 -0.7056 0.2239
vn 0.6969 -0.7081 0.1139
vn 0.6695 -0.7097 0.2192
vn 0.6306 -0.6706 0.3906
vn 0.6936 -0.6736 0.2552
vn 0.683 -0.6895 0.2411
vn 0.6838 -0.6878 0.2437
vn 0.7067 -0.6636 0.2455
vn 0.6683 -0.7121 0.2154
vn 0.7035 -0.6661 0.2478
vn 0.6768 -0.6772 0.2887
vn 0.6756 -0.6776 0.2905
vn 0.673 -0.6778 0.296
vn -0.4595 -0.7194 -0.521
vn -0.4478 -0.755 -0.4791
vn -0.4508 -0.7354 -0.5059
vn 0.7055 -0.6493 0.284
vn 0.6715 -0.6933 0.2615
vn 0.5259 0.6856 0.5034
vn 0.0828 -0.9867 -0.1399
vn 0.5701 0.6555 0.4953
vn 0.673 -0.6778 0.296
vn 0.5401 0.6787 0.4976
vn 0.5233 0.683 0.5095
vn 0.6768 -0.6772 0.2887
vn 0.6715 -0.6933 0.2615
vn 0.673 -0.6778 0.296
vn 0.6624 -0.6976 0.2731
vn 0.6335 -0.7245 0.2715
vn 0.0828 -0.9867 -0.1399
vn 0.6703 -0.692 0.268
vn 0.5935 -0.7633 0.2552
vn 0.5913 0.6561 0.4689
vn 0.6278 0.6199 0.4707
vn 0.6218 -0.7335 0.2743
vn 0.6335 -0.7245 0.2715
vn 0.5691 0.6633 0.4859
vn 0.5701 0.6555 0.4953
vn 0.0828 -0.9867 -0.1399
vn 0.1354 -0.1945 -0.9715
vn 0.6118 -0.7572 0.229
vn 0.1445 -0.1845 -0.9722
vn 0.5657 -0.7966 0.213
vn 0.1455 -0.192 -0.9705
vn 0.1354 -0.1945 -0.9715
vn 0.1337 -0.1959 -0.9715
vn 0.4818 -0.8337 0.27
vn 0.5657 -0.7966 0.213
vn 0.123 -0.1941 -0.9732
vn 0.5518 -0.8091 0.2024
vn 0.527 -0.8321 0.1728
vn 0.5518 -0.8091 0.2024
vn 0.5838 -0.7887 0.1925
vn 0.5439 -0.8022 0.2461
vn 0.5532 -0.8112 0.1897
vn 0.5657 -0.7966 0.213
vn 0.6101 -0.7628 0.2141
vn 0.6068 -0.7586 0.2376
vn 0.6118 -0.7572 0.229
vn 0.4818 -0.8337 0.27
vn 0.4936 -0.8487 0.1899
vn 0.5532 -0.8112 0.1897
vn 0.4856 -0.8403 0.241
vn 0.5518 -0.8091 0.2024
vn -0.8348 -0.2861 0.4704
vn -0.8517 -0.2767 0.4451
vn -0.8314 -0.2902 0.4739
vn 0.3933 -0.8777 0.2738
vn 0.3933 -0.8744 0.2841
vn 0.3754 -0.6356 0.6746
vn 0.3192 -0.639 0.6998
vn 0.3933 -0.8744 0.2841
vn 0.2884 -0.6993 0.6541
vn 0.3646 -0.7125 0.5995
vn 0.2751 -0.6641 0.6952
vn 0.401 -0.6963 0.5953
vn -0.8517 -0.2767 0.4451
vn 0.3392 -0.9002 0.2731
vn 0.8451 0.2278 -0.4837
vn 0.3748 -0.8865 0.2716
vn 0.2303 -0.7346 0.6382
vn 0.2489 -0.7536 0.6084
vn 0.3933 -0.8744 0.2841
vn 0.2751 -0.6641 0.6952
vn 0.3933 -0.8777 0.2738
vn -0.8437 -0.2189 0.4903
vn -0.8204 -0.2351 0.5212
vn 0.3933 -0.8777 0.2738
vn -0.8469 -0.2417 0.4737
vn -0.8538 -0.1859 0.4862
vn -0.8314 -0.2902 0.4739
vn 0.3748 -0.8865 0.2716
vn 0.6675 -0.7422 0.0598
vn 0.3317 -0.898 0.2891
vn 0.3392 -0.9002 0.2731
vn 0.6675 -0.7422 0.0598
vn 0.3748 -0.8865 0.2716
vn 0.3343 -0.9045 0.265
vn 0.6675 -0.7422 0.0598
vn -0.8741 -0.2062 0.4398
vn -0.8538 -0.1859 0.4862
vn -0.8711 -0.204 0.4468
vn 0.3317 -0.898 0.2891
vn 0.3103 -0.91 0.275
vn 0.32 -0.9037 0.2843
vn 0.3466 -0.9114 0.2218
vn 0.3633 -0.9092 0.2036
vn -0.0226 -0.2947 -0.9553
vn -0.276 -0.3601 -0.8911
vn 0.3466 -0.9114 0.2218
vn 0.3414 -0.9121 0.227
vn -0.4583 -0.4135 -0.7867
vn -0.276 -0.3601 -0.8911
vn 0.3271 -0.914 0.2402
vn 0.3313 -0.9134 0.2368
vn 0.3523 -0.9104 0.2169
vn 0.3232 -0.9145 0.2436
vn 0.3466 -0.9114 0.2218
vn 0.3633 -0.9092 0.2036
vn 0.3414 -0.9121 0.227
vn 0.285 -0.9265 0.2457
vn 0.3365 -0.9346 0.1151
vn 0.2889 -0.9189 0.2686
vn 0.3314 -0.8587 0.3908
vn 0.3027 -0.9172 0.2589
vn 0.3414 -0.9121 0.227
vn -0.4583 -0.4135 -0.7867
vn -0.6413 -0.4343 -0.6326
vn 0.3271 -0.914 0.2402
vn -0.4202 -0.399 -0.815
vn 0.3271 -0.914 0.2402
vn -0.6413 -0.4343 -0.6326
vn -0.7567 -0.4328 -0.49
vn -0.6089 -0.4249 -0.6699
vn 0.3313 -0.9134 0.2368
vn -0.8708 -0.4101 -0.2711
vn -0.9218 -0.3809 -0.0722
vn 0.324 -0.9108 0.2557
vn 0.3233 -0.907 0.2697
vn 0.2766 -0.9264 0.2554
vn 0.2861 -0.9143 0.2868
vn 0.3232 -0.9145 0.2436
vn 0.3231 -0.906 0.2736
vn 0.3207 -0.9034 0.2845
vn 0.285 -0.9265 0.2457
vn 0.324 -0.9108 0.2557
vn 0.3233 -0.907 0.2697
vn 0.324 -0.9108 0.2557
vn 0.3232 -0.9145 0.2436
vn 0.3027 -0.9172 0.2589
vn -0.8708 -0.4101 -0.2711
vn -0.7867 -0.4482 -0.4245
vn -0.7867 -0.4482 -0.4245
vn -0.7567 -0.4328 -0.49
vn 0.3313 -0.9134 0.2368
vn -0.8207 -0.4339 -0.3718
vn 0.3027 -0.9172 0.2589
vn -0.9218 -0.3809 -0.0722
vn -0.9326 -0.3438 0.1097
vn 0.3231 -0.906 0.2736
vn 0.3233 -0.907 0.2697
vn 0.3231 -0.906 0.2736
vn 0.3207 -0.9034 0.2845
vn -0.9137 -0.2595 0.3128
vn -0.9353 -0.3457 0.0756
vn 0.3103 -0.9096 0.2761
vn -0.9326 -0.3438 0.1097
vn 0.3103 -0.9096 0.2761
vn 0.32 -0.9037 0.2843
vn 0.2861 -0.9143 0.2868
vn 0.3207 -0.9034 0.2845
vn 0.3103 -0.91 0.275
vn 0.8568 0.1359 -0.4973
vn 0.8551 0.1168 -0.5052
vn 0.8547 0.117 -0.5058
vn 0.4716 -0.8552 0.2151
vn 0.4818 -0.8337 0.27
vn 0.4644 -0.8632 0.198
vn 0.4447 -0.8723 0.2032
vn 0.4557 -0.8702 0.1872
vn 0.4212 -0.8751 0.2383
vn 0.527 -0.8321 0.1728
vn 0.414 -0.8832 0.2205
vn 0.4856 -0.8403 0.241
vn 0.4232 -0.8792 0.2191
vn 0.082 -0.1964 -0.9771
vn 0.1024 -0.2166 -0.9709
vn 0.414 -0.8832 0.2205
vn 0.4716 -0.8552 0.2151
vn 0.1089 -0.224 -0.9685
vn 0.1171 -0.208 -0.9711
vn 0.3633 -0.9092 0.2036
vn 0.4212 -0.8751 0.2383
vn -0.0226 -0.2947 -0.9553
vn -0.1057 -0.3045 -0.9466
vn 0.414 -0.8832 0.2205
vn 0.1089 -0.224 -0.9685
vn 0.3523 -0.9104 0.2169
vn 0.1171 -0.208 -0.9711
vn 0.1147 -0.2074 -0.9715
vn 0.1233 -0.2025 -0.9715
vn 0.123 -0.1941 -0.9732
vn 0.527 -0.8321 0.1728
vn 0.4716 -0.8552 0.2151
vn -0.4742 -0.7125 -0.5172
vn -0.4478 -0.755 -0.4791
vn -0.4907 -0.7313 -0.4737
vn 0.6715 -0.6933 0.2615
vn 0.6703 -0.692 0.268
vn 0.5606 0.6973 0.4465
vn 0.6208 0.7235 0.3021
vn 0.6768 -0.6772 0.2887
vn 0.6756 -0.6776 0.2905
vn 0.6762 -0.6821 0.2785
vn 0.5259 0.6856 0.5034
vn 0.6208 0.7235 0.3021
vn 0.6773 -0.6835 0.272
vn 0.7039 0.6956 0.1434
vn 0.7349 0.6767 -0.0447
vn 0.6762 -0.6821 0.2785
vn 0.6936 -0.6736 0.2552
vn 0.7506 0.5836 -0.3099
vn 0.6838 -0.6878 0.2437
vn 0.7594 0.5932 -0.2672
vn 0.7349 0.6767 -0.0447
vn 0.6773 -0.6835 0.272
vn 0.6936 -0.6736 0.2552
vn 0.7594 0.5932 -0.2672
vn 0.683 -0.6895 0.2411
vn 0.6477 0.4083 -0.6433
vn 0.7045 0.4582 -0.5419
vn 0.6064 0.2963 -0.7379
vn 0.7045 0.4582 -0.5419
vn 0.6695 -0.7097 0.2192
vn 0.683 -0.6895 0.2411
vn 0.6068 -0.7586 0.2376
vn 0.1445 -0.1845 -0.9722
vn 0.6118 -0.7572 0.229
vn 0.1629 -0.1883 -0.9685
vn 0.2327 -0.1205 -0.9651
vn 0.66 -0.7186 0.2192
vn 0.1622 -0.1889 -0.9685
vn 0.6349 -0.7511 0.1811
vn 0.6512 -0.7249 0.2246
vn 0.5962 -0.789 0.1486
vn 0.6511 -0.7281 0.2143
vn 0.6485 -0.7348 0.1988
vn 0.6463 -0.738 0.1941
vn 0.6306 -0.6706 0.3906
vn 0.6367 -0.6838 0.3563
vn 0.6068 -0.7586 0.2376
vn 0.6101 -0.7628 0.2141
vn 0.6958 -0.7021 0.1514
vn 0.6223 -0.7638 0.1713
vn 0.6182 -0.7635 0.1867
vn 0.6098 -0.7619 0.2185
vn 0.6054 -0.7598 0.2371
vn 0.66 -0.7186 0.2192
vn 0.6687 -0.7276 0.1533
vn 0.6683 -0.7121 0.2154
vn 0.4684 0.1019 -0.8776
vn 0.66 -0.7186 0.2192
vn 0.5411 0.2659 -0.7978
vn 0.3711 -0.0078 -0.9286
vn 0.2327 -0.1205 -0.9651
vn 0.6683 -0.7121 0.2154
vn 0.6723 -0.7056 0.2239
vn 0.6695 -0.7097 0.2192
vn 0.4684 0.1019 -0.8776
vn 0.6723 -0.7056 0.2239
vn 0.6064 0.2963 -0.7379
vn 0.6624 -0.6976 0.2731
vn -0.5597 -0.6796 -0.4742
vn -0.5569 -0.6825 -0.4734
vn -0.5242 -0.702 -0.4821
vn -0.5243 -0.6766 -0.517
vn -0.4907 -0.7313 -0.4737
vn 0.6703 -0.692 0.268
vn 0.5003 -0.5329 0.6824
vn 0.6218 -0.7335 0.2743
vn -0.5597 -0.6796 -0.4742
vn 0.5632 -0.5272 0.6363
vn 0.6335 -0.7245 0.2715
vn 0.5584 -0.5145 0.6508
vn 0.6624 -0.6976 0.2731
vn 0.5004 -0.5586 0.6615
vn 0.6218 -0.7335 0.2743
vn 0.5935 -0.7633 0.2552
vn 0.4591 -0.5643 0.6861
vn 0.5004 -0.5586 0.6615
vn 0.4377 -0.5643 0.7
vn 0.5935 -0.7633 0.2552
vn 0.6278 0.6199 0.4707
vn 0.2862 -0.7817 0.5541
vn 0.5264 -0.5991 0.6033
vn 0.4591 -0.5643 0.6861
vn 0.6827 -0.7268 0.0753
vn 0.6741 -0.7303 0.1109
vn -0.5731 -0.6453 -0.5051
vn 0.6732 -0.7294 0.1212
vn -0.5731 -0.6455 -0.5048
vn 0.6736 -0.7321 0.1019
vn -0.577 -0.6416 -0.5053
vn 0.6505 -0.7467 0.1388
vn 0.6736 -0.7321 0.1019
vn -0.5785 -0.6406 -0.505
vn -0.5759 -0.6408 -0.5077
vn -0.5731 -0.6455 -0.5048
vn 0.6204 0.6034 0.501
vn 0.6732 -0.7294 0.1212
vn 0.6958 -0.7021 0.1514
vn 0.62 0.6031 0.5018
vn 0.5892 -0.794 0.1495
vn 0.6736 -0.7321 0.1019
vn 0.5962 -0.789 0.1486
vn 0.6505 -0.7467 0.1388
vn -0.658 -0.6737 -0.3365
vn 0.5892 -0.794 0.1495
vn -0.577 -0.6416 -0.5053
vn 0.6505 -0.7467 0.1388
vn 0.5892 -0.794 0.1495
vn 0.5962 -0.789 0.1486
vn -0.7376 -0.6733 -0.0506
vn -0.6518 -0.6675 -0.3601
vn 0.6349 -0.7511 0.1811
vn -0.658 -0.6737 -0.3365
vn -0.7449 -0.6667 -0.0272
vn 0.6463 -0.738 0.1941
vn -0.7376 -0.6733 -0.0506
vn 0.6349 -0.7511 0.1811
vn -0.7502 -0.5999 0.278
vn -0.7515 -0.5827 0.3093
vn 0.6485 -0.7348 0.1988
vn 0.6463 -0.738 0.1941
vn -0.667 -0.446 0.5968
vn -0.6597 -0.423 0.6211
vn -0.7502 -0.5999 0.278
vn 0.6511 -0.7281 0.2143
vn -0.667 -0.446 0.5968
vn 0.6485 -0.7348 0.1988
vn -0.499 -0.2165 0.8391
vn -0.5162 -0.2487 0.8196
vn 0.6511 -0.7281 0.2143
vn -0.5162 -0.2487 0.8196
vn 0.6512 -0.7249 0.2246
vn -0.2841 0.0125 0.9587
vn -0.3007 -0.0124 0.9536
vn -0.1628 0.124 0.9788
vn -0.3007 -0.0124 0.9536
vn 0.6367 -0.6838 0.3563
vn -0.139 0.1478 0.9792
vn 0.6512 -0.7249 0.2246
vn -0.1418 0.1438 0.9794
vn -0.1447 0.154 0.9774
vn 0.6306 -0.6706 0.3906
vn -0.1628 0.124 0.9788
vn 0.6969 -0.7081 0.1139
vn 0.6367 -0.6838 0.3563
vn -0.1447 0.154 0.9774
vn 0.7035 -0.6661 0.2478
vn -0.1534 0.1448 0.9775
vn 0.7045 -0.6652 0.2474
vn 0.6969 -0.7081 0.1139
vn 0.7045 -0.6652 0.2474
vn -0.1529 0.1452 0.9775
vn 0.7271 -0.6431 0.2404
vn -0.1534 0.1448 0.9775
vn -0.1681 0.1487 0.9745
vn -0.1529 0.1452 0.9775
vn 0.7271 -0.6431 0.2404
vn -0.4494 -0.7264 -0.52
vn 0.6732 -0.7294 0.1212
vn 0.6741 -0.7303 0.1109
vn 0.6204 0.6034 0.501
vn 0.6188 0.6031 0.5033
vn 0.6827 -0.7268 0.0753
vn 0.6741 -0.7303 0.1109
vn 0.6188 0.6031 0.5033
vn 0.619 0.603 0.5031
vn 0.6828 -0.727 0.0723
vn 0.7216 -0.6908 0.0457
vn 0.6135 0.6076 0.5044
vn 0.619 0.603 0.5031
vn 0.6828 -0.727 0.0723
vn 0.614 0.6082 0.5032
vn 0.6124 0.6114 0.5012
vn 0.7295 -0.6839 0.0058
vn 0.6849 -0.7269 -0.0502
vn 0.789 -0.6123 -0.0503
vn 0.728 -0.6853 -0.0187
vn 0.6666 0.6733 -0.3199
vn 0.7287 -0.6848 0.004
vn 0.7295 -0.684 0.0023
vn 0.6865 0.6817 -0.253
vn 0.71 0.7038 0.022
vn 0.7299 -0.6835 -0.006
vn -0.6193 -0.7358 -0.274
vn 0.7278 -0.6855 0.0193
vn 0.7287 -0.6848 0.004
vn -0.5667 -0.6522 -0.5035
vn 0.7299 -0.6835 -0.006
vn -0.59 -0.6779 -0.4386
vn -0.5736 -0.6456 -0.5043
vn -0.5667 -0.6522 -0.5035
vn 0.6887 -0.7235 0.0473
vn 0.7278 -0.6855 0.0193
vn -0.57 -0.6475 -0.5058
vn -0.567 -0.6518 0.5037
vn -0.5732 -0.6458 0.5044
vn 0.6849 -0.7269 -0.0502
vn -0.5677 -0.649 0.5065
vn -0.5684 -0.6497 0.5048
vn 0.728 -0.6853 -0.0187
vn -0.567 -0.6518 0.5037
vn 0.7295 -0.6839 0.0058
vn -0.6239 -0.7143 0.3171
vn -0.6241 -0.7174 0.3096
vn 0.728 -0.6853 -0.0187
vn -0.681 -0.7305 0.0508
vn 0.7295 -0.684 0.0023
vn -0.6241 -0.7174 0.3096
vn 0.7295 -0.6839 0.0058
vn -0.6362 -0.7629 -0.1146
vn 0.7299 -0.6835 -0.006
vn 0.7295 -0.684 0.0023
vn -0.6193 -0.7358 -0.274
vn -0.681 -0.7305 0.0508
vn 0.7606 -0.6472 -0.0511
vn 0.789 -0.6123 -0.0503
vn -0.5722 -0.6437 0.5082
vn 0.6834 -0.7254 -0.0827
vn -0.5732 -0.6458 0.5044
vn 0.6849 -0.7269 -0.0502
vn 0.6835 -0.7253 -0.0821
vn 0.7128 -0.6995 -0.0524
vn -0.5763 -0.6446 0.5023
vn 0.6666 0.6733 -0.3199
vn 0.789 -0.6123 -0.0503
vn 0.6382 0.6319 -0.4397
vn 0.5972 0.5959 -0.5369
vn 0.7606 -0.6472 -0.0511
vn 0.7606 -0.6472 -0.0511
vn 0.7128 -0.6995 -0.0524
vn 0.5972 0.5959 -0.5369
vn 0.6126 0.6108 -0.5017
vn -0.2572 0.0322 -0.9658
vn -0.2559 0.0339 -0.9661
vn -0.4615 -0.1895 -0.8667
vn 0.6506 -0.727 -0.2193
vn 0.6499 -0.7191 -0.2458
vn -0.4848 -0.2061 -0.85
vn -0.6236 -0.3934 -0.6755
vn -0.6617 -0.4199 -0.6211
vn -0.4615 -0.1895 -0.8667
vn 0.6482 -0.7354 -0.1974
vn 0.6506 -0.727 -0.2193
vn 0.6067 -0.7584 -0.2382
vn 0.6992 -0.6986 -0.1515
vn 0.6094 -0.7618 -0.2197
vn 0.6499 -0.7191 -0.2458
vn 0.5995 -0.7864 -0.1488
vn 0.6192 -0.7635 -0.1832
vn 0.6105 -0.7624 -0.2147
vn 0.6506 -0.727 -0.2193
vn 0.6382 -0.7474 -0.1847
vn 0.6683 -0.7116 -0.2167
vn 0.6293 -0.6688 -0.396
vn 0.6492 -0.7339 -0.2
vn 0.6482 -0.7354 -0.1974
vn 0.6573 -0.7382 -0.1515
vn -0.2572 0.0322 -0.9658
vn -0.1377 0.1477 -0.9794
vn 0.6905 -0.7055 -0.1596
vn 0.6499 -0.7191 -0.2458
vn 0.6293 -0.6688 -0.396
vn 0.7251 -0.6566 -0.2076
vn 0.7087 -0.634 -0.3094
vn 0.6639 -0.7186 -0.2068
vn 0.6905 -0.7055 -0.1596
vn 0.6742 -0.703 -0.2263
vn 0.6801 -0.6941 -0.2361
vn 0.6683 -0.7116 -0.2167
vn 0.6293 -0.6688 -0.396
vn 0.6846 -0.6873 -0.2427
vn 0.7119 -0.6582 -0.2448
vn 0.6681 -0.7123 -0.2151
vn -0.1521 0.1445 -0.9777
vn 0.7087 -0.634 -0.3094
vn -0.1482 0.1503 -0.9775
vn -0.1377 0.1477 -0.9794
vn 0.6905 -0.7055 -0.1596
vn 0.6482 -0.7354 -0.1974
vn -0.726 -0.5643 -0.393
vn -0.7559 -0.5821 -0.2996
vn 0.6492 -0.7339 -0.2
vn -0.6236 -0.3934 -0.6755
vn -0.726 -0.5643 -0.393
vn -0.7453 -0.6607 -0.0892
vn -0.7531 -0.6571 0.0313
vn 0.6382 -0.7474 -0.1847
vn 0.6492 -0.7339 -0.2
vn -0.7071 -0.6718 0.2206
vn 0.5592 -0.8147 -0.1535
vn -0.7453 -0.6607 -0.0892
vn 0.5995 -0.7864 -0.1488
vn 0.6382 -0.7474 -0.1847
vn 0.5592 -0.8147 -0.1535
vn -0.7071 -0.6718 0.2206
vn -0.6494 -0.676 0.3482
vn -0.6236 -0.6616 0.4164
vn 0.6033 -0.7838 -0.1472
vn 0.619 0.6024 -0.5039
vn 0.619 0.6033 -0.5029
vn 0.666 -0.7372 -0.1141
vn 0.6526 -0.745 -0.1384
vn 0.5592 -0.8147 -0.1535
vn 0.6033 -0.7838 -0.1472
vn 0.5995 -0.7864 -0.1488
vn 0.6992 -0.6986 -0.1515
vn 0.7128 -0.6995 -0.0524
vn 0.6835 -0.7253 -0.0821
vn 0.6126 0.6108 -0.5017
vn 0.6163 0.6049 -0.5043
vn 0.6184 0.6035 -0.5033
vn 0.6193 0.6034 -0.5024
vn 0.6745 -0.7307 -0.1056
vn 0.6184 0.6035 -0.5033
vn 0.6834 -0.7254 -0.0827
vn 0.6835 -0.7253 -0.0821
vn 0.6834 -0.7254 -0.0827
vn 0.6745 -0.7307 -0.1056
vn -0.5747 -0.6437 0.5052
vn 0.6748 -0.7311 -0.1007
vn -0.5763 -0.6446 0.5023
vn 0.6748 -0.7311 -0.1007
vn 0.6745 -0.7307 -0.1056
vn 0.6193 0.6034 -0.5024
vn 0.666 -0.7372 -0.1141
vn 0.619 0.6024 -0.5039
vn -0.5751 -0.6428 0.506
vn -0.5747 -0.6437 0.5052
vn -0.5773 -0.6413 0.5055
vn 0.6748 -0.7311 -0.1007
vn 0.666 -0.7372 -0.1141
vn 0.6526 -0.745 -0.1384
vn -0.6236 -0.6616 0.4164
vn -0.5773 -0.6413 0.5055
vn 0.6033 -0.7838 -0.1472
vn 0.6526 -0.745 -0.1384
vn 0.6987 -0.6554 -0.2868
vn 0.677 -0.6806 -0.2802
vn 0.6634 -0.691 -0.2871
vn 0.6699 -0.6927 -0.2671
vn 0.6805 -0.6777 -0.2786
vn -0.4973 -0.7161 0.4898
vn -0.5156 -0.7047 0.4874
vn -0.488 -0.7135 0.5028
vn 0.7145 -0.6526 -0.2521
vn -0.4669 -0.7275 0.5028
vn 0.6987 -0.6554 -0.2868
vn -0.4487 -0.733 0.5113
vn -0.445 -0.7306 0.5178
vn -0.488 -0.7135 0.5028
vn 0.6846 -0.6873 -0.2427
vn 0.7145 -0.6526 -0.2521
vn 0.7119 -0.6582 -0.2448
vn 0.6783 -0.6842 -0.2679
vn 0.6822 -0.6872 -0.2497
vn 0.677 -0.6806 -0.2802
vn 0.6987 -0.6554 -0.2868
vn 0.6775 -0.682 -0.2755
vn 0.7251 -0.6566 -0.2076
vn 0.7119 -0.6582 -0.2448
vn -0.4471 -0.7285 0.519
vn -0.4477 -0.7292 0.5175
vn -0.445 -0.7306 0.5178
vn 0.7145 -0.6526 -0.2521
vn 0.7087 -0.634 -0.3094
vn -0.4547 -0.7281 0.5129
vn -0.1673 0.1479 -0.9747
vn -0.4471 -0.7285 0.519
vn -0.1521 0.1445 -0.9777
vn 0.7251 -0.6566 -0.2076
vn 0.4436 0.0908 0.8916
vn 0.2892 -0.0941 0.9526
vn 0.6639 -0.7186 -0.2068
vn 0.6681 -0.7123 -0.2151
vn 0.6742 -0.703 -0.2263
vn 0.5559 0.2213 0.8013
vn 0.6681 -0.7123 -0.2151
vn 0.4436 0.0908 0.8916
vn 0.7394 0.5773 0.3464
vn 0.7167 0.6929 -0.079
vn 0.7097 0.6981 -0.0947
vn 0.6822 -0.6872 -0.2497
vn 0.6783 -0.6842 -0.2679
vn 0.6801 -0.6941 -0.2361
vn 0.6846 -0.6873 -0.2427
vn 0.7394 0.5773 0.3464
vn 0.6564 0.3781 0.6528
vn 0.7412 0.5554 0.3771
vn 0.6822 -0.6872 -0.2497
vn 0.6499 0.3624 0.6681
vn 0.6742 -0.703 -0.2263
vn 0.6564 0.3781 0.6528
vn 0.5559 0.2213 0.8013
vn 0.5361 0.2025 0.8195
vn 0.6801 -0.6941 -0.2361
vn 0.4885 -0.8609 -0.1418
vn 0.6699 -0.6927 -0.2671
vn 0.6634 -0.691 -0.2871
vn 0.6375 -0.7207 -0.2722
vn 0.6648 -0.695 -0.2737
vn -0.5689 -0.666 0.4825
vn 0.6699 -0.6927 -0.2671
vn -0.5156 -0.7047 0.4874
vn 0.6648 -0.695 -0.2737
vn -0.5309 -0.6995 0.4783
vn -0.5689 -0.666 0.4825
vn 0.6375 -0.7207 -0.2722
vn 0.622 -0.7337 -0.2734
vn 0.5635 -0.5288 -0.6347
vn 0.6185 -0.7333 -0.2824
vn 0.4801 -0.5358 -0.6945
vn 0.5713 -0.5504 -0.6088
vn 0.6648 -0.695 -0.2737
vn 0.7097 0.6981 -0.0947
vn 0.6327 0.7139 -0.3
vn 0.6775 -0.682 -0.2755
vn 0.6783 -0.6842 -0.2679
vn 0.6775 -0.682 -0.2755
vn 0.6327 0.7139 -0.3
vn 0.57 0.7054 -0.4213
vn 0.6805 -0.6777 -0.2786
vn 0.677 -0.6806 -0.2802
vn 0.6215 0.7128 -0.325
vn 0.5602 0.7006 -0.442
vn 0.5336 0.6922 -0.4858
vn 0.4885 -0.8609 -0.1418
vn 0.6634 -0.691 -0.2871
vn 0.6805 -0.6777 -0.2786
vn 0.57 0.7054 -0.4213
vn 0.6168 0.6271 -0.4756
vn 0.622 -0.7337 -0.2734
vn 0.6375 -0.7207 -0.2722
vn 0.5336 0.6922 -0.4858
vn 0.5583 0.6488 -0.5172
vn 0.5858 0.6574 -0.4739
vn 0.5587 0.6707 -0.4879
vn 0.4885 -0.8609 -0.1418
vn 0.62 0.6453 -0.4464
vn 0.6081 0.6483 -0.4581
vn 0.6185 -0.7333 -0.2824
vn 0.6168 0.6271 -0.4756
vn 0.622 -0.7337 -0.2734
vn 0.5058 -0.5627 -0.6539
vn 0.4853 -0.6373 -0.5986
vn 0.6185 -0.7333 -0.2824
vn 0.62 0.6453 -0.4464
vn 0.4381 -0.5638 -0.7001
vn 0.4098 -0.6136 -0.6749
vn 0.4349 -0.6798 -0.5905
vn 0.4801 -0.5358 -0.6945
vn 0.5666 -0.7953 -0.2157
vn 0.5216 -0.8354 -0.1732
vn 0.5425 -0.7954 -0.2704
vn 0.6169 -0.7555 -0.2206
vn 0.5831 -0.7892 -0.1928
vn 0.5709 -0.7948 -0.2059
vn 0.5829 -0.7894 -0.1927
vn 0.6067 -0.7584 -0.2382
vn 0.6094 -0.7618 -0.2197
vn 0.5473 -0.8025 -0.2376
vn 0.6169 -0.7555 -0.2206
vn 0.1562 -0.1968 0.9679
vn 0.1536 -0.1894 0.9698
vn 0.5666 -0.7953 -0.2157
vn 0.14 -0.1982 0.9701
vn 0.6639 -0.7186 -0.2068
vn 0.325 -0.0371 0.945
vn 0.6169 -0.7555 -0.2206
vn 0.6067 -0.7584 -0.2382
vn 0.1692 -0.1876 0.9676
vn 0.2892 -0.0941 0.9526
vn 0.1562 -0.1968 0.9679
vn 0.6683 -0.7116 -0.2167
vn 0.14 -0.1982 0.9701
vn 0.1393 -0.2011 0.9696
vn 0.1286 -0.206 0.9701
vn 0.1212 -0.2002 0.9722
vn 0.5666 -0.7953 -0.2157
vn 0.5216 -0.8354 -0.1732
vn 0.3224 -0.9057 -0.2753
vn 0.3247 -0.9008 -0.2884
vn -0.8476 -0.1742 -0.5013
vn -0.8739 -0.2019 -0.4421
vn 0.3197 -0.9041 -0.2836
vn -0.9242 -0.2473 -0.291
vn -0.9242 -0.2473 -0.291
vn -0.932 -0.3615 0.0259
vn 0.3224 -0.9057 -0.2753
vn -0.9337 -0.3276 -0.1447
vn 0.324 -0.9089 -0.2625
vn 0.3248 -0.9141 -0.2427
vn 0.2914 -0.9248 -0.2446
vn 0.324 -0.9089 -0.2625
vn 0.3197 -0.9041 -0.2836
vn 0.2802 -0.9173 -0.283
vn 0.2933 -0.9125 -0.2853
vn 0.3224 -0.9057 -0.2753
vn 0.3778 -0.885 -0.2722
vn 0.3912 -0.8782 -0.275
vn 0.438 -0.8629 -0.252
vn -0.8274 -0.3037 -0.4724
vn 0.8523 -0.5048 0.1371
vn -0.8378 -0.2307 -0.4948
vn -0.8448 -0.2268 -0.4846
vn -0.8465 -0.252 -0.4689
vn 0.8523 -0.5048 0.1371
vn -0.844 -0.1723 -0.508
vn 0.3247 -0.9008 -0.2884
vn -0.8476 -0.1742 -0.5013
vn -0.8378 -0.2307 -0.4948
vn -0.8463 -0.1934 -0.4963
vn 0.3276 -0.8986 -0.2918
vn 0.3423 -0.8989 -0.2737
vn 0.334 -0.9033 -0.2691
vn 0.3347 -0.905 -0.2625
vn 0.3778 -0.885 -0.2722
vn 0.3276 -0.8986 -0.2918
vn 0.8523 -0.5048 0.1371
vn 0.3247 -0.9008 -0.2884
vn 0.2933 -0.9125 -0.2853
vn 0.3197 -0.9041 -0.2836
vn 0.8723 0.0802 0.4824
vn 0.3276 -0.8986 -0.2918
vn 0.3347 -0.905 -0.2625
vn 0.8639 0.1245 0.488
vn 0.8521 0.1082 0.512
vn 0.8712 0.127 0.4743
vn 0.334 -0.9033 -0.2691
vn 0.8639 0.1245 0.488
vn 0.3347 -0.905 -0.2625
vn 0.3248 -0.9141 -0.2427
vn 0.324 -0.9089 -0.2625
vn -0.932 -0.3615 0.0259
vn 0.3134 -0.916 -0.2505
vn -0.8682 -0.4266 0.2534
vn -0.8512 -0.4216 0.3125
vn -0.8682 -0.4266 0.2534
vn 0.3134 -0.916 -0.2505
vn -0.6441 -0.4149 0.6427
vn 0.3288 -0.9137 -0.2388
vn -0.6796 -0.4292 0.5949
vn 0.3352 -0.9391 -0.0759
vn 0.3248 -0.9141 -0.2427
vn 0.2914 -0.9248 -0.2446
vn 0.2471 -0.8762 -0.4137
vn 0.3134 -0.916 -0.2505
vn 0.3288 -0.9137 -0.2388
vn 0.2745 -0.9326 -0.2345
vn 0.3315 -0.8593 -0.3894
vn 0.3522 -0.9105 -0.2167
vn -0.4588 -0.408 0.7893
vn 0.3498 -0.9117 -0.2155
vn -0.6796 -0.4292 0.5949
vn 0.3522 -0.9105 -0.2167
vn 0.3288 -0.9137 -0.2388
vn -0.2988 -0.3558 0.8855
vn 0.4211 -0.8751 -0.2386
vn 0.4192 -0.8913 -0.1729
vn 0.3894 -0.9012 -0.1902
vn 0.3738 -0.9023 -0.2148
vn 0.3561 -0.8878 -0.2917
vn 0.4227 -0.8724 -0.2455
vn 0.379 -0.9031 -0.2019
vn 0.4227 -0.8812 -0.2115
vn 0.4249 -0.8826 -0.2014
vn 0.4149 -0.8933 -0.1731
vn 0.3522 -0.9105 -0.2167
vn 0.3498 -0.9117 -0.2155
vn 0.3315 -0.8593 -0.3894
vn 0.3622 -0.9057 -0.2203
vn 0.3498 -0.9117 -0.2155
vn -0.2988 -0.3558 0.8855
vn -0.3072 -0.3565 0.8823
vn 0.0074 -0.2673 0.9636
vn 0.3622 -0.9057 -0.2203
vn -0.0845 -0.3089 0.9473
vn 0.1121 -0.228 0.9672
vn 0.3622 -0.9057 -0.2203
vn 0.4211 -0.8751 -0.2386
vn 0.0074 -0.2673 0.9636
vn 0.4175 -0.8793 -0.2294
vn 0.0879 -0.2378 0.9673
vn 0.3423 -0.8989 -0.2737
vn 0.8377 0.1794 0.5159
vn 0.8605 0.1675 0.4811
vn 0.8506 0.2224 0.4765
vn 0.8712 0.127 0.4743
vn 0.334 -0.9033 -0.2691
vn 0.8573 0.2045 0.4724
vn 0.2232 -0.7266 -0.6498
vn 0.8506 0.2224 0.4765
vn 0.2326 -0.7363 -0.6355
vn 0.2673 -0.6831 -0.6796
vn 0.2855 -0.692 -0.663
vn 0.3778 -0.885 -0.2722
vn 0.3423 -0.8989 -0.2737
vn 0.3912 -0.8782 -0.275
vn 0.3126 -0.6518 -0.6909
vn 0.438 -0.8629 -0.252
vn 0.2855 -0.692 -0.663
vn 0.3912 -0.8782 -0.275
vn 0.3187 -0.6392 -0.6999
vn 0.5654 -0.6032 -0.5625
vn 0.3254 -0.7283 -0.6031
vn 0.438 -0.8629 -0.252
vn -0.8274 -0.3037 -0.4724
vn 0.3126 -0.6518 -0.6909
vn 0.2933 -0.9125 -0.2853
vn 0.8593 0.088 0.5038
vn 0.8723 0.0802 0.4824
vn 0.8478 0.1037 0.5201
vn 0.2802 -0.9173 -0.283
vn 0.8481 0.0944 0.5213
vn 0.2914 -0.9248 -0.2446
vn 0.2745 -0.9326 -0.2345
vn 0.8593 0.088 0.5038
vn 0.2802 -0.9173 -0.283
vn 0.8539 0.0843 0.5136
vn -0.0669 0.2132 -0.9747
vn 0.2745 -0.9326 -0.2345
vn 0.2471 -0.8762 -0.4137
vn 0.8481 0.0944 0.5213
vn 0.3756 -0.9249 -0.0586
vn 0.3703 -0.9215 -0.117
vn 0.3824 -0.9101 -0.1596
vn 0.8308 0.2353 0.5044
vn 0.8288 0.2448 0.5032
vn 0.3932 -0.9091 -0.1373
vn 0.8273 0.2414 0.5072
vn 0.8288 0.2409 0.505
vn 0.9017 0.315 0.2961
vn 0.3824 -0.9101 -0.1596
vn 0.4047 -0.8985 -0.17
vn 0.8288 0.2448 0.5032
vn 0.3756 -0.9249 -0.0586
vn 0.4214 -0.8907 -0.1704
vn 0.4192 -0.8913 -0.1729
vn 0.3824 -0.9101 -0.1596
vn 0.4047 -0.8985 -0.17
vn 0.4149 -0.8933 -0.1731
vn 0.9306 0.3656 0.0176
vn 0.9017 0.315 0.2961
vn 0.4047 -0.8985 -0.17
vn 0.8951 0.3973 -0.2025
vn 0.4149 -0.8933 -0.1731
vn 0.8758 0.314 0.3665
vn 0.8471 0.436 -0.3038
vn 0.3894 -0.9012 -0.1902
vn 0.379 -0.9031 -0.2019
vn 0.6658 0.4153 -0.6199
vn 0.685 0.4118 -0.601
vn 0.3894 -0.9012 -0.1902
vn 0.8951 0.3973 -0.2025
vn 0.3738 -0.9023 -0.2148
vn 0.4103 0.344 -0.8446
vn 0.2967 0.3309 -0.8958
vn 0.685 0.4118 -0.601
vn 0.379 -0.9031 -0.2019
vn 0.2967 0.3309 -0.8958
vn -0.0038 0.2163 -0.9763
vn 0.1211 0.2515 -0.9603
vn 0.3738 -0.9023 -0.2148
vn 0.3561 -0.8878 -0.2917
vn -0.0681 0.19 -0.9794
vn 0.3315 -0.8593 -0.3894
vn -0.0723 0.1884 -0.9794
vn -0.0754 0.1963 -0.9776
vn -0.0038 0.2163 -0.9763
vn 0.3561 -0.8878 -0.2917
vn 0.3352 -0.9391 -0.0759
vn 0.2471 -0.8762 -0.4137
vn -0.0754 0.1963 -0.9776
vn -0.0669 0.2132 -0.9747
vn -0.0583 0.2053 -0.977
vn 0.3352 -0.9391 -0.0759
vn 0.3491 -0.936 -0.0446
vn 0.8294 0.2384 0.5053
vn 0.8295 0.2362 0.5062
vn 0.8336 0.2306 0.502
vn 0.3026 -0.9529 -0.0211
vn 0.3491 -0.936 -0.0446
vn 0.3897 -0.9196 -0.0506
vn 0.8295 0.2362 0.5062
vn 0.8295 0.2364 0.506
vn -0.9421 -0.3348 -0.0182
vn 0.3026 -0.9529 -0.0211
vn 0.2296 -0.9719 -0.0525
vn -0.8701 -0.3228 -0.3724
vn 0.3897 -0.9196 -0.0506
vn 0.3491 -0.936 -0.0446
vn 0.3011 -0.9536 0.001
vn -0.9453 -0.3252 0.0261
vn 0.3602 -0.93 -0.073
vn 0.2986 -0.9529 -0.0531
vn 0.3619 -0.9284 -0.0843
vn 0.8295 0.2364 0.506
vn 0.8286 0.2367 0.5074
vn 0.3897 -0.9196 -0.0506
vn 0.2296 -0.9719 -0.0525
vn -0.8701 -0.3228 -0.3724
vn -0.8163 -0.2877 -0.5009
vn 0.2986 -0.9529 -0.0531
vn 0.2296 -0.9719 -0.0525
vn -0.894 -0.3165 -0.317
vn 0.2997 -0.954 0.0096
vn 0.9252 0.2409 0.2934
vn 0.8632 0.2394 0.4446
vn 0.3011 -0.9536 0.001
vn 0.3026 -0.9529 -0.0211
vn 0.8336 0.2306 0.502
vn 0.1882 -0.9807 0.0525
vn 0.3005 -0.9537 -0.0096
vn -0.897 -0.3096 0.3155
vn 0.2997 -0.954 0.0096
vn 0.3006 -0.9538 -0.0013
vn 0.3208 -0.9464 0.0384
vn 0.3859 -0.9212 0.0502
vn 0.3011 -0.9536 0.001
vn -0.9132 -0.3239 0.2475
vn 0.3011 -0.9536 -0.0015
vn -0.9421 -0.3348 -0.0182
vn 0.3006 -0.9538 -0.0013
vn 0.2997 -0.954 0.0096
vn 0.9661 0.2574 -0.0182
vn 0.9352 0.2486 0.2522
vn 0.9252 0.2409 0.2934
vn 0.3859 -0.9212 0.0502
vn 0.8295 0.2368 -0.5059
vn 0.8298 0.2384 -0.5046
vn 0.3208 -0.9464 0.0384
vn 0.8345 0.2309 -0.5002
vn 0.8298 0.2384 -0.5046
vn 0.8314 0.234 -0.504
vn 0.8312 0.2299 -0.5062
vn 0.3011 -0.9536 -0.0015
vn 0.3208 -0.9464 0.0384
vn 0.9136 0.2545 -0.3173
vn 0.3005 -0.9537 -0.0096
vn 0.8345 0.2309 -0.5002
vn 0.9163 0.2534 -0.3101
vn 0.3011 -0.9536 -0.0015
vn 0.9661 0.2574 -0.0182
vn 0.9684 0.2481 0.0237
vn 0.3005 -0.9537 -0.0096
vn 0.3006 -0.9538 -0.0013
vn 0.9163 0.2534 -0.3101
vn 0.3582 -0.9301 0.0819
vn 0.3205 -0.9458 0.0532
vn 0.8295 0.2368 -0.5059
vn 0.3123 -0.9485 0.0531
vn 0.3597 -0.9291 0.0864
vn 0.1882 -0.9807 0.0525
vn 0.8285 0.2369 -0.5074
vn 0.3859 -0.9212 0.0502
vn -0.846 -0.3016 0.4397
vn -0.7794 -0.2735 0.5636
vn -0.897 -0.3096 0.3155
vn 0.3123 -0.9485 0.0531
vn 0.1882 -0.9807 0.0525
vn -0.7794 -0.2735 0.5636
vn -0.8163 -0.2871 0.5012
vn 0.3205 -0.9458 0.0532
vn 0.3123 -0.9485 0.0531
vn 0.3314 -0.8587 0.3908
vn 0.3365 -0.9346 0.1151
vn -0.073 0.1882 0.9794
vn 0.1479 0.2684 0.9519
vn 0.3697 -0.9003 0.2297
vn 0.3523 -0.9104 0.2169
vn 0.3783 -0.903 0.2034
vn 0.4042 -0.8969 0.1796
vn 0.3766 -0.9029 0.2074
vn 0.3697 -0.9003 0.2297
vn 0.4232 -0.8792 0.2191
vn 0.4212 -0.8751 0.2383
vn 0.3842 -0.9025 0.1947
vn 0.3815 -0.9119 0.1516
vn 0.4232 -0.8797 0.217
vn 0.4202 -0.8889 0.1827
vn 0.3314 -0.8587 0.3908
vn 0.4555 -0.8778 0.1486
vn 0.3228 -0.9342 0.1516
vn 0.3697 -0.9003 0.2297
vn 0.1479 0.2684 0.9519
vn 0.3766 -0.9029 0.2074
vn 0.4029 0.3381 0.8505
vn 0.0682 0.2617 0.9627
vn 0.4465 0.3565 0.8207
vn 0.4465 0.3565 0.8207
vn 0.6434 0.3915 0.6578
vn 0.3783 -0.903 0.2034
vn 0.6703 0.4051 0.6218
vn 0.3766 -0.9029 0.2074
vn 0.8523 0.4284 0.3001
vn 0.8382 0.4183 0.3498
vn 0.6434 0.3915 0.6578
vn 0.3783 -0.903 0.2034
vn 0.3842 -0.9025 0.1947
vn 0.8382 0.4183 0.3498
vn 0.3842 -0.9025 0.1947
vn 0.9281 0.3718 -0.0196
vn 0.9222 0.368 -0.1187
vn 0.4042 -0.8969 0.1796
vn 0.4042 -0.8969 0.1796
vn 0.4555 -0.8778 0.1486
vn 0.8605 0.2714 -0.4312
vn 0.8905 0.2871 -0.3528
vn 0.4339 -0.8891 0.1458
vn 0.9222 0.368 -0.1187
vn 0.3865 -0.9119 0.1384
vn 0.8283 0.2439 -0.5044
vn 0.4339 -0.8891 0.1458
vn 0.8605 0.2714 -0.4312
vn 0.3751 -0.9201 0.1127
vn 0.4339 -0.8891 0.1458
vn 0.3865 -0.9119 0.1384
vn 0.4555 -0.8778 0.1486
vn 0.3228 -0.9342 0.1516
vn -0.8127 -0.2968 0.5014
vn -0.8117 -0.2973 0.5028
vn 0.3865 -0.9119 0.1384
vn 0.8283 0.2439 -0.5044
vn 0.8297 0.2368 -0.5056
vn 0.3674 -0.9247 0.0998
vn 0.8305 0.2357 -0.5048
vn 0.3751 -0.9201 0.1127
vn 0.3669 -0.9243 0.1054
vn -0.8117 -0.2973 0.5028
vn -0.8114 -0.2974 0.5032
vn 0.3751 -0.9201 0.1127
vn 0.3674 -0.9247 0.0998
vn 0.3677 -0.9263 0.0822
vn -0.8163 -0.2871 0.5012
vn 0.3205 -0.9458 0.0532
vn -0.8118 -0.2943 0.5043
vn 0.3582 -0.9301 0.0819
vn -0.8114 -0.2974 0.5031
vn -0.8114 -0.2974 0.5031
vn -0.8114 -0.2974 0.5032
vn 0.3582 -0.9301 0.0819
vn 0.3669 -0.9243 0.1054
vn 0.3597 -0.9291 0.0864
vn 0.3669 -0.9243 0.1054
vn 0.8285 0.2369 -0.5074
vn 0.3597 -0.9291 0.0864
vn 0.3677 -0.9263 0.0822
vn 0.8212 0.2387 -0.5183
vn 0.8305 0.2357 -0.5048
vn 0.8212 0.2387 -0.5183
vn 0.3674 -0.9247 0.0998
vn 0.3677 -0.9263 0.0822
vn 0.851 0.0972 -0.5162
vn 0.8512 0.0914 -0.5169
vn 0.8512 0.0914 -0.5168
vn 0.2766 -0.9264 0.2554
vn 0.285 -0.9265 0.2457
vn 0.2889 -0.9189 0.2686
vn 0.27 -0.9392 0.2121
vn 0.27 -0.9392 0.2121
vn 0.8512 0.0914 -0.5169
vn -0.0647 0.2008 0.9775
vn 0.8538 0.0978 -0.5112
vn -0.0613 0.2159 0.9745
vn 0.3365 -0.9346 0.1151
vn 0.2889 -0.9189 0.2686
vn -0.0647 0.2008 0.9775
vn -0.0713 0.1987 0.9775
vn 0.27 -0.9392 0.2121
vn -0.073 0.1882 0.9794
vn 0.851 0.0972 -0.5162
vn 0.8522 0.0979 -0.5141
vn 0.8551 0.1168 -0.5052
vn 0.2766 -0.9264 0.2554
vn 0.2861 -0.9143 0.2868
vn -0.9063 -0.249 0.3414
vn 0.3103 -0.9096 0.2761
vn 0.32 -0.9037 0.2843
vn -0.8741 -0.2062 0.4398
vn -0.9137 -0.2595 0.3128
vn 0.3103 -0.91 0.275
vn 0.3317 -0.898 0.2891
vn 0.3343 -0.9045 0.265
vn 0.8568 0.1359 -0.4973
vn 0.8595 0.1452 -0.49
vn 0.8577 0.1463 -0.493
vn 0.3343 -0.9045 0.265
vn 0.3392 -0.9002 0.2731
vn 0.8595 0.1452 -0.49
vn 0.8451 0.2278 -0.4837
vn 0.8603 0.175 -0.4788
vn -0.2256 0.0949 -0.9696
vn 0.4249 -0.8826 -0.2014
vn 0.4227 -0.8724 -0.2455
vn -0.5018 -0.0746 -0.8618
vn -0.501 -0.0743 -0.8622
vn -0.2241 0.0961 -0.9698
vn 0.46 -0.8659 -0.1966
vn -0.7375 -0.2457 -0.6291
vn 0.4227 -0.8812 -0.2115
vn -0.7313 -0.2431 -0.6373
vn -0.5018 -0.0746 -0.8618
vn 0.4227 -0.8724 -0.2455
vn -0.8097 -0.3105 -0.498
vn -0.7375 -0.2457 -0.6291
vn 0.4214 -0.8907 -0.1704
vn 0.4192 -0.8913 -0.1729
vn 0.4227 -0.8812 -0.2115
vn 0.4214 -0.8907 -0.1704
vn 0.3932 -0.9091 -0.1373
vn -0.8097 -0.3105 -0.498
vn 0.3756 -0.9249 -0.0586
vn -0.8129 -0.2985 -0.5001
vn -0.8119 -0.2996 -0.501
vn 0.3703 -0.9215 -0.117
vn -0.8119 -0.2996 -0.501
vn -0.811 -0.2999 -0.5024
vn 0.3932 -0.9091 -0.1373
vn 0.3701 -0.9215 -0.118
vn 0.3703 -0.9215 -0.117
vn 0.3619 -0.9284 -0.0843
vn 0.3701 -0.9215 -0.118
vn 0.8308 0.2353 0.5044
vn 0.8286 0.2367 0.5074
vn 0.3602 -0.93 -0.073
vn 0.3619 -0.9284 -0.0843
vn -0.8109 -0.2992 -0.5029
vn -0.811 -0.2999 -0.5024
vn 0.3701 -0.9215 -0.118
vn 0.2986 -0.9529 -0.0531
vn 0.3602 -0.93 -0.073
vn -0.8128 -0.2914 -0.5043
vn -0.8133 -0.2915 -0.5036
vn -0.8163 -0.2877 -0.5009
vn -0.8109 -0.2992 -0.5029
vn 0.0542 0.2741 -0.9602
vn 0.5831 -0.7892 -0.1928
vn 0.2512 0.4008 -0.881
vn 0.5829 -0.7894 -0.1927
vn -0.09 0.172 -0.981
vn 0.0256 0.2473 -0.9686
vn 0.0542 0.2741 -0.9602
vn 0.5831 -0.7892 -0.1928
vn 0.5709 -0.7948 -0.2059
vn -0.09 0.172 -0.981
vn -0.1068 0.1583 -0.9816
vn -0.1079 0.159 -0.9814
vn 0.5709 -0.7948 -0.2059
vn 0.5512 -0.8125 -0.1897
vn 0.5473 -0.8025 -0.2376
vn 0.4873 -0.8377 -0.2466
vn -0.1068 0.1583 -0.9816
vn -0.097 0.1659 -0.9814
vn 0.4913 -0.85 -0.1898
vn -0.096 0.1652 -0.9816
vn 0.5512 -0.8125 -0.1897
vn 0.46 -0.8659 -0.1966
vn -0.2256 0.0949 -0.9696
vn 0.4873 -0.8377 -0.2466
vn -0.097 0.1659 -0.9814
vn 0.4942 0.5377 -0.6831
vn 0.6297 0.5968 -0.4973
vn 0.6105 -0.7624 -0.2147
vn 0.6192 -0.7635 -0.1832
vn 0.4942 0.5377 -0.6831
vn 0.3141 0.4277 -0.8476
vn 0.6094 -0.7618 -0.2197
vn 0.5319 0.5804 -0.6167
vn 0.2512 0.4008 -0.881
vn 0.5829 -0.7894 -0.1927
vn 0.6105 -0.7624 -0.2147
vn 0.6297 0.5968 -0.4973
vn 0.6277 0.5983 -0.498
vn 0.6192 -0.7635 -0.1832
vn 0.6242 0.5976 -0.5032
vn 0.6573 -0.7382 -0.1515
vn 0.6188 0.6066 -0.4991
vn 0.6992 -0.6986 -0.1515
vn 0.619 0.6033 -0.5029
vn 0.6188 0.6066 -0.4991
vn 0.6573 -0.7382 -0.1515
vn -0.0096 0.2598 0.9656
vn 0.0796 0.2914 0.9533
vn 0.2875 0.4123 0.8645
vn 0.3521 0.4631 0.8133
vn 0.6054 -0.7598 0.2371
vn 0.5838 -0.7887 0.1925
vn 0.6101 -0.7628 0.2141
vn 0.6098 -0.7619 0.2185
vn 0.6054 -0.7598 0.2371
vn 0.3521 0.4631 0.8133
vn 0.5104 0.5455 0.6647
vn 0.5104 0.5455 0.6647
vn 0.6098 -0.7619 0.2185
vn 0.6182 -0.7635 0.1867
vn 0.5367 0.5515 0.6386
vn 0.6142 0.591 0.5229
vn 0.6223 -0.7638 0.1713
vn 0.6292 0.5966 0.4981
vn 0.6182 -0.7635 0.1867
vn 0.6142 0.591 0.5229
vn 0.6292 0.5966 0.4981
vn 0.6687 -0.7276 0.1533
vn 0.6202 0.6044 0.5
vn 0.6223 -0.7638 0.1713
vn 0.6203 0.6043 0.5001
vn 0.6687 -0.7276 0.1533
vn 0.6958 -0.7021 0.1514
vn 0.62 0.6031 0.5018
vn 0.6203 0.6043 0.5001
vn 0.4447 -0.8723 0.2032
vn -0.4672 -0.0503 0.8827
vn -0.2733 0.0692 0.9594
vn 0.4644 -0.8632 0.198
vn 0.4644 -0.8632 0.198
vn 0.4557 -0.8702 0.1872
vn -0.2358 0.0838 0.9682
vn -0.1118 0.159 0.9809
vn -0.2733 0.0692 0.9594
vn 0.4936 -0.8487 0.1899
vn -0.0968 0.1646 0.9816
vn -0.0971 0.167 0.9812
vn -0.1118 0.159 0.9809
vn 0.4557 -0.8702 0.1872
vn 0.4856 -0.8403 0.241
vn 0.4936 -0.8487 0.1899
vn 0.5439 -0.8022 0.2461
vn -0.1077 0.1605 0.9811
vn -0.1073 0.1581 0.9816
vn -0.0968 0.1646 0.9816
vn 0.5532 -0.8112 0.1897
vn -0.1077 0.1605 0.9811
vn 0.5838 -0.7887 0.1925
vn 0.5439 -0.8022 0.2461
vn 0.0796 0.2914 0.9533
vn -0.696 -0.2123 0.6859
vn 0.4202 -0.8889 0.1827
vn 0.4232 -0.8797 0.217
vn -0.8097 -0.3106 0.4979
vn 0.4447 -0.8723 0.2032
vn 0.4232 -0.8797 0.217
vn -0.7535 -0.2287 0.6163
vn -0.696 -0.2123 0.6859
vn -0.4672 -0.0503 0.8827
vn -0.5212 -0.0977 0.8478
vn 0.4232 -0.8792 0.2191
vn -0.8081 -0.3057 0.5035
vn -0.8147 -0.2957 0.4988
vn -0.8097 -0.3106 0.4979
vn 0.3815 -0.9119 0.1516
vn 0.4202 -0.8889 0.1827
vn -0.8101 -0.3085 0.4985
vn 0.3815 -0.9119 0.1516
vn 0.3228 -0.9342 0.1516
vn -0.8127 -0.2968 0.5014
vn -0.8147 -0.2957 0.4988
vn 0.7688 -0.6197 0.1577
vn 0.7637 -0.582 0.2794
vn 0.7215 -0.638 0.2691
vn -0.4494 -0.7264 -0.52
vn -0.4453 -0.7323 -0.5152
vn -0.1681 0.1487 0.9745
vn 0.7603 -0.5908 0.27
vn -0.4453 -0.7323 -0.5152
vn 0.7429 -0.5901 0.3161
vn -0.4595 -0.7194 -0.521
vn -0.4508 -0.7354 -0.5059
vn 0.7637 -0.582 0.2794
vn -0.4478 -0.755 -0.4791
vn 0.7722 -0.6134 -0.1657
vn -0.4595 -0.7194 -0.521
vn 0.7052 -0.6237 0.3372
vn 0.7429 -0.5901 0.3161
vn -0.4742 -0.7125 -0.5172
vn -0.4742 -0.7125 -0.5172
vn -0.4907 -0.7313 -0.4737
vn -0.5243 -0.6766 -0.517
vn 0.6635 -0.6287 0.4055
vn 0.7052 -0.6237 0.3372
vn 0.7142 -0.601 0.3588
vn 0.6983 -0.5869 0.4098
vn 0.6639 -0.5285 0.529
vn -0.5243 -0.6766 -0.517
vn 0.6635 -0.6287 0.4055
vn 0.628 -0.5682 0.5318
vn 0.6235 -0.5696 0.5355
vn -0.5242 -0.702 -0.4821
vn 0.589 -0.5568 0.5857
vn -0.5569 -0.6825 -0.4734
vn 0.6639 -0.5285 0.529
vn -0.5242 -0.702 -0.4821
vn 0.589 -0.5568 0.5857
vn 0.5584 -0.5145 0.6508
vn -0.5597 -0.6796 -0.4742
vn -0.5569 -0.6825 -0.4734
vn 0.6789 -0.6886 0.2548
vn -0.1681 0.1487 0.9745
vn 0.7231 -0.674 0.1512
vn -0.1534 0.1448 0.9775
vn -0.1529 0.1452 0.9775
vn -0.1447 0.154 0.9774
vn 0.7215 -0.638 0.2691
vn -0.1418 0.1438 0.9794
vn 0.6738 -0.7167 0.18
vn 0.6789 -0.6886 0.2548
vn 0.6786 -0.7143 0.1713
vn -0.1418 0.1438 0.9794
vn -0.139 0.1478 0.9792
vn -0.1628 0.124 0.9788
vn 0.6745 -0.7139 0.1882
vn 0.7102 -0.6751 0.1997
vn 0.6839 -0.7109 0.1641
vn 0.6494 -0.7385 0.1814
vn -0.577 -0.6416 -0.5053
vn -0.5785 -0.6406 -0.505
vn -0.6518 -0.6675 -0.3601
vn -0.658 -0.6737 -0.3365
vn -0.7449 -0.6667 -0.0272
vn 0.6494 -0.7385 0.1814
vn -0.6518 -0.6675 -0.3601
vn 0.6494 -0.7385 0.1814
vn 0.6745 -0.7139 0.1882
vn -0.7449 -0.6667 -0.0272
vn -0.7376 -0.6733 -0.0506
vn 0.6765 -0.7143 0.1794
vn -0.7515 -0.5827 0.3093
vn 0.6578 -0.7274 0.1953
vn 0.6794 -0.7168 0.1571
vn -0.7515 -0.5827 0.3093
vn -0.7502 -0.5999 0.278
vn -0.6597 -0.423 0.6211
vn 0.6765 -0.7143 0.1794
vn 0.6626 -0.7234 0.1942
vn 0.6574 -0.7248 0.2063
vn -0.6597 -0.423 0.6211
vn -0.667 -0.446 0.5968
vn -0.499 -0.2165 0.8391
vn 0.6578 -0.7274 0.1953
vn 0.6626 -0.7234 0.1942
vn -0.2841 0.0125 0.9587
vn -0.499 -0.2165 0.8391
vn -0.5162 -0.2487 0.8196
vn 0.6738 -0.7167 0.18
vn 0.6574 -0.7248 0.2063
vn 0.6626 -0.7234 0.1942
vn -0.139 0.1478 0.9792
vn -0.3007 -0.0124 0.9536
vn -0.2841 0.0125 0.9587
vn 0.6697 -0.7364 0.0963
vn 0.7354 -0.67 0.1013
vn 0.7207 -0.6832 0.1178
vn 0.6963 -0.7175 0.018
vn -0.5731 -0.6455 -0.5048
vn -0.57 -0.6475 -0.5058
vn -0.5759 -0.6408 -0.5077
vn -0.5731 -0.6453 -0.5051
vn -0.5736 -0.6456 -0.5043
vn -0.5759 -0.6408 -0.5077
vn 0.7102 -0.6751 0.1997
vn 0.6697 -0.7364 0.0963
vn -0.5785 -0.6406 -0.505
vn -0.57 -0.6475 -0.5058
vn 0.6963 -0.7175 0.018
vn -0.5667 -0.6522 -0.5035
vn -0.59 -0.6779 -0.4386
vn 0.7753 -0.6313 0.0179
vn 0.7774 -0.6279 0.0358
vn 0.767 -0.6401 0.0442
vn -0.6362 -0.7629 -0.1146
vn -0.681 -0.7305 0.0508
vn -0.6193 -0.7358 -0.274
vn -0.59 -0.6779 -0.4386
vn -0.6362 -0.7629 -0.1146
vn -0.6241 -0.7174 0.3096
vn -0.6239 -0.7143 0.3171
vn -0.5684 -0.6497 0.5048
vn 0.7741 -0.633 -0.0088
vn 0.7774 -0.6279 -0.0358
vn 0.767 -0.6401 -0.0442
vn 0.7538 -0.6559 -0.0391
vn -0.567 -0.6518 0.5037
vn -0.6239 -0.7143 0.3171
vn 0.7042 -0.7029 -0.1003
vn -0.5684 -0.6497 0.5048
vn -0.5677 -0.649 0.5065
vn 0.7538 -0.6559 -0.0391
vn 0.7408 -0.6652 -0.0933
vn 0.7317 -0.6703 -0.1238
vn 0.7203 -0.6834 -0.1192
vn -0.5732 -0.6458 0.5044
vn 0.7408 -0.6652 -0.0933
vn -0.5677 -0.649 0.5065
vn -0.5722 -0.6437 0.5082
vn 0.635 -0.7656 -0.1032
vn -0.5751 -0.6428 0.506
vn -0.5763 -0.6446 0.5023
vn -0.5722 -0.6437 0.5082
vn 0.7317 -0.6703 -0.1238
vn -0.5747 -0.6437 0.5052
vn -0.5751 -0.6428 0.506
vn -0.5773 -0.6413 0.5055
vn 0.684 -0.7109 -0.1639
vn -0.6236 -0.6616 0.4164
vn 0.635 -0.7656 -0.1032
vn 0.6732 -0.7142 -0.1915
vn -0.6494 -0.676 0.3482
vn -0.1482 0.1503 -0.9775
vn -0.1377 0.1477 -0.9794
vn 0.6784 -0.7159 -0.1652
vn 0.6624 -0.7237 -0.1936
vn -0.2572 0.0322 -0.9658
vn -0.2559 0.0339 -0.9661
vn 0.6791 -0.6888 -0.2539
vn 0.6624 -0.7237 -0.1936
vn -0.2559 0.0339 -0.9661
vn -0.4848 -0.2061 -0.85
vn 0.6658 -0.7218 -0.1891
vn -0.4848 -0.2061 -0.85
vn -0.4615 -0.1895 -0.8667
vn -0.6617 -0.4199 -0.6211
vn 0.6658 -0.7218 -0.1891
vn -0.6617 -0.4199 -0.6211
vn 0.6624 -0.7237 -0.1936
vn -0.6236 -0.3934 -0.6755
vn 0.6784 -0.7159 -0.1652
vn -0.7559 -0.5821 -0.2996
vn 0.6768 -0.7145 -0.1774
vn 0.6658 -0.7218 -0.1891
vn -0.7531 -0.6571 0.0313
vn -0.726 -0.5643 -0.393
vn -0.7559 -0.5821 -0.2996
vn 0.6749 -0.7141 -0.1858
vn 0.6768 -0.7145 -0.1774
vn -0.6494 -0.676 0.3482
vn -0.7071 -0.6718 0.2206
vn 0.6732 -0.7142 -0.1915
vn -0.7453 -0.6607 -0.0892
vn -0.7531 -0.6571 0.0313
vn 0.6749 -0.7141 -0.1858
vn -0.1521 0.1445 -0.9777
vn 0.7465 -0.6601 -0.0837
vn 0.6791 -0.6888 -0.2539
vn -0.1482 0.1503 -0.9775
vn -0.1673 0.1479 -0.9747
vn -0.1673 0.1479 -0.9747
vn -0.4547 -0.7281 0.5129
vn 0.7647 -0.5852 -0.2698
vn 0.7689 -0.6198 -0.1571
vn 0.6912 -0.6442 -0.3276
vn 0.7465 -0.6601 -0.0837
vn 0.7778 -0.572 -0.2603
vn -0.4547 -0.7281 0.5129
vn -0.4477 -0.7292 0.5175
vn -0.4471 -0.7285 0.519
vn 0.7616 -0.5862 -0.2762
vn 0.7778 -0.572 -0.2603
vn 0.7284 -0.6333 -0.2615
vn -0.445 -0.7306 0.5178
vn 0.7284 -0.6333 -0.2615
vn 0.7277 -0.6327 -0.2647
vn 0.7118 -0.6265 -0.3175
vn -0.4477 -0.7292 0.5175
vn -0.4487 -0.733 0.5113
vn -0.5309 -0.6995 0.4783
vn -0.5689 -0.666 0.4825
vn 0.5713 -0.5504 -0.6088
vn 0.6443 -0.5432 -0.5384
vn 0.6425 -0.5588 -0.5242
vn -0.4973 -0.7161 0.4898
vn 0.6229 -0.5624 -0.5438
vn 0.6443 -0.5432 -0.5384
vn -0.5156 -0.7047 0.4874
vn 0.6496 -0.6287 -0.4275
vn -0.5309 -0.6995 0.4783
vn -0.4973 -0.7161 0.4898
vn 0.6496 -0.6287 -0.4275
vn 0.7184 -0.5672 -0.4027
vn -0.4669 -0.7275 0.5028
vn -0.488 -0.7135 0.5028
vn 0.7118 -0.6265 -0.3175
vn 0.7201 -0.5964 -0.3546
vn 0.7184 -0.5672 -0.4027
vn 0.6974 -0.5989 -0.3937
vn -0.4487 -0.733 0.5113
vn -0.4669 -0.7275 0.5028
vn 0.2359 0.8385 -0.4911
vn 0.2403 0.8301 -0.5031
vn 0.8105 -0.4437 -0.3823
vn 0.214 0.8397 -0.4992
vn 0.8247 -0.4806 -0.2982
vn 0.8398 -0.4598 -0.2886
vn 0.8875 -0.3574 -0.291
vn 0.8247 -0.4806 -0.2982
vn 0.2019 0.8435 -0.4977
vn 0.8389 -0.4664 -0.2806
vn 0.2121 0.8422 -0.4957
vn 0.2138 0.8424 -0.4946
vn 0.2168 0.8432 -0.4919
vn 0.214 0.8397 -0.4992
vn 0.2134 0.8422 -0.4951
vn 0.1956 0.8488 -0.4912
vn 0.1965 0.848 -0.4922
vn 0.1978 0.8451 -0.4966
vn 0.1984 0.8454 -0.4959
vn 0.1979 0.8465 -0.4943
vn 0.1989 0.8457 -0.4952
vn 0.1982 0.8449 -0.4968
vn 0.2019 0.8435 -0.4977
vn 0.1942 0.8441 -0.4998
vn 0.8962 -0.4007 -0.1902
vn 0.8842 -0.4184 -0.2078
vn 0.8875 -0.3574 -0.291
vn 0.9114 -0.3594 -0.2006
vn 0.9114 -0.3594 -0.2006
vn 0.1877 0.845 -0.5007
vn 0.9167 -0.3738 -0.1413
vn 0.9503 -0.2823 -0.1315
vn 0.1918 0.8473 -0.4954
vn 0.1916 0.8467 -0.4964
vn 0.1914 0.8477 -0.4948
vn 0.1942 0.8441 -0.4998
vn 0.1877 0.845 -0.5007
vn 0.1856 0.849 -0.4948
vn 0.1851 0.8509 -0.4916
vn 0.1757 0.847 -0.5018
vn 0.9369 -0.3348 -0.1004
vn 0.185 0.8503 -0.4926
vn 0.1839 0.8497 -0.4942
vn 0.9167 -0.3738 -0.1413
vn 0.9456 -0.3046 -0.1147
vn 0.1619 0.856 -0.491
vn 0.9369 -0.3348 -0.1004
vn 0.1592 0.8597 -0.4853
vn 0.1592 0.8494 -0.5032
vn 0.9657 -0.239 -0.1017
vn 0.1757 0.847 -0.5018
vn 0.1587 0.8592 -0.4863
vn 0.154 0.86 -0.4864
vn 0.9804 -0.1909 -0.049
vn 0.989 -0.1401 -0.0464
vn 0.1266 0.8563 -0.5007
vn 0.1592 0.8494 -0.5032
vn 0.9657 -0.239 -0.1017
vn 0.1538 0.86 -0.4866
vn 0.9834 -0.1813 0.0106
vn 0.9903 -0.1393 0.0018
vn 0.0687 0.8964 -0.4379
vn 0.1177 0.9547 -0.2733
vn 0.9804 -0.1909 -0.049
vn 0.1266 0.8563 -0.5007
vn 0.1045 0.8664 -0.4883
vn 0.6973 -0.413 -0.5858
vn 0.6268 -0.4559 -0.6319
vn 0.4188 0.7581 -0.4999
vn 0.6511 -0.4939 -0.5764
vn 0.3529 0.8038 -0.4789
vn 0.7704 -0.4968 -0.3997
vn 0.7763 -0.4904 -0.3961
vn 0.8105 -0.4437 -0.3823
vn 0.2403 0.8301 -0.5031
vn 0.7857 -0.3684 -0.4969
vn 0.2592 0.8302 -0.4936
vn 0.79 -0.4745 -0.3882
vn 0.7857 -0.3684 -0.4969
vn 0.3084 0.8152 -0.4902
vn 0.3106 0.8104 -0.4968
vn 0.2592 0.8302 -0.4936
vn 0.7458 -0.4554 -0.4862
vn 0.7267 -0.4222 -0.5419
vn 0.3529 0.8038 -0.4789
vn 0.7267 -0.4222 -0.5419
vn 0.3084 0.8152 -0.4902
vn 0.6511 -0.4939 -0.5764
vn 0.1488 0.9881 0.0387
vn 0.1001 0.9884 -0.1144
vn 0.0687 0.8964 -0.4379
vn 0.1001 0.9884 -0.1144
vn 0.114 0.9452 0.3061
vn 0.1157 0.942 0.3149
vn 0.9835 -0.1802 -0.0166
vn 0.1157 0.942 0.3149
vn 0.1034 0.8591 0.5013
vn 0.9833 -0.1819 -0.007
vn 0.9319 -0.3569 -0.0647
vn 0.9751 -0.2167 0.0464
vn 0.9833 -0.1819 -0.007
vn 0.1159 0.8576 0.5011
vn 0.1105 0.8695 0.4813
vn 0.1034 0.8591 0.5013
vn 0.1105 0.8659 0.4879
vn 0.108 0.8614 0.4963
vn 0.9319 -0.3569 -0.0647
vn 0.1469 0.853 0.5009
vn 0.1315 0.8662 0.4821
vn 0.133 0.8647 0.4843
vn 0.1334 0.8641 0.4854
vn 0.1333 0.8639 0.4857
vn 0.978 -0.1603 0.1335
vn 0.1159 0.8576 0.5011
vn 0.1322 0.8628 0.4879
vn 0.167 0.8555 0.4902
vn 0.1665 0.8493 0.501
vn 0.1469 0.853 0.5009
vn 0.1674 0.8563 0.4886
vn 0.169 0.8569 0.4869
vn 0.1813 0.8533 0.4888
vn 0.1792 0.8523 0.4913
vn 0.1799 0.8466 0.5009
vn 0.1796 0.8527 0.4905
vn 0.9311 -0.3378 0.1379
vn 0.93 -0.3434 0.1309
vn 0.943 -0.314 0.1105
vn 0.1665 0.8493 0.501
vn 0.1886 0.8489 0.4938
vn 0.1903 0.8452 0.4995
vn 0.9311 -0.3378 0.1379
vn 0.1799 0.8466 0.5009
vn 0.1886 0.8491 0.4935
vn 0.1893 0.8495 0.4925
vn 0.9239 -0.3247 0.2026
vn 0.187 0.8484 0.4952
vn 0.1968 0.8452 0.4969
vn 0.1978 0.8454 0.4961
vn 0.9239 -0.3247 0.2026
vn 0.1969 0.8451 0.497
vn 0.1968 0.845 0.4972
vn 0.1903 0.8452 0.4995
vn 0.1967 0.8447 0.4977
vn 0.8681 -0.4645 0.1751
vn 0.2078 0.8432 0.4958
vn 0.825 -0.4889 0.2834
vn 0.2129 0.8448 0.491
vn 0.2121 0.8437 0.4931
vn 0.8764 -0.3937 0.2773
vn 0.2106 0.8433 0.4946
vn 0.2104 0.8432 0.4947
vn 0.2139 0.8396 0.4994
vn 0.2011 0.8439 0.4974
vn 0.8847 -0.4173 0.2079
vn 0.2 0.8447 0.4965
vn 0.1967 0.8447 0.4977
vn 0.8945 -0.4 0.2
vn 0.2009 0.8467 0.4926
vn 0.8681 -0.4645 0.1751
vn 0.2025 0.8453 0.4945
vn 0.2001 0.8448 0.4963
vn 0.8764 -0.3937 0.2773
vn 0.2011 0.8439 0.4974
vn 0.825 -0.4889 0.2834
vn 0.2139 0.8396 0.4994
vn 0.2306 0.8389 0.493
vn 0.8398 -0.4598 0.2886
vn 0.2261 0.8346 0.5023
vn 0.8362 -0.4649 0.291
vn 0.8227 -0.4504 0.3469
vn 0.2427 0.8387 0.4874
vn 0.2504 0.8259 0.5051
vn 0.2261 0.8346 0.5023
vn 0.7715 -0.4634 0.4359
vn 0.7967 -0.4619 0.3897
vn 0.8227 -0.4504 0.3469
vn 0.7773 -0.3763 0.5042
vn 0.2698 0.8262 0.4945
vn 0.2724 0.8282 0.4897
vn 0.7967 -0.4619 0.3897
vn 0.7703 -0.4969 0.3997
vn 0.2504 0.8259 0.5051
vn 0.7758 -0.49 0.3975
vn 0.7701 -0.4968 0.4002
vn 0.3069 0.8192 0.4845
vn 0.2993 0.8177 0.4917
vn 0.2698 0.8262 0.4945
vn 0.7773 -0.3763 0.5042
vn 0.7459 -0.4531 0.4882
vn 0.7203 -0.4223 0.5503
vn 0.3069 0.8192 0.4845
vn 0.3788 0.7832 0.493
vn 0.7203 -0.4223 0.5503
vn 0.6334 -0.5162 0.5765
vn -0.261 -0.9653 -0.0111
vn -0.853 0.2902 0.4338
vn -0.8191 0.2796 0.5009
vn -0.3189 -0.9478 0.0014
vn -0.2604 -0.9655 -0.0075
vn -0.853 0.2902 0.4338
vn -0.8728 0.3021 0.3833
vn -0.9131 0.3213 0.2509
vn -0.9556 0.292 -0.0398
vn -0.9344 0.3368 0.1155
vn -0.8975 0.3031 -0.3204
vn -0.9344 0.3368 0.1155
vn -0.8983 0.3042 -0.317
vn -0.262 -0.9649 0.0176
vn -0.2605 -0.9654 0.0079
vn -0.8983 0.3042 -0.317
vn -0.8193 0.2796 -0.5005
vn -0.848 0.1877 -0.4956
vn -0.8449 0.194 -0.4984
vn -0.8485 0.1872 -0.495
vn -0.106 -0.9734 -0.2033
vn 0.0459 -0.9836 -0.1744
vn -0.8476 0.1885 -0.4961
vn -0.8471 0.1869 -0.4975
vn -0.8467 0.1865 -0.4983
vn -0.8489 0.1871 -0.4944
vn -0.8261 0.2746 -0.4922
vn -0.8193 0.2796 -0.5005
vn -0.8302 0.2746 -0.4852
vn -0.8301 0.2746 -0.4853
vn -0.8237 0.2662 -0.5006
vn -0.8369 0.2502 -0.4868
vn -0.2726 -0.9532 -0.1307
vn -0.8384 0.2537 -0.4824
vn -0.838 0.2519 -0.4841
vn -0.8329 0.236 -0.5006
vn -0.0794 -0.9947 0.0651
vn -0.8373 0.2522 -0.4851
vn -0.8373 0.2522 -0.4852
vn -0.8237 0.2662 -0.5006
vn -0.134 -0.9865 -0.0937
vn -0.8381 0.2192 -0.4996
vn -0.2726 -0.9532 -0.1307
vn -0.8446 0.2187 -0.4887
vn -0.8449 0.2186 -0.4883
vn -0.8458 0.2178 -0.4871
vn -0.8329 0.236 -0.5006
vn -0.1237 -0.9861 -0.1107
vn -0.098 -0.9855 -0.1388
vn -0.847 0.2061 -0.49
vn -0.1237 -0.9861 -0.1107
vn -0.8381 0.2192 -0.4996
vn -0.8417 0.2036 -0.5001
vn -0.8469 0.2061 -0.4902
vn -0.8471 0.206 -0.4899
vn -0.0916 -0.9872 -0.1306
vn -0.8468 0.1975 -0.4938
vn -0.8417 0.2036 -0.5001
vn -0.8491 0.1956 -0.4907
vn -0.106 -0.9734 -0.2033
vn -0.098 -0.9855 -0.1388
vn -0.8471 0.1965 -0.4939
vn -0.8472 0.1965 -0.4936
vn -0.8449 0.194 -0.4984
vn -0.0063 -0.9782 -0.2077
vn -0.0259 -0.9795 -0.2
vn 0.0459 -0.9836 -0.1744
vn -0.8503 0.1828 -0.4936
vn -0.8471 0.1869 -0.4975
vn -0.8489 0.1834 -0.4958
vn -0.8503 0.1835 -0.4932
vn -0.8486 0.1825 -0.4966
vn -0.0245 -0.9603 -0.2781
vn -0.0245 -0.9603 -0.2781
vn -0.854 0.1729 -0.4908
vn -0.8497 0.1701 -0.4991
vn -0.8525 0.1733 -0.4931
vn -0.8516 0.1748 -0.4942
vn -0.8505 0.1771 -0.4953
vn 0.0876 -0.9552 -0.2826
vn -0.8523 0.1736 -0.4934
vn -0.8486 0.1825 -0.4966
vn -0.8564 0.1546 -0.4927
vn -0.8497 0.1701 -0.4991
vn -0.8531 0.1559 -0.498
vn 0.0876 -0.9552 -0.2826
vn 0.0579 -0.9549 -0.2912
vn 0.049 -0.9203 -0.3882
vn 0.051 -0.9561 -0.2885
vn 0.0891 -0.9151 -0.3931
vn 0.0965 -0.9133 -0.3957
vn 0.1078 -0.9102 -0.4
vn -0.0599 -0.8447 -0.5319
vn -0.8531 0.1559 -0.498
vn 0.049 -0.9203 -0.3882
vn -0.8608 0.1168 -0.4954
vn -0.8652 0.1169 -0.4876
vn -0.86 0.1216 -0.4957
vn -0.8608 0.1168 -0.4954
vn -0.8712 0.0739 -0.4854
vn 0.0616 -0.83 -0.5544
vn -0.8659 0.0824 -0.4934
vn 0.0716 -0.8601 -0.5051
vn -0.0599 -0.8447 -0.5319
vn 0.0616 -0.83 -0.5544
vn -0.867 -0.0287 -0.4974
vn 0.1912 -0.7944 -0.5765
vn -0.8712 0.0739 -0.4854
vn 0.2332 -0.9039 -0.3585
vn 0.8377 0.1794 0.5159
vn 0.281 -0.8695 -0.4061
vn 0.8521 0.1082 0.512
vn 0.8639 0.1245 0.488
vn 0.8712 0.127 0.4743
vn 0.2554 -0.9054 -0.3391
vn 0.2268 -0.8831 -0.4106
vn 0.8377 0.1794 0.5159
vn 0.1911 -0.8262 -0.5299
vn 0.2433 -0.8083 -0.5361
vn 0.238 -0.8139 -0.53
vn 0.281 -0.8695 -0.4061
vn 0.8605 0.1675 0.4811
vn 0.8539 0.0843 0.5136
vn 0.8481 0.0944 0.5213
vn -0.0669 0.2132 -0.9747
vn 0.2633 -0.9269 -0.2676
vn -0.0583 0.2053 -0.977
vn 0.2262 -0.9614 -0.1569
vn 0.1939 -0.9401 -0.2804
vn 0.8478 0.1037 0.5201
vn 0.8593 0.088 0.5038
vn 0.2104 -0.9256 -0.3147
vn 0.2042 -0.941 -0.27
vn 0.1939 -0.9401 -0.2804
vn 0.8539 0.0843 0.5136
vn 0.8723 0.0802 0.4824
vn 0.8521 0.1082 0.512
vn 0.2195 -0.9656 0.1398
vn 0.2554 -0.9054 -0.3391
vn 0.8478 0.1037 0.5201
vn 0.2104 -0.9256 -0.3147
vn 0.1911 -0.8262 -0.5299
vn 0.8605 0.1675 0.4811
vn 0.8573 0.2045 0.4724
vn 0.2482 -0.7705 -0.5872
vn 0.8506 0.2224 0.4765
vn 0.2232 -0.7266 -0.6498
vn 0.8573 0.2045 0.4724
vn 0.2482 -0.7705 -0.5872
vn -0.0583 0.2053 -0.977
vn 0.2633 -0.9269 -0.2676
vn 0.2942 -0.9433 -0.1535
vn -0.0754 0.1963 -0.9776
vn -0.0681 0.19 -0.9794
vn 0.3264 -0.91 -0.2555
vn -0.0723 0.1884 -0.9794
vn 0.3526 -0.9192 -0.1755
vn 0.3502 -0.921 -0.1705
vn 0.3264 -0.91 -0.2555
vn -0.0681 0.19 -0.9794
vn 0.3663 -0.9119 -0.1849
vn 0.9306 0.3656 0.0176
vn 0.8758 0.314 0.3665
vn 0.298 -0.933 -0.2019
vn 0.8288 0.2448 0.5032
vn 0.8288 0.2409 0.505
vn 0.3449 -0.9242 -0.1638
vn 0.8758 0.314 0.3665
vn 0.9017 0.315 0.2961
vn 0.3663 -0.9119 -0.1849
vn 0.3517 -0.9171 -0.1878
vn -0.0038 0.2163 -0.9763
vn -0.0723 0.1884 -0.9794
vn 0.3526 -0.9192 -0.1755
vn 0.1211 0.2515 -0.9603
vn 0.3706 -0.9051 -0.2082
vn 0.3648 -0.9118 -0.1885
vn 0.1211 0.2515 -0.9603
vn 0.2967 0.3309 -0.8958
vn 0.4103 0.344 -0.8446
vn 0.3648 -0.9118 -0.1885
vn 0.3706 -0.9051 -0.2082
vn 0.4103 0.344 -0.8446
vn 0.3648 -0.9118 -0.1885
vn 0.685 0.4118 -0.601
vn 0.6658 0.4153 -0.6199
vn 0.3731 -0.9068 -0.1961
vn 0.3512 -0.9189 -0.1795
vn 0.3523 -0.9231 -0.1539
vn 0.6658 0.4153 -0.6199
vn 0.8951 0.3973 -0.2025
vn 0.8471 0.436 -0.3038
vn 0.3731 -0.9068 -0.1961
vn 0.3512 -0.9189 -0.1795
vn 0.3663 -0.9119 -0.1849
vn 0.8471 0.436 -0.3038
vn 0.9306 0.3656 0.0176
vn 0.3517 -0.9171 -0.1878
vn 0.8288 0.2409 0.505
vn 0.8273 0.2414 0.5072
vn 0.298 -0.933 -0.2019
vn 0.3728 -0.9228 -0.0968
vn 0.304 -0.9454 -0.1179
vn 0.8295 0.2362 0.5062
vn 0.8295 0.2364 0.506
vn 0.8273 0.2414 0.5072
vn 0.8308 0.2353 0.5044
vn 0.8286 0.2367 0.5074
vn 0.3461 -0.938 -0.0177
vn 0.8294 0.2384 0.5053
vn 0.2858 -0.9529 -0.1017
vn 0.3728 -0.9228 -0.0968
vn 0.8336 0.2306 0.502
vn 0.3461 -0.938 -0.0177
vn 0.2289 -0.9728 -0.0354
vn 0.2448 -0.9686 -0.0441
vn 0.8632 0.2394 0.4446
vn 0.2327 -0.9724 -0.0182
vn 0.8294 0.2384 0.5053
vn 0.9352 0.2486 0.2522
vn 0.9252 0.2409 0.2934
vn 0.8632 0.2394 0.4446
vn 0.9684 0.2481 0.0237
vn 0.9661 0.2574 -0.0182
vn 0.9352 0.2486 0.2522
vn 0.2335 -0.9723 -0.0136
vn 0.2345 -0.9721 -0.0003
vn 0.9136 0.2545 -0.3173
vn 0.9684 0.2481 0.0237
vn 0.9163 0.2534 -0.3101
vn 0.8345 0.2309 -0.5002
vn 0.2338 -0.9722 0.0134
vn 0.8314 0.234 -0.504
vn 0.9136 0.2545 -0.3173
vn 0.2653 -0.9634 0.0388
vn 0.2289 -0.9728 0.0354
vn 0.2448 -0.9686 0.0441
vn 0.8298 0.2384 -0.5046
vn 0.8295 0.2368 -0.5059
vn 0.8312 0.2299 -0.5062
vn 0.8285 0.2369 -0.5074
vn 0.8297 0.2368 -0.5056
vn 0.2787 -0.9558 0.0935
vn 0.8305 0.2357 -0.5048
vn 0.8212 0.2387 -0.5183
vn 0.3039 -0.9452 0.1193
vn 0.442 -0.8935 0.0792
vn 0.8314 0.234 -0.504
vn 0.33 -0.9386 0.1006
vn 0.8312 0.2299 -0.5062
vn 0.2787 -0.9558 0.0935
vn 0.2653 -0.9634 0.0388
vn 0.8283 0.2439 -0.5044
vn 0.8905 0.2871 -0.3528
vn 0.8605 0.2714 -0.4312
vn 0.3521 -0.9166 0.1893
vn 0.3449 -0.9242 0.1638
vn 0.8297 0.2368 -0.5056
vn 0.442 -0.8935 0.0792
vn 0.3629 -0.9131 0.1858
vn -0.0713 0.1987 0.9775
vn 0.3265 -0.9099 0.2557
vn -0.073 0.1882 0.9794
vn 0.352 -0.9215 0.1638
vn 0.0682 0.2617 0.9627
vn 0.1479 0.2684 0.9519
vn 0.0682 0.2617 0.9627
vn 0.4029 0.3381 0.8505
vn 0.3596 -0.9153 0.1813
vn 0.3629 -0.9131 0.1858
vn 0.4029 0.3381 0.8505
vn 0.6703 0.4051 0.6218
vn 0.3596 -0.9153 0.1813
vn 0.4465 0.3565 0.8207
vn 0.3629 -0.9131 0.1858
vn 0.352 -0.9215 0.1638
vn 0.3513 -0.9188 0.1802
vn 0.6703 0.4051 0.6218
vn 0.6434 0.3915 0.6578
vn 0.8523 0.4284 0.3001
vn 0.3596 -0.9153 0.1813
vn 0.3517 -0.9173 0.1868
vn 0.3513 -0.9188 0.1802
vn 0.9281 0.3718 -0.0196
vn 0.8523 0.4284 0.3001
vn 0.8382 0.4183 0.3498
vn 0.8905 0.2871 -0.3528
vn 0.9281 0.3718 -0.0196
vn 0.3517 -0.9173 0.1868
vn 0.3521 -0.9166 0.1893
vn 0.9222 0.368 -0.1187
vn 0.272 -0.9583 0.0876
vn -0.0713 0.1987 0.9775
vn 0.3265 -0.9099 0.2557
vn -0.0647 0.2008 0.9775
vn -0.0613 0.2159 0.9745
vn 0.2814 -0.9024 0.3264
vn 0.2262 -0.9613 0.1575
vn 0.197 -0.9425 0.2699
vn 0.1799 -0.9485 0.2607
vn 0.8538 0.0978 -0.5112
vn 0.272 -0.9583 0.0876
vn -0.0613 0.2159 0.9745
vn 0.1989 -0.9404 0.276
vn 0.2547 -0.931 0.2616
vn 0.8512 0.0914 -0.5168
vn 0.1799 -0.9485 0.2607
vn 0.8538 0.0978 -0.5112
vn 0.8512 0.0914 -0.5169
vn 0.8522 0.0979 -0.5141
vn 0.8512 0.0914 -0.5168
vn 0.2539 -0.9282 0.272
vn 0.2551 -0.9121 0.3209
vn 0.851 0.0972 -0.5162
vn 0.2547 -0.931 0.2616
vn 0.8547 0.117 -0.5058
vn 0.2266 -0.9071 0.3547
vn 0.8522 0.0979 -0.5141
vn 0.8551 0.1168 -0.5052
vn 0.2551 -0.9121 0.3209
vn 0.2384 -0.8877 0.394
vn 0.1984 -0.8931 0.4037
vn 0.8595 0.1452 -0.49
vn 0.8568 0.1359 -0.4973
vn 0.1984 -0.8931 0.4037
vn 0.8547 0.117 -0.5058
vn 0.8577 0.1463 -0.493
vn 0.2847 -0.8575 0.4286
vn 0.8603 0.175 -0.4788
vn 0.2113 -0.8154 0.539
vn 0.2489 -0.7536 0.6084
vn 0.8451 0.2278 -0.4837
vn 0.2247 -0.8221 0.5231
vn 0.8603 0.175 -0.4788
vn 0.8577 0.1463 -0.493
vn 0.2372 -0.8048 0.5441
vn 0.2847 -0.8575 0.4286
vn 0.2113 -0.8154 0.539
vn 0.4956 -0.8526 -0.1655
vn -0.097 0.1659 -0.9814
vn -0.096 0.1652 -0.9816
vn -0.2241 0.0961 -0.9698
vn 0.4875 -0.8622 -0.1374
vn -0.2256 0.0949 -0.9696
vn 0.4799 -0.8655 -0.1433
vn 0.4644 -0.8678 -0.1768
vn 0.4956 -0.8526 -0.1655
vn -0.1079 0.159 -0.9814
vn -0.1068 0.1583 -0.9816
vn -0.096 0.1652 -0.9816
vn 0.5538 -0.8161 -0.1655
vn -0.09 0.172 -0.981
vn 0.0256 0.2473 -0.9686
vn -0.1079 0.159 -0.9814
vn 0.5492 -0.823 -0.1449
vn 0.5931 -0.7966 -0.1171
vn 0.5814 -0.8012 -0.1414
vn 0.5538 -0.8161 -0.1655
vn 0.529 -0.8408 -0.115
vn 0.6277 0.5983 -0.498
vn 0.5533 -0.8199 -0.1468
vn 0.6297 0.5968 -0.4973
vn 0.5937 -0.7931 -0.1359
vn 0.4942 0.5377 -0.6831
vn 0.5319 0.5804 -0.6167
vn 0.5319 0.5804 -0.6167
vn 0.3141 0.4277 -0.8476
vn 0.5533 -0.8199 -0.1468
vn 0.5676 -0.8107 -0.1437
vn 0.0542 0.2741 -0.9602
vn 0.3141 0.4277 -0.8476
vn 0.5676 -0.8107 -0.1437
vn 0.2512 0.4008 -0.881
vn 0.5814 -0.8012 -0.1414
vn 0.0256 0.2473 -0.9686
vn 0.6277 0.5983 -0.498
vn 0.529 -0.8408 -0.115
vn 0.6392 -0.7582 -0.1285
vn 0.6242 0.5976 -0.5032
vn 0.6163 0.6049 -0.5043
vn 0.6392 -0.7582 -0.1285
vn 0.6184 0.6035 -0.5033
vn 0.619 0.6033 -0.5029
vn 0.6193 0.6034 -0.5024
vn 0.6188 0.6066 -0.4991
vn 0.619 0.6024 -0.5039
vn 0.641 -0.7664 -0.0424
vn 0.6296 -0.7755 -0.0478
vn 0.6765 -0.7349 -0.0475
vn 0.6242 0.5976 -0.5032
vn 0.6841 -0.7294 0.0079
vn 0.6126 0.6108 -0.5017
vn 0.6765 -0.7349 -0.0475
vn 0.6163 0.6049 -0.5043
vn 0.6382 0.6319 -0.4397
vn 0.5972 0.5959 -0.5369
vn 0.6865 0.6817 -0.253
vn 0.6666 0.6733 -0.3199
vn 0.6382 0.6319 -0.4397
vn 0.7024 0.7114 -0.025
vn 0.6865 0.6817 -0.253
vn 0.6833 -0.7302 0.0008
vn 0.6831 -0.7303 -0.0045
vn 0.71 0.7038 0.022
vn 0.6677 0.6441 0.3733
vn 0.6725 0.669 0.3165
vn 0.7024 0.7114 -0.025
vn 0.6818 -0.7315 0.0106
vn 0.6834 -0.7301 -0.0018
vn 0.6725 0.669 0.3165
vn 0.614 0.6082 0.5032
vn 0.6124 0.6114 0.5012
vn 0.6554 -0.7529 0.0601
vn 0.637 -0.7675 0.0717
vn 0.62 0.6031 0.5018
vn 0.6135 0.6076 0.5044
vn 0.8813 -0.1152 0.4583
vn 0.619 0.603 0.5031
vn 0.6203 0.6043 0.5001
vn 0.6276 -0.7692 0.1201
vn 0.6204 0.6034 0.501
vn 0.6202 0.6044 0.5
vn 0.6188 0.6031 0.5033
vn 0.614 0.6082 0.5032
vn 0.6504 -0.7592 0.0241
vn 0.6135 0.6076 0.5044
vn 0.6554 -0.7529 0.0601
vn 0.6818 -0.7315 0.0106
vn 0.6408 -0.7662 0.047
vn 0.6202 0.6044 0.5
vn 0.6142 0.591 0.5229
vn 0.5666 -0.8123 0.1379
vn 0.8813 -0.1152 0.4583
vn 0.5754 -0.8006 0.1671
vn 0.5367 0.5515 0.6386
vn 0.5828 -0.7923 0.1807
vn 0.6292 0.5966 0.4981
vn 0.0796 0.2914 0.9533
vn -0.0096 0.2598 0.9656
vn 0.5828 -0.7923 0.1807
vn -0.1077 0.1605 0.9811
vn 0.5538 -0.816 0.1656
vn -0.1073 0.1581 0.9816
vn 0.5723 -0.8075 0.1432
vn 0.5666 -0.8123 0.1379
vn -0.0096 0.2598 0.9656
vn 0.5828 -0.7923 0.1807
vn 0.2875 0.4123 0.8645
vn 0.5754 -0.8006 0.1671
vn 0.2875 0.4123 0.8645
vn 0.5367 0.5515 0.6386
vn 0.3521 0.4631 0.8133
vn 0.5104 0.5455 0.6647
vn 0.5754 -0.8006 0.1671
vn -0.1073 0.1581 0.9816
vn -0.0968 0.1646 0.9816
vn 0.5538 -0.816 0.1656
vn -0.0971 0.167 0.9812
vn 0.4956 -0.8526 0.1656
vn 0.5043 -0.8512 0.1452
vn -0.2358 0.0838 0.9682
vn 0.461 -0.8796 0.1172
vn -0.1118 0.159 0.9809
vn 0.4956 -0.8526 0.1656
vn 0.4732 -0.8694 0.142
vn -0.0971 0.167 0.9812
vn 0.5309 -0.8397 0.1145
vn -0.8097 -0.3106 0.4979
vn -0.696 -0.2123 0.6859
vn 0.4942 -0.8571 0.1457
vn -0.7535 -0.2287 0.6163
vn 0.4577 -0.8786 0.1362
vn -0.8101 -0.3085 0.4985
vn -0.7535 -0.2287 0.6163
vn -0.5212 -0.0977 0.8478
vn 0.4942 -0.8571 0.1457
vn 0.4867 -0.8616 0.1441
vn -0.2358 0.0838 0.9682
vn -0.5212 -0.0977 0.8478
vn 0.4867 -0.8616 0.1441
vn -0.4672 -0.0503 0.8827
vn 0.4732 -0.8694 0.142
vn -0.2733 0.0692 0.9594
vn 0.4063 -0.9047 0.1283
vn -0.8081 -0.3057 0.5035
vn 0.5309 -0.8397 0.1145
vn -0.8101 -0.3085 0.4985
vn -0.8081 -0.3057 0.5035
vn -0.8117 -0.2973 0.5028
vn 0.3697 -0.9279 0.0476
vn 0.426 -0.9035 0.0479
vn 0.4131 -0.9097 0.0425
vn 0.4063 -0.9047 0.1283
vn -0.8147 -0.2957 0.4988
vn -0.8127 -0.2968 0.5014
vn -0.8118 -0.2943 0.5043
vn -0.8114 -0.2974 0.5032
vn -0.8114 -0.2974 0.5031
vn -0.7794 -0.2735 0.5636
vn -0.8163 -0.2871 0.5012
vn 0.3697 -0.9279 0.0476
vn -0.846 -0.3016 0.4397
vn 0.3606 -0.9326 -0.0129
vn -0.8118 -0.2943 0.5043
vn -0.9132 -0.3239 0.2475
vn -0.897 -0.3096 0.3155
vn -0.846 -0.3016 0.4397
vn -0.9421 -0.3348 -0.0182
vn 0.3619 -0.9322 -0.0007
vn -0.9132 -0.3239 0.2475
vn 0.3621 -0.9321 0.0025
vn -0.9453 -0.3252 0.0261
vn -0.894 -0.3165 -0.317
vn -0.8701 -0.3228 -0.3724
vn -0.9453 -0.3252 0.0261
vn 0.3643 -0.9312 -0.0105
vn 0.362 -0.9322 0.0039
vn -0.894 -0.3165 -0.317
vn -0.8163 -0.2877 -0.5009
vn -0.8133 -0.2915 -0.5036
vn -0.8119 -0.2996 -0.501
vn -0.811 -0.2999 -0.5024
vn 0.4158 -0.9066 -0.072
vn 0.4214 -0.8988 -0.1205
vn -0.8129 -0.2985 -0.5001
vn -0.8109 -0.2992 -0.5029
vn -0.8128 -0.2914 -0.5043
vn 0.3947 -0.9168 -0.0604
vn -0.2745 -0.8459 -0.4573
vn -0.8128 -0.2914 -0.5043
vn 0.3947 -0.9168 -0.0604
vn -0.8133 -0.2915 -0.5036
vn 0.413 -0.9096 -0.0464
vn 0.4027 -0.915 -0.0239
vn 0.3643 -0.9312 -0.0105
vn -0.8129 -0.2985 -0.5001
vn -0.7375 -0.2457 -0.6291
vn -0.7313 -0.2431 -0.6373
vn -0.2745 -0.8459 -0.4573
vn 0.4644 -0.8678 -0.1768
vn 0.4577 -0.8696 -0.1852
vn -0.8097 -0.3105 -0.498
vn 0.4875 -0.8622 -0.1374
vn 0.4644 -0.8678 -0.1768
vn -0.501 -0.0743 -0.8622
vn -0.2241 0.0961 -0.9698
vn 0.4577 -0.8696 -0.1852
vn 0.4577 -0.8696 -0.1852
vn -0.7313 -0.2431 -0.6373
vn -0.5018 -0.0746 -0.8618
vn -0.501 -0.0743 -0.8622
vn 0.8231 -0.3047 0.4793
vn -0.232 -0.9371 -0.2607
vn -0.2141 -0.9387 -0.2701
vn -0.2172 -0.9379 -0.2707
vn 0.9193 -0.2728 0.2837
vn 0.9001 -0.2664 0.3449
vn 0.8169 -0.313 0.4844
vn 0.803 -0.3396 0.4898
vn -0.2429 -0.9462 -0.2138
vn 0.8161 -0.3273 0.4763
vn 0.8134 -0.3141 0.4896
vn -0.2925 -0.9328 -0.2105
vn 0.8134 -0.3141 0.4896
vn -0.2429 -0.9462 -0.2138
vn -0.232 -0.9371 -0.2607
vn -0.2712 -0.9248 -0.2668
vn 0.8169 -0.313 0.4844
vn -0.3459 -0.9201 -0.1837
vn 0.8017 -0.3382 0.4928
vn 0.801 -0.3357 0.4956
vn -0.3484 -0.9271 -0.1379
vn -0.3459 -0.9201 -0.1837
vn 0.8038 -0.3389 0.489
vn 0.8017 -0.3382 0.4928
vn -0.3266 -0.9223 -0.2065
vn -0.3511 -0.9165 -0.192
vn -0.2925 -0.9328 -0.2105
vn -0.3266 -0.9223 -0.2065
vn 0.8038 -0.3389 0.489
vn -0.3237 -0.9224 -0.2105
vn 0.803 -0.3396 0.4898
vn -0.4143 -0.8997 -0.1376
vn 0.7883 -0.3657 0.4949
vn 0.7987 -0.3698 0.4747
vn 0.801 -0.3357 0.4956
vn -0.4137 -0.8998 -0.1385
vn -0.3484 -0.9271 -0.1379
vn 0.7693 -0.4013 0.4971
vn -0.4137 -0.8998 -0.1385
vn 0.7883 -0.3657 0.4949
vn -0.4383 -0.891 -0.1182
vn 0.7935 -0.3775 0.4773
vn 0.7919 -0.3782 0.4795
vn -0.3659 -0.9306 -0.0124
vn 0.774 -0.4441 0.4514
vn 0.7836 -0.4487 0.4297
vn -0.5301 -0.8474 -0.031
vn 0.7615 -0.4374 0.4783
vn -0.5393 -0.8397 -0.0637
vn 0.7693 -0.4013 0.4971
vn -0.3659 -0.9306 -0.0124
vn 0.7836 -0.4487 0.4297
vn 0.8198 -0.479 0.3138
vn 0.8737 -0.481 0.0726
vn 0.8666 -0.4867 0.1105
vn -0.5551 -0.8313 0.029
vn -0.5276 -0.8485 0.0405
vn -0.5244 -0.8515 -0.0049
vn 0.8666 -0.4867 0.1105
vn 0.8328 -0.4905 -0.2565
vn 0.8256 -0.4718 -0.3094
vn -0.5065 -0.8606 0.0537
vn -0.5528 -0.8305 0.0679
vn -0.5551 -0.8313 0.029
vn 0.7502 -0.4312 -0.5012
vn 0.8256 -0.4718 -0.3094
vn -0.4315 -0.9008 0.0481
vn -0.5528 -0.8305 0.0679
vn 0.7667 -0.4246 -0.4815
vn 0.7502 -0.4312 -0.5012
vn 0.7593 -0.4211 -0.4962
vn -0.4475 -0.8867 0.1158
vn -0.4315 -0.9008 0.0481
vn -0.4408 -0.8898 0.1182
vn 0.7593 -0.4211 -0.4962
vn 0.7853 -0.3919 -0.4793
vn 0.7786 -0.3865 -0.4943
vn 0.8082 -0.3335 -0.4854
vn 0.8051 -0.3475 -0.4806
vn 0.7818 -0.3864 -0.4894
vn 0.8097 -0.3456 -0.4744
vn 0.8086 -0.3445 -0.4769
vn 0.7818 -0.3864 -0.4894
vn -0.4145 -0.9002 0.1333
vn -0.3074 -0.946 0.1027
vn -0.4475 -0.8867 0.1158
vn 0.7786 -0.3865 -0.4943
vn -0.1472 -0.9777 0.1497
vn 0.8082 -0.3335 -0.4854
vn -0.292 -0.9083 0.2994
vn 0.8226 -0.3053 -0.4798
vn 0.8787 -0.294 -0.376
vn 0.8595 -0.2961 -0.4166
vn -0.3181 -0.9049 0.2829
vn 0.2294 0.2581 0.9385
vn -0.2459 -0.9339 0.2595
vn 0.0978 0.2781 0.9556
vn 0.2909 0.2204 0.931
vn 0.2294 0.2581 0.9385
vn 0.5354 0.1154 0.8367
vn -0.2455 -0.9341 0.2593
vn -0.2459 -0.9339 0.2595
vn -0.2455 -0.9341 0.2593
vn 0.7888 -0.0012 0.6147
vn 0.7892 -0.0016 0.6141
vn 0.5354 0.1154 0.8367
vn 0.6283 0.0858 0.7732
vn -0.2469 -0.9335 0.2601
vn -0.2181 -0.9362 0.2757
vn 0.9539 -0.1292 0.2711
vn 0.9558 -0.2553 -0.1458
vn 0.9539 -0.1292 0.2708
vn 0.9752 -0.2107 -0.0672
vn 0.9787 -0.196 0.0612
vn 0.9062 -0.0751 0.4161
vn 0.914 -0.0821 0.3973
vn -0.2379 -0.9374 0.2542
vn 0.9539 -0.1292 0.2708
vn -0.2626 -0.9261 0.2711
vn -0.2181 -0.9362 0.2757
vn 0.7892 -0.0016 0.6141
vn 0.8757 -0.0488 0.4805
vn 0.9062 -0.0751 0.4161
vn -0.2379 -0.9374 0.2542
vn -0.2469 -0.9335 0.2601
vn 0.9752 -0.2107 -0.0672
vn -0.292 -0.9083 0.2994
vn 0.8787 -0.294 -0.376
vn -0.2181 -0.9362 0.2757
vn -0.2626 -0.9261 0.2711
vn -0.3176 -0.9049 0.2833
vn -0.4104 -0.8711 0.2698
vn -0.3181 -0.9049 0.2829
vn 0.1454 0.276 0.9501
vn 0.0952 0.2983 0.9497
vn 0.0978 0.2781 0.9556
vn -0.4708 -0.8357 0.2829
vn 0.1618 0.2872 0.9441
vn -0.4911 -0.8135 0.3115
vn 0.1618 0.2872 0.9441
vn -0.5323 -0.7979 0.2828
vn 0.1842 0.276 0.9433
vn -0.4708 -0.8357 0.2829
vn 0.1351 0.3049 0.9428
vn -0.5374 -0.7908 0.293
vn -0.6309 0.6478 0.4271
vn -0.5314 -0.7982 0.2836
vn -0.5359 0.6464 0.5431
vn -0.4966 0.6181 0.6093
vn -0.6354 0.6445 0.4253
vn -0.5407 -0.793 0.2808
vn -0.5359 0.6464 0.5431
vn -0.3011 0.5368 0.7882
vn -0.5374 -0.7908 0.293
vn -0.3011 0.5368 0.7882
vn -0.5314 -0.7982 0.2836
vn -0.5374 -0.7908 0.293
vn -0.0131 0.3982 0.9172
vn -0.2373 0.5166 0.8227
vn -0.5405 -0.7925 0.2825
vn -0.0131 0.3982 0.9172
vn -0.5405 -0.7925 0.2825
vn -0.0387 0.408 0.9121
vn -0.5323 -0.7979 0.2828
vn 0.1842 0.276 0.9433
vn -0.5871 0.6617 0.4663
vn -0.5687 0.677 0.4672
vn -0.8179 -0.5068 0.2724
vn -0.7197 -0.6887 0.0872
vn -0.6862 -0.7177 0.1187
vn -0.5677 0.6908 0.4477
vn -0.5574 0.6771 0.4805
vn -0.6068 -0.7743 0.1798
vn -0.8179 -0.5068 0.2724
vn -0.5871 0.6617 0.4663
vn -0.5956 0.6656 0.4498
vn -0.6236 -0.7676 0.1482
vn -0.6159 0.6541 0.439
vn -0.5956 0.6656 0.4498
vn -0.615 0.6581 0.4344
vn -0.5407 -0.793 0.2808
vn -0.5935 -0.7677 0.2418
vn -0.6309 0.6478 0.4271
vn -0.6159 0.6541 0.439
vn -0.5472 0.6763 0.4932
vn -0.5432 0.6818 0.4901
vn -0.5492 0.689 0.473
vn -0.5652 0.7045 0.4291
vn -0.7579 -0.6524 -0.0018
vn -0.7414 -0.6711 -0.0069
vn -0.7387 -0.6736 0.0237
vn -0.5472 0.6763 0.4932
vn -0.5574 0.6771 0.4805
vn -0.7197 -0.6887 0.0872
vn -0.5564 0.6808 0.4763
vn -0.7387 -0.6736 0.0237
vn -0.7219 -0.6908 0.0393
vn -0.6045 0.7719 0.1971
vn -0.5652 0.7045 0.4291
vn -0.6285 0.7696 0.1122
vn -0.6285 0.7696 0.1122
vn -0.5938 0.7547 -0.279
vn -0.5937 0.7421 -0.3111
vn -0.7417 -0.6707 0.0109
vn -0.5937 0.7421 -0.3111
vn -0.5426 0.6819 -0.4906
vn -0.5519 0.6683 -0.4987
vn -0.7414 -0.671 0.0071
vn -0.5469 0.6788 -0.4899
vn -0.5519 0.6683 -0.4987
vn -0.7414 -0.671 0.0071
vn -0.7276 -0.6849 -0.0392
vn -0.726 -0.6868 -0.0349
vn -0.5469 0.6788 -0.4899
vn -0.726 -0.6868 -0.0349
vn -0.5623 0.6773 -0.4744
vn -0.7142 -0.6929 -0.0997
vn -0.564 0.6737 -0.4775
vn -0.564 0.6737 -0.4775
vn -0.7611 -0.6109 -0.2181
vn -0.5721 0.6771 -0.4629
vn -0.6774 -0.726 -0.119
vn -0.7142 -0.6929 -0.0997
vn -0.5721 0.6771 -0.4629
vn -0.589 0.6665 -0.4571
vn -0.5908 0.6673 -0.4535
vn -0.6163 -0.7703 -0.1634
vn -0.6241 -0.7681 -0.1432
vn -0.7611 -0.6109 -0.2181
vn -0.6163 -0.7703 -0.1634
vn -0.7532 -0.5456 -0.3674
vn -0.6024 0.6641 -0.4428
vn -0.6054 0.6689 -0.4314
vn -0.5908 0.6673 -0.4535
vn -0.6058 0.6674 -0.4331
vn -0.5947 -0.7796 -0.1965
vn -0.5893 -0.7888 -0.1747
vn -0.7532 -0.5456 -0.3674
vn -0.6354 0.644 -0.4262
vn -0.6287 0.6434 -0.4368
vn -0.6058 0.6674 -0.4331
vn -0.5184 -0.8054 -0.2874
vn -0.5764 -0.7716 -0.269
vn -0.5375 -0.7945 -0.2826
vn 0.1529 0.2714 -0.9503
vn 0.1537 0.2912 -0.9442
vn -0.5401 -0.7861 -0.3006
vn -0.0205 0.3985 -0.9169
vn -0.4708 -0.8357 -0.2828
vn 0.0706 0.3688 -0.9268
vn -0.5401 -0.7861 -0.3006
vn -0.2401 0.507 -0.8278
vn 0.0706 0.3688 -0.9268
vn -0.53 -0.799 -0.2841
vn -0.2401 0.507 -0.8278
vn -0.4908 0.6088 -0.6232
vn -0.5375 -0.7945 -0.2826
vn -0.3057 0.547 -0.7793
vn -0.5401 -0.7861 -0.3006
vn -0.4598 0.604 -0.6509
vn -0.53 -0.799 -0.2841
vn -0.4908 0.6088 -0.6232
vn -0.5899 0.641 -0.4911
vn -0.5184 -0.8054 -0.2874
vn -0.6287 0.6434 -0.4368
vn -0.3185 -0.9047 -0.283
vn 0.0984 0.2795 -0.9551
vn -0.4104 -0.8711 -0.2697
vn -0.4912 -0.8135 -0.3113
vn 0.0962 0.2966 -0.9501
vn -0.4708 -0.8357 -0.2828
vn 0.1529 0.2714 -0.9503
vn 0.0984 0.2795 -0.9551
vn -0.2729 -0.924 -0.2678
vn -0.3177 -0.9052 -0.2822
vn 0.22 0.2345 -0.9469
vn 0.1397 0.2682 -0.9532
vn -0.3185 -0.9047 -0.283
vn -0.2316 -0.9288 -0.2892
vn 0.9742 -0.2249 0.0171
vn 0.9001 -0.2664 0.3449
vn -0.2172 -0.9379 -0.2707
vn -0.2441 -0.9336 -0.2625
vn 0.797 0.0126 -0.6039
vn 0.446 0.1474 -0.8828
vn 0.5374 0.136 -0.8323
vn 0.8339 -0.0311 -0.551
vn 0.6658 0.0665 -0.7431
vn -0.2175 -0.9315 -0.2914
vn 0.9676 -0.1639 -0.1923
vn 0.9529 -0.0976 -0.2872
vn -0.2441 -0.9336 -0.2625
vn -0.2118 -0.9361 -0.2808
vn 0.797 0.0126 -0.6039
vn 0.9742 -0.2249 0.0171
vn -0.2172 -0.9379 -0.2707
vn -0.2118 -0.9361 -0.2808
vn -0.2141 -0.9387 -0.2701
vn 0.9529 -0.0976 -0.2872
vn -0.2175 -0.9315 -0.2914
vn -0.2441 -0.9336 -0.2625
vn 0.5374 0.136 -0.8323
vn 0.22 0.2345 -0.9469
vn -0.2316 -0.9288 -0.2892
vn -0.323 -0.0989 -0.9412
vn 0.9537 -0.1032 -0.2824
vn 0.9485 -0.1838 -0.2581
vn -0.3212 -0.1321 -0.9377
vn -0.2942 0.0318 -0.9552
vn 0.9485 -0.1838 -0.2581
vn -0.323 -0.0989 -0.9412
vn 0.9485 -0.1837 -0.2582
vn -0.3415 -0.4253 -0.8382
vn 0.9485 -0.1826 -0.2587
vn -0.3526 -0.48 -0.8033
vn 0.9485 -0.1837 -0.2582
vn -0.3446 -0.7083 -0.6161
vn -0.3415 -0.4253 -0.8382
vn -0.3446 -0.7083 -0.6161
vn -0.3382 -0.6746 -0.6561
vn -0.3373 -0.8235 -0.4562
vn 0.9485 -0.1826 -0.2587
vn 0.9487 -0.1583 -0.2735
vn -0.2925 -0.9196 -0.2622
vn -0.3373 -0.8235 -0.4562
vn 0.9398 -0.205 -0.2734
vn -0.3344 -0.8639 -0.3765
vn 0.9488 -0.1647 -0.2695
vn 0.9487 -0.1583 -0.2735
vn -0.2229 -0.972 0.0739
vn 0.9398 -0.205 -0.2734
vn -0.2925 -0.9196 -0.2622
vn 0.9398 -0.205 -0.2734
vn -0.2234 -0.9735 0.0487
vn -0.2229 -0.972 0.0739
vn -0.1227 -0.9176 0.3781
vn 0.9488 -0.1647 -0.2695
vn 0.9429 -0.1105 -0.3143
vn -0.1227 -0.9176 0.3781
vn -0.0506 -0.8723 0.4864
vn -0.1247 -0.9218 0.367
vn 0.9429 -0.1105 -0.3143
vn 0.9459 -0.2873 -0.1504
vn -0.0823 -0.8731 0.4806
vn 0.9571 0.0642 -0.2827
vn 0.9459 0.092 -0.3111
vn -0.31 -0.0118 -0.9506
vn -0.3084 0.0411 -0.9504
vn -0.3276 -0.022 -0.9445
vn -0.2942 0.0318 -0.9552
vn 0.9535 -0.1038 -0.2829
vn 0.963 -0.0059 -0.2694
vn 0.9537 -0.1032 -0.2824
vn -0.3286 -0.0269 -0.9441
vn 0.9571 0.0642 -0.2827
vn -0.3311 0.0024 -0.9436
vn -0.3276 -0.022 -0.9445
vn 0.9464 0.1573 -0.2822
vn 0.9407 0.1515 -0.3035
vn -0.3529 0.7567 -0.5503
vn -0.3537 0.5028 -0.7887
vn 0.9407 0.1515 -0.3035
vn -0.3287 0.841 -0.4297
vn -0.3529 0.7567 -0.5503
vn -0.345 0.7143 -0.6089
vn 0.9494 0.134 -0.284
vn 0.9483 0.1498 -0.2797
vn -0.3091 0.852 -0.4226
vn 0.9479 0.1474 -0.2825
vn 0.9494 0.134 -0.284
vn 0.9407 0.1515 -0.3035
vn -0.3537 0.5028 -0.7887
vn -0.3789 0.1708 -0.9095
vn -0.3286 -0.0269 -0.9441
vn 0.9479 0.1474 -0.2825
vn -0.3509 0.3159 -0.8816
vn 0.9464 0.1573 -0.2822
vn -0.3789 0.1708 -0.9095
vn -0.3587 0.8123 -0.46
vn 0.944 0.3079 -0.1185
vn -0.3874 0.8078 -0.4443
vn -0.3738 0.8026 -0.4648
vn -0.3774 0.7954 -0.4743
vn 0.8128 0.5165 -0.2696
vn 0.9321 0.3516 -0.0867
vn -0.359 0.8208 -0.4443
vn -0.3587 0.8123 -0.46
vn 0.8128 0.5165 -0.2696
vn 0.9602 0.2134 -0.1803
vn 0.9615 0.2315 -0.1483
vn 0.9602 0.2134 -0.1803
vn 0.9483 0.2051 -0.2421
vn 0.9607 0.1965 -0.1963
vn -0.3372 0.8333 -0.4381
vn -0.3444 0.8348 -0.4296
vn -0.359 0.8208 -0.4443
vn -0.3372 0.8333 -0.4381
vn -0.3287 0.841 -0.4297
vn 0.9483 0.1498 -0.2797
vn 0.9483 0.2051 -0.2421
vn 0.9249 0.38 0.0109
vn -0.4065 0.8468 -0.3429
vn -0.3793 0.7862 -0.488
vn 0.9265 0.3741 -0.0397
vn -0.3763 0.7867 -0.4894
vn 0.9356 0.353 -0.01
vn -0.4065 0.8475 -0.3414
vn -0.3763 0.7867 -0.4894
vn 0.9356 0.353 -0.01
vn -0.3765 0.7952 -0.4754
vn -0.3774 0.7954 -0.4743
vn 0.9321 0.3516 -0.0867
vn -0.379 0.7855 0.4892
vn -0.4258 0.8304 0.3594
vn -0.4152 0.8666 0.2769
vn 0.925 0.3799 -0.0103
vn -0.3662 0.7875 0.4958
vn 0.9251 0.3797 -0.0085
vn 0.9252 0.3796 -0.0016
vn 0.925 0.3799 -0.0103
vn -0.4258 0.8304 0.3594
vn -0.422 0.9064 0.0192
vn -0.4065 0.8475 -0.3414
vn -0.4306 0.9005 -0.0605
vn 0.9252 0.3796 -0.0016
vn -0.422 0.9064 0.0192
vn 0.9249 0.38 0.0109
vn -0.3806 0.7871 0.4854
vn 0.9324 0.3597 0.0345
vn 0.9336 0.345 0.0969
vn -0.3726 0.799 0.472
vn 0.9251 0.3797 -0.0085
vn 0.931 0.3628 0.0398
vn 0.9324 0.3597 0.0345
vn -0.3662 0.7875 0.4958
vn -0.3806 0.7871 0.4854
vn 0.8632 0.4478 0.2332
vn 0.9336 0.345 0.0969
vn -0.3739 0.7981 0.4725
vn 0.9472 0.2979 0.1187
vn -0.3726 0.799 0.472
vn -0.3747 0.8069 0.4566
vn 0.8632 0.4478 0.2332
vn -0.3629 0.8175 0.4472
vn 0.9619 0.2316 0.1457
vn -0.364 0.8136 0.4534
vn 0.9608 0.2227 0.1651
vn -0.3747 0.8069 0.4566
vn -0.359 0.8306 0.4257
vn -0.356 0.8257 0.4376
vn -0.3629 0.8175 0.4472
vn 0.8139 0.4483 0.3695
vn -0.352 0.8297 0.4333
vn 0.9657 0.1925 0.1743
vn 0.9608 0.2227 0.1651
vn 0.9597 0.2015 0.1961
vn 0.8139 0.4483 0.3695
vn -0.3107 0.8501 0.4252
vn -0.3145 0.8401 0.442
vn -0.352 0.8297 0.4333
vn 0.9482 0.1492 0.2805
vn 0.9445 0.1883 0.2694
vn 0.9414 0.1513 0.3016
vn -0.3301 -0.0129 0.9439
vn -0.3516 0.1909 0.9165
vn 0.9482 0.1452 0.2825
vn -0.3645 0.092 0.9266
vn -0.3114 -0.0209 0.95
vn 0.957 0.0642 0.2828
vn -0.3645 0.092 0.9266
vn 0.9414 0.1513 0.3016
vn -0.3563 0.432 0.8285
vn -0.3401 0.7083 0.6186
vn -0.3647 0.511 0.7784
vn 0.9494 0.1317 0.285
vn -0.3563 0.432 0.8285
vn 0.9482 0.1452 0.2825
vn -0.3501 0.6745 0.65
vn 0.9414 0.1513 0.3016
vn 0.9482 0.1492 0.2805
vn 0.9494 0.1317 0.285
vn -0.3267 0.8092 0.4884
vn -0.3401 0.7083 0.6186
vn -0.3145 0.8401 0.442
vn 0.9459 0.092 0.3113
vn -0.3101 0.0259 0.9503
vn 0.9567 -0.08 0.28
vn -0.3114 -0.0209 0.95
vn 0.963 -0.0059 0.2696
vn 0.957 0.0642 0.2828
vn 0.9514 -0.1564 0.2654
vn -0.3101 0.0259 0.9503
vn 0.9567 -0.08 0.28
vn -0.2859 0.0401 0.9574
vn 0.9584 -0.1045 0.2658
vn 0.9497 -0.1623 0.2679
vn -0.2893 0.0494 0.956
vn 0.9409 -0.1813 0.2862
vn -0.2893 0.0494 0.956
vn 0.9497 -0.1623 0.2679
vn 0.9524 -0.1469 0.2673
vn -0.3072 -0.0945 0.9469
vn -0.3041 -0.0313 0.9521
vn -0.1493 -0.9255 -0.3481
vn -0.2199 -0.9754 -0.0175
vn 0.9355 -0.2281 0.2697
vn 0.9463 -0.1909 0.2609
vn -0.1493 -0.9255 -0.3481
vn -0.0719 -0.8715 -0.4852
vn 0.9384 -0.2122 0.2726
vn -0.082 -0.8734 -0.48
vn 0.9355 -0.2281 0.2697
vn -0.152 -0.9459 -0.2865
vn 0.9384 -0.2122 0.2726
vn -0.2199 -0.9754 -0.0175
vn 0.9355 -0.2281 0.2697
vn -0.3271 -0.8996 0.2894
vn 0.9369 -0.2126 0.2776
vn -0.3271 -0.8996 0.2894
vn -0.2704 -0.944 0.1891
vn -0.3583 -0.71 0.6062
vn 0.9369 -0.2126 0.2776
vn 0.9434 -0.1899 0.2718
vn 0.935 -0.2043 0.2899
vn -0.3583 -0.71 0.6062
vn -0.3468 -0.7369 0.5802
vn 0.9434 -0.1899 0.2718
vn -0.3381 -0.4277 0.8383
vn -0.3465 -0.3321 0.8773
vn -0.3072 -0.0945 0.9469
vn -0.3381 -0.4277 0.8383
vn 0.9409 -0.1813 0.2862
vn 0.935 -0.2043 0.2899
vn 0.9434 -0.1899 0.2718
vn -0.0694 -0.8688 -0.4903
vn 0.9581 -0.1908 0.2137
vn -0.0435 -0.8705 -0.4903
vn 0.969 -0.1303 0.2099
vn -0.059 -0.8766 -0.4776
vn 0.9514 -0.1564 0.2654
vn 0.9497 -0.1623 0.2679
vn 0.9524 -0.1469 0.2673
vn -0.0694 -0.8688 -0.4903
vn 0.9581 -0.1908 0.2137
vn -0.0719 -0.8715 -0.4852
vn 0.9463 -0.1909 0.2609
vn -0.0464 -0.8665 -0.497
vn -0.0438 -0.8688 -0.4932
vn 0.9796 -0.0856 0.1817
vn 0.9867 -0.0863 0.1378
vn 0.9783 -0.0777 0.1922
vn 0.9796 -0.0856 0.1817
vn -0.0438 -0.8688 -0.4932
vn 0.9725 -0.1048 0.208
vn -0.0439 -0.8707 -0.4899
vn -0.0435 -0.8705 -0.4903
vn -0.0439 -0.8707 -0.4899
vn 0.9725 -0.1048 0.208
vn 0.969 -0.1303 0.2099
vn 0.972 -0.1059 0.2099
vn 0.9867 -0.0863 0.1378
vn 0.9902 -0.016 0.1391
vn -0.0464 -0.8665 -0.497
vn -0.0128 -0.88 -0.4749
vn 0.9904 -0.015 0.1376
vn -0.0119 -0.8691 -0.4946
vn -0.0029 -0.8774 -0.4798
vn -0.0119 -0.8691 -0.4946
vn 0.9902 -0.016 0.1391
vn 0.027 -0.8672 -0.4972
vn 0.9975 -0.0698 0.0133
vn -0.0039 -0.8783 -0.4781
vn 0.993 0.0115 0.1178
vn 0.027 -0.8672 -0.4972
vn 0.9937 0.1099 0.0201
vn 0.9899 0.1258 0.0648
vn 0.9975 -0.0698 0.0133
vn 0.062 -0.8757 -0.4789
vn 0.0626 -0.9014 -0.4284
vn 0.0628 -0.8931 -0.4454
vn 0.0525 -0.9921 -0.1142
vn 0.0534 -0.9926 -0.1091
vn 0.0694 -0.9903 0.12
vn 0.052 -0.9304 0.3629
vn 0.065 -0.9471 0.3143
vn 0.0715 -0.9413 -0.3299
vn 0.0525 -0.9921 -0.1142
vn 0.0626 -0.9014 -0.4284
vn 0.9949 0.0854 -0.0542
vn 0.9875 0.1417 -0.0689
vn 0.9888 0.1469 -0.0273
vn 0.0614 -0.8636 0.5004
vn 0.065 -0.9471 0.3143
vn 0.9875 0.1417 -0.0689
vn 0.9988 0.0016 -0.0491
vn 0.0614 -0.8636 0.5004
vn 0.0478 -0.8759 0.4801
vn 0.0478 -0.8665 0.4969
vn 0.9988 0.0016 -0.0491
vn 0.9929 0.0142 -0.1179
vn 0.993 0.019 -0.1163
vn 0.0478 -0.8665 0.4969
vn 0.008 -0.8693 0.4941
vn 0.01 -0.8774 0.4797
vn 0.0068 -0.8716 0.4902
vn -0.0506 -0.8723 0.4864
vn 0.9729 -0.106 -0.2055
vn 0.9783 -0.077 -0.1922
vn -0.0378 -0.8757 0.4814
vn 0.986 -0.1316 -0.1024
vn 0.9459 -0.2873 -0.1504
vn -0.0415 -0.8773 0.4782
vn -0.0412 -0.8784 0.4762
vn 0.986 -0.1316 -0.1024
vn 0.0068 -0.8716 0.4902
vn 0.991 -0.015 -0.1331
vn 0.993 0.019 -0.1163
vn 0.008 -0.8693 0.4941
vn 0.3519 -0.8936 0.2787
vn 0.355 -0.8817 0.3107
vn -0.8711 -0.204 0.4468
vn -0.8204 -0.2351 0.5212
vn -0.8538 -0.1859 0.4862
vn -0.9063 -0.249 0.3414
vn -0.8741 -0.2062 0.4398
vn -0.8711 -0.204 0.4468
vn 0.3532 -0.8969 0.2661
vn 0.3519 -0.8936 0.2787
vn 0.3532 -0.8969 0.2661
vn -0.9353 -0.3457 0.0756
vn -0.9137 -0.2595 0.3128
vn -0.9063 -0.249 0.3414
vn 0.3526 -0.896 0.2698
vn 0.3485 -0.8996 0.2631
vn 0.3526 -0.896 0.2698
vn 0.3978 -0.8547 0.3336
vn 0.4009 -0.9034 0.1524
vn 0.3742 -0.8963 0.2381
vn -0.8207 -0.4339 -0.3718
vn -0.8708 -0.4101 -0.2711
vn -0.9326 -0.3438 0.1097
vn -0.9353 -0.3457 0.0756
vn 0.3883 -0.866 0.315
vn -0.7867 -0.4482 -0.4245
vn -0.9218 -0.3809 -0.0722
vn -0.8207 -0.4339 -0.3718
vn 0.3485 -0.8996 0.2631
vn -0.6089 -0.4249 -0.6699
vn 0.3492 -0.9011 0.2569
vn -0.7567 -0.4328 -0.49
vn 0.3639 -0.8913 0.2706
vn 0.3587 -0.8995 0.2494
vn -0.6089 -0.4249 -0.6699
vn -0.6413 -0.4343 -0.6326
vn -0.4202 -0.399 -0.815
vn 0.3492 -0.9011 0.2569
vn -0.4583 -0.4135 -0.7867
vn -0.276 -0.3601 -0.8911
vn 0.3639 -0.8913 0.2706
vn -0.1057 -0.3045 -0.9466
vn -0.4202 -0.399 -0.815
vn -0.0226 -0.2947 -0.9553
vn 0.1089 -0.224 -0.9685
vn 0.3639 -0.8913 0.2706
vn 0.3587 -0.8995 0.2494
vn 0.3714 -0.8891 0.2675
vn 0.082 -0.1964 -0.9771
vn -0.1057 -0.3045 -0.9466
vn 0.4193 -0.8869 0.1937
vn 0.082 -0.1964 -0.9771
vn 0.1024 -0.2166 -0.9709
vn 0.3714 -0.8891 0.2675
vn 0.3978 -0.8547 0.3336
vn 0.3883 -0.866 0.315
vn 0.1024 -0.2166 -0.9709
vn 0.1171 -0.208 -0.9711
vn 0.1147 -0.2074 -0.9715
vn 0.4649 -0.8409 0.2771
vn 0.4193 -0.8869 0.1937
vn 0.5063 -0.8275 0.2426
vn 0.4704 -0.8111 0.3475
vn 0.1147 -0.2074 -0.9715
vn 0.1233 -0.2025 -0.9715
vn 0.4649 -0.8409 0.2771
vn 0.5436 -0.8034 0.2428
vn 0.5063 -0.8275 0.2426
vn 0.1233 -0.2025 -0.9715
vn 0.123 -0.1941 -0.9732
vn 0.1337 -0.1959 -0.9715
vn 0.556 -0.7595 0.3378
vn 0.5854 -0.7722 0.2468
vn 0.1354 -0.1945 -0.9715
vn 0.1337 -0.1959 -0.9715
vn 0.5436 -0.8034 0.2428
vn 0.1455 -0.192 -0.9705
vn 0.1455 -0.192 -0.9705
vn 0.1445 -0.1845 -0.9722
vn 0.1622 -0.1889 -0.9685
vn 0.6312 -0.7347 0.2487
vn 0.5854 -0.7722 0.2468
vn 0.628 -0.7257 0.281
vn 0.6312 -0.7347 0.2487
vn 0.6317 -0.7241 0.277
vn 0.1629 -0.1883 -0.9685
vn 0.1622 -0.1889 -0.9685
vn 0.6619 -0.7033 0.2591
vn 0.4684 0.1019 -0.8776
vn 0.6064 0.2963 -0.7379
vn 0.7045 0.4582 -0.5419
vn 0.5411 0.2659 -0.7978
vn 0.6561 -0.7116 0.2514
vn 0.6435 -0.7136 0.277
vn 0.6477 0.4083 -0.6433
vn 0.6516 -0.7107 0.2652
vn 0.7506 0.5836 -0.3099
vn 0.7594 0.5932 -0.2672
vn 0.6516 -0.7107 0.2652
vn 0.6477 0.4083 -0.6433
vn 0.7039 0.6956 0.1434
vn 0.6516 -0.7107 0.2652
vn 0.7349 0.6767 -0.0447
vn 0.7506 0.5836 -0.3099
vn 0.6291 -0.719 0.2955
vn 0.6545 -0.7052 0.2727
vn 0.6441 -0.7302 0.2279
vn 0.6619 -0.7033 0.2591
vn 0.7039 0.6956 0.1434
vn 0.6545 -0.7052 0.2727
vn 0.6208 0.7235 0.3021
vn 0.6535 -0.7042 0.2775
vn 0.5606 0.6973 0.4465
vn 0.6535 -0.7042 0.2775
vn 0.6492 -0.7035 0.2891
vn 0.5233 0.683 0.5095
vn 0.5259 0.6856 0.5034
vn 0.5606 0.6973 0.4465
vn 0.3711 -0.0078 -0.9286
vn 0.5411 0.2659 -0.7978
vn 0.6435 -0.7136 0.277
vn 0.6561 -0.7116 0.2514
vn 0.6435 -0.7136 0.277
vn 0.1629 -0.1883 -0.9685
vn 0.2327 -0.1205 -0.9651
vn 0.3711 -0.0078 -0.9286
vn 0.628 -0.7257 0.281
vn 0.5977 -0.6905 0.4074
vn 0.5701 0.6555 0.4953
vn 0.5691 0.6633 0.4859
vn 0.5401 0.6787 0.4976
vn 0.6084 -0.7277 0.3166
vn 0.6082 -0.7279 0.3167
vn 0.5973 -0.731 0.3299
vn 0.5401 0.6787 0.4976
vn 0.5233 0.683 0.5095
vn 0.6273 -0.7238 0.2874
vn 0.6492 -0.7035 0.2891
vn 0.6084 -0.7277 0.3166
vn 0.5401 -0.6966 0.4724
vn 0.5913 0.6561 0.4689
vn 0.6278 0.6199 0.4707
vn 0.5284 -0.7002 0.4801
vn 0.5264 -0.5991 0.6033
vn 0.5616 -0.7092 0.4262
vn 0.5913 0.6561 0.4689
vn 0.5401 -0.6966 0.4724
vn 0.5977 -0.6905 0.4074
vn 0.5691 0.6633 0.4859
vn 0.6525 -0.7137 -0.2549
vn 0.6464 -0.7165 -0.2623
vn 0.325 -0.0371 0.945
vn 0.1692 -0.1876 0.9676
vn 0.6346 -0.715 -0.2933
vn 0.6464 -0.7165 -0.2623
vn 0.6222 -0.7673 -0.155
vn 0.6098 -0.7259 -0.3182
vn 0.631 -0.7195 -0.2902
vn 0.1536 -0.1894 0.9698
vn 0.1562 -0.1968 0.9679
vn 0.1692 -0.1876 0.9676
vn 0.6222 -0.7673 -0.155
vn 0.5532 -0.7557 -0.3504
vn 0.14 -0.1982 0.9701
vn 0.5523 -0.7975 -0.2427
vn 0.1393 -0.2011 0.9696
vn 0.1536 -0.1894 0.9698
vn 0.4771 -0.7878 -0.3895
vn 0.1393 -0.2011 0.9696
vn 0.5523 -0.7975 -0.2427
vn 0.1212 -0.2002 0.9722
vn 0.4867 -0.8393 -0.2423
vn 0.4771 -0.7878 -0.3895
vn 0.4578 -0.8546 -0.2451
vn 0.1152 -0.215 0.9698
vn 0.1286 -0.206 0.9701
vn 0.1212 -0.2002 0.9722
vn 0.1189 -0.2105 0.9703
vn 0.392 -0.8709 -0.2964
vn 0.4048 -0.8806 -0.2462
vn 0.3377 -0.9137 -0.2262
vn 0.0879 -0.2378 0.9673
vn 0.0976 -0.2124 0.9723
vn 0.1121 -0.228 0.9672
vn 0.0976 -0.2124 0.9723
vn 0.1152 -0.215 0.9698
vn 0.4578 -0.8546 -0.2451
vn 0.4048 -0.8806 -0.2462
vn 0.3522 -0.8943 -0.2759
vn 0.3538 -0.8888 -0.2914
vn -0.8739 -0.2019 -0.4421
vn -0.8476 -0.1742 -0.5013
vn -0.844 -0.1723 -0.508
vn 0.3522 -0.8943 -0.2759
vn 0.3529 -0.8961 -0.2693
vn -0.9337 -0.3276 -0.1447
vn -0.9242 -0.2473 -0.291
vn -0.8739 -0.2019 -0.4421
vn -0.932 -0.3615 0.0259
vn 0.3774 -0.883 -0.2791
vn -0.8512 -0.4216 0.3125
vn 0.3496 -0.899 -0.2638
vn 0.3888 -0.8659 -0.3146
vn 0.3529 -0.8961 -0.2693
vn 0.3748 -0.8976 -0.2322
vn 0.3995 -0.9058 -0.1414
vn -0.9337 -0.3276 -0.1447
vn -0.6441 -0.4149 0.6427
vn -0.8512 -0.4216 0.3125
vn -0.8682 -0.4266 0.2534
vn 0.3774 -0.883 -0.2791
vn -0.6796 -0.4292 0.5949
vn -0.6441 -0.4149 0.6427
vn 0.3581 -0.8975 -0.2574
vn 0.3496 -0.899 -0.2638
vn -0.4588 -0.408 0.7893
vn 0.3774 -0.883 -0.2791
vn -0.2988 -0.3558 0.8855
vn 0.3581 -0.8975 -0.2574
vn 0.3658 -0.8944 -0.2574
vn -0.3072 -0.3565 0.8823
vn -0.4588 -0.408 0.7893
vn 0.0074 -0.2673 0.9636
vn 0.0879 -0.2378 0.9673
vn 0.3635 -0.8956 -0.2565
vn -0.0845 -0.3089 0.9473
vn 0.3377 -0.9137 -0.2262
vn -0.0845 -0.3089 0.9473
vn -0.3072 -0.3565 0.8823
vn 0.3658 -0.8944 -0.2574
vn 0.3635 -0.8956 -0.2565
vn 0.364 -0.8362 -0.4103
vn 0.3987 -0.8561 -0.3289
vn 0.3912 -0.8642 -0.3164
vn -0.8448 -0.2268 -0.4846
vn -0.8463 -0.1934 -0.4963
vn -0.8378 -0.2307 -0.4948
vn 0.4011 -0.8601 -0.3153
vn -0.8463 -0.1934 -0.4963
vn 0.3687 -0.8832 -0.2899
vn -0.844 -0.1723 -0.508
vn 0.4011 -0.8601 -0.3153
vn 0.3538 -0.8888 -0.2914
vn -0.8274 -0.3037 -0.4724
vn 0.3254 -0.7283 -0.6031
vn 0.3912 -0.7882 -0.4751
vn -0.8465 -0.252 -0.4689
vn 0.3953 -0.7841 -0.4784
vn -0.8448 -0.2268 -0.4846
vn 0.3961 -0.8129 -0.427
vn -0.8465 -0.252 -0.4689
vn 0.3953 -0.7841 -0.4784
vn 0.364 -0.8362 -0.4103
vn -0.6946 -0.5142 0.5031
vn -0.7104 -0.5451 0.4452
vn -0.2957 0.828 0.4764
vn -0.4343 0.8512 0.2947
vn -0.7057 -0.5421 0.4562
vn -0.4352 0.8156 0.3814
vn -0.4 0.8545 0.3315
vn -0.7057 -0.5421 0.4562
vn -0.4343 0.8512 0.2947
vn -0.4652 0.8531 0.2361
vn -0.5943 0.8042 0.0002
vn -0.579 0.815 0.0242
vn -0.707 -0.5431 0.4529
vn -0.5943 0.8042 0.0002
vn -0.6636 0.6599 -0.3524
vn -0.6592 0.6698 -0.3418
vn -0.7074 -0.5436 0.4518
vn -0.707 -0.5431 0.4529
vn -0.7085 -0.5454 0.4479
vn -0.6592 0.6698 -0.3418
vn -0.6741 0.5446 -0.4989
vn -0.7074 -0.5436 0.4518
vn -0.7085 -0.5454 0.4479
vn -0.6741 0.5446 -0.4989
vn -0.6434 0.375 -0.6674
vn -0.6421 0.427 -0.6367
vn -0.7067 -0.5421 0.4546
vn -0.6421 0.427 -0.6367
vn -0.5589 0.0704 -0.8262
vn -0.5927 0.24 -0.7688
vn -0.705 -0.538 0.4621
vn -0.7067 -0.5421 0.4546
vn -0.4286 -0.1427 -0.8921
vn -0.4595 -0.0534 -0.8865
vn -0.7005 -0.5251 0.4832
vn -0.705 -0.538 0.4621
vn -0.5927 0.24 -0.7688
vn -0.4595 -0.0534 -0.8865
vn -0.7005 -0.5251 0.4832
vn -0.7079 -0.5563 0.4351
vn -0.3269 -0.2533 -0.9105
vn -0.3296 -0.259 -0.9079
vn -0.6483 -0.6197 0.4424
vn -0.2943 -0.2992 -0.9077
vn -0.3295 -0.2956 -0.8967
vn -0.188 -0.3958 -0.8989
vn -0.3007 -0.2874 -0.9094
vn -0.6149 -0.6635 0.4262
vn -0.6243 -0.6178 0.4781
vn -0.2035 -0.3801 -0.9023
vn -0.7079 -0.5563 0.4351
vn -0.6483 -0.6197 0.4424
vn -0.3296 -0.259 -0.9079
vn -0.3007 -0.2874 -0.9094
vn -0.5996 -0.6762 0.428
vn -0.5992 -0.675 0.4304
vn 0.2796 -0.6784 -0.6794
vn 0.5032 -0.7105 -0.4919
vn -0.6121 -0.6146 0.4976
vn -0.6282 -0.6213 0.4683
vn 0.5655 -0.7314 -0.3811
vn 0.4222 -0.7161 -0.5558
vn -0.5992 -0.675 0.4304
vn 0.5032 -0.7105 -0.4919
vn -0.5996 -0.6762 0.428
vn 0.2796 -0.6784 -0.6794
vn -0.6103 -0.6709 0.4211
vn 0.0687 -0.5657 -0.8218
vn 0.0687 -0.5657 -0.8218
vn -0.188 -0.3958 -0.8989
vn -0.6149 -0.6635 0.4262
vn -0.6103 -0.6709 0.4211
vn 0.0695 -0.5664 -0.8212
vn -0.3184 -0.276 -0.9069
vn -0.1431 -0.3723 -0.917
vn -0.3634 -0.8009 0.4758
vn -0.4248 -0.8001 0.4236
vn -0.1473 -0.3247 -0.9343
vn -0.0602 -0.3488 -0.9353
vn -0.1433 -0.9003 0.411
vn -0.0877 -0.3694 -0.9251
vn -0.2208 -0.9298 0.2945
vn -0.0135 -0.3559 -0.9344
vn 0.1123 -0.3763 -0.9197
vn -0.2208 -0.9298 0.2945
vn -0.2506 -0.8462 0.4703
vn -0.0877 -0.3694 -0.9251
vn -0.3043 -0.8633 0.4027
vn -0.0931 -0.3621 -0.9275
vn -0.1241 -0.3522 -0.9276
vn -0.3893 -0.8283 0.4029
vn -0.3634 -0.8009 0.4758
vn -0.1241 -0.3522 -0.9276
vn -0.1473 -0.3247 -0.9343
vn -0.3043 -0.8633 0.4027
vn -0.1525 -0.9082 0.3897
vn 0.8193 -0.294 -0.4922
vn -0.1516 -0.9059 0.3954
vn 0.737 -0.3047 -0.6033
vn 0.687 -0.3359 -0.6444
vn -0.1497 -0.9047 0.3989
vn 0.4607 -0.3867 -0.7989
vn -0.1525 -0.9082 0.3897
vn 0.737 -0.3047 -0.6033
vn -0.1433 -0.9003 0.411
vn 0.1517 -0.3747 -0.9147
vn 0.1123 -0.3763 -0.9197
vn 0.4607 -0.3867 -0.7989
vn -0.1497 -0.9047 0.3989
vn 0.3686 -0.3803 -0.8482
vn -0.2134 -0.853 -0.4763
vn -0.27 -0.8297 -0.4886
vn 0.7506 -0.2369 0.6169
vn 0.7015 -0.2199 0.6778
vn 0.6818 -0.2735 0.6785
vn -0.2413 -0.8584 -0.4527
vn 0.7734 -0.3084 0.5538
vn 0.7606 -0.2523 0.5981
vn -0.2134 -0.853 -0.4763
vn 0.7364 -0.2606 0.6243
vn 0.7506 -0.2369 0.6169
vn -0.1829 -0.8596 -0.4772
vn -0.0843 -0.861 -0.5016
vn 0.8843 -0.2668 0.3831
vn 0.8709 -0.2273 0.4357
vn 0.8842 -0.2658 0.3842
vn -0.0891 -0.8653 -0.4933
vn -0.0082 -0.7917 -0.6109
vn 0.8838 -0.2291 0.408
vn 0.8838 -0.2291 0.408
vn 0.8786 -0.2301 0.4185
vn -0.0927 -0.8669 -0.4898
vn 0.8855 -0.2299 0.4038
vn -0.0891 -0.8653 -0.4933
vn -0.1188 -0.8635 -0.4902
vn -0.1145 -0.8719 -0.4761
vn -0.0927 -0.8669 -0.4898
vn 0.8786 -0.2301 0.4185
vn 0.8505 -0.2921 0.4375
vn 0.8968 -0.2348 0.3751
vn 0.8533 -0.281 0.4393
vn -0.1188 -0.8635 -0.4902
vn 0.8533 -0.281 0.4393
vn 0.809 -0.3068 0.5013
vn 0.8025 -0.3419 0.489
vn -0.1561 -0.8662 -0.4746
vn -0.1564 -0.8624 -0.4815
vn 0.7734 -0.3084 0.5538
vn -0.1829 -0.8596 -0.4772
vn 0.8025 -0.3419 0.489
vn -0.1564 -0.8624 -0.4815
vn 0.2934 -0.2436 -0.9244
vn 0.8963 -0.2184 0.386
vn 0.2949 -0.2365 -0.9258
vn 0.3472 -0.0846 -0.934
vn 0.8843 -0.2668 0.3831
vn 0.8709 -0.2273 0.4357
vn 0.3437 -0.0856 -0.9352
vn 0.8843 -0.2668 0.3831
vn 0.2934 -0.2436 -0.9244
vn 0.8842 -0.2658 0.3842
vn 0.1575 -0.5476 -0.8218
vn 0.8842 -0.2658 0.3842
vn 0.1575 -0.5476 -0.8218
vn 0.2205 -0.47 -0.8547
vn 0.0255 -0.7265 -0.6866
vn -0.0082 -0.7917 -0.6109
vn 0.9097 -0.1462 0.3887
vn 0.3693 -0.0593 -0.9274
vn 0.8963 -0.2184 0.386
vn 0.3472 -0.0846 -0.934
vn 0.9115 0.0087 0.4113
vn 0.3992 -0.012 -0.9168
vn 0.9066 0.0398 0.42
vn 0.3923 0.1301 -0.9106
vn 0.393 0.1779 -0.9022
vn 0.3918 0.0037 -0.9201
vn 0.8997 0.0233 0.4358
vn 0.3918 0.0037 -0.9201
vn 0.3837 -0.0383 -0.9226
vn 0.3735 -0.0287 -0.9272
vn 0.9115 0.0087 0.4113
vn 0.909 -0.0698 0.4108
vn 0.909 -0.0698 0.4108
vn 0.3693 -0.0593 -0.9274
vn 0.8756 -0.0871 0.4751
vn 0.3735 -0.0287 -0.9272
vn 0.9097 -0.1462 0.3887
vn 0.9066 0.0398 0.42
vn 0.9085 0.0523 0.4146
vn 0.393 0.1779 -0.9022
vn 0.3423 0.4204 -0.8403
vn 0.3405 0.4253 -0.8386
vn 0.9084 0.0606 0.4136
vn 0.3055 0.5936 -0.7445
vn 0.3423 0.4204 -0.8403
vn 0.9085 0.0523 0.4146
vn 0.3055 0.5936 -0.7445
vn 0.9034 0.0767 0.4219
vn 0.8984 0.0468 0.4366
vn 0.9084 0.0606 0.4136
vn 0.2106 0.7519 -0.6247
vn 0.1987 0.804 -0.5605
vn 0.0865 0.9424 -0.3231
vn 0.0811 0.9517 -0.2961
vn 0.2106 0.7519 -0.6247
vn 0.8984 0.0468 0.4366
vn 0.8984 0.0468 0.4366
vn 0.8833 0.0279 0.4679
vn 0.9034 0.0767 0.4219
vn -0.0312 0.9949 -0.0961
vn 0.0865 0.9424 -0.3231
vn 0.8968 0.0312 0.4414
vn -0.0903 0.9934 0.0704
vn -0.1837 0.9616 0.2039
vn -0.2295 0.9079 0.3509
vn 0.8973 0.0353 0.44
vn 0.9023 0.0355 0.4296
vn -0.0903 0.9934 0.0704
vn 0.8968 0.0312 0.4414
vn -0.2295 0.9079 0.3509
vn -0.2538 0.8769 0.4082
vn 0.8761 0.0308 0.4811
vn 0.8973 0.0353 0.44
vn 0.8761 0.0308 0.4811
vn -0.1801 0.8809 0.4377
vn 0.8607 -0.026 0.5084
vn 0.8687 -0.0189 0.495
vn -0.1936 0.8938 0.4045
vn -0.2538 0.8769 0.4082
vn -0.1801 0.8809 0.4377
vn -0.1856 0.8897 0.4171
vn 0.8438 -0.0452 0.5347
vn 0.8393 -0.0441 0.5418
vn 0.8272 -0.0073 0.5619
vn 0.8607 -0.026 0.5084
vn 0.7695 -0.0188 0.6384
vn 0.7014 -0.0205 0.7124
vn 0.716 -0.0421 0.6969
vn -0.0662 0.9037 0.4229
vn -0.1541 0.9022 0.4029
vn 0.7573 0.0378 0.652
vn 0.8272 -0.0073 0.5619
vn 0.7573 0.0378 0.652
vn -0.1856 0.8897 0.4171
vn -0.1541 0.9022 0.4029
vn 0.8198 0.2876 0.4952
vn 0.8315 0.2982 0.4687
vn 0.46 -0.7523 -0.4717
vn 0.8675 0.2508 0.4296
vn 0.429 -0.8197 -0.3796
vn 0.4476 -0.7769 -0.4428
vn 0.4252 -0.8241 -0.3742
vn 0.429 -0.8197 -0.3796
vn 0.8315 0.2982 0.4687
vn 0.825 0.2942 0.4825
vn 0.8241 0.2593 0.5036
vn 0.825 0.2942 0.4825
vn 0.8231 0.239 0.5152
vn 0.4252 -0.8241 -0.3742
vn 0.4159 -0.8321 -0.367
vn 0.915 0.3263 0.2371
vn 0.362 -0.855 -0.3714
vn 0.4159 -0.8321 -0.367
vn 0.3617 -0.8558 -0.3698
vn 0.7839 0.218 0.5814
vn 0.7811 0.2007 0.5913
vn 0.8231 0.239 0.5152
vn 0.7811 0.2007 0.5913
vn 0.735 0.178 0.6543
vn 0.3617 -0.8558 -0.3698
vn 0.2881 -0.8841 -0.3678
vn 0.2408 -0.8768 -0.4163
vn 0.7313 0.1618 0.6626
vn 0.7313 0.1618 0.6626
vn 0.6754 0.1323 0.7255
vn 0.6776 0.14 0.722
vn 0.2408 -0.8768 -0.4163
vn 0.2567 -0.8992 -0.3543
vn 0.8097 0.3061 0.5007
vn 0.4432 -0.0076 -0.8964
vn 0.4025 0.1521 -0.9027
vn 0.4317 0.0214 -0.9018
vn 0.3967 0.1358 -0.9078
vn 0.868 0.263 0.4213
vn 0.868 0.263 0.4213
vn 0.4928 -0.299 -0.8172
vn 0.8695 0.2605 0.4197
vn 0.4432 -0.0076 -0.8964
vn 0.4964 -0.5505 -0.6713
vn 0.4928 -0.299 -0.8172
vn 0.4945 -0.2267 -0.8391
vn 0.8695 0.2605 0.4197
vn 0.8695 0.2504 0.4258
vn 0.8695 0.2504 0.4258
vn 0.8675 0.2508 0.4296
vn 0.4964 -0.5505 -0.6713
vn 0.4926 -0.5646 -0.6622
vn 0.46 -0.7523 -0.4717
vn 0.3695 0.1856 -0.9105
vn 0.7978 0.4334 0.4192
vn 0.2439 0.4098 -0.879
vn 0.785 0.4033 0.4703
vn 0.3759 0.1855 -0.9079
vn 0.8072 0.3982 0.4356
vn 0.3522 0.2175 -0.9103
vn 0.8097 0.3061 0.5007
vn 0.3759 0.1855 -0.9079
vn 0.8072 0.3982 0.4356
vn 0.8401 0.3127 0.4432
vn 0.385 0.1594 -0.9091
vn 0.4025 0.1521 -0.9027
vn -0.5845 0.7601 0.2838
vn -0.5796 0.7753 0.2508
vn 0.7963 0.4014 0.4525
vn 0.7945 0.4023 0.4548
vn 0.7957 0.4029 0.4523
vn -0.4797 0.8773 0.0154
vn -0.4695 0.8829 -0.0001
vn -0.599 0.7197 0.3511
vn 0.7945 0.4023 0.4548
vn 0.7698 0.4041 0.4941
vn 0.7984 0.4046 0.4459
vn -0.5845 0.7601 0.2838
vn 0.7963 0.4014 0.4525
vn -0.2806 0.8839 -0.374
vn -0.4695 0.8829 -0.0001
vn -0.4053 0.8983 -0.1695
vn -0.2806 0.8839 -0.374
vn -0.2853 0.8881 -0.3604
vn -0.0956 0.7567 -0.6468
vn 0.7937 0.4028 0.4558
vn 0.7957 0.4029 0.4523
vn 0.7963 0.4014 0.4525
vn -0.1009 0.7643 -0.6369
vn 0.7978 0.4334 0.4192
vn 0.7937 0.4028 0.4558
vn 0.785 0.4033 0.4703
vn -0.0956 0.7567 -0.6468
vn 0.0501 0.6479 -0.7601
vn 0.2439 0.4098 -0.879
vn 0.3125 0.3406 -0.8867
vn 0.1588 0.5142 -0.8429
vn 0.0501 0.6479 -0.7601
vn 0.7978 0.4334 0.4192
vn 0.653 0.2653 0.7094
vn 0.6929 0.3604 0.6245
vn 0.7044 0.31 0.6385
vn -0.5679 0.757 0.3233
vn -0.5193 0.786 0.3354
vn 0.7044 0.31 0.6385
vn 0.7387 0.397 0.5446
vn 0.7488 0.3521 0.5616
vn -0.5737 0.742 0.3468
vn -0.5791 0.7385 0.3454
vn -0.5679 0.757 0.3233
vn -0.5737 0.742 0.3468
vn -0.599 0.7197 0.3511
vn 0.7698 0.4041 0.4941
vn 0.7488 0.3521 0.5616
vn 0.6144 -0.7129 -0.338
vn 0.4663 -0.8809 0.0813
vn 0.7224 0.3392 0.6026
vn 0.6201 0.5378 0.5712
vn 0.6958 0.4514 0.5587
vn 0.6144 -0.7129 -0.338
vn 0.5801 -0.7383 -0.3441
vn 0.6475 0.4086 0.6433
vn 0.7224 0.3392 0.6026
vn 0.6007 0.3712 0.7081
vn 0.6201 0.3285 0.7124
vn 0.5742 0.3338 0.7476
vn 0.6007 0.3712 0.7081
vn 0.5801 -0.7383 -0.3441
vn 0.5654 -0.7462 -0.3515
vn 0.5981 -0.7383 -0.3117
vn 0.468 -0.8798 0.0827
vn 0.4673 -0.8801 0.0838
vn 0.4667 -0.8806 0.0827
vn 0.7652 0.4556 0.4549
vn 0.7493 0.4462 0.4894
vn 0.7583 0.4183 0.5
vn 0.7583 0.4183 0.5
vn 0.6958 0.4514 0.5587
vn 0.4667 -0.8806 0.0827
vn 0.4663 -0.8809 0.0813
vn -0.2826 -0.1569 0.9463
vn 0.8424 0.4789 0.247
vn 0.8011 0.4843 0.3517
vn 0.4773 -0.8752 0.0784
vn 0.4691 -0.8806 0.0673
vn 0.8295 0.4607 0.3156
vn 0.8011 0.4843 0.3517
vn 0.4691 -0.8806 0.0673
vn 0.4708 -0.879 0.0752
vn 0.7882 0.468 0.3995
vn 0.8082 0.4772 0.3451
vn 0.7882 0.468 0.3995
vn 0.4693 -0.8792 0.0819
vn 0.7729 0.4649 0.4318
vn 0.4708 -0.879 0.0752
vn 0.4692 -0.8794 0.0802
vn 0.7733 0.4747 0.4203
vn 0.4692 -0.8794 0.0802
vn 0.7652 0.4556 0.4549
vn 0.7729 0.4649 0.4318
vn 0.468 -0.8798 0.0827
vn -0.2889 -0.1496 0.9456
vn -0.2826 -0.1569 0.9463
vn 0.842 0.436 0.3178
vn -0.2825 -0.1569 0.9464
vn 0.8295 0.4607 0.3156
vn -0.2992 -0.1393 0.944
vn 0.8549 0.4216 0.3024
vn -0.2942 -0.1394 0.9455
vn 0.842 0.436 0.3178
vn 0.8316 0.3873 0.3981
vn -0.2889 -0.1496 0.9456
vn -0.2891 -0.1628 0.9434
vn -0.225 -0.2853 0.9316
vn -0.2992 -0.1393 0.944
vn 0.8316 0.3873 0.3981
vn 0.8858 0.3694 0.281
vn 0.4461 -0.7906 -0.4195
vn 0.4048 -0.8734 -0.2707
vn 0.8799 0.3669 0.3018
vn 0.8826 0.3816 0.2746
vn 0.4404 -0.8006 -0.4063
vn 0.4102 -0.8882 -0.2072
vn 0.8799 0.3669 0.3018
vn 0.8809 0.3695 0.2957
vn 0.3556 -0.9319 0.0711
vn 0.4048 -0.8734 -0.2707
vn 0.8809 0.3695 0.2957
vn 0.3098 -0.936 0.1672
vn 0.214 -0.8919 0.3984
vn 0.3556 -0.9319 0.0711
vn 0.8802 0.3686 0.2992
vn 0.8802 0.3686 0.2992
vn 0.2335 -0.8979 0.3733
vn 0.8819 0.3693 0.2929
vn 0.214 -0.8919 0.3984
vn 0.0264 -0.7359 0.6765
vn 0.8819 0.3693 0.2929
vn 0.0719 -0.7638 0.6414
vn -0.0918 -0.5285 0.844
vn 0.0264 -0.7359 0.6765
vn 0.8876 0.369 0.2759
vn -0.0918 -0.5285 0.844
vn 0.8876 0.369 0.2759
vn -0.1842 -0.4033 0.8963
vn -0.225 -0.2853 0.9316
vn 0.8858 0.3694 0.281
vn 0.8826 0.3816 0.2746
vn 0.4385 -0.7898 -0.4289
vn 0.4463 -0.7802 -0.4383
vn 0.4461 -0.7906 -0.4195
vn 0.8904 0.3973 0.222
vn 0.8658 0.4329 0.2511
vn 0.4583 -0.7667 -0.4496
vn 0.4377 -0.7721 -0.4607
vn 0.8605 0.4884 0.1451
vn 0.8855 0.4344 0.1648
vn 0.4462 -0.7547 -0.4809
vn 0.9012 0.4063 0.1512
vn 0.4542 -0.7468 -0.4859
vn 0.9622 0.2666 -0.0564
vn 0.443 -0.7629 -0.4709
vn 0.8904 0.3973 0.222
vn 0.4377 -0.7721 -0.4607
vn 0.9012 0.4063 0.1512
vn 0.4463 -0.7802 -0.4383
vn 0.8674 0.4936 0.0638
vn 0.9622 0.2666 -0.0564
vn 0.8551 0.5167 0.0428
vn 0.4347 -0.758 -0.4863
vn 0.4321 -0.7532 -0.496
vn 0.4542 -0.7468 -0.4859
vn 0.8455 0.5333 -0.0276
vn 0.4748 -0.8329 0.2843
vn 0.4323 -0.7536 0.4951
vn 0.859 0.5096 -0.0494
vn 0.4816 -0.7997 0.3585
vn 0.8586 0.5104 0.0486
vn 0.4685 -0.831 -0.3001
vn 0.8623 0.5063 0.0102
vn 0.4347 -0.758 -0.4863
vn 0.8551 0.5167 0.0428
vn 0.4404 -0.7675 -0.4657
vn 0.4688 -0.8239 -0.3184
vn 0.8626 0.5059 0.0004
vn 0.4838 -0.8748 0.0253
vn 0.8623 0.5063 0.0102
vn 0.4688 -0.8239 -0.3184
vn 0.4926 -0.8681 -0.0607
vn 0.8455 0.5333 -0.0276
vn 0.8599 0.5081 -0.0486
vn 0.4816 -0.7997 0.3585
vn 0.4838 -0.8748 0.0253
vn 0.8626 0.5059 0.0004
vn 0.4388 -0.7463 0.5005
vn 0.859 0.5096 -0.0494
vn 0.8645 0.4965 -0.0785
vn 0.4339 -0.7568 0.4888
vn 0.4323 -0.7536 0.4951
vn 0.4339 -0.7568 0.4888
vn 0.8645 0.4965 -0.0785
vn 0.8652 0.4924 -0.0946
vn 0.888 0.4525 -0.0814
vn 0.4426 -0.7558 0.4827
vn 0.4356 -0.7549 0.4903
vn 0.4447 -0.7717 0.4547
vn 0.9564 0.2453 -0.1586
vn 0.4494 -0.7767 0.4413
vn 0.4547 -0.7569 0.4695
vn 0.4424 -0.7659 0.4666
vn 0.8806 0.4506 -0.1468
vn 0.4625 -0.7765 0.4278
vn 0.8637 0.4762 -0.1653
vn 0.881 0.4325 -0.1916
vn 0.4426 -0.7558 0.4827
vn 0.4424 -0.7659 0.4666
vn 0.888 0.4525 -0.0814
vn 0.8637 0.4762 -0.1653
vn 0.4416 -0.7913 0.4228
vn 0.4333 -0.8503 0.2986
vn 0.4424 -0.7861 0.4317
vn 0.4625 -0.7765 0.4278
vn 0.9564 0.2453 -0.1586
vn 0.884 0.3923 -0.2542
vn 0.8799 0.3667 -0.3022
vn -0.2331 -0.2709 -0.9339
vn -0.2501 -0.246 -0.9364
vn -0.2941 -0.137 -0.9459
vn 0.8825 0.3622 -0.2999
vn 0.8832 0.3708 -0.2873
vn -0.2972 -0.1407 -0.9444
vn 0.8321 0.3875 -0.3968
vn 0.8825 0.3622 -0.2999
vn -0.2331 -0.2709 -0.9339
vn -0.075 -0.5642 -0.8222
vn 0.8826 0.3594 -0.303
vn 0.8826 0.3594 -0.303
vn -0.075 -0.5642 -0.8222
vn -0.107 -0.4603 -0.8813
vn 0.0633 -0.7842 -0.6172
vn 0.8809 0.3696 -0.2956
vn 0.0633 -0.7842 -0.6172
vn 0.0446 -0.7186 -0.694
vn 0.2282 -0.9122 -0.3405
vn 0.8832 0.3708 -0.2873
vn 0.8859 0.355 -0.2985
vn 0.8825 0.3622 -0.2999
vn 0.8826 0.3594 -0.303
vn 0.8859 0.355 -0.2985
vn 0.3741 -0.9274 -0.0042
vn 0.2273 -0.9104 -0.3456
vn 0.2282 -0.9122 -0.3405
vn 0.4333 -0.8503 0.2986
vn 0.8859 0.355 -0.2985
vn 0.8799 0.3667 -0.3022
vn 0.8809 0.3696 -0.2956
vn 0.3741 -0.9274 -0.0042
vn 0.3867 -0.9122 0.1356
vn 0.8248 0.4545 -0.3364
vn -0.2819 -0.1554 -0.9468
vn 0.8552 0.4218 -0.3013
vn 0.8321 0.3875 -0.3968
vn -0.2941 -0.137 -0.9459
vn -0.2834 -0.1575 -0.946
vn -0.2819 -0.1554 -0.9468
vn 0.4797 -0.8744 -0.0727
vn 0.8042 0.4844 -0.3444
vn 0.8426 0.479 -0.2461
vn 0.8248 0.4545 -0.3364
vn 0.8056 0.4765 -0.352
vn 0.4671 -0.8804 -0.0823
vn 0.4669 -0.8805 -0.0825
vn 0.7642 0.455 -0.4571
vn 0.7521 0.4478 -0.4835
vn 0.7725 0.465 -0.4326
vn 0.7642 0.455 -0.4571
vn 0.4672 -0.8804 -0.0819
vn 0.4669 -0.8805 -0.0825
vn 0.47 -0.8791 -0.0789
vn 0.4708 -0.879 -0.0752
vn 0.471 -0.8788 -0.0762
vn 0.4797 -0.8744 -0.0727
vn 0.8056 0.4765 -0.352
vn 0.7881 0.4684 -0.3995
vn 0.7725 0.465 -0.4326
vn 0.7881 0.4684 -0.3995
vn 0.7729 0.4752 -0.4206
vn 0.47 -0.8791 -0.0789
vn 0.4708 -0.879 -0.0752
vn 0.4672 -0.8803 -0.0827
vn 0.4662 -0.8808 -0.0826
vn 0.6188 -0.7084 0.3396
vn 0.7346 0.3985 -0.5491
vn 0.6978 0.3999 -0.5943
vn 0.6268 0.5299 -0.5712
vn 0.6189 -0.7062 0.3439
vn 0.4671 -0.8804 -0.0823
vn 0.4662 -0.8808 -0.0826
vn 0.7423 0.4526 -0.4942
vn 0.7521 0.4478 -0.4835
vn 0.7346 0.3985 -0.5491
vn 0.8266 0.296 -0.4786
vn 0.4152 0.1718 0.8934
vn 0.396 0.1497 0.906
vn 0.8631 0.2683 -0.4279
vn 0.4034 0.1375 0.9047
vn 0.4502 -0.0056 0.8929
vn 0.8387 0.317 -0.4429
vn 0.4371 0.0277 0.899
vn 0.8062 0.4005 -0.4354
vn 0.8387 0.317 -0.4429
vn 0.3824 0.1887 0.9045
vn 0.396 0.1497 0.906
vn 0.8011 0.3952 -0.4495
vn 0.7931 0.4227 -0.4386
vn 0.7949 0.4326 -0.4254
vn 0.8011 0.3952 -0.4495
vn 0.2343 0.4217 0.8759
vn 0.3824 0.1887 0.9045
vn 0.3765 0.1888 0.907
vn 0.8706 0.2467 -0.4256
vn 0.8697 0.2468 -0.4275
vn 0.4489 -0.7508 0.4846
vn 0.5126 -0.5318 0.6741
vn 0.8706 0.2467 -0.4256
vn 0.8322 0.2988 -0.4672
vn 0.8188 0.2867 -0.4974
vn 0.4489 -0.7508 0.4846
vn 0.4281 -0.8205 0.3788
vn 0.4672 -0.7193 0.5142
vn 0.5126 -0.5318 0.6741
vn 0.4964 -0.2914 0.8177
vn 0.8693 0.2588 -0.4212
vn 0.8697 0.2468 -0.4275
vn 0.4502 -0.0056 0.8929
vn 0.4999 -0.3033 0.8113
vn 0.4964 -0.2914 0.8177
vn 0.8631 0.2683 -0.4279
vn 0.8693 0.2588 -0.4212
vn 0.882 -0.262 -0.3918
vn 0.293 -0.2714 0.9168
vn 0.884 -0.2656 -0.3848
vn 0.8642 -0.2106 -0.4571
vn 0.3364 -0.1323 0.9324
vn 0.3469 -0.0976 0.9328
vn 0.364 -0.0887 0.9272
vn 0.3758 -0.0604 0.9247
vn 0.364 -0.0887 0.9272
vn 0.3647 -0.0733 0.9282
vn 0.9101 -0.1462 -0.3877
vn 0.8939 -0.2306 -0.3845
vn 0.8642 -0.2106 -0.4571
vn 0.8618 -0.0662 -0.5029
vn 0.3923 -0.0301 0.9194
vn 0.3789 -0.0382 0.9247
vn 0.9101 -0.1462 -0.3877
vn 0.3758 -0.0604 0.9247
vn 0.3923 -0.0301 0.9194
vn 0.9079 -0.0903 -0.4093
vn 0.3967 -0.0068 0.9179
vn 0.4034 0.0039 0.915
vn 0.8618 -0.0662 -0.5029
vn 0.8923 0.0085 -0.4513
vn 0.9118 0.0207 -0.4101
vn 0.9128 0.0577 -0.4044
vn 0.8923 0.0085 -0.4513
vn 0.4027 0.0254 0.915
vn 0.4034 0.0039 0.915
vn -0.032 -0.7907 0.6113
vn 0.8939 -0.2306 -0.3845
vn 0.02 -0.7568 0.6534
vn 0.8642 -0.2106 -0.4571
vn 0.9161 -0.2332 -0.326
vn -0.0844 -0.8678 0.4897
vn 0.8834 -0.2568 -0.392
vn 0.884 -0.2656 -0.3848
vn 0.882 -0.262 -0.3918
vn -0.032 -0.7907 0.6113
vn 0.884 -0.2656 -0.3848
vn 0.1545 -0.5769 0.8021
vn 0.1805 -0.5122 0.8397
vn 0.882 -0.262 -0.3918
vn 0.2758 -0.302 0.9125
vn 0.1545 -0.5769 0.8021
vn 0.293 -0.2714 0.9168
vn 0.855 -0.2073 0.4754
vn -0.0564 -0.8314 -0.5528
vn 0.8656 -0.1522 0.4771
vn -0.1022 -0.7951 -0.5978
vn -0.0842 -0.7764 -0.6246
vn 0.843 -0.078 0.5322
vn -0.11 -0.7789 -0.6174
vn 0.8753 -0.1367 0.4639
vn 0.843 -0.078 0.5322
vn -0.0479 -0.7328 -0.6788
vn -0.1059 -0.7275 -0.6779
vn -0.11 -0.7789 -0.6174
vn 0.8196 -0.2993 0.4885
vn 0.8066 -0.3047 0.5065
vn 0.7157 -0.341 0.6096
vn -0.1516 -0.9066 -0.3938
vn -0.1518 -0.9073 -0.3922
vn 0.8195 -0.2994 0.4886
vn -0.1489 -0.9017 -0.406
vn 0.8196 -0.2993 0.4885
vn -0.1517 -0.9057 -0.3959
vn -0.1516 -0.9066 -0.3938
vn -0.1142 -0.8911 -0.4392
vn -0.1489 -0.9017 -0.406
vn 0.8195 -0.2994 0.4886
vn -0.1495 -0.9052 -0.3979
vn 0.8361 -0.2785 0.4726
vn 0.8304 -0.2706 0.4871
vn -0.104 -0.8932 -0.4376
vn -0.0728 -0.8626 -0.5006
vn 0.8304 -0.2706 0.4871
vn 0.8491 -0.2382 0.4714
vn 0.8457 -0.2383 0.4775
vn -0.1142 -0.8911 -0.4392
vn -0.0394 -0.8715 -0.4888
vn 0.8457 -0.2383 0.4775
vn 0.855 -0.2073 0.4754
vn -0.0564 -0.8314 -0.5528
vn -0.0394 -0.8715 -0.4888
vn -0.1445 -0.9012 -0.4085
vn -0.0894 -0.3763 0.9222
vn -0.0603 -0.3546 0.9331
vn -0.2209 -0.93 -0.2937
vn 0.1885 -0.383 0.9043
vn 0.0954 -0.3529 0.9308
vn 0.4273 -0.3901 0.8156
vn -0.1445 -0.9012 -0.4085
vn 0.0954 -0.3529 0.9308
vn -0.1493 -0.9044 -0.3997
vn 0.7157 -0.341 0.6096
vn 0.5071 -0.3736 0.7767
vn 0.4273 -0.3901 0.8156
vn -0.1493 -0.9044 -0.3997
vn 0.696 -0.342 0.6313
vn -0.1518 -0.9073 -0.3922
vn -0.0894 -0.3763 0.9222
vn -0.1263 -0.3583 0.925
vn -0.0953 -0.3682 0.9249
vn -0.3044 -0.8637 -0.4017
vn -0.3783 -0.8338 -0.4021
vn -0.1672 -0.3686 0.9144
vn -0.1331 -0.3502 0.9272
vn -0.1263 -0.3583 0.925
vn -0.3821 -0.8031 -0.4572
vn -0.366 -0.8029 -0.4705
vn -0.1672 -0.3686 0.9144
vn -0.3783 -0.8338 -0.4021
vn -0.168 -0.3682 0.9144
vn -0.168 -0.3682 0.9144
vn -0.341 -0.2784 0.8979
vn -0.4306 -0.8005 -0.4169
vn -0.366 -0.8029 -0.4705
vn -0.2639 -0.3151 0.9116
vn -0.5338 -0.1294 0.8357
vn -0.341 -0.2784 0.8979
vn -0.4306 -0.8005 -0.4169
vn -0.4305 -0.8005 -0.4169
vn -0.4449 -0.7936 -0.4149
vn -0.6609 -0.0308 0.7498
vn -0.5358 -0.1272 0.8347
vn -0.5338 -0.1294 0.8357
vn -0.4305 -0.8005 -0.4169
vn -0.8109 0.1644 0.5617
vn -0.7723 0.1332 0.6211
vn -0.6609 -0.0308 0.7498
vn -0.418 -0.7929 -0.4434
vn -0.4582 -0.7816 -0.4233
vn -0.4449 -0.7936 -0.4149
vn -0.418 -0.7929 -0.4434
vn -0.8934 0.3388 0.2949
vn -0.8866 0.3282 0.326
vn -0.7723 0.1332 0.6211
vn -0.4373 -0.7833 -0.4419
vn -0.8541 0.5157 -0.0672
vn -0.4172 -0.8446 -0.3355
vn -0.882 0.4609 0.0987
vn -0.8866 0.3282 0.326
vn -0.4582 -0.7816 -0.4233
vn -0.3768 -0.7846 -0.4924
vn -0.418 -0.7929 -0.4434
vn -0.716 0.6103 -0.3389
vn -0.7767 0.5934 -0.2111
vn -0.8541 0.5157 -0.0672
vn -0.4373 -0.7833 -0.4419
vn -0.437 -0.7827 -0.4432
vn -0.674 0.6205 -0.4008
vn -0.4184 -0.7659 -0.4882
vn -0.716 0.6103 -0.3389
vn -0.437 -0.7827 -0.4432
vn -0.7152 0.5747 -0.3978
vn -0.674 0.6205 -0.4008
vn -0.3657 -0.7948 -0.4843
vn -0.7051 0.5748 -0.4153
vn -0.3457 -0.7866 -0.5116
vn -0.4184 -0.7659 -0.4882
vn -0.285 -0.6417 -0.7121
vn -0.7462 0.5325 -0.3995
vn -0.3637 -0.664 -0.6533
vn -0.7852 0.4548 -0.4202
vn -0.3159 -0.7016 -0.6387
vn -0.2721 -0.6635 -0.6969
vn -0.3637 -0.664 -0.6533
vn -0.3506 -0.7459 -0.5663
vn -0.7462 0.5325 -0.3995
vn -0.7397 0.539 -0.4029
vn -0.7158 0.5697 -0.4037
vn -0.3201 -0.7753 -0.5445
vn -0.3506 -0.7459 -0.5663
vn -0.7051 0.5748 -0.4153
vn -0.7158 0.5697 -0.4037
vn -0.322 -0.7819 -0.5338
vn -0.3457 -0.7866 -0.5116
vn -0.629 -0.6216 -0.4668
vn -0.5986 -0.6734 -0.4339
vn 0.5628 -0.7354 0.3773
vn 0.511 -0.7347 0.4461
vn 0.4759 -0.7351 0.4828
vn -0.6109 -0.6141 -0.4997
vn -0.629 -0.6216 -0.4668
vn -0.622 -0.6169 -0.4822
vn 0.5656 -0.7346 0.3748
vn 0.5628 -0.7354 0.3773
vn -0.622 -0.6169 -0.4822
vn 0.5656 -0.7346 0.3748
vn -0.6902 -0.6846 -0.2346
vn -0.5899 -0.631 -0.5039
vn -0.5711 -0.6387 -0.5157
vn 0.5895 -0.7235 0.3593
vn 0.5908 -0.7117 0.38
vn 0.6163 -0.6974 0.3658
vn -0.5711 -0.6387 -0.5157
vn -0.5362 -0.6127 -0.5806
vn -0.5175 -0.6181 -0.5917
vn 0.5908 -0.7117 0.38
vn 0.6213 -0.6984 0.3552
vn -0.5175 -0.6181 -0.5917
vn 0.6163 -0.6974 0.3658
vn -0.4617 -0.5895 -0.6628
vn 0.6678 -0.6401 0.3798
vn 0.6652 -0.6522 0.3635
vn -0.4773 -0.5861 -0.6547
vn -0.4617 -0.5895 -0.6628
vn -0.4195 -0.5502 -0.7221
vn 0.6678 -0.6401 0.3798
vn -0.4104 -0.5516 -0.7261
vn 0.6992 -0.619 0.3577
vn -0.1718 -0.3892 0.905
vn 0.0485 -0.5741 0.8174
vn -0.6165 -0.6613 -0.4274
vn -0.6088 -0.6739 -0.4186
vn -0.1718 -0.3892 0.905
vn -0.1064 -0.4669 0.8779
vn -0.3169 -0.3029 0.8988
vn -0.2993 -0.3047 0.9042
vn -0.6165 -0.6613 -0.4274
vn -0.6283 -0.6005 -0.4945
vn 0.2781 -0.6741 0.6843
vn 0.0485 -0.5741 0.8174
vn -0.6003 -0.6783 -0.4237
vn -0.6088 -0.6739 -0.4186
vn 0.4759 -0.7351 0.4828
vn 0.2829 -0.675 0.6814
vn 0.2781 -0.6741 0.6843
vn -0.6003 -0.6783 -0.4237
vn -0.5986 -0.6734 -0.4339
vn -0.3329 -0.2578 0.9071
vn -0.4839 -0.0435 0.8741
vn -0.3356 -0.2638 0.9043
vn -0.7079 -0.5563 -0.4351
vn -0.7062 -0.5482 -0.4481
vn -0.7318 -0.5302 -0.4282
vn -0.3548 -0.2276 0.9068
vn -0.3158 -0.2834 0.9055
vn -0.3169 -0.3029 0.8988
vn -0.6283 -0.6005 -0.4945
vn -0.3356 -0.2638 0.9043
vn -0.7079 -0.5563 -0.4351
vn -0.6454 -0.6225 -0.4427
vn -0.6976 -0.5197 -0.4933
vn -0.7105 -0.5454 -0.4446
vn -0.7073 -0.5433 -0.4522
vn -0.4295 0.8558 -0.2884
vn -0.3886 0.8522 -0.3504
vn -0.6989 -0.5369 -0.4726
vn -0.7073 -0.5433 -0.4522
vn -0.4295 0.8558 -0.2884
vn -0.7359 -0.511 -0.4441
vn -0.5953 0.8035 -0.0008
vn -0.4953 0.8564 -0.1461
vn -0.7061 -0.5443 -0.4529
vn -0.6845 0.6274 0.3712
vn -0.6819 0.6349 0.3631
vn -0.6403 0.748 0.1748
vn -0.5953 0.8035 -0.0008
vn -0.7061 -0.5443 -0.4529
vn -0.6398 0.3357 0.6914
vn -0.6794 0.5399 0.4969
vn -0.6845 0.6274 0.3712
vn -0.7061 -0.5443 -0.4529
vn -0.7338 -0.5277 -0.4279
vn -0.7359 -0.511 -0.4441
vn -0.7338 -0.5277 -0.4279
vn -0.7318 -0.5302 -0.4282
vn -0.4839 -0.0435 0.8741
vn -0.6398 0.3357 0.6914
vn -0.6641 0.3707 0.6492
vn -0.4963 -0.0046 0.8681
vn -0.4352 0.8402 -0.3236
vn -0.5848 -0.5004 -0.6384
vn -0.6245 -0.4688 -0.6247
vn -0.4853 0.8067 -0.3371
vn -0.5219 -0.4737 -0.7094
vn -0.4192 0.8392 -0.3464
vn -0.4129 0.843 -0.3447
vn -0.4352 0.8402 -0.3236
vn -0.6774 -0.4944 -0.5446
vn -0.5848 -0.5004 -0.6384
vn -0.6416 -0.5226 -0.5615
vn -0.6416 -0.5226 -0.5615
vn -0.4192 0.8392 -0.3464
vn -0.6976 -0.5197 -0.4933
vn -0.3886 0.8522 -0.3504
vn -0.7068 -0.4336 -0.5589
vn -0.6171 -0.5087 -0.6004
vn 0.3731 -0.8641 0.3379
vn -0.7612 -0.3052 -0.5723
vn 0.5922 -0.8016 -0.0826
vn -0.5951 -0.3805 -0.7078
vn -0.6493 -0.4058 -0.6432
vn 0.3731 -0.8641 0.3379
vn 0.4134 -0.8428 0.3445
vn -0.6171 -0.5087 -0.6004
vn -0.5644 -0.4176 -0.7121
vn 0.4544 -0.8117 0.367
vn -0.5951 -0.3805 -0.7078
vn -0.5489 -0.3735 -0.7478
vn 0.4134 -0.8428 0.3445
vn -0.7031 -0.5057 -0.5
vn 0.5919 -0.8017 -0.0831
vn 0.5921 -0.8016 -0.0828
vn -0.7394 -0.4917 -0.4599
vn 0.5918 -0.8018 -0.083
vn -0.7266 -0.4832 -0.4884
vn 0.5921 -0.8016 -0.0828
vn -0.7068 -0.4336 -0.5589
vn 0.5922 -0.8016 -0.0826
vn -0.7031 -0.5057 -0.5
vn 0.5824 -0.809 -0.0794
vn -0.7962 -0.5521 -0.2474
vn -0.7742 -0.5483 -0.3163
vn -0.7833 -0.5127 -0.3515
vn 0.5916 -0.8035 -0.0671
vn 0.2628 0.1862 -0.9467
vn 0.5916 -0.8035 -0.0671
vn -0.7799 -0.5223 -0.3448
vn -0.7631 -0.5084 -0.3991
vn -0.7833 -0.5127 -0.3515
vn 0.5895 -0.8043 -0.0753
vn -0.7626 -0.4913 -0.4207
vn -0.7535 -0.4952 -0.4324
vn 0.5904 -0.8032 -0.079
vn 0.5902 -0.8032 -0.0809
vn -0.7631 -0.5084 -0.3991
vn 0.5895 -0.8043 -0.0753
vn -0.7394 -0.4917 -0.4599
vn -0.7535 -0.4952 -0.4324
vn 0.5918 -0.8018 -0.083
vn 0.5904 -0.8032 -0.079
vn -0.7742 -0.5483 -0.3163
vn -0.7597 -0.5671 -0.3181
vn 0.2595 0.1937 -0.9461
vn 0.2628 0.1862 -0.9467
vn 0.254 0.2092 -0.9443
vn 0.2517 0.2041 -0.9461
vn 0.2595 0.1937 -0.9461
vn 0.3228 0.125 -0.9382
vn -0.7085 -0.5834 -0.397
vn -0.7159 -0.6413 -0.2759
vn 0.254 0.2092 -0.9443
vn 0.2749 0.1857 -0.9434
vn -0.6979 -0.6511 -0.2985
vn 0.6199 -0.7327 0.2807
vn 0.6989 -0.7126 -0.0608
vn -0.7253 -0.6313 -0.2746
vn 0.5311 -0.7358 0.4201
vn -0.7118 -0.6349 -0.3003
vn 0.5227 -0.7365 0.4294
vn -0.6979 -0.6511 -0.2985
vn 0.6359 -0.747 0.1941
vn 0.6199 -0.7327 0.2807
vn 0.7465 -0.5638 -0.3534
vn -0.7118 -0.6349 -0.3003
vn -0.713 -0.6352 -0.297
vn -0.6979 -0.6511 -0.2985
vn 0.6989 -0.7126 -0.0608
vn -0.7072 -0.641 -0.2981
vn -0.713 -0.6352 -0.297
vn 0.7222 -0.6408 -0.2605
vn 0.6674 -0.3805 -0.6402
vn 0.7465 -0.5638 -0.3534
vn -0.7153 -0.637 -0.2872
vn 0.6664 -0.3737 -0.6452
vn 0.6674 -0.3805 -0.6402
vn -0.7072 -0.641 -0.2981
vn 0.509 -0.1306 -0.8508
vn 0.509 -0.1306 -0.8508
vn -0.7072 -0.641 -0.2981
vn -0.7153 -0.637 -0.2872
vn 0.4911 -0.0902 -0.8664
vn 0.3449 0.1031 -0.933
vn 0.3228 0.125 -0.9382
vn -0.7159 -0.6413 -0.2759
vn 0.523 -0.7357 0.4305
vn -0.7253 -0.6313 -0.2746
vn 0.5227 -0.7365 0.4294
vn -0.744 -0.6297 -0.2236
vn -0.764 -0.5942 -0.2513
vn 0.5089 -0.7391 0.4413
vn 0.4787 -0.7307 0.4868
vn 0.4866 -0.7279 0.4831
vn 0.493 -0.7433 0.4521
vn 0.496 -0.7285 0.4724
vn 0.5053 -0.7288 0.462
vn 0.5089 -0.7391 0.4413
vn -0.7586 -0.6334 -0.1529
vn 0.5053 -0.7288 0.462
vn -0.744 -0.6297 -0.2236
vn 0.4928 -0.7107 0.5021
vn -0.8203 -0.5684 -0.0636
vn 0.4787 -0.7307 0.4868
vn -0.6569 -0.7518 0.0568
vn -0.831 -0.5541 -0.0493
vn 0.4945 -0.7129 0.4972
vn -0.8455 -0.5332 0.0292
vn -0.8322 -0.5524 0.048
vn 0.495 -0.7128 -0.4968
vn 0.5144 -0.7767 -0.3634
vn 0.5485 -0.7853 -0.2871
vn -0.8455 -0.5332 0.0292
vn -0.8299 -0.5557 0.0491
vn 0.5144 -0.7767 -0.3634
vn -0.8291 -0.5592 -0.0014
vn 0.5823 -0.8126 -0.0253
vn -0.8292 -0.5588 -0.0091
vn 0.5823 -0.8126 -0.0253
vn 0.5452 -0.776 0.3172
vn 0.546 -0.7806 0.3043
vn -0.8291 -0.5592 -0.0014
vn 0.5728 -0.8176 0.0577
vn -0.8314 -0.5535 -0.0488
vn 0.4928 -0.7107 0.5021
vn -0.8292 -0.5588 -0.0091
vn 0.505 -0.7294 0.4615
vn -0.831 -0.5541 -0.0493
vn 0.5452 -0.776 0.3172
vn -0.822 -0.5642 0.077
vn 0.495 -0.7128 -0.4968
vn 0.487 -0.7149 -0.5018
vn 0.4969 -0.7159 -0.4905
vn -0.8322 -0.5524 0.048
vn 0.4969 -0.7159 -0.4905
vn 0.4932 -0.717 -0.4926
vn 0.4906 -0.7257 -0.4823
vn -0.822 -0.5642 0.077
vn -0.8184 -0.5668 0.0948
vn -0.7966 -0.5987 0.0842
vn 0.5049 -0.7411 -0.4427
vn -0.7875 -0.5986 0.1467
vn -0.7705 -0.6079 0.1919
vn -0.7953 -0.5859 0.1558
vn 0.5023 -0.7346 -0.456
vn 0.5009 -0.749 -0.4338
vn 0.4855 -0.7368 -0.4706
vn 0.4978 -0.7302 -0.468
vn -0.6297 -0.7616 0.1531
vn -0.7966 -0.5987 0.0842
vn 0.4978 -0.7302 -0.468
vn 0.4906 -0.7257 -0.4823
vn -0.7953 -0.5859 0.1558
vn -0.7354 -0.6281 0.2542
vn -0.6297 -0.7616 0.1531
vn -0.7106 -0.6352 0.3026
vn 0.5512 -0.7412 -0.3831
vn 0.5262 -0.7348 -0.4281
vn 0.5009 -0.749 -0.4338
vn 0.5854 -0.7504 -0.307
vn 0.3657 0.1121 0.9239
vn 0.5346 -0.1814 0.8254
vn -0.7088 -0.6401 0.2964
vn -0.7064 -0.6414 0.2995
vn -0.7088 -0.6401 0.2964
vn 0.3657 0.1121 0.9239
vn 0.2512 0.2068 0.9456
vn 0.2566 0.2082 0.9438
vn 0.3975 0.0382 0.9168
vn -0.7081 -0.5831 0.3983
vn -0.7156 -0.6375 0.2855
vn -0.7064 -0.6414 0.2995
vn 0.5346 -0.1814 0.8254
vn 0.685 -0.3877 0.6168
vn 0.7319 -0.5898 0.3413
vn -0.7124 -0.635 0.2988
vn -0.7088 -0.6401 0.2964
vn -0.7083 -0.639 0.2999
vn -0.7156 -0.6375 0.2855
vn -0.7064 -0.6414 0.2995
vn 0.685 -0.3877 0.6168
vn 0.6363 -0.3455 0.6897
vn -0.7083 -0.639 0.2999
vn 0.7319 -0.5898 0.3413
vn 0.7319 -0.5899 0.341
vn 0.6855 -0.728 0.0065
vn 0.6016 -0.7493 -0.2768
vn 0.6777 -0.7327 -0.0615
vn 0.6855 -0.728 0.0065
vn -0.7106 -0.6352 0.3026
vn -0.7124 -0.635 0.2988
vn -0.7083 -0.639 0.2999
vn 0.5854 -0.7504 -0.307
vn 0.2512 0.2068 0.9456
vn 0.2654 0.188 0.9456
vn 0.2634 0.1877 0.9462
vn 0.2634 0.1877 0.9462
vn -0.7843 -0.5158 0.3445
vn 0.5805 -0.811 0.0722
vn -0.7778 -0.5205 0.3522
vn -0.7669 -0.5465 0.3364
vn -0.7961 -0.5519 0.2484
vn 0.5914 -0.802 0.0838
vn -0.7403 -0.4923 0.4578
vn -0.7293 -0.4849 0.4827
vn 0.591 -0.8024 0.0831
vn 0.5895 -0.8038 0.0796
vn 0.5899 -0.8035 0.0801
vn -0.7403 -0.4923 0.4578
vn -0.7533 -0.4956 0.4324
vn 0.591 -0.8024 0.0831
vn -0.7778 -0.5205 0.3522
vn 0.5805 -0.811 0.0722
vn 0.5889 -0.8046 0.076
vn 0.589 -0.8046 0.0755
vn -0.7631 -0.5083 0.3992
vn -0.7533 -0.4956 0.4324
vn -0.7631 -0.5083 0.3992
vn -0.7626 -0.4915 0.4205
vn 0.589 -0.8046 0.0755
vn 0.5895 -0.8038 0.0796
vn 0.374 -0.8623 -0.3414
vn 0.5924 -0.8013 0.0832
vn -0.6776 -0.4897 0.5487
vn 0.3712 -0.8608 -0.3481
vn -0.762 -0.3037 0.572
vn 0.5907 -0.8026 0.0835
vn -0.6608 -0.4556 0.5964
vn 0.5907 -0.8026 0.0835
vn -0.7293 -0.4849 0.4827
vn -0.7292 -0.4725 0.4949
vn 0.5914 -0.802 0.0838
vn -0.6776 -0.4897 0.5487
vn 0.9384 -0.2122 0.2726
vn 0.9369 -0.2126 0.2776
vn 0.9463 -0.1909 0.2609
vn 0.935 -0.2043 0.2899
vn 0.9524 -0.1469 0.2673
vn 0.9409 -0.1813 0.2862
vn 0.9658 0.2299 -0.1202
vn 0.8128 0.5165 -0.2696
vn 0.944 0.3079 -0.1185
vn 0.9655 0.2324 -0.1172
vn 0.9615 0.2315 -0.1483
vn 0.9265 0.3741 -0.0397
vn 0.944 0.3079 -0.1185
vn 0.9356 0.353 -0.01
vn 0.9321 0.3516 -0.0867
vn 0.9658 0.2299 -0.1202
vn 0.972 0.2314 -0.0396
vn 0.9722 0.2304 -0.0409
vn 0.9494 0.134 -0.284
vn 0.9483 0.2051 -0.2421
vn 0.9459 0.092 -0.3111
vn 0.9464 0.1573 -0.2822
vn 0.9571 0.0642 -0.2827
vn 0.9483 0.1498 -0.2797
vn 0.9479 0.1474 -0.2825
vn 0.9754 0.0948 -0.1991
vn 0.9607 0.1965 -0.1963
vn 0.9754 0.0948 -0.1991
vn 0.9768 0.0882 -0.1953
vn 0.9888 0.0893 -0.1198
vn 0.9655 0.2324 -0.1172
vn 0.9607 0.1965 -0.1963
vn 0.9615 0.2315 -0.1483
vn 0.9602 0.2134 -0.1803
vn 0.9729 -0.106 -0.2055
vn 0.9535 -0.1038 -0.2829
vn 0.9429 -0.1105 -0.3143
vn 0.9537 -0.1032 -0.2824
vn 0.9485 -0.1837 -0.2582
vn 0.9485 -0.1826 -0.2587
vn 0.9485 -0.1838 -0.2581
vn 0.9487 -0.1583 -0.2735
vn 0.9459 -0.2873 -0.1504
vn 0.9488 -0.1647 -0.2695
vn 0.9535 -0.1038 -0.2829
vn 0.963 -0.0059 -0.2694
vn 0.9783 -0.077 -0.1922
vn 0.9813 -0.0148 -0.1917
vn 0.9729 -0.106 -0.2055
vn 0.9804 -0.006 -0.1968
vn 0.9783 -0.077 -0.1922
vn 0.991 -0.015 -0.1331
vn 0.986 -0.1316 -0.1024
vn 0.9813 -0.0148 -0.1917
vn 0.9949 0.0854 -0.0542
vn 0.9929 0.0142 -0.1179
vn 0.9875 0.1417 -0.0689
vn 0.9988 0.0016 -0.0491
vn 0.9895 0.0849 -0.1172
vn 0.9929 0.0142 -0.1179
vn 0.993 0.019 -0.1163
vn 0.9804 -0.006 -0.1968
vn 0.9768 0.0882 -0.1953
vn 0.991 -0.015 -0.1331
vn 0.9888 0.0893 -0.1198
vn 0.9813 -0.0148 -0.1917
vn 0.9895 0.0849 -0.1172
vn 0.9658 0.2299 -0.1202
vn 0.9895 0.0849 -0.1172
vn 0.9949 0.0854 -0.0542
vn 0.972 0.2314 -0.0396
vn 0.9931 0.1101 -0.0404
vn 0.9655 0.2324 -0.1172
vn 0.9888 0.0893 -0.1198
vn 0.9888 0.1469 -0.0273
vn 0.9944 0.1059 0.0051
vn 0.9888 0.1469 -0.0273
vn 0.9931 0.1101 -0.0404
vn 0.9937 0.1099 0.0201
vn 0.9955 0.0854 0.0405
vn 0.9723 0.2304 0.0397
vn 0.9722 0.2304 -0.0409
vn 0.972 0.2314 -0.0396
vn 0.9899 0.1258 0.0648
vn 0.9931 0.1101 -0.0404
vn 0.9944 0.1059 0.0051
vn 0.9944 0.1059 0.0051
vn 0.9937 0.1099 0.0201
vn 0.9955 0.0854 0.0405
vn 0.9888 0.0893 0.1197
vn 0.9895 0.0849 0.1171
vn 0.9661 0.23 0.1172
vn 0.972 0.2314 0.0409
vn 0.9723 0.2304 0.0397
vn 0.9899 0.1258 0.0648
vn 0.9975 -0.0698 0.0133
vn 0.993 0.0115 0.1178
vn 0.9895 0.0849 0.1171
vn 0.9955 0.0854 0.0405
vn 0.9804 -0.006 0.1967
vn 0.9768 0.0882 0.1953
vn 0.9813 -0.0148 0.1917
vn 0.993 0.0115 0.1178
vn 0.9895 0.0849 0.1171
vn 0.9888 0.0893 0.1197
vn 0.9904 -0.015 0.1376
vn 0.9902 -0.016 0.1391
vn 0.9867 -0.0863 0.1378
vn 0.9904 -0.015 0.1376
vn 0.9796 -0.0856 0.1817
vn 0.9783 -0.0777 0.1922
vn 0.9813 -0.0148 0.1917
vn 0.9783 -0.0777 0.1922
vn 0.9584 -0.1045 0.2658
vn 0.9813 -0.0148 0.1917
vn 0.9725 -0.1048 0.208
vn 0.9804 -0.006 0.1967
vn 0.963 -0.0059 0.2696
vn 0.9567 -0.08 0.28
vn 0.972 -0.1059 0.2099
vn 0.9581 -0.1908 0.2137
vn 0.972 -0.1059 0.2099
vn 0.9584 -0.1045 0.2658
vn 0.9514 -0.1564 0.2654
vn 0.969 -0.1303 0.2099
vn 0.9482 0.1492 0.2805
vn 0.9459 0.092 0.3113
vn 0.957 0.0642 0.2828
vn 0.9494 0.1317 0.285
vn 0.9445 0.1883 0.2694
vn 0.9754 0.0948 0.1991
vn 0.9597 0.2015 0.1961
vn 0.9657 0.1925 0.1743
vn 0.9482 0.1452 0.2825
vn 0.9754 0.0948 0.1991
vn 0.9768 0.0882 0.1953
vn 0.963 -0.0059 0.2696
vn 0.9804 -0.006 0.1967
vn 0.9459 0.092 0.3113
vn 0.8632 0.4478 0.2332
vn 0.9472 0.2979 0.1187
vn 0.9619 0.2316 0.1457
vn 0.9652 0.2324 0.1201
vn 0.9888 0.0893 0.1197
vn 0.9608 0.2227 0.1651
vn 0.9661 0.23 0.1172
vn 0.9597 0.2015 0.1961
vn 0.9754 0.0948 0.1991
vn 0.9768 0.0882 0.1953
vn 0.9652 0.2324 0.1201
vn 0.9619 0.2316 0.1457
vn 0.9265 0.3741 -0.0397
vn 0.9249 0.38 0.0109
vn 0.9252 0.3796 -0.0016
vn 0.925 0.3799 -0.0103
vn 0.931 0.3628 0.0398
vn 0.9722 0.2304 -0.0409
vn 0.9723 0.2304 0.0397
vn 0.972 0.2314 0.0409
vn 0.9251 0.3797 -0.0085
vn 0.931 0.3628 0.0398
vn 0.9324 0.3597 0.0345
vn 0.9652 0.2324 0.1201
vn 0.9661 0.23 0.1172
vn 0.972 0.2314 0.0409
vn 0.9472 0.2979 0.1187
vn 0.9336 0.345 0.0969
vn 0.963 -0.0059 -0.2694
vn 0.9459 0.092 -0.3111
vn 0.9768 0.0882 -0.1953
vn 0.9804 -0.006 -0.1968
vn 0.9754 0.0948 -0.1991
vn 0.9445 0.1883 0.2694
vn 0.9657 0.1925 0.1743
vn 0.8139 0.4483 0.3695
vn -0.7586 -0.6334 -0.1529
vn -0.6569 -0.7518 0.0568
vn -0.8125 -0.5647 -0.145
vn -0.7744 -0.6109 -0.1646
vn -0.7744 -0.6109 -0.1646
vn -0.7586 -0.6334 -0.1529
vn -0.744 -0.6297 -0.2236
vn -0.764 -0.5942 -0.2513
vn -0.7596 -0.5993 -0.2528
vn -0.7611 -0.5979 -0.2516
vn -0.796 -0.5518 0.2488
vn -0.7959 -0.5518 0.249
vn -0.7843 -0.5158 0.3445
vn -0.7912 -0.5058 0.3438
vn -0.8182 -0.5192 0.2469
vn -0.7961 -0.5519 0.2484
vn -0.7959 -0.5518 0.249
vn -0.7961 -0.5519 0.2484
vn -0.7608 -0.5977 0.2527
vn -0.7669 -0.5465 0.3364
vn -0.7502 -0.5894 0.2996
vn -0.7533 -0.4956 0.4324
vn -0.7778 -0.499 0.382
vn -0.7736 -0.4755 0.419
vn -0.7626 -0.4915 0.4205
vn -0.7303 -0.4685 0.4972
vn -0.7292 -0.4725 0.4949
vn -0.7403 -0.4923 0.4578
vn -0.7293 -0.4849 0.4827
vn -0.7502 -0.5894 0.2996
vn -0.7669 -0.5465 0.3364
vn -0.7081 -0.5831 0.3983
vn -0.7124 -0.635 0.2988
vn -0.7106 -0.6352 0.3026
vn -0.7598 -0.5994 0.2518
vn -0.7081 -0.5831 0.3983
vn -0.7608 -0.5977 0.2527
vn -0.7354 -0.6281 0.2542
vn -0.7156 -0.6375 0.2855
vn -0.7502 -0.5894 0.2996
vn -0.8291 -0.5592 -0.0014
vn -0.8292 -0.5588 -0.0091
vn -0.8299 -0.5557 0.0491
vn -0.8403 -0.54 -0.0486
vn -0.8314 -0.5535 -0.0488
vn -0.8434 -0.5357 0.0402
vn -0.8414 -0.5382 0.0489
vn -0.8439 -0.536 -0.0218
vn -0.8135 -0.5634 0.1444
vn -0.8375 -0.5281 0.1403
vn -0.8184 -0.5668 0.0948
vn -0.8364 -0.5291 0.1432
vn -0.822 -0.5642 0.077
vn -0.8299 -0.5557 0.0491
vn -0.8455 -0.5332 0.0292
vn -0.8414 -0.5382 0.0489
vn -0.8322 -0.5524 0.048
vn -0.7966 -0.5987 0.0842
vn -0.7875 -0.5986 0.1467
vn -0.8132 -0.5637 0.1449
vn -0.8135 -0.5634 0.1444
vn -0.7953 -0.5859 0.1558
vn -0.8184 -0.5668 0.0948
vn -0.713 -0.6352 -0.297
vn -0.7505 -0.5896 -0.2985
vn -0.7159 -0.6413 -0.2759
vn -0.7118 -0.6349 -0.3003
vn -0.7085 -0.5834 -0.397
vn -0.764 -0.5942 -0.2513
vn -0.7153 -0.637 -0.2872
vn -0.7253 -0.6313 -0.2746
vn -0.7611 -0.5979 -0.2516
vn -0.7596 -0.5993 -0.2528
vn -0.7611 -0.5979 -0.2516
vn -0.7597 -0.5671 -0.3181
vn -0.7505 -0.5896 -0.2985
vn -0.7962 -0.5521 -0.2474
vn -0.7959 -0.5518 -0.249
vn -0.7959 -0.5519 -0.249
vn -0.7742 -0.5483 -0.3163
vn -0.7085 -0.5834 -0.397
vn -0.7597 -0.5671 -0.3181
vn -0.7505 -0.5896 -0.2985
vn -0.7636 -0.4899 -0.4206
vn -0.7626 -0.4913 -0.4207
vn -0.7478 -0.4849 -0.4535
vn -0.7799 -0.5223 -0.3448
vn -0.7631 -0.5084 -0.3991
vn -0.7926 -0.5039 -0.3434
vn -0.7886 -0.4936 -0.3668
vn -0.772 -0.4868 -0.4088
vn -0.7833 -0.5127 -0.3515
vn -0.8195 -0.5171 -0.247
vn -0.7962 -0.5521 -0.2474
vn -0.8185 -0.5248 -0.2336
vn -0.7926 -0.5039 -0.3434
vn -0.7799 -0.5223 -0.3448
vn -0.7959 -0.5518 -0.249
vn -0.7626 -0.4913 -0.4207
vn -0.7266 -0.4832 -0.4884
vn -0.7636 -0.4899 -0.4206
vn -0.7265 -0.4661 -0.5049
vn -0.7535 -0.4952 -0.4324
vn -0.7394 -0.4917 -0.4599
vn -0.7313 -0.4655 -0.4985
vn -0.7598 -0.5994 0.2518
vn -0.7705 -0.6079 0.1919
vn -0.7959 -0.5518 0.249
vn -0.7875 -0.5986 0.1467
vn -0.8132 -0.5637 0.1449
vn -0.796 -0.5518 0.2488
vn -0.7608 -0.5977 0.2527
vn -0.7598 -0.5994 0.2518
vn -0.7705 -0.6079 0.1919
vn -0.7354 -0.6281 0.2542
vn -0.6297 -0.7616 0.1531
vn -0.796 -0.5518 0.2488
vn -0.8182 -0.5192 0.2469
vn -0.8135 -0.5634 0.1444
vn -0.8132 -0.522 0.2572
vn -0.8132 -0.5637 0.1449
vn -0.8364 -0.5291 0.1432
vn -0.8195 -0.5171 -0.247
vn -0.8353 -0.5308 -0.1433
vn -0.7959 -0.5519 -0.249
vn -0.8343 -0.5345 -0.1352
vn -0.8131 -0.5638 -0.1445
vn -0.7959 -0.5518 -0.249
vn -0.8131 -0.5638 -0.1445
vn -0.7959 -0.5519 -0.249
vn -0.8125 -0.5647 -0.145
vn -0.8133 -0.5635 -0.1449
vn -0.7596 -0.5993 -0.2528
vn -0.7744 -0.6109 -0.1646
vn -0.8133 -0.5635 -0.1449
vn -0.8353 -0.5308 -0.1433
vn -0.8203 -0.5684 -0.0636
vn -0.8131 -0.5638 -0.1445
vn -0.8403 -0.5398 -0.0497
vn -0.8417 -0.5349 -0.0742
vn -0.831 -0.5541 -0.0493
vn -0.8314 -0.5535 -0.0488
vn -0.8403 -0.54 -0.0486
vn -0.8133 -0.5635 -0.1449
vn -0.6569 -0.7518 0.0568
vn -0.8125 -0.5647 -0.145
vn -0.8203 -0.5684 -0.0636
vn -0.5327 0.8463 0
vn -0.5326 0.8463 0
vn -0.8439 -0.536 -0.0218
vn -0.8434 -0.5357 0.0402
vn -0.5325 0.8464 -0.0001
vn -0.5325 0.8464 -0.0002
vn -0.5329 0.8462 0.0002
vn -0.5325 0.8464 -0.0003
vn -0.5328 0.8463 0.0002
vn -0.5325 0.8465 -0.0007
vn -0.8403 -0.54 -0.0486
vn -0.8439 -0.536 -0.0218
vn -0.5326 0.8463 -0.0001
vn -0.5329 0.8462 0.0003
vn -0.5325 0.8464 -0.0002
vn -0.5326 0.8463 0
vn -0.5329 0.8462 0.0005
vn -0.5324 0.8465 -0.0004
vn -0.8403 -0.5398 -0.0497
vn -0.5327 0.8463 0.0004
vn -0.5327 0.8463 0.0002
vn -0.5326 0.8464 -0.0003
vn -0.5328 0.8462 0.0003
vn -0.5331 0.846 0.0018
vn -0.5327 0.8463 0.0001
vn -0.5327 0.8463 0.0003
vn -0.5322 0.8466 -0.0017
vn -0.5327 0.8463 0
vn -0.5323 0.8466 -0.0005
vn -0.7843 -0.5158 0.3445
vn -0.7736 -0.4755 0.419
vn -0.7626 -0.4915 0.4205
vn -0.7631 -0.5083 0.3992
vn -0.7912 -0.5058 0.3438
vn -0.7778 -0.5205 0.3522
vn -0.8182 -0.5192 0.2469
vn -0.7785 -0.4909 0.3912
vn -0.7912 -0.5058 0.3438
vn -0.8132 -0.522 0.2572
vn -0.7778 -0.499 0.382
vn -0.7736 -0.4755 0.419
vn -0.5302 0.8478 -0.0009
vn -0.7249 -0.4568 0.5156
vn -0.7778 -0.499 0.382
vn -0.7245 -0.4568 0.5162
vn -0.7303 -0.4685 0.4972
vn -0.7785 -0.4909 0.3912
vn -0.5302 0.8478 -0.0009
vn -0.7785 -0.4909 0.3912
vn -0.5336 0.8457 0.0005
vn -0.7245 -0.4568 0.5162
vn -0.5327 0.8463 0.0004
vn -0.8417 -0.5349 -0.0742
vn -0.8403 -0.5398 -0.0497
vn -0.5327 0.8463 0.0003
vn -0.8353 -0.5308 -0.1433
vn -0.5327 0.8463 0.0004
vn -0.5326 0.8463 -0.0003
vn -0.8417 -0.5349 -0.0742
vn -0.8343 -0.5345 -0.1352
vn -0.8195 -0.5171 -0.247
vn -0.5326 0.8463 -0.0003
vn -0.5327 0.8463 0.0001
vn -0.8343 -0.5345 -0.1352
vn -0.8185 -0.5248 -0.2336
vn -0.7886 -0.4936 -0.3668
vn -0.7926 -0.5039 -0.3434
vn -0.5327 0.8463 0.0001
vn -0.8185 -0.5248 -0.2336
vn -0.7886 -0.4936 -0.3668
vn -0.7478 -0.4849 -0.4535
vn -0.5327 0.8463 0.0001
vn -0.5324 0.8465 -0.0011
vn -0.7401 -0.4667 -0.4842
vn -0.5331 0.846 0.0018
vn -0.7478 -0.4849 -0.4535
vn -0.772 -0.4868 -0.4088
vn -0.5324 0.8465 -0.0011
vn -0.772 -0.4868 -0.4088
vn -0.7293 -0.4632 -0.5035
vn -0.7265 -0.4661 -0.5049
vn -0.7636 -0.4899 -0.4206
vn -0.7401 -0.4667 -0.4842
vn -0.5325 0.8464 -0.0001
vn -0.5329 0.8462 0.0001
vn -0.8375 -0.5281 0.1403
vn -0.8414 -0.5382 0.0489
vn -0.5321 0.8467 -0.0004
vn -0.5331 0.8461 0.0002
vn -0.5324 0.8465 -0.0001
vn -0.8434 -0.5357 0.0402
vn -0.5326 0.8463 0
vn -0.8364 -0.5291 0.1432
vn -0.8375 -0.5281 0.1403
vn -0.8132 -0.522 0.2572
vn -0.5325 0.8464 -0.0001
vn -0.5336 0.8457 0.0005
vn -0.5302 0.8478 -0.0009
vn 0.8111 -0.5123 -0.2822
vn 0.79 -0.4745 -0.3882
vn 0.7763 -0.4904 -0.3961
vn 0.8213 -0.4933 -0.2865
vn 0.8213 -0.4933 -0.2865
vn 0.79 -0.4745 -0.3882
vn 0.8398 -0.4598 -0.2886
vn 0.8105 -0.4437 -0.3823
vn 0.8398 -0.4598 -0.2886
vn 0.7956 -0.5433 -0.2682
vn 0.8213 -0.4933 -0.2865
vn 0.8019 -0.5289 -0.2779
vn 0.8111 -0.5123 -0.2822
vn 0.8104 -0.5534 -0.1923
vn 0.8389 -0.4664 -0.2806
vn 0.8247 -0.4806 -0.2982
vn 0.8571 -0.4765 -0.1956
vn 0.7657 -0.6172 -0.181
vn 0.8134 -0.5706 -0.1131
vn 0.7672 -0.6325 -0.1064
vn 0.7599 -0.6265 -0.1734
vn 0.8097 -0.5769 -0.1079
vn 0.8048 -0.5645 -0.1834
vn 0.7599 -0.6265 -0.1734
vn 0.7207 -0.6717 -0.1714
vn 0.7672 -0.6325 -0.1064
vn 0.7408 -0.6652 -0.0933
vn 0.7203 -0.6834 -0.1192
vn 0.7155 -0.6788 -0.1652
vn 0.7042 -0.7029 -0.1003
vn 0.7637 -0.6374 -0.1021
vn 0.7599 -0.6265 -0.1734
vn 0.6912 -0.6442 -0.3276
vn 0.7689 -0.6198 -0.1571
vn 0.7657 -0.6172 -0.181
vn 0.7207 -0.6717 -0.1714
vn 0.7672 -0.6325 -0.1064
vn 0.8097 -0.5769 -0.1079
vn 0.8126 -0.5817 -0.0362
vn 0.7774 -0.6279 -0.0358
vn 0.767 -0.6401 -0.0442
vn 0.7637 -0.6374 -0.1021
vn 0.8138 -0.5799 -0.0378
vn 0.7042 -0.7029 -0.1003
vn 0.767 -0.6401 -0.0442
vn 0.7538 -0.6559 -0.0391
vn 0.7637 -0.6374 -0.1021
vn 0.7637 -0.6374 0.1021
vn 0.767 -0.6401 0.0442
vn 0.6963 -0.7175 0.018
vn 0.7354 -0.67 0.1013
vn 0.8681 -0.4645 0.1751
vn 0.9059 -0.4051 0.1233
vn 0.8945 -0.4 0.2
vn 0.9311 -0.3378 0.1379
vn 0.9014 -0.4131 0.1294
vn 0.9239 -0.3247 0.2026
vn 0.93 -0.3434 0.1309
vn 0.8044 -0.5305 0.2675
vn 0.7429 -0.5901 0.3161
vn 0.7603 -0.5908 0.27
vn 0.7722 -0.6134 -0.1657
vn 0.7696 -0.5076 0.3875
vn 0.745 -0.5757 0.3371
vn 0.7637 -0.582 0.2794
vn 0.7942 -0.5423 0.2743
vn 0.7688 -0.6197 0.1577
vn 0.8044 -0.5305 0.2675
vn 0.8048 -0.5645 0.1834
vn 0.8104 -0.5534 0.1923
vn 0.7603 -0.5908 0.27
vn 0.7657 -0.6172 0.181
vn 0.7758 -0.49 0.3975
vn 0.7942 -0.5423 0.2743
vn 0.7696 -0.5076 0.3875
vn 0.8111 -0.5123 0.2822
vn 0.7703 -0.4969 0.3997
vn 0.8044 -0.5305 0.2675
vn 0.9319 -0.3569 -0.0647
vn 0.9477 -0.3051 0.0942
vn 0.9751 -0.2167 0.0464
vn 0.951 -0.3061 0.044
vn 0.95 -0.3088 0.0459
vn 0.978 -0.1603 0.1335
vn 0.978 -0.1603 0.1335
vn 0.943 -0.314 0.1105
vn 0.9477 -0.3051 0.0942
vn 0.943 -0.314 0.1105
vn 0.9014 -0.4131 0.1294
vn 0.93 -0.3434 0.1309
vn 0.951 -0.3061 0.044
vn 0.9068 -0.4193 0.0432
vn 0.9083 -0.4163 0.0409
vn 0.9477 -0.3051 0.0942
vn 0.9833 -0.1819 -0.007
vn 0.95 -0.3088 -0.0459
vn 0.989 -0.1401 -0.0464
vn 0.9835 -0.1802 -0.0166
vn 0.9804 -0.1909 -0.049
vn 0.9834 -0.1813 0.0106
vn 0.95 -0.3088 0.0459
vn 0.9751 -0.2167 0.0464
vn 0.9903 -0.1393 0.0018
vn 0.9835 -0.1802 -0.0166
vn 0.9834 -0.1813 0.0106
vn 0.9903 -0.1393 0.0018
vn 0.9084 -0.4161 -0.0409
vn 0.9503 -0.2823 -0.1315
vn 0.9068 -0.4193 -0.0434
vn 0.9509 -0.3063 -0.0441
vn 0.9015 -0.4129 -0.1292
vn 0.9167 -0.3738 -0.1413
vn 0.9456 -0.3046 -0.1147
vn 0.9456 -0.3046 -0.1147
vn 0.9657 -0.239 -0.1017
vn 0.9369 -0.3348 -0.1004
vn 0.989 -0.1401 -0.0464
vn 0.95 -0.3088 -0.0459
vn 0.9509 -0.3063 -0.0441
vn 0.8842 -0.4184 -0.2078
vn 0.8875 -0.3574 -0.291
vn 0.8483 -0.4883 -0.2048
vn 0.8389 -0.4664 -0.2806
vn 0.8571 -0.4765 -0.1956
vn 0.7277 -0.6327 -0.2647
vn 0.7284 -0.6333 -0.2615
vn 0.7616 -0.5862 -0.2762
vn 0.7269 -0.5595 -0.3982
vn 0.7778 -0.572 -0.2603
vn 0.7269 -0.5595 -0.3982
vn 0.745 -0.5757 -0.3368
vn 0.7696 -0.5076 -0.3873
vn 0.8019 -0.5289 -0.2779
vn 0.7956 -0.5433 -0.2682
vn 0.7616 -0.5862 -0.2762
vn 0.7647 -0.5852 -0.2698
vn 0.684 -0.7109 -0.1639
vn 0.6784 -0.7159 -0.1652
vn 0.6732 -0.7142 -0.1915
vn 0.6791 -0.6888 -0.2539
vn 0.7465 -0.6601 -0.0837
vn 0.6768 -0.7145 -0.1774
vn 0.6749 -0.7141 -0.1858
vn 0.7207 -0.6717 -0.1714
vn 0.7155 -0.6788 -0.1652
vn 0.6912 -0.6442 -0.3276
vn 0.7753 -0.6313 0.0179
vn 0.7774 -0.6279 -0.0358
vn 0.7741 -0.633 -0.0088
vn 0.7774 -0.6279 0.0358
vn 0.7738 -0.6334 0.0016
vn 0.8126 -0.5817 0.0362
vn 0.8126 -0.5817 -0.0362
vn 0.7738 -0.6334 0.0016
vn 0.7741 -0.633 -0.0088
vn 0.7231 -0.674 0.1512
vn 0.6765 -0.7143 0.1794
vn 0.6789 -0.6886 0.2548
vn 0.7214 -0.6724 0.1656
vn 0.6839 -0.7109 0.1641
vn 0.6745 -0.7139 0.1882
vn 0.6786 -0.7143 0.1713
vn 0.6794 -0.7168 0.1571
vn 0.6786 -0.7143 0.1713
vn 0.6578 -0.7274 0.1953
vn 0.6794 -0.7168 0.1571
vn 0.6738 -0.7167 0.18
vn 0.6574 -0.7248 0.2063
vn 0.7231 -0.674 0.1512
vn 0.7599 -0.6265 0.1734
vn 0.7215 -0.638 0.2691
vn 0.7657 -0.6172 0.181
vn 0.715 -0.6779 0.171
vn 0.7214 -0.6724 0.1656
vn 0.7688 -0.6197 0.1577
vn 0.7942 -0.5423 0.2743
vn 0.8362 -0.4649 0.291
vn 0.8398 -0.4598 0.2886
vn 0.8111 -0.5123 0.2822
vn 0.8213 -0.4933 0.2865
vn 0.8571 -0.4765 0.1956
vn 0.8104 -0.5534 0.1923
vn 0.8483 -0.4883 0.2048
vn 0.8134 -0.5706 0.1131
vn 0.8048 -0.5645 0.1834
vn 0.8609 -0.4955 0.115
vn 0.8571 -0.4765 0.1956
vn 0.8104 -0.5534 0.1923
vn 0.8571 -0.4765 0.1956
vn 0.8847 -0.4173 0.2079
vn 0.8483 -0.4883 0.2048
vn 0.8764 -0.3937 0.2773
vn 0.825 -0.4889 0.2834
vn 0.8362 -0.4649 0.291
vn 0.8609 -0.4955 0.115
vn 0.8483 -0.4883 0.2048
vn 0.9059 -0.4051 0.1233
vn 0.8847 -0.4173 0.2079
vn 0.8945 -0.4 0.2
vn 0.8558 -0.5029 0.121
vn 0.9014 -0.4131 0.1294
vn 0.8558 -0.5029 0.121
vn 0.8603 -0.5083 0.0401
vn 0.9059 -0.4051 0.1233
vn 0.9083 -0.4163 0.0409
vn 0.8615 -0.5062 0.0385
vn 0.8097 -0.5769 0.1079
vn 0.8615 -0.5062 0.0385
vn 0.8609 -0.4955 0.115
vn 0.8558 -0.5029 0.121
vn 0.8134 -0.5706 0.1131
vn 0.8138 -0.5799 0.0378
vn 0.9509 -0.3063 -0.0441
vn 0.95 -0.3088 0.0459
vn 0.951 -0.3061 0.044
vn 0.9068 -0.4193 0.0432
vn 0.9068 -0.4193 -0.0434
vn 0.95 -0.3088 -0.0459
vn 0.8603 -0.5083 -0.0401
vn 0.9084 -0.4161 -0.0409
vn 0.9083 -0.4163 0.0409
vn 0.9068 -0.4193 -0.0434
vn 0.8603 -0.5083 0.0401
vn 0.9068 -0.4193 0.0432
vn 0.8603 -0.5083 0.0401
vn 0.8615 -0.5062 0.0385
vn 0.8138 -0.5799 0.0378
vn 0.8126 -0.5817 0.0362
vn 0.8138 -0.5799 -0.0378
vn 0.8603 -0.5083 -0.0401
vn 0.8126 -0.5817 -0.0362
vn 0.8615 -0.5062 -0.0385
vn 0.8104 -0.5534 -0.1923
vn 0.7956 -0.5433 -0.2682
vn 0.7657 -0.6172 -0.181
vn 0.8048 -0.5645 -0.1834
vn 0.7689 -0.6198 -0.1571
vn 0.7647 -0.5852 -0.2698
vn 0.8483 -0.4883 -0.2048
vn 0.8048 -0.5645 -0.1834
vn 0.8571 -0.4765 -0.1956
vn 0.8134 -0.5706 -0.1131
vn 0.8609 -0.4955 -0.115
vn 0.8104 -0.5534 -0.1923
vn 0.8483 -0.4883 -0.2048
vn 0.8842 -0.4184 -0.2078
vn 0.8962 -0.4007 -0.1902
vn 0.8609 -0.4955 -0.115
vn 0.8558 -0.5029 -0.121
vn 0.9059 -0.4051 -0.1233
vn 0.9015 -0.4129 -0.1292
vn 0.9059 -0.4051 -0.1233
vn 0.8962 -0.4007 -0.1902
vn 0.9114 -0.3594 -0.2006
vn 0.9503 -0.2823 -0.1315
vn 0.7317 -0.6703 -0.1238
vn 0.684 -0.7109 -0.1639
vn 0.635 -0.7656 -0.1032
vn 0.7203 -0.6834 -0.1192
vn 0.7155 -0.6788 -0.1652
vn 0.8134 -0.5706 -0.1131
vn 0.8609 -0.4955 -0.115
vn 0.8615 -0.5062 -0.0385
vn 0.8558 -0.5029 -0.121
vn 0.8138 -0.5799 -0.0378
vn 0.8097 -0.5769 -0.1079
vn 0.9015 -0.4129 -0.1292
vn 0.8603 -0.5083 -0.0401
vn 0.8558 -0.5029 -0.121
vn 0.9059 -0.4051 -0.1233
vn 0.9084 -0.4161 -0.0409
vn 0.8615 -0.5062 -0.0385
vn 0.7599 -0.6265 0.1734
vn 0.7672 -0.6325 0.1064
vn 0.7637 -0.6374 0.1021
vn 0.7354 -0.67 0.1013
vn 0.715 -0.6779 0.171
vn 0.7207 -0.6832 0.1178
vn 0.715 -0.6779 0.171
vn 0.7214 -0.6724 0.1656
vn 0.6839 -0.7109 0.1641
vn 0.6697 -0.7364 0.0963
vn 0.7102 -0.6751 0.1997
vn 0.7207 -0.6832 0.1178
vn 0.7715 -0.4634 0.4359
vn 0.8227 -0.4504 0.3469
vn 0.8398 -0.4598 0.2886
vn 0.8213 -0.4933 0.2865
vn 0.7715 -0.4634 0.4359
vn 0.7967 -0.4619 0.3897
vn 0.7758 -0.49 0.3975
vn 0.8111 -0.5123 0.2822
vn 0.8213 -0.4933 0.2865
vn 0.8097 -0.5769 0.1079
vn 0.8134 -0.5706 0.1131
vn 0.7657 -0.6172 0.181
vn 0.8048 -0.5645 0.1834
vn 0.7599 -0.6265 0.1734
vn 0.7672 -0.6325 0.1064
vn 0.8097 -0.5769 0.1079
vn 0.767 -0.6401 0.0442
vn 0.7672 -0.6325 0.1064
vn 0.7774 -0.6279 0.0358
vn 0.7637 -0.6374 0.1021
vn 0.8126 -0.5817 0.0362
vn 0.8138 -0.5799 0.0378
vn 0.7753 -0.6313 0.0179
vn 0.7738 -0.6334 0.0016
vn 0.8019 -0.5289 -0.2779
vn 0.7704 -0.4968 -0.3997
vn 0.7696 -0.5076 -0.3873
vn 0.8111 -0.5123 -0.2822
vn 0.7763 -0.4904 -0.3961
vn -0.6241 -0.7681 -0.1432
vn -0.626 -0.7705 -0.1204
vn -0.6774 -0.726 -0.119
vn -0.7611 -0.6109 -0.2181
vn -0.7142 -0.6929 -0.0997
vn -0.6774 -0.726 -0.119
vn -0.726 -0.6868 -0.0349
vn -0.626 -0.7705 -0.1204
vn -0.6238 -0.7728 -0.1168
vn -0.7276 -0.6849 -0.0392
vn -0.6276 -0.7775 -0.0402
vn -0.2729 -0.924 -0.2678
vn -0.2316 -0.9288 -0.2892
vn -0.2175 -0.9315 -0.2914
vn -0.2712 -0.9248 -0.2668
vn -0.2118 -0.9361 -0.2808
vn -0.2141 -0.9387 -0.2701
vn -0.232 -0.9371 -0.2607
vn -0.3177 -0.9052 -0.2822
vn -0.3237 -0.9224 -0.2105
vn -0.3511 -0.9165 -0.192
vn -0.4105 -0.8915 -0.1915
vn -0.3185 -0.9047 -0.283
vn -0.4179 -0.887 -0.1964
vn -0.3266 -0.9223 -0.2065
vn -0.4104 -0.8711 -0.2697
vn -0.5947 -0.7796 -0.1965
vn -0.5065 -0.8389 -0.1994
vn -0.53 -0.799 -0.2841
vn -0.4912 -0.8135 -0.3113
vn -0.5764 -0.7716 -0.269
vn -0.4708 -0.8357 -0.2828
vn -0.5375 -0.7945 -0.2826
vn -0.5184 -0.8054 -0.2874
vn -0.5893 -0.7888 -0.1747
vn -0.4104 -0.8711 -0.2697
vn -0.5002 -0.8436 -0.1951
vn -0.4179 -0.887 -0.1964
vn -0.4912 -0.8135 -0.3113
vn -0.5065 -0.8389 -0.1994
vn -0.5947 -0.7796 -0.1965
vn -0.626 -0.7705 -0.1204
vn -0.5002 -0.8436 -0.1951
vn -0.5064 -0.854 -0.1194
vn -0.6241 -0.7681 -0.1432
vn -0.6163 -0.7703 -0.1634
vn -0.6238 -0.7728 -0.1168
vn -0.5065 -0.8389 -0.1994
vn -0.7417 -0.6707 0.0109
vn -0.7579 -0.6524 -0.0018
vn -0.7414 -0.6711 -0.0069
vn -0.6276 -0.7775 -0.0402
vn -0.7414 -0.671 0.0071
vn -0.7276 -0.6849 -0.0392
vn -0.7219 -0.6908 0.0393
vn -0.7417 -0.6707 0.0109
vn -0.7387 -0.6736 0.0237
vn -0.6273 -0.7778 0.0403
vn -0.6273 -0.7778 -0.0397
vn -0.7414 -0.6711 -0.0069
vn -0.7579 -0.6524 -0.0018
vn -0.6276 -0.7775 0.0397
vn -0.7219 -0.6908 0.0393
vn -0.6273 -0.7778 0.0403
vn -0.6236 -0.7724 0.1204
vn -0.6862 -0.7177 0.1187
vn -0.7197 -0.6887 0.0872
vn -0.8179 -0.5068 0.2724
vn -0.6236 -0.7676 0.1482
vn -0.6862 -0.7177 0.1187
vn -0.6236 -0.7724 0.1204
vn -0.6263 -0.7708 0.1167
vn -0.5407 -0.793 0.2808
vn -0.5935 -0.7677 0.2418
vn -0.4911 -0.8135 0.3115
vn -0.5908 -0.7825 0.1967
vn -0.5065 -0.8389 0.1994
vn -0.5323 -0.7979 0.2828
vn -0.5405 -0.7925 0.2825
vn -0.5314 -0.7982 0.2836
vn -0.4708 -0.8357 0.2829
vn -0.5935 -0.7677 0.2418
vn -0.5908 -0.7825 0.1967
vn -0.6068 -0.7743 0.1798
vn -0.6068 -0.7743 0.1798
vn -0.5002 -0.8436 0.1951
vn -0.5908 -0.7825 0.1967
vn -0.6263 -0.7708 0.1167
vn -0.5064 -0.854 0.1193
vn -0.5065 -0.8389 0.1994
vn -0.6236 -0.7676 0.1482
vn -0.3241 -0.9235 0.2053
vn -0.3074 -0.946 0.1027
vn -0.1472 -0.9777 0.1497
vn -0.3528 -0.9158 0.192
vn -0.3176 -0.9049 0.2833
vn -0.1472 -0.9777 0.1497
vn -0.292 -0.9083 0.2994
vn -0.2379 -0.9374 0.2542
vn -0.2626 -0.9261 0.2711
vn -0.3241 -0.9235 0.2053
vn -0.3181 -0.9049 0.2829
vn -0.2459 -0.9339 0.2595
vn -0.2455 -0.9341 0.2593
vn -0.2469 -0.9335 0.2601
vn -0.4105 -0.8915 0.1915
vn -0.4179 -0.887 0.1964
vn -0.4104 -0.8711 0.2698
vn -0.3241 -0.9235 0.2053
vn -0.3176 -0.9049 0.2833
vn -0.3528 -0.9158 0.192
vn -0.4105 -0.8915 0.1915
vn -0.3528 -0.9158 0.192
vn -0.4145 -0.9002 0.1333
vn -0.3074 -0.946 0.1027
vn -0.5065 -0.8606 0.0537
vn -0.4408 -0.8898 0.1182
vn -0.4315 -0.9008 0.0481
vn -0.5528 -0.8305 0.0679
vn -0.5037 -0.8559 0.1174
vn -0.5064 -0.854 0.1193
vn -0.5002 -0.8436 0.1951
vn -0.4475 -0.8867 0.1158
vn -0.4408 -0.8898 0.1182
vn -0.4179 -0.887 0.1964
vn -0.4105 -0.8915 0.1915
vn -0.4145 -0.9002 0.1333
vn -0.5037 -0.8559 0.1174
vn -0.5551 -0.8313 0.029
vn -0.5064 -0.854 0.1193
vn -0.5037 -0.8559 0.1174
vn -0.6276 -0.7775 0.0397
vn -0.5065 -0.8606 0.0537
vn -0.6236 -0.7724 0.1204
vn -0.5276 -0.8485 0.0405
vn -0.6263 -0.7708 0.1167
vn -0.6273 -0.7778 -0.0397
vn -0.5068 -0.8611 -0.0406
vn -0.5301 -0.8474 -0.031
vn -0.5244 -0.8515 -0.0049
vn -0.5393 -0.8397 -0.0637
vn -0.6273 -0.7778 0.0403
vn -0.5276 -0.8485 0.0405
vn -0.6276 -0.7775 0.0397
vn -0.5244 -0.8515 -0.0049
vn -0.5301 -0.8474 -0.031
vn -0.5037 -0.8559 -0.1175
vn -0.4383 -0.891 -0.1182
vn -0.3659 -0.9306 -0.0124
vn -0.5068 -0.8611 -0.0406
vn -0.5393 -0.8397 -0.0637
vn -0.5002 -0.8436 -0.1951
vn -0.4105 -0.8915 -0.1915
vn -0.5037 -0.8559 -0.1175
vn -0.5064 -0.854 -0.1194
vn -0.4179 -0.887 -0.1964
vn -0.4137 -0.8998 -0.1385
vn -0.4143 -0.8997 -0.1376
vn -0.4383 -0.891 -0.1182
vn -0.4143 -0.8997 -0.1376
vn -0.3484 -0.9271 -0.1379
vn -0.4105 -0.8915 -0.1915
vn -0.3511 -0.9165 -0.192
vn -0.3459 -0.9201 -0.1837
vn -0.2712 -0.9248 -0.2668
vn -0.2729 -0.924 -0.2678
vn -0.3177 -0.9052 -0.2822
vn -0.2429 -0.9462 -0.2138
vn -0.2925 -0.9328 -0.2105
vn -0.3237 -0.9224 -0.2105
vn -0.4104 -0.8711 0.2698
vn -0.4179 -0.887 0.1964
vn -0.4911 -0.8135 0.3115
vn -0.5002 -0.8436 0.1951
vn -0.5065 -0.8389 0.1994
vn -0.6238 -0.7728 -0.1168
vn -0.5037 -0.8559 -0.1175
vn -0.5064 -0.854 -0.1194
vn -0.6273 -0.7778 -0.0397
vn -0.5068 -0.8611 -0.0406
vn -0.6276 -0.7775 -0.0402
vn -0.5893 -0.7888 -0.1747
vn -0.7532 -0.5456 -0.3674
vn -0.5764 -0.7716 -0.269
vn 0.6276 -0.7692 0.1201
vn 0.5723 -0.8075 0.1432
vn 0.8813 -0.1152 0.4583
vn 0.5666 -0.8123 0.1379
vn 0.5741 -0.81 0.1192
vn 0.4577 -0.8786 0.1362
vn 0.5309 -0.8397 0.1145
vn 0.426 -0.9035 0.0479
vn 0.4615 -0.8859 0.0476
vn 0.4063 -0.9047 0.1283
vn 0.3697 -0.9279 0.0476
vn 0.4131 -0.9097 0.0425
vn 0.413 -0.9096 -0.0464
vn 0.3606 -0.9326 -0.0129
vn 0.3643 -0.9312 -0.0105
vn 0.3619 -0.9322 -0.0007
vn 0.362 -0.9322 0.0039
vn 0.3621 -0.9321 0.0025
vn -0.2745 -0.8459 -0.4573
vn 0.4875 -0.8622 -0.1374
vn 0.4799 -0.8655 -0.1433
vn 0.4815 -0.8683 -0.1195
vn 0.4214 -0.8988 -0.1205
vn 0.4827 -0.8679 -0.1174
vn 0.5931 -0.7966 -0.1171
vn 0.4815 -0.8683 -0.1195
vn 0.4956 -0.8526 -0.1655
vn 0.4799 -0.8655 -0.1433
vn 0.5538 -0.8161 -0.1655
vn 0.5763 -0.8159 -0.0469
vn 0.5973 -0.8006 -0.0469
vn 0.5986 -0.7997 -0.0476
vn 0.5676 -0.8107 -0.1437
vn 0.5533 -0.8199 -0.1468
vn 0.5937 -0.7931 -0.1359
vn 0.5814 -0.8012 -0.1414
vn 0.5492 -0.823 -0.1449
vn 0.5537 -0.8298 -0.0701
vn 0.4827 -0.8679 -0.1174
vn 0.5537 -0.8298 -0.0701
vn 0.5492 -0.823 -0.1449
vn 0.4855 -0.8714 -0.07
vn 0.5931 -0.7966 -0.1171
vn 0.4848 -0.8717 -0.0714
vn 0.4827 -0.8679 -0.1174
vn 0.4848 -0.8717 -0.0714
vn 0.4158 -0.9066 -0.072
vn 0.4815 -0.8683 -0.1195
vn 0.4214 -0.8988 -0.1205
vn 0.4866 -0.8733 -0.0232
vn 0.4158 -0.9066 -0.072
vn 0.3947 -0.9168 -0.0604
vn 0.4634 -0.8859 -0.0237
vn 0.5087 -0.8581 -0.0703
vn 0.4027 -0.915 -0.0239
vn 0.4855 -0.8714 -0.07
vn 0.4848 -0.8717 -0.0714
vn 0.3619 -0.9322 -0.0007
vn 0.3606 -0.9326 -0.0129
vn 0.362 -0.9322 0.0039
vn 0.3621 -0.9321 0.0025
vn 0.4027 -0.915 -0.0239
vn 0.4634 -0.8859 -0.0237
vn 0.426 -0.9035 0.0479
vn 0.463 -0.8851 0.0469
vn 0.4131 -0.9097 0.0425
vn 0.413 -0.9096 -0.0464
vn 0.4615 -0.8859 0.0476
vn 0.4732 -0.8694 0.142
vn 0.4942 -0.8571 0.1457
vn 0.463 -0.8851 0.0469
vn 0.4867 -0.8616 0.1441
vn 0.4862 -0.8726 0.0469
vn 0.4577 -0.8786 0.1362
vn 0.5043 -0.8512 0.1452
vn 0.5084 -0.8582 0.0701
vn 0.4615 -0.8859 0.0476
vn 0.5734 -0.8108 0.1173
vn 0.6276 -0.7692 0.1201
vn 0.5741 -0.81 0.1192
vn 0.637 -0.7675 0.0717
vn 0.5759 -0.8144 0.071
vn 0.5535 -0.8299 0.0702
vn 0.6554 -0.7529 0.0601
vn 0.637 -0.7675 0.0717
vn 0.5759 -0.8144 0.071
vn 0.5755 -0.8148 0.07
vn 0.5978 -0.8013 0.024
vn 0.6504 -0.7592 0.0241
vn 0.5767 -0.8166 0.0232
vn 0.6296 -0.7755 -0.0478
vn 0.6504 -0.7592 0.0241
vn 0.641 -0.7664 -0.0424
vn 0.5978 -0.8013 0.024
vn 0.5973 -0.8006 -0.0469
vn 0.5986 -0.7997 -0.0476
vn 0.6408 -0.7662 0.047
vn 0.6818 -0.7315 0.0106
vn 0.6834 -0.7301 -0.0018
vn 0.6833 -0.7302 0.0008
vn 0.6831 -0.7303 -0.0045
vn 0.6765 -0.7349 -0.0475
vn 0.6408 -0.7662 0.047
vn 0.6841 -0.7294 0.0079
vn 0.641 -0.7664 -0.0424
vn 0.6841 -0.7294 0.0079
vn 0.6831 -0.7303 -0.0045
vn 0.6834 -0.7301 -0.0018
vn 0.6833 -0.7302 0.0008
vn 0.5937 -0.7931 -0.1359
vn 0.529 -0.8408 -0.115
vn 0.5986 -0.7997 -0.0476
vn 0.6296 -0.7755 -0.0478
vn 0.6392 -0.7582 -0.1285
vn 0.5741 -0.81 0.1192
vn 0.5723 -0.8075 0.1432
vn 0.461 -0.8796 0.1172
vn 0.4956 -0.8526 0.1656
vn 0.5538 -0.816 0.1656
vn 0.5734 -0.8108 0.1173
vn 0.5084 -0.8582 0.0701
vn 0.461 -0.8796 0.1172
vn 0.5734 -0.8108 0.1173
vn 0.5759 -0.8144 0.071
vn 0.5755 -0.8148 0.07
vn 0.5043 -0.8512 0.1452
vn 0.4862 -0.8726 0.0469
vn 0.5755 -0.8148 0.07
vn 0.5767 -0.8166 0.0232
vn 0.5084 -0.8582 0.0701
vn 0.5098 -0.86 0.0233
vn 0.5535 -0.8299 0.0702
vn 0.5978 -0.8013 0.024
vn 0.5763 -0.8159 -0.0469
vn 0.5547 -0.8317 -0.0232
vn 0.5973 -0.8006 -0.0469
vn 0.5535 -0.8299 0.0702
vn 0.5767 -0.8166 0.0232
vn 0.4866 -0.8733 -0.0232
vn 0.5087 -0.8581 -0.0703
vn 0.5098 -0.86 0.0233
vn 0.5547 -0.8317 -0.0232
vn 0.4855 -0.8714 -0.07
vn 0.4866 -0.8733 -0.0232
vn 0.5537 -0.8298 -0.0701
vn 0.5547 -0.8317 -0.0232
vn 0.5763 -0.8159 -0.0469
vn 0.463 -0.8851 0.0469
vn 0.5098 -0.86 0.0233
vn 0.4862 -0.8726 0.0469
vn 0.4634 -0.8859 -0.0237
vn 0.5087 -0.8581 -0.0703
vn 0.238 -0.9654 0.1066
vn 0.1701 -0.9847 0.0377
vn 0.1727 -0.9843 0.0358
vn 0.2289 -0.9728 0.0354
vn 0.1692 -0.9796 0.1082
vn 0.2448 -0.9686 0.0441
vn 0.2438 -0.9644 0.1025
vn 0.2653 -0.9634 0.0388
vn 0.2438 -0.9644 0.1025
vn 0.33 -0.9386 0.1006
vn 0.2448 -0.9686 0.0441
vn 0.238 -0.9654 0.1066
vn 0.3039 -0.9452 0.1193
vn 0.3019 -0.9389 0.1651
vn 0.2933 -0.9406 0.1712
vn 0.33 -0.9386 0.1006
vn 0.2438 -0.9644 0.1025
vn 0.2358 -0.9562 0.1733
vn 0.2787 -0.9558 0.0935
vn 0.0459 -0.9836 -0.1744
vn -0.098 -0.9855 -0.1388
vn -0.106 -0.9734 -0.2033
vn -0.0259 -0.9795 -0.2
vn -0.0172 -0.9915 -0.1291
vn -0.0262 -0.992 -0.1231
vn -0.0916 -0.9872 -0.1306
vn 0.3461 -0.938 -0.0177
vn 0.2448 -0.9686 -0.0441
vn 0.2438 -0.9644 -0.1025
vn 0.2858 -0.9529 -0.1017
vn 0.352 -0.9215 0.1638
vn 0.3517 -0.9173 0.1868
vn 0.3513 -0.9188 0.1802
vn 0.3449 -0.9242 0.1638
vn 0.2933 -0.9406 0.1712
vn 0.3521 -0.9166 0.1893
vn 0.3019 -0.9389 0.1651
vn 0.2814 -0.9024 0.3264
vn 0.3265 -0.9099 0.2557
vn 0.272 -0.9583 0.0876
vn 0.2539 -0.9282 0.272
vn 0.1989 -0.9404 0.276
vn 0.2547 -0.931 0.2616
vn 0.1889 -0.8931 0.4084
vn 0.1452 -0.9523 0.2683
vn 0.197 -0.9425 0.2699
vn 0.1799 -0.9485 0.2607
vn 0.1989 -0.9404 0.276
vn 0.1889 -0.8931 0.4084
vn 0.197 -0.9207 0.3369
vn 0.1244 -0.9133 0.3878
vn 0.1296 -0.9518 0.278
vn -0.262 -0.9649 0.0176
vn -0.261 -0.9653 -0.0111
vn -0.2605 -0.9654 0.0079
vn -0.1314 -0.9903 -0.0461
vn -0.2061 -0.9774 0.0465
vn -0.1314 -0.9903 0.0461
vn -0.2259 -0.973 -0.0466
vn -0.2604 -0.9655 -0.0075
vn -0.2278 -0.9727 0.0439
vn -0.2278 -0.9727 0.0439
vn -0.8191 0.2796 0.5009
vn -0.8319 0.2698 0.4849
vn -0.2604 -0.9655 -0.0075
vn -0.829 0.2484 0.501
vn -0.8495 0.1699 0.4995
vn -0.849 0.1675 0.5011
vn -0.8469 0.179 0.5007
vn -0.0295 -0.9543 0.2973
vn -0.8506 0.1717 0.497
vn -0.0064 -0.9782 0.2077
vn -0.0259 -0.9795 0.2
vn -0.1095 -0.9674 0.2284
vn 0.0736 -0.9761 0.2046
vn -0.0064 -0.9782 0.2077
vn 0.0594 -0.9789 0.1955
vn 0.0581 -0.9575 0.2826
vn -0.0295 -0.9543 0.2973
vn -0.8525 0.1656 0.4958
vn -0.0295 -0.9543 0.2973
vn -0.849 0.1675 0.5011
vn 0.0853 -0.9497 0.3014
vn -0.8504 0.1651 0.4996
vn 0.0581 -0.9575 0.2826
vn 0.0581 -0.9575 0.2826
vn 0.0853 -0.9497 0.3014
vn 0.0594 -0.9789 0.1955
vn 0.051 -0.9561 0.2885
vn 0.1296 -0.9518 0.278
vn 0.1007 -0.9533 0.2846
vn 0.0929 -0.9537 0.2861
vn 0.1452 -0.9523 0.2683
vn 0.1479 -0.9702 0.1921
vn 0.0853 -0.9497 0.3014
vn -0.8636 0.1488 0.4818
vn -0.8474 0.0948 0.5224
vn -0.8504 0.1651 0.4996
vn 0.051 -0.9561 0.2885
vn 0.0491 -0.9217 0.3847
vn 0.2345 -0.9721 -0.0003
vn 0.2338 -0.9722 0.0134
vn 0.2289 -0.9728 0.0354
vn 0.2335 -0.9723 -0.0136
vn 0.1727 -0.9843 0.0358
vn 0.2327 -0.9724 -0.0182
vn 0.1727 -0.9843 -0.0358
vn 0.2338 -0.9722 0.0134
vn 0.2289 -0.9728 -0.0354
vn 0.2345 -0.9721 -0.0003
vn 0.3502 -0.921 -0.1705
vn 0.3523 -0.9231 -0.1539
vn 0.3449 -0.9242 -0.1638
vn 0.3517 -0.9171 -0.1878
vn 0.3512 -0.9189 -0.1795
vn 0.3264 -0.91 -0.2555
vn 0.2942 -0.9433 -0.1535
vn 0.2936 -0.9415 -0.1653
vn 0.3731 -0.9068 -0.1961
vn 0.3706 -0.9051 -0.2082
vn 0.3526 -0.9192 -0.1755
vn 0.3502 -0.921 -0.1705
vn 0.3523 -0.9231 -0.1539
vn 0.2262 -0.9614 -0.1569
vn 0.3016 -0.938 -0.1709
vn 0.2936 -0.9415 -0.1653
vn 0.2942 -0.9433 -0.1535
vn 0.2633 -0.9269 -0.2676
vn 0.2358 -0.9562 -0.1732
vn 0.2253 -0.9574 -0.1807
vn 0.1939 -0.9401 -0.2804
vn 0.2262 -0.9614 -0.1569
vn 0.2253 -0.9574 -0.1807
vn 0.1606 -0.9699 -0.1832
vn 0.13 -0.9547 -0.2677
vn 0.1479 -0.9702 -0.1921
vn 0.1449 -0.9506 -0.2744
vn 0.2042 -0.941 -0.27
vn 0.2104 -0.9256 -0.3147
vn 0.2042 -0.941 -0.27
vn 0.197 -0.9208 -0.3367
vn 0.2195 -0.9656 0.1398
vn 0.1244 -0.9134 -0.3876
vn 0.13 -0.9547 -0.2677
vn -0.2259 -0.973 -0.0466
vn -0.2605 -0.9654 0.0079
vn -0.0794 -0.9947 0.0651
vn -0.2726 -0.9532 -0.1307
vn -0.0794 -0.9947 0.0651
vn -0.2259 -0.973 -0.0466
vn -0.1345 -0.9899 -0.044
vn -0.134 -0.9865 -0.0937
vn -0.1314 -0.9903 -0.0461
vn -0.134 -0.9865 -0.0937
vn -0.0173 -0.999 -0.041
vn -0.0916 -0.9872 -0.1306
vn -0.0142 -0.999 -0.0432
vn -0.1345 -0.9899 -0.044
vn -0.1237 -0.9861 -0.1107
vn -0.0172 -0.9915 -0.1291
vn -0.3189 -0.9478 0.0014
vn -0.261 -0.9653 -0.0111
vn -0.262 -0.9649 0.0176
vn -0.3189 -0.9478 0.0014
vn 0.1007 -0.9533 0.2846
vn 0.0965 -0.9137 0.3948
vn 0.1244 -0.9133 0.3878
vn 0.1145 -0.9094 0.3999
vn 0.1084 -0.91 0.4001
vn 0.1296 -0.9518 0.278
vn 0.0892 -0.9157 0.3917
vn 0.0965 -0.9137 0.3948
vn 0.1007 -0.9533 0.2846
vn 0.0929 -0.9537 0.2861
vn 0.0929 -0.9537 0.2861
vn 0.051 -0.9561 0.2885
vn 0.0491 -0.9217 0.3847
vn 0.0892 -0.9157 0.3917
vn 0.3039 -0.9452 0.1193
vn 0.442 -0.8935 0.0792
vn 0.3019 -0.9389 0.1651
vn 0.3449 -0.9242 0.1638
vn 0.1727 -0.9843 0.0358
vn 0.0838 -0.9957 0.0384
vn 0.0838 -0.9957 -0.0384
vn 0.0865 -0.9954 -0.0403
vn 0.1701 -0.9847 0.0377
vn 0.1701 -0.9847 -0.0377
vn 0.0865 -0.9954 0.0403
vn 0.1727 -0.9843 -0.0358
vn 0.2438 -0.9644 -0.1025
vn 0.1692 -0.9796 -0.1082
vn 0.238 -0.9654 -0.1066
vn 0.1701 -0.9847 -0.0377
vn 0.2289 -0.9728 -0.0354
vn 0.1727 -0.9843 -0.0358
vn 0.2448 -0.9686 -0.0441
vn 0.0965 -0.9133 -0.3957
vn 0.0929 -0.9537 -0.2861
vn 0.0891 -0.9151 -0.3931
vn 0.1007 -0.9533 -0.2846
vn 0.1244 -0.9134 -0.3876
vn 0.13 -0.9547 -0.2677
vn 0.1145 -0.9095 -0.3997
vn 0.0965 -0.9133 -0.3957
vn 0.1007 -0.9533 -0.2846
vn 0.1078 -0.9102 -0.4
vn 0.1449 -0.9506 -0.2744
vn 0.1449 -0.9506 -0.2744
vn 0.0594 -0.9789 -0.1955
vn 0.0929 -0.9537 -0.2861
vn 0.051 -0.9561 -0.2885
vn 0.0579 -0.9549 -0.2912
vn 0.1007 -0.9533 -0.2846
vn 0.1479 -0.9702 -0.1921
vn 0.0876 -0.9552 -0.2826
vn -0.0245 -0.9603 -0.2781
vn -0.0063 -0.9782 -0.2077
vn 0.0736 -0.9761 -0.2046
vn 0.0594 -0.9789 -0.1955
vn 0.0579 -0.9549 -0.2912
vn 0.049 -0.9203 -0.3882
vn 0.0929 -0.9537 -0.2861
vn 0.0891 -0.9151 -0.3931
vn 0.051 -0.9561 -0.2885
vn 0.304 -0.9454 -0.1179
vn 0.3728 -0.9228 -0.0968
vn 0.298 -0.933 -0.2019
vn 0.3449 -0.9242 -0.1638
vn 0.3016 -0.938 -0.1709
vn 0.2936 -0.9415 -0.1653
vn 0.3016 -0.938 -0.1709
vn 0.238 -0.9654 -0.1066
vn 0.2358 -0.9562 -0.1732
vn 0.304 -0.9454 -0.1179
vn 0.2858 -0.9529 -0.1017
vn 0.2438 -0.9644 -0.1025
vn 0.2327 -0.9724 -0.0182
vn 0.2335 -0.9723 -0.0136
vn -0.1314 -0.9903 0.0461
vn -0.1314 -0.9903 -0.0461
vn -0.1345 -0.9899 -0.044
vn -0.0142 -0.999 0.0432
vn -0.1345 -0.9899 0.044
vn -0.0142 -0.999 -0.0432
vn 0.0865 -0.9954 0.0403
vn -0.0173 -0.999 0.041
vn -0.0173 -0.999 -0.041
vn -0.0142 -0.999 -0.0432
vn 0.0865 -0.9954 -0.0403
vn -0.0142 -0.999 0.0432
vn -0.0172 -0.9915 -0.1291
vn 0.0832 -0.9892 -0.1208
vn 0.0838 -0.9957 -0.0384
vn 0.0865 -0.9954 -0.0403
vn -0.0262 -0.992 -0.1231
vn -0.0173 -0.999 -0.041
vn 0.0747 -0.9905 -0.1151
vn 0.1623 -0.9802 -0.1131
vn 0.0832 -0.9892 -0.1208
vn 0.1701 -0.9847 -0.0377
vn 0.0838 -0.9957 -0.0384
vn 0.1692 -0.9796 -0.1082
vn 0.2253 -0.9574 -0.1807
vn 0.1606 -0.9699 -0.1832
vn 0.2358 -0.9562 -0.1732
vn 0.1623 -0.9802 -0.1131
vn 0.238 -0.9654 -0.1066
vn 0.1692 -0.9796 -0.1082
vn 0.0747 -0.9905 -0.1151
vn -0.0259 -0.9795 -0.2
vn -0.0063 -0.9782 -0.2077
vn 0.0832 -0.9892 -0.1208
vn 0.0736 -0.9761 -0.2046
vn -0.0262 -0.992 -0.1231
vn 0.0594 -0.9789 -0.1955
vn 0.0747 -0.9905 -0.1151
vn 0.1479 -0.9702 -0.1921
vn 0.1623 -0.9802 -0.1131
vn 0.1606 -0.9699 -0.1832
vn 0.0736 -0.9761 -0.2046
vn -0.0172 -0.9915 0.1291
vn -0.0259 -0.9795 0.2
vn -0.0262 -0.992 0.1231
vn -0.1095 -0.9674 0.2284
vn -0.0972 -0.9866 0.1307
vn -0.0173 -0.999 0.041
vn -0.134 -0.9865 0.0937
vn -0.0142 -0.999 0.0432
vn -0.1139 -0.9854 0.1267
vn -0.0972 -0.9866 0.1307
vn -0.0172 -0.9915 0.1291
vn -0.1345 -0.9899 0.044
vn -0.0262 -0.992 0.1231
vn 0.0832 -0.9892 0.1208
vn 0.0838 -0.9957 0.0384
vn -0.0172 -0.9915 0.1291
vn -0.0173 -0.999 0.041
vn 0.0865 -0.9954 0.0403
vn 0.0747 -0.9905 0.1151
vn 0.0832 -0.9892 0.1208
vn -0.0259 -0.9795 0.2
vn -0.0262 -0.992 0.1231
vn -0.0064 -0.9782 0.2077
vn 0.0736 -0.9761 0.2046
vn 0.0832 -0.9892 0.1208
vn 0.1701 -0.9847 0.0377
vn 0.1623 -0.9802 0.1131
vn 0.0838 -0.9957 0.0384
vn 0.0747 -0.9905 0.1151
vn 0.1692 -0.9796 0.1082
vn 0.0594 -0.9789 0.1955
vn 0.1623 -0.9802 0.1131
vn 0.0747 -0.9905 0.1151
vn 0.0736 -0.9761 0.2046
vn 0.1606 -0.9699 0.1832
vn 0.1479 -0.9702 0.1921
vn 0.238 -0.9654 0.1066
vn 0.1606 -0.9699 0.1832
vn 0.2253 -0.9574 0.1807
vn 0.2358 -0.9562 0.1733
vn 0.1623 -0.9802 0.1131
vn 0.1692 -0.9796 0.1082
vn 0.197 -0.9425 0.2699
vn 0.2262 -0.9613 0.1575
vn 0.1479 -0.9702 0.1921
vn 0.2253 -0.9574 0.1807
vn 0.1606 -0.9699 0.1832
vn 0.1452 -0.9523 0.2683
vn 0.2253 -0.9574 0.1807
vn 0.2262 -0.9613 0.1575
vn 0.2358 -0.9562 0.1733
vn 0.2814 -0.9024 0.3264
vn 0.2933 -0.9406 0.1712
vn -0.829 0.2484 0.501
vn -0.8412 0.2346 0.4873
vn -0.2278 -0.9727 0.0439
vn -0.8405 0.2345 0.4885
vn -0.8363 0.2209 0.5017
vn -0.2061 -0.9774 0.0465
vn -0.2106 -0.9709 0.1144
vn -0.1314 -0.9903 0.0461
vn -0.2061 -0.9774 0.0465
vn -0.1345 -0.9899 0.044
vn -0.2106 -0.9709 0.1144
vn -0.134 -0.9865 0.0937
vn -0.1139 -0.9854 0.1267
vn -0.8363 0.2209 0.5017
vn -0.8449 0.2185 0.4882
vn -0.2106 -0.9709 0.1144
vn -0.8421 0.1977 0.5017
vn -0.134 -0.9865 0.0937
vn -0.8496 0.1952 0.4901
vn -0.8469 0.179 0.5007
vn -0.8421 0.1977 0.5017
vn -0.8501 0.1964 0.4887
vn -0.1139 -0.9854 0.1267
vn -0.1095 -0.9674 0.2284
vn -0.0972 -0.9866 0.1307
vn -0.6109 -0.6141 -0.4997
vn -0.622 -0.6169 -0.4822
vn -0.6989 -0.5369 -0.4726
vn -0.629 -0.6216 -0.4668
vn -0.6454 -0.6225 -0.4427
vn -0.6902 -0.6846 -0.2346
vn -0.7105 -0.5454 -0.4446
vn -0.7073 -0.5433 -0.4522
vn -0.646 -0.5729 -0.5043
vn -0.7062 -0.5482 -0.4481
vn -0.7079 -0.5563 -0.4351
vn -0.7338 -0.5277 -0.4279
vn -0.7318 -0.5302 -0.4282
vn -0.7062 -0.5482 -0.4481
vn -0.6989 -0.5369 -0.4726
vn -0.7359 -0.511 -0.4441
vn -0.6109 -0.6141 -0.4997
vn -0.6454 -0.6225 -0.4427
vn -0.6003 -0.6783 -0.4237
vn -0.6165 -0.6613 -0.4274
vn -0.6283 -0.6005 -0.4945
vn -0.6088 -0.6739 -0.4186
vn -0.5986 -0.6734 -0.4339
vn -0.2507 -0.8467 -0.4692
vn -0.1516 -0.9066 -0.3938
vn -0.2209 -0.93 -0.2937
vn -0.1517 -0.9057 -0.3959
vn -0.1445 -0.9012 -0.4085
vn -0.1493 -0.9044 -0.3997
vn -0.1518 -0.9073 -0.3922
vn -0.2645 -0.8775 -0.4
vn -0.2575 -0.8695 -0.4216
vn -0.4449 -0.7936 -0.4149
vn -0.4306 -0.8005 -0.4169
vn -0.366 -0.8029 -0.4705
vn -0.3821 -0.8031 -0.4572
vn -0.4305 -0.8005 -0.4169
vn -0.3768 -0.7846 -0.4924
vn -0.4582 -0.7816 -0.4233
vn -0.2507 -0.8467 -0.4692
vn -0.3821 -0.8031 -0.4572
vn -0.3783 -0.8338 -0.4021
vn -0.4172 -0.8446 -0.3355
vn -0.2575 -0.8695 -0.4216
vn -0.3044 -0.8637 -0.4017
vn -0.3768 -0.7846 -0.4924
vn -0.3768 -0.8237 -0.4238
vn -0.3044 -0.8637 -0.4017
vn -0.2507 -0.8467 -0.4692
vn -0.2209 -0.93 -0.2937
vn -0.1495 -0.9052 -0.3979
vn -0.2249 -0.8549 -0.4676
vn -0.2625 -0.8706 -0.4161
vn -0.2345 -0.8541 -0.4643
vn -0.1489 -0.9017 -0.406
vn -0.1517 -0.9057 -0.3959
vn -0.2645 -0.8775 -0.4
vn -0.2625 -0.8706 -0.4161
vn -0.2645 -0.8775 -0.4
vn -0.2575 -0.8695 -0.4216
vn -0.3768 -0.8237 -0.4238
vn -0.3649 -0.7977 -0.4802
vn -0.437 -0.7827 -0.4432
vn -0.4184 -0.7659 -0.4882
vn -0.3649 -0.7977 -0.4802
vn -0.3657 -0.7948 -0.4843
vn -0.3768 -0.8237 -0.4238
vn -0.4172 -0.8446 -0.3355
vn -0.4373 -0.7833 -0.4419
vn 0.3587 -0.8995 0.2494
vn 0.3485 -0.8996 0.2631
vn 0.3978 -0.8547 0.3336
vn 0.3492 -0.9011 0.2569
vn 0.3714 -0.8891 0.2675
vn 0.4112 -0.8743 0.2578
vn 0.4193 -0.8869 0.1937
vn 0.3883 -0.866 0.315
vn 0.4649 -0.8409 0.2771
vn 0.4704 -0.8111 0.3475
vn 0.4921 -0.8486 0.1942
vn 0.4009 -0.9034 0.1524
vn 0.4776 -0.8405 0.2558
vn 0.4167 -0.8551 0.3087
vn 0.4009 -0.9034 0.1524
vn 0.3873 -0.8633 0.3237
vn 0.3667 -0.8783 0.3067
vn 0.3742 -0.8963 0.2381
vn 0.4078 -0.8671 0.2862
vn 0.4112 -0.8743 0.2578
vn 0.3667 -0.8783 0.3067
vn 0.355 -0.8817 0.3107
vn 0.3519 -0.8936 0.2787
vn 0.3532 -0.8969 0.2661
vn 0.3526 -0.896 0.2698
vn 0.3742 -0.8963 0.2381
vn 0.6441 -0.7302 0.2279
vn 0.6545 -0.7052 0.2727
vn 0.6273 -0.7238 0.2874
vn 0.6492 -0.7035 0.2891
vn 0.6535 -0.7042 0.2775
vn 0.6322 -0.7294 0.2614
vn 0.6317 -0.7241 0.277
vn 0.6291 -0.719 0.2955
vn 0.5854 -0.7722 0.2468
vn 0.556 -0.7595 0.3378
vn 0.5706 -0.7795 0.2585
vn 0.6322 -0.7294 0.2614
vn 0.6312 -0.7347 0.2487
vn 0.6441 -0.7302 0.2279
vn 0.6317 -0.7241 0.277
vn 0.628 -0.7257 0.281
vn 0.6561 -0.7116 0.2514
vn 0.6619 -0.7033 0.2591
vn 0.6291 -0.719 0.2955
vn 0.5436 -0.8034 0.2428
vn 0.5063 -0.8275 0.2426
vn 0.5717 -0.7801 0.2541
vn 0.4921 -0.8486 0.1942
vn 0.4704 -0.8111 0.3475
vn 0.5706 -0.7795 0.2585
vn 0.5221 -0.8142 0.254
vn 0.556 -0.7595 0.3378
vn 0.6084 -0.7277 0.3166
vn 0.6273 -0.7238 0.2874
vn 0.6082 -0.7279 0.3167
vn 0.5717 -0.7801 0.2541
vn 0.5746 -0.784 0.2348
vn 0.5706 -0.7795 0.2585
vn 0.6322 -0.7294 0.2614
vn 0.5221 -0.8142 0.254
vn 0.5746 -0.784 0.2348
vn 0.5717 -0.7801 0.2541
vn 0.5166 -0.8056 0.2901
vn 0.5406 -0.7862 0.2993
vn 0.4729 -0.8321 0.2898
vn 0.4921 -0.8486 0.1942
vn 0.5166 -0.8056 0.2901
vn 0.5221 -0.8142 0.254
vn 0.4776 -0.8405 0.2558
vn 0.4112 -0.8743 0.2578
vn 0.4729 -0.8321 0.2898
vn 0.4776 -0.8405 0.2558
vn 0.4078 -0.8671 0.2862
vn 0.4879 -0.8309 0.2675
vn 0.9128 0.0577 -0.4044
vn 0.8923 0.0085 -0.4513
vn 0.9073 0.064 -0.4155
vn 0.9 0.0639 -0.4311
vn 0.8851 0.0283 -0.4645
vn 0.9118 0.0207 -0.4101
vn 0.9075 0.043 -0.4179
vn 0.8618 -0.0662 -0.5029
vn 0.894 -0.1874 -0.4071
vn 0.9079 -0.0903 -0.4093
vn 0.8939 -0.2306 -0.3845
vn 0.9078 -0.0903 -0.4095
vn 0.9161 -0.2332 -0.326
vn 0.9101 -0.1462 -0.3877
vn -0.1042 0.9925 -0.0637
vn 0.1789 0.8845 0.4309
vn 0.8851 0.0283 -0.4645
vn 0.0711 0.9427 0.3261
vn 0.9019 0.0325 -0.4307
vn 0.0466 0.967 0.2506
vn 0.9 0.0639 -0.4311
vn 0.8958 0.0353 -0.4431
vn 0.9 0.0639 -0.4311
vn 0.2766 0.6844 0.6746
vn 0.2714 0.691 0.67
vn 0.9073 0.064 -0.4155
vn 0.0711 0.9427 0.3261
vn 0.3958 0.29 0.8714
vn 0.3682 0.3851 0.8463
vn 0.9073 0.064 -0.4155
vn 0.9075 0.043 -0.4179
vn 0.2714 0.691 0.67
vn 0.9075 0.043 -0.4179
vn 0.4027 0.0254 0.915
vn 0.3949 0.1328 0.9091
vn 0.3958 0.29 0.8714
vn 0.9128 0.0577 -0.4044
vn 0.9078 -0.0903 -0.4095
vn 0.9079 -0.0903 -0.4093
vn 0.9019 0.0325 -0.4307
vn 0.8851 0.0283 -0.4645
vn 0.9118 0.0207 -0.4101
vn 0.8987 -0.0851 -0.4301
vn -0.092 -0.8662 0.4912
vn -0.0955 -0.8727 0.4789
vn -0.0844 -0.8678 0.4897
vn 0.8834 -0.2568 -0.392
vn 0.877 -0.2579 -0.4054
vn -0.092 -0.8662 0.4912
vn -0.0991 -0.8716 0.48
vn 0.8524 -0.2902 -0.4349
vn 0.8791 -0.2585 -0.4004
vn 0.877 -0.2579 -0.4054
vn 0.877 -0.2579 -0.4054
vn 0.9161 -0.2332 -0.326
vn 0.8834 -0.2568 -0.392
vn 0.8715 -0.1827 -0.4551
vn 0.8791 -0.2585 -0.4004
vn 0.894 -0.1874 -0.4071
vn 0.8958 0.0353 -0.4431
vn -0.2376 0.9073 -0.3468
vn -0.1133 0.9908 -0.0744
vn 0.8973 0.0353 -0.4401
vn -0.1042 0.9925 -0.0637
vn 0.8987 -0.0851 -0.4301
vn 0.8958 0.0353 -0.4431
vn 0.8687 -0.0185 -0.4949
vn 0.8756 0.0307 -0.482
vn 0.9019 0.0325 -0.4307
vn 0.8973 0.0353 -0.4401
vn 0.9141 -0.0866 -0.3962
vn 0.8692 -0.1453 -0.4726
vn 0.9141 -0.0866 -0.3962
vn 0.9078 -0.0903 -0.4095
vn 0.894 -0.1874 -0.4071
vn 0.8715 -0.1827 -0.4551
vn 0.8648 -0.171 -0.4722
vn 0.8987 -0.0851 -0.4301
vn -0.707 -0.5431 0.4529
vn -0.6483 -0.6197 0.4424
vn -0.7074 -0.5436 0.4518
vn -0.7104 -0.5451 0.4452
vn -0.69 -0.6844 0.2358
vn -0.7079 -0.5563 0.4351
vn -0.7057 -0.5421 0.4562
vn -0.6282 -0.6213 0.4683
vn -0.6243 -0.6178 0.4781
vn -0.6455 -0.5728 0.5053
vn -0.7005 -0.5251 0.4832
vn -0.705 -0.538 0.4621
vn -0.6121 -0.6146 0.4976
vn -0.7067 -0.5421 0.4546
vn -0.7085 -0.5454 0.4479
vn -0.6226 -0.6176 0.4806
vn -0.5996 -0.6762 0.428
vn -0.6103 -0.6709 0.4211
vn -0.6149 -0.6635 0.4262
vn -0.6121 -0.6146 0.4976
vn -0.5992 -0.675 0.4304
vn -0.6243 -0.6178 0.4781
vn -0.6226 -0.6176 0.4806
vn 0.5772 -0.7216 -0.3821
vn 0.5824 -0.7264 -0.3648
vn 0.5655 -0.7314 -0.3811
vn -0.6282 -0.6213 0.4683
vn -0.69 -0.6844 0.2358
vn 0.5772 -0.7216 -0.3821
vn 0.5756 -0.7213 -0.3852
vn -0.5976 -0.6355 0.4889
vn -0.6226 -0.6176 0.4806
vn -0.149 -0.9023 0.4044
vn 0.8219 -0.2864 -0.4924
vn -0.1516 -0.9059 0.3954
vn 0.8316 -0.2835 -0.4775
vn 0.8193 -0.294 -0.4922
vn -0.1516 -0.9061 0.395
vn -0.149 -0.9023 0.4044
vn -0.1071 -0.8939 0.4354
vn -0.1495 -0.9049 0.3984
vn 0.8295 -0.2808 -0.4827
vn 0.8219 -0.2864 -0.4924
vn -0.2244 -0.8549 0.4677
vn -0.149 -0.9023 0.4044
vn -0.2604 -0.8792 0.399
vn -0.2348 -0.854 0.4642
vn -0.2618 -0.8685 0.4208
vn -0.1495 -0.9049 0.3984
vn -0.2624 -0.8704 0.4166
vn -0.1516 -0.9061 0.395
vn -0.2506 -0.8462 0.4703
vn -0.1516 -0.9059 0.3954
vn -0.1525 -0.9082 0.3897
vn -0.1497 -0.9047 0.3989
vn -0.1516 -0.9061 0.395
vn -0.2604 -0.8792 0.399
vn -0.2208 -0.9298 0.2945
vn -0.1433 -0.9003 0.411
vn -0.4305 -0.7984 0.4209
vn -0.5337 -0.129 -0.8358
vn -0.4455 -0.7912 0.419
vn -0.7385 0.0627 -0.6713
vn -0.5032 -0.1582 -0.8496
vn -0.4305 -0.7984 0.4209
vn -0.4248 -0.8001 0.4236
vn -0.3184 -0.276 -0.9069
vn -0.5337 -0.129 -0.8358
vn -0.2909 -0.2984 -0.909
vn -0.4423 -0.7848 0.4341
vn -0.4248 -0.8001 0.4236
vn -0.3778 -0.7866 0.4885
vn -0.4305 -0.7984 0.4209
vn -0.3893 -0.8283 0.4029
vn -0.4455 -0.7912 0.419
vn -0.3634 -0.8009 0.4758
vn -0.3043 -0.8633 0.4027
vn -0.3965 -0.8151 0.4225
vn -0.2618 -0.8685 0.4208
vn -0.2604 -0.8792 0.399
vn -0.3893 -0.8283 0.4029
vn -0.3778 -0.7866 0.4885
vn -0.2506 -0.8462 0.4703
vn -0.8781 0.3449 -0.3316
vn -0.8494 0.5241 0.0625
vn -0.3965 -0.8151 0.4225
vn -0.8903 0.3853 -0.2427
vn -0.3778 -0.7866 0.4885
vn -0.4423 -0.7848 0.4341
vn -0.3954 -0.8073 0.4381
vn -0.8735 0.2375 -0.4249
vn -0.4455 -0.7912 0.419
vn -0.4423 -0.7848 0.4341
vn -0.8781 0.3449 -0.3316
vn -0.7385 0.0627 -0.6713
vn -0.7318 0.0489 -0.6797
vn -0.3954 -0.8073 0.4381
vn -0.8163 0.5568 0.1537
vn -0.7192 0.6023 0.3463
vn -0.3975 -0.8116 0.4281
vn -0.8494 0.5241 0.0625
vn -0.8955 0.4424 -0.0479
vn -0.2624 -0.8704 0.4166
vn -0.3954 -0.8073 0.4381
vn -0.3975 -0.8116 0.4281
vn -0.2618 -0.8685 0.4208
vn -0.3965 -0.8151 0.4225
vn -0.3674 -0.7952 0.4824
vn -0.3862 -0.7938 0.4699
vn 0.8706 0.2467 -0.4256
vn 0.8697 0.2468 -0.4275
vn 0.8631 0.2683 -0.4279
vn 0.8188 0.2867 -0.4974
vn 0.8693 0.2588 -0.4212
vn 0.8266 0.296 -0.4786
vn 0.8387 0.317 -0.4429
vn 0.8266 0.296 -0.4786
vn 0.9153 0.3264 -0.2359
vn 0.7959 0.3346 -0.5045
vn 0.8062 0.4005 -0.4354
vn 0.7963 0.4032 -0.4509
vn 0.8188 0.2867 -0.4974
vn 0.7987 0.4046 -0.4453
vn 0.7864 0.3981 -0.4723
vn 0.8322 0.2988 -0.4672
vn 0.8241 0.2939 -0.4841
vn 0.4186 -0.8313 0.3657
vn 0.4281 -0.8205 0.3788
vn 0.4158 -0.826 0.3805
vn 0.8322 0.2988 -0.4672
vn 0.8241 0.2939 -0.4841
vn 0.4158 -0.826 0.3805
vn 0.8139 0.2526 -0.5233
vn 0.8241 0.2939 -0.4841
vn 0.4153 -0.8325 0.3667
vn 0.9153 0.3264 -0.2359
vn -0.4716 0.8818 0.0014
vn -0.4951 0.8682 -0.0326
vn -0.5745 0.7844 -0.2339
vn -0.5846 0.761 -0.2812
vn 0.7963 0.4032 -0.4509
vn 0.7864 0.3981 -0.4723
vn 0.7819 0.4272 -0.4541
vn 0.8062 0.4005 -0.4354
vn 0.7949 0.4326 -0.4254
vn 0.7858 0.4382 -0.4365
vn 0.8011 0.3952 -0.4495
vn 0.7819 0.4272 -0.4541
vn 0.7864 0.3981 -0.4723
vn -0.4716 0.8818 0.0014
vn 0.7858 0.4382 -0.4365
vn -0.3107 0.8852 0.3463
vn -0.2878 0.8842 0.3679
vn 0.7819 0.4272 -0.4541
vn -0.0516 0.7444 0.6657
vn 0.7949 0.4326 -0.4254
vn 0.7931 0.4227 -0.4386
vn -0.034 0.7361 0.676
vn 0.7858 0.4382 -0.4365
vn -0.2878 0.8842 0.3679
vn 0.2343 0.4217 0.8759
vn 0.7931 0.4227 -0.4386
vn -0.034 0.7361 0.676
vn 0.3284 0.3353 0.883
vn 0.1587 0.532 0.8317
vn 0.8709 -0.2273 0.4357
vn 0.8855 -0.2299 0.4038
vn 0.9087 -0.0861 0.4086
vn 0.8756 -0.0871 0.4751
vn 0.9097 -0.1462 0.3887
vn 0.8963 -0.2184 0.386
vn 0.8838 -0.2291 0.408
vn 0.8989 -0.0894 0.429
vn 0.9085 0.0523 0.4146
vn 0.9066 0.0398 0.42
vn 0.9034 0.0767 0.4219
vn 0.9084 0.0606 0.4136
vn 0.8833 0.0279 0.4679
vn 0.8997 0.0233 0.4358
vn 0.9023 0.0355 0.4296
vn 0.8756 -0.0871 0.4751
vn 0.8968 0.0312 0.4414
vn 0.909 -0.0698 0.4108
vn 0.8989 -0.0894 0.429
vn 0.8833 0.0279 0.4679
vn 0.9115 0.0087 0.4113
vn 0.8997 0.0233 0.4358
vn 0.8786 -0.2301 0.4185
vn 0.8855 -0.2299 0.4038
vn 0.8693 -0.1448 0.4726
vn 0.9138 -0.0866 0.3968
vn 0.8647 -0.1713 0.4722
vn 0.9087 -0.0861 0.4086
vn 0.8968 -0.2348 0.3751
vn 0.8687 -0.0189 0.495
vn 0.8761 0.0308 0.4811
vn 0.9087 -0.0861 0.4086
vn 0.9138 -0.0866 0.3968
vn 0.9023 0.0355 0.4296
vn 0.8973 0.0353 0.44
vn 0.8989 -0.0894 0.429
vn 0.7792 0.4897 -0.3912
vn 0.7385 0.4557 -0.4969
vn 0.7254 0.4558 -0.5159
vn 0.7866 0.4854 -0.3817
vn 0.7254 0.456 -0.5156
vn -0.5302 0.8479 -0.0009
vn 0.7254 0.4558 -0.5159
vn -0.5336 0.8457 0.0005
vn 0.7792 0.4897 -0.3912
vn 0.8224 0.5074 -0.2573
vn 0.822 0.5131 -0.2471
vn -0.5302 0.8479 -0.0009
vn 0.7983 0.4946 -0.3436
vn 0.7792 0.4897 -0.3912
vn 0.7632 0.4918 -0.4191
vn 0.7866 0.4854 -0.3817
vn 0.8042 0.4844 -0.3444
vn 0.7983 0.4946 -0.3436
vn 0.8056 0.4765 -0.352
vn 0.7632 0.4918 -0.4191
vn 0.7881 0.4684 -0.3995
vn 0.7729 0.4752 -0.4206
vn 0.7866 0.4854 -0.3817
vn 0.7642 0.455 -0.4571
vn 0.7725 0.465 -0.4326
vn 0.7521 0.4478 -0.4835
vn 0.7423 0.4526 -0.4942
vn 0.7385 0.4557 -0.4969
vn 0.7729 0.4752 -0.4206
vn 0.7632 0.4918 -0.4191
vn 0.8626 0.5059 0.0004
vn 0.8492 0.5259 -0.0484
vn 0.8586 0.5104 0.0486
vn 0.8623 0.5063 0.0102
vn 0.8599 0.5081 -0.0486
vn 0.8479 0.5286 -0.0402
vn 0.8484 0.5289 0.0218
vn 0.8504 0.524 0.0484
vn 0.859 0.5096 -0.0494
vn 0.8384 0.5267 -0.1403
vn 0.8388 0.5252 -0.1433
vn 0.8492 0.5259 -0.0484
vn 0.86 0.4894 -0.1446
vn 0.8645 0.4965 -0.0785
vn 0.8599 0.5081 -0.0486
vn 0.8652 0.4924 -0.0946
vn 0.8455 0.5333 -0.0276
vn 0.8602 0.489 -0.1451
vn 0.8806 0.4506 -0.1468
vn 0.8637 0.4762 -0.1653
vn 0.86 0.4894 -0.1446
vn 0.888 0.4525 -0.0814
vn 0.8652 0.4924 -0.0946
vn 0.8463 0.5274 0.0744
vn 0.86 0.4892 0.1449
vn 0.8551 0.5167 0.0428
vn 0.8504 0.524 0.0484
vn 0.8674 0.4936 0.0638
vn 0.8503 0.5241 0.0491
vn 0.8399 0.5234 0.1437
vn 0.8599 0.4893 0.145
vn 0.8586 0.5104 0.0486
vn 0.8858 0.3694 0.281
vn 0.8802 0.3686 0.2992
vn 0.8876 0.369 0.2759
vn 0.8809 0.3695 0.2957
vn 0.868 0.4281 0.2515
vn 0.8658 0.4329 0.2511
vn 0.8826 0.3816 0.2746
vn 0.8799 0.3669 0.3018
vn 0.8819 0.3693 0.2929
vn 0.8549 0.4216 0.3024
vn 0.8316 0.3873 0.3981
vn 0.868 0.4281 0.2515
vn 0.8855 0.4344 0.1648
vn 0.8686 0.4261 0.2527
vn 0.8658 0.4329 0.2511
vn 0.8904 0.3973 0.222
vn 0.9012 0.4063 0.1512
vn 0.8686 0.4261 0.2527
vn 0.842 0.436 0.3178
vn 0.868 0.4281 0.2515
vn 0.8419 0.4789 0.2489
vn 0.8295 0.4607 0.3156
vn 0.842 0.4787 0.2487
vn 0.8549 0.4216 0.3024
vn 0.8424 0.4789 0.247
vn 0.8082 0.4772 0.3451
vn 0.7882 0.468 0.3995
vn 0.7609 0.4647 0.4529
vn 0.7722 0.4765 0.4202
vn 0.7733 0.4747 0.4203
vn 0.7861 0.4975 0.3668
vn 0.797 0.4966 0.3437
vn 0.7731 0.4858 0.4079
vn 0.8082 0.4772 0.3451
vn 0.8011 0.4843 0.3517
vn 0.797 0.4966 0.3437
vn 0.8209 0.5151 0.2467
vn 0.842 0.4787 0.2487
vn 0.8271 0.5111 0.234
vn 0.8424 0.4789 0.247
vn 0.7358 0.4577 0.4991
vn 0.7342 0.4531 0.5056
vn 0.7722 0.4765 0.4202
vn 0.7652 0.4556 0.4549
vn 0.7729 0.4649 0.4318
vn 0.7733 0.4747 0.4203
vn 0.7493 0.4462 0.4894
vn 0.7731 0.4858 0.4079
vn 0.7404 0.4653 0.4851
vn 0.7722 0.4765 0.4202
vn 0.7328 0.4572 0.504
vn 0.7342 0.4531 0.5056
vn 0.7609 0.4647 0.4529
vn 0.7731 0.4858 0.4079
vn -0.5322 0.8466 -0.0017
vn 0.7404 0.4653 0.4851
vn -0.5331 0.846 0.0018
vn 0.8463 0.5274 0.0744
vn -0.5327 0.8463 0.0004
vn -0.5327 0.8463 0.0001
vn 0.8429 0.5209 0.1352
vn 0.8399 0.5234 0.1437
vn 0.8209 0.5151 0.2467
vn 0.8429 0.5209 0.1352
vn 0.8399 0.5234 0.1437
vn 0.8419 0.4789 0.2489
vn 0.86 0.4892 0.1449
vn 0.842 0.4787 0.2487
vn -0.5326 0.8463 -0.0001
vn -0.5327 0.8463 0.0001
vn 0.8271 0.5111 0.234
vn 0.8209 0.5151 0.2467
vn 0.8429 0.5209 0.1352
vn -0.5327 0.8463 0.0001
vn 0.7861 0.4975 0.3668
vn 0.797 0.4966 0.3437
vn 0.8271 0.5111 0.234
vn -0.5326 0.8463 -0.0001
vn 0.7609 0.4647 0.4529
vn -0.5322 0.8466 -0.0017
vn -0.5327 0.8463 0.0001
vn 0.7861 0.4975 0.3668
vn -0.5324 0.8465 -0.0001
vn 0.8384 0.5267 -0.1403
vn 0.8479 0.5286 -0.0402
vn 0.8492 0.5259 -0.0484
vn -0.5326 0.8463 0
vn -0.5325 0.8464 -0.0001
vn -0.5331 0.8461 0.0002
vn -0.5329 0.8462 0.0001
vn -0.5321 0.8467 -0.0004
vn 0.881 0.4325 -0.1916
vn 0.8806 0.4506 -0.1468
vn 0.8688 0.4265 -0.2517
vn 0.842 0.4787 -0.249
vn 0.8602 0.489 -0.1451
vn 0.842 0.4786 -0.249
vn 0.8678 0.428 -0.2526
vn 0.8688 0.4265 -0.2517
vn 0.9564 0.2453 -0.1586
vn 0.881 0.4325 -0.1916
vn 0.884 0.3923 -0.2542
vn 0.8552 0.4218 -0.3013
vn 0.8321 0.3875 -0.3968
vn 0.8832 0.3708 -0.2873
vn 0.8688 0.4265 -0.2517
vn 0.884 0.3923 -0.2542
vn 0.8799 0.3667 -0.3022
vn 0.8809 0.3696 -0.2956
vn 0.8678 0.428 -0.2526
vn 0.842 0.4787 -0.249
vn 0.8426 0.479 -0.2461
vn 0.8248 0.4545 -0.3364
vn 0.8678 0.428 -0.2526
vn 0.8552 0.4218 -0.3013
vn 0.7983 0.4946 -0.3436
vn 0.8042 0.4844 -0.3444
vn 0.8426 0.479 -0.2461
vn 0.842 0.4787 -0.249
vn 0.842 0.4786 -0.249
vn 0.822 0.5131 -0.2471
vn 0.842 0.4786 -0.249
vn 0.8388 0.5252 -0.1433
vn 0.8602 0.489 -0.1451
vn 0.8224 0.5074 -0.2573
vn 0.86 0.4894 -0.1446
vn 0.822 0.5131 -0.2471
vn -0.5336 0.8457 0.0005
vn 0.8388 0.5252 -0.1433
vn -0.5302 0.8479 -0.0009
vn -0.5325 0.8464 -0.0001
vn 0.8224 0.5074 -0.2573
vn 0.8384 0.5267 -0.1403
vn 0.8855 0.4344 0.1648
vn 0.8599 0.4893 0.145
vn 0.8605 0.4884 0.1451
vn 0.8419 0.4789 0.2489
vn 0.86 0.4892 0.1449
vn 0.8686 0.4261 0.2527
vn 0.9622 0.2666 -0.0564
vn 0.8674 0.4936 0.0638
vn 0.8599 0.4893 0.145
vn 0.8605 0.4884 0.1451
vn -0.5325 0.8464 -0.0001
vn 0.8484 0.5289 0.0218
vn -0.5326 0.8463 0
vn -0.5325 0.8464 -0.0002
vn -0.5327 0.8463 0
vn -0.5329 0.8462 0.0002
vn 0.8479 0.5286 -0.0402
vn -0.5324 0.8465 -0.0004
vn -0.5328 0.8462 0.0003
vn -0.5327 0.8463 0.0001
vn -0.5326 0.8463 -0.0001
vn -0.5323 0.8466 -0.0005
vn -0.5329 0.8462 0.0005
vn -0.5327 0.8463 0.0004
vn -0.5326 0.8464 -0.0003
vn -0.5329 0.8462 0.0003
vn 0.8504 0.524 0.0484
vn -0.5326 0.8463 0
vn -0.5328 0.8463 0.0002
vn -0.5327 0.8463 0.0002
vn 0.8484 0.5289 0.0218
vn -0.5325 0.8464 -0.0002
vn -0.5331 0.846 0.0018
vn -0.5326 0.8463 -0.0003
vn -0.5325 0.8464 -0.0003
vn -0.5327 0.8463 0
vn -0.5325 0.8465 -0.0007
vn -0.5324 0.8465 -0.0011
vn -0.5327 0.8463 0.0003
vn 0.8503 0.5241 0.0491
vn 0.8503 0.5241 0.0491
vn -0.5327 0.8463 0.0004
vn 0.8463 0.5274 0.0744
vn -0.5327 0.8463 0.0003
vn 0.915 0.3263 0.2371
vn 0.7984 0.4046 0.4459
vn 0.825 0.2942 0.4825
vn 0.7955 0.3342 0.5055
vn 0.7957 0.4029 0.4523
vn 0.8315 0.2982 0.4687
vn 0.8401 0.3127 0.4432
vn 0.8072 0.3982 0.4356
vn 0.7937 0.4028 0.4558
vn 0.785 0.4033 0.4703
vn 0.7945 0.4023 0.4548
vn 0.8198 0.2876 0.4952
vn 0.8198 0.2876 0.4952
vn 0.8695 0.2504 0.4258
vn 0.8675 0.2508 0.4296
vn 0.868 0.263 0.4213
vn 0.8695 0.2605 0.4197
vn 0.8097 0.3061 0.5007
vn 0.8401 0.3127 0.4432
vn 0.0491 -0.9217 0.3847
vn 0.0892 -0.9157 0.3917
vn -0.0437 -0.8552 0.5165
vn 0.0965 -0.9137 0.3948
vn 0.1084 -0.91 0.4001
vn -0.8474 0.0948 0.5224
vn -0.8574 0.1068 0.5034
vn -0.8574 0.1068 0.5034
vn -0.8689 0.0788 0.4886
vn 0.0694 -0.8591 0.5071
vn -0.0437 -0.8552 0.5165
vn 0.0534 -0.8366 0.5451
vn 0.0534 -0.8366 0.5451
vn -0.8689 0.0788 0.4886
vn 0.157 -0.801 0.5777
vn -0.8665 -0.0014 0.4992
vn 0.1408 -0.7611 0.6332
vn 0.0706 -0.8069 0.5865
vn 0.157 -0.801 0.5777
vn -0.8665 -0.0014 0.4992
vn -0.8336 -0.143 0.5335
vn 0.3639 -0.8488 0.3835
vn 0.3667 -0.8783 0.3067
vn 0.4167 -0.8551 0.3087
vn -0.8204 -0.2351 0.5212
vn 0.355 -0.8817 0.3107
vn -0.8437 -0.2189 0.4903
vn 0.4034 -0.7992 0.4455
vn 0.3639 -0.8488 0.3835
vn -0.8469 -0.2417 0.4737
vn -0.8437 -0.2189 0.4903
vn 0.4093 -0.7745 0.4823
vn 0.3848 -0.808 0.4461
vn 0.3127 -0.7583 0.5721
vn -0.8469 -0.2417 0.4737
vn 0.4034 -0.7992 0.4455
vn -0.8348 -0.2861 0.4704
vn -0.8314 -0.2902 0.4739
vn 0.401 -0.6963 0.5953
vn 0.3127 -0.7583 0.5721
vn -0.8348 -0.2861 0.4704
vn -0.8517 -0.2767 0.4451
vn 0.5602 0.7006 -0.442
vn 0.6292 -0.7174 -0.2991
vn 0.5583 0.6488 -0.5172
vn 0.6377 -0.7243 -0.262
vn 0.5336 0.6922 -0.4858
vn 0.5956 -0.732 -0.3307
vn 0.5583 0.6488 -0.5172
vn 0.6064 -0.7316 -0.3116
vn 0.6292 -0.7174 -0.2991
vn 0.6077 -0.6951 -0.3841
vn 0.5587 0.6707 -0.4879
vn 0.5456 -0.71 -0.4452
vn 0.5858 0.6574 -0.4739
vn 0.5587 0.6707 -0.4879
vn 0.6077 -0.6951 -0.3841
vn 0.6168 0.6271 -0.4756
vn 0.5456 -0.71 -0.4452
vn 0.5472 -0.6135 -0.5694
vn 0.5621 -0.6966 -0.4459
vn 0.5198 -0.7046 -0.4831
vn 0.6081 0.6483 -0.4581
vn 0.5858 0.6574 -0.4739
vn 0.6081 0.6483 -0.4581
vn 0.62 0.6453 -0.4464
vn 0.5472 -0.6135 -0.5694
vn 0.4349 -0.6798 -0.5905
vn 0.6377 -0.7243 -0.262
vn 0.6342 -0.7204 -0.2807
vn 0.57 0.7054 -0.4213
vn 0.5602 0.7006 -0.442
vn 0.6215 0.7128 -0.325
vn 0.6215 0.7128 -0.325
vn 0.6342 -0.7204 -0.2807
vn 0.6327 0.7139 -0.3
vn 0.7097 0.6981 -0.0947
vn 0.7167 0.6929 -0.079
vn 0.6362 -0.7241 -0.2664
vn 0.6375 -0.7244 -0.2623
vn 0.7412 0.5554 0.3771
vn 0.6564 0.3781 0.6528
vn 0.6561 -0.7086 -0.2595
vn 0.6499 0.3624 0.6681
vn 0.6551 -0.7072 -0.2658
vn 0.7412 0.5554 0.3771
vn 0.7394 0.5773 0.3464
vn 0.6098 -0.7259 -0.3182
vn 0.7167 0.6929 -0.079
vn 0.6362 -0.7241 -0.2664
vn 0.631 -0.7195 -0.2902
vn 0.6551 -0.7072 -0.2658
vn 0.5559 0.2213 0.8013
vn 0.2892 -0.0941 0.9526
vn 0.4436 0.0908 0.8916
vn 0.6346 -0.715 -0.2933
vn 0.5361 0.2025 0.8195
vn 0.325 -0.0371 0.945
vn 0.6499 0.3624 0.6681
vn 0.6346 -0.715 -0.2933
vn 0.6525 -0.7137 -0.2549
vn 0.6561 -0.7086 -0.2595
vn 0.5361 0.2025 0.8195
vn -0.4228 0.8389 0.3427
vn -0.4352 0.8156 0.3814
vn -0.6605 -0.5233 0.5384
vn -0.6946 -0.5142 0.5031
vn -0.6219 -0.5373 0.5698
vn -0.6277 -0.463 0.6257
vn -0.443 0.8368 0.3217
vn -0.5859 -0.4633 0.6649
vn -0.6219 -0.5373 0.5698
vn -0.4228 0.8389 0.3427
vn -0.5052 -0.4863 0.7129
vn -0.4877 0.8056 0.3365
vn -0.5859 -0.4633 0.6649
vn -0.443 0.8368 0.3217
vn -0.47 -0.5784 0.6668
vn -0.4704 -0.5961 0.6507
vn -0.4149 -0.5478 0.7264
vn 0.6569 -0.6611 -0.3624
vn 0.7083 -0.5925 -0.3836
vn -0.526 -0.6021 0.6007
vn 0.629 -0.679 -0.3787
vn -0.5258 -0.6263 0.5756
vn -0.47 -0.5784 0.6668
vn 0.6569 -0.6611 -0.3624
vn 0.6294 -0.6846 -0.3677
vn 0.5852 -0.7209 -0.3713
vn -0.526 -0.6021 0.6007
vn 0.629 -0.679 -0.3787
vn -0.566 -0.6381 0.522
vn -0.5912 -0.6295 0.5042
vn -0.5976 -0.6355 0.4889
vn 0.5756 -0.7213 -0.3852
vn 0.5852 -0.7209 -0.3713
vn -0.566 -0.6381 0.522
vn -0.7482 0.5292 0.4002
vn -0.7848 0.4613 0.414
vn -0.2785 -0.655 0.7024
vn -0.3234 -0.6966 0.6405
vn -0.6974 0.6076 0.3802
vn -0.3975 -0.8116 0.4281
vn -0.3862 -0.7938 0.4699
vn -0.7192 0.6023 0.3463
vn -0.7202 0.6019 0.345
vn -0.7071 0.5533 0.4403
vn -0.7261 0.5723 0.3811
vn -0.3257 -0.7788 0.5361
vn -0.3674 -0.7952 0.4824
vn -0.3648 -0.7394 0.5659
vn -0.3255 -0.7768 0.5391
vn -0.7274 0.5357 0.4288
vn -0.3862 -0.7938 0.4699
vn -0.7071 0.5533 0.4403
vn -0.3451 -0.6685 0.6589
vn -0.3648 -0.7394 0.5659
vn -0.3234 -0.6966 0.6405
vn -0.7274 0.5357 0.4288
vn -0.7482 0.5292 0.4002
vn -0.1195 -0.7838 0.6094
vn 0.8602 -0.1919 -0.4725
vn 0.8671 -0.1057 -0.4869
vn -0.0623 -0.7467 0.6622
vn -0.0707 -0.7798 0.622
vn 0.8453 -0.2224 -0.4857
vn 0.8602 -0.1919 -0.4725
vn -0.1195 -0.7838 0.6094
vn -0.0414 -0.871 0.4895
vn -0.0759 -0.7833 0.617
vn 0.8295 -0.2808 -0.4827
vn -0.1111 -0.8889 0.4443
vn -0.0735 -0.8624 0.5008
vn -0.0414 -0.871 0.4895
vn 0.8453 -0.2224 -0.4857
vn 0.8472 -0.2249 -0.4814
vn -0.1071 -0.8939 0.4354
vn 0.6113 -0.7176 0.3337
vn 0.5815 0.363 -0.728
vn 0.671 0.3763 -0.6389
vn 0.6003 0.4378 -0.6694
vn 0.5713 -0.7445 0.3454
vn 0.6113 -0.7176 0.3337
vn 0.6189 -0.7062 0.3439
vn 0.6003 0.4378 -0.6694
vn 0.6978 0.3999 -0.5943
vn 0.67 0.3276 -0.6662
vn -0.5128 0.7893 -0.3377
vn 0.6565 0.2468 -0.7128
vn -0.5627 0.7621 -0.3204
vn 0.7639 0.4038 -0.5034
vn -0.5846 0.761 -0.2812
vn 0.7987 0.4046 -0.4453
vn -0.6021 0.7192 -0.3469
vn -0.5968 0.7346 -0.3228
vn 0.7963 0.4032 -0.4509
vn 0.7532 0.3285 -0.5699
vn 0.7574 0.3693 -0.5384
vn -0.5817 0.7409 -0.3358
vn -0.5759 0.7406 -0.3463
vn 0.7639 0.4038 -0.5034
vn -0.6021 0.7192 -0.3469
vn 0.6891 0.3657 -0.6256
vn -0.5817 0.7409 -0.3358
vn -0.5627 0.7621 -0.3204
vn 0.67 0.3276 -0.6662
vn 0.7532 0.3285 -0.5699
vn 0.675 0.1374 -0.7249
vn 0.2181 -0.8958 0.3872
vn 0.3134 -0.8779 0.362
vn 0.726 0.1723 -0.6658
vn 0.7417 0.1651 -0.6501
vn 0.726 0.1723 -0.6658
vn 0.7929 0.2012 -0.5752
vn 0.7717 0.2118 -0.5997
vn 0.3712 -0.8553 0.3616
vn 0.3134 -0.8779 0.362
vn 0.3331 -0.8668 0.371
vn 0.3712 -0.8553 0.3616
vn 0.8329 0.2416 -0.4979
vn 0.8139 0.2526 -0.5233
vn 0.7717 0.2118 -0.5997
vn 0.4153 -0.8325 0.3667
vn -0.0674 0.9053 -0.4194
vn 0.7109 -0.0284 -0.7027
vn -0.1533 0.9032 -0.4009
vn 0.7668 -0.0073 -0.6418
vn -0.2376 0.9073 -0.3468
vn 0.8973 0.0353 -0.4401
vn -0.1949 0.877 -0.4392
vn -0.2491 0.8919 -0.3774
vn 0.8756 0.0307 -0.482
vn -0.2291 0.9149 -0.3324
vn 0.8756 0.0307 -0.482
vn 0.8426 -0.0422 -0.5369
vn 0.826 0.006 -0.5636
vn -0.1787 0.8886 -0.4226
vn -0.2028 0.9022 -0.3805
vn -0.1949 0.877 -0.4392
vn 0.8687 -0.0185 -0.4949
vn 0.8418 -0.0419 -0.5382
vn 0.7668 -0.0073 -0.6418
vn -0.1787 0.8886 -0.4226
vn -0.1533 0.9032 -0.4009
vn 0.826 0.006 -0.5636
vn 0.7539 0.018 -0.6567
vn 0.7004 -0.2656 -0.6626
vn 0.7587 -0.2297 -0.6096
vn -0.2802 -0.8275 0.4865
vn -0.1975 -0.8597 0.4711
vn 0.8032 -0.3382 -0.4904
vn 0.7355 -0.2723 -0.6204
vn -0.1975 -0.8597 0.4711
vn -0.1597 -0.8604 0.484
vn 0.7388 -0.2703 -0.6173
vn 0.7587 -0.2297 -0.6096
vn -0.1597 -0.8604 0.484
vn 0.8032 -0.3382 -0.4904
vn 0.8089 -0.3075 -0.5012
vn 0.8498 -0.2845 -0.4437
vn 0.8524 -0.2902 -0.4349
vn -0.0991 -0.8716 0.48
vn -0.1578 -0.8644 0.4774
vn -0.5792 -0.3672 0.7278
vn -0.629 -0.4421 0.6394
vn -0.6555 -0.3458 0.6714
vn 0.4278 -0.8333 -0.3502
vn 0.3833 -0.8595 -0.3381
vn -0.6555 -0.3458 0.6714
vn -0.6608 -0.4556 0.5964
vn 0.3712 -0.8608 -0.3481
vn 0.3833 -0.8595 -0.3381
vn 0.6362 -0.7241 -0.2664
vn 0.631 -0.7195 -0.2902
vn 0.5925 -0.7623 -0.2604
vn 0.6375 -0.7244 -0.2623
vn 0.5847 -0.7988 -0.1414
vn 0.6222 -0.7673 -0.155
vn 0.5532 -0.7557 -0.3504
vn 0.3888 -0.8659 -0.3146
vn 0.3635 -0.8956 -0.2565
vn 0.392 -0.8709 -0.2964
vn 0.3658 -0.8944 -0.2574
vn 0.3377 -0.9137 -0.2262
vn 0.3496 -0.899 -0.2638
vn 0.3581 -0.8975 -0.2574
vn 0.4849 -0.8362 -0.2562
vn 0.392 -0.8709 -0.2964
vn 0.4578 -0.8546 -0.2451
vn 0.4867 -0.8393 -0.2423
vn 0.4111 -0.8742 -0.2585
vn 0.3995 -0.9058 -0.1414
vn 0.4048 -0.8806 -0.2462
vn 0.3888 -0.8659 -0.3146
vn 0.4771 -0.7878 -0.3895
vn 0.6098 -0.7259 -0.3182
vn 0.6561 -0.7086 -0.2595
vn 0.6525 -0.7137 -0.2549
vn 0.6464 -0.7165 -0.2623
vn 0.6551 -0.7072 -0.2658
vn 0.4849 -0.8362 -0.2562
vn 0.4858 -0.8548 -0.1827
vn 0.522 -0.814 -0.2547
vn 0.551 -0.7947 -0.2549
vn 0.5847 -0.7988 -0.1414
vn 0.5532 -0.7557 -0.3504
vn 0.5523 -0.7975 -0.2427
vn 0.4867 -0.8393 -0.2423
vn 0.6064 -0.7316 -0.3116
vn 0.6377 -0.7243 -0.262
vn 0.5925 -0.7623 -0.2604
vn 0.6375 -0.7244 -0.2623
vn 0.6342 -0.7204 -0.2807
vn 0.6292 -0.7174 -0.2991
vn 0.5906 -0.7599 -0.2718
vn 0.551 -0.7947 -0.2549
vn 0.5906 -0.7599 -0.2718
vn 0.5925 -0.7623 -0.2604
vn 0.5451 -0.7863 -0.291
vn 0.5847 -0.7988 -0.1414
vn 0.522 -0.814 -0.2547
vn 0.551 -0.7947 -0.2549
vn 0.5451 -0.7863 -0.291
vn 0.5379 -0.7863 -0.3041
vn 0.5155 -0.8038 -0.297
vn 0.3538 -0.8888 -0.2914
vn 0.3522 -0.8943 -0.2759
vn 0.3687 -0.8832 -0.2899
vn 0.3748 -0.8976 -0.2322
vn 0.3529 -0.8961 -0.2693
vn 0.3912 -0.8642 -0.3164
vn 0.3995 -0.9058 -0.1414
vn 0.4111 -0.8742 -0.2585
vn 0.4078 -0.8672 -0.2859
vn 0.3748 -0.8976 -0.2322
vn 0.3687 -0.8832 -0.2899
vn 0.4011 -0.8601 -0.3153
vn 0.4849 -0.8362 -0.2562
vn 0.4968 -0.8265 -0.2649
vn 0.4858 -0.8548 -0.1827
vn 0.4718 -0.8303 -0.2968
vn 0.4078 -0.8672 -0.2859
vn 0.4111 -0.8742 -0.2585
vn 0.522 -0.814 -0.2547
vn 0.4718 -0.8303 -0.2968
vn 0.4858 -0.8548 -0.1827
vn 0.5155 -0.8038 -0.297
vn -0.0386 0.1554 -0.9871
vn -0.065 0.1252 -0.99
vn -0.5329 0.8462 0.0003
vn -0.5323 0.8466 -0.0005
vn -0.0563 0.1271 -0.9903
vn -0.0988 0.1039 -0.9897
vn -0.065 0.1252 -0.99
vn -0.5323 0.8466 -0.0005
vn -0.5327 0.8463 0
vn -0.0988 0.1039 -0.9897
vn -0.0963 0.1125 -0.989
vn -0.1386 0.0869 -0.9865
vn -0.1484 0.0882 -0.985
vn -0.5327 0.8463 0
vn -0.5327 0.8463 0
vn 0.1032 0.2155 -0.971
vn 0.1668 0.2321 -0.9583
vn 0.1793 0.2415 -0.9537
vn -0.5325 0.8464 -0.0002
vn -0.5325 0.8464 -0.0002
vn 0.1032 0.2155 -0.971
vn -0.5329 0.8462 0.0002
vn 0.1105 0.2231 -0.9685
vn 0.0424 0.1967 -0.9796
vn 0.0481 0.1956 -0.9795
vn 0.0071 0.1666 -0.986
vn -0.5325 0.8464 -0.0002
vn -0.0263 0.1759 -0.9841
vn -0.5329 0.8462 0.0002
vn -0.5326 0.8463 0
vn 0.0424 0.1967 -0.9796
vn 0.0071 0.1666 -0.986
vn -0.5325 0.8464 -0.0002
vn -0.5329 0.8462 0.0003
vn -0.0386 0.1554 -0.9871
vn -0.0825 0.1077 0.9908
vn -0.5329 0.8462 0.0003
vn -0.0834 0.1067 0.9908
vn -0.1236 0.1022 0.9871
vn -0.5323 0.8466 -0.0005
vn -0.5327 0.8463 0
vn -0.0825 0.1077 0.9908
vn -0.0477 0.1295 0.9904
vn -0.5323 0.8466 -0.0005
vn -0.5327 0.8463 0
vn -0.0686 0.13 0.9891
vn -0.0182 0.1629 0.9865
vn -0.0477 0.1295 0.9904
vn -0.0154 0.1716 0.9851
vn -0.5324 0.8465 -0.0004
vn -0.5327 0.8463 0
vn -0.1484 0.0882 -0.985
vn -0.2038 0.0518 -0.9776
vn -0.177 0.049 -0.983
vn -0.2196 0.0103 -0.9755
vn -0.177 0.049 -0.983
vn -0.5329 0.8462 0.0005
vn -0.5324 0.8465 -0.0004
vn -0.2539 0.0056 -0.9672
vn -0.5329 0.8462 0.0005
vn -0.2546 -0.0675 -0.9647
vn -0.5325 0.8464 -0.0003
vn -0.2196 0.0103 -0.9755
vn -0.2847 -0.0443 -0.9576
vn -0.3449 -0.0631 -0.9365
vn -0.282 -0.0503 0.9581
vn -0.2954 -0.0572 0.9537
vn -0.5327 0.8463 0
vn -0.5325 0.8464 -0.0002
vn -0.2394 0.0001 0.9709
vn -0.2394 0.0001 0.9709
vn -0.1955 0.0471 0.9796
vn -0.5325 0.8464 -0.0002
vn -0.5329 0.8462 0.0002
vn -0.197 0.041 0.9795
vn -0.2482 -0.0028 0.9687
vn -0.5326 0.8463 0
vn -0.1955 0.0471 0.9796
vn -0.5329 0.8462 0.0002
vn -0.1474 0.0996 0.984
vn -0.5325 0.8464 -0.0002
vn -0.1534 0.0659 0.986
vn -0.1534 0.0659 0.986
vn -0.1236 0.1022 0.9871
vn -0.5329 0.8462 0.0003
vn -0.5325 0.8464 -0.0002
vn 0.0416 0.2059 0.9777
vn -0.5327 0.8463 0
vn -0.0154 0.1716 0.9851
vn -0.5324 0.8465 -0.0004
vn 0.0327 0.181 0.9829
vn -0.5329 0.8462 0.0005
vn 0.0855 0.2026 0.9755
vn 0.1043 0.2311 0.9673
vn -0.5324 0.8465 -0.0004
vn 0.0327 0.181 0.9829
vn -0.5329 0.8462 0.0005
vn 0.2062 0.2838 0.9365
vn -0.5325 0.8464 -0.0003
vn 0.1635 0.2379 0.9574
vn 0.1711 0.2003 0.9647
vn 0.0855 0.2026 0.9755
vn -0.5325 0.8464 -0.0001
vn -0.5321 0.8467 -0.0004
vn 0.2577 0.2696 -0.9278
vn 0.3075 0.2788 -0.9098
vn 0.3424 0.302 -0.8897
vn -0.5326 0.8463 0
vn 0.2577 0.2696 -0.9278
vn -0.5327 0.8463 0
vn 0.2298 0.2513 -0.9402
vn 0.1793 0.2415 -0.9537
vn -0.5325 0.8464 -0.0001
vn -0.313 -0.1246 -0.9416
vn -0.4021 -0.1227 -0.9073
vn -0.5325 0.8464 -0.0003
vn -0.5328 0.8463 0.0002
vn -0.2546 -0.0675 -0.9647
vn -0.376 -0.1894 -0.9071
vn -0.4683 -0.1873 -0.8635
vn -0.5326 0.8463 -0.0001
vn -0.5328 0.8463 0.0002
vn -0.313 -0.1246 -0.9416
vn -0.376 -0.1894 -0.9071
vn -0.535 -0.2506 -0.8068
vn -0.5326 0.8463 -0.0001
vn -0.4459 -0.2565 -0.8575
vn -0.5328 0.8462 0.0003
vn -0.6477 -0.4261 -0.6316
vn -0.5325 0.8465 -0.0007
vn -0.5867 -0.3796 -0.7153
vn -0.5327 0.8463 0.0002
vn -0.6998 -0.4117 -0.5838
vn -0.6477 -0.4261 -0.6316
vn -0.5325 0.8465 -0.0007
vn -0.715 -0.4405 -0.5429
vn -0.5327 0.8463 0.0001
vn -0.5327 0.8463 0.0001
vn -0.715 -0.4405 -0.5429
vn -0.7401 -0.4667 -0.4842
vn -0.5331 0.846 0.0018
vn -0.7293 -0.4632 -0.5035
vn -0.5326 0.8463 0
vn -0.4205 -0.1777 0.8897
vn -0.5321 0.8467 -0.0004
vn -0.384 -0.1561 0.9101
vn -0.3546 -0.1157 0.9278
vn -0.5325 0.8464 -0.0001
vn -0.5325 0.8464 -0.0001
vn -0.5327 0.8463 0
vn -0.2954 -0.0572 0.9537
vn -0.3546 -0.1157 0.9278
vn -0.3259 -0.0984 0.9403
vn 0.1711 0.2003 0.9647
vn 0.2842 0.3091 0.9076
vn -0.5325 0.8464 -0.0003
vn -0.5328 0.8463 0.0002
vn 0.2476 0.2285 0.9415
vn -0.5328 0.8463 0.0002
vn -0.5326 0.8463 -0.0001
vn 0.3712 0.3411 0.8637
vn 0.2476 0.2285 0.9415
vn 0.3332 0.2573 0.9071
vn 0.4241 0.2912 0.8575
vn -0.5328 0.8462 0.0003
vn -0.5326 0.8463 -0.0001
vn 0.4575 0.3744 0.8065
vn 0.3332 0.2573 0.9071
vn -0.5327 0.8463 0.0002
vn 0.6739 0.4531 0.5835
vn 0.6643 0.3997 0.6316
vn -0.5325 0.8465 -0.0007
vn 0.5962 0.3652 0.7149
vn -0.5325 0.8465 -0.0007
vn -0.5327 0.8463 0.0001
vn 0.6643 0.3997 0.6316
vn 0.7064 0.4541 0.5429
vn 0.7328 0.4572 0.504
vn 0.7064 0.4541 0.5429
vn 0.7404 0.4653 0.4851
vn -0.5331 0.846 0.0018
vn -0.5327 0.8463 0.0001
vn 0.5616 0.3731 -0.7385
vn 0.5986 0.4009 -0.6935
vn -0.5324 0.8465 -0.0001
vn 0.5194 0.3684 -0.7711
vn -0.5329 0.8462 0.0001
vn 0.5194 0.3684 -0.7711
vn -0.5324 0.8465 -0.0001
vn -0.5331 0.8461 0.0002
vn 0.4813 0.3418 -0.8072
vn 0.4318 0.3348 -0.8375
vn -0.5321 0.8467 -0.0004
vn 0.3424 0.302 -0.8897
vn -0.5331 0.8461 0.0002
vn 0.3944 0.3101 -0.865
vn 0.4318 0.3348 -0.8375
vn -0.5194 -0.3225 -0.7914
vn -0.4459 -0.2565 -0.8575
vn -0.5326 0.8464 -0.0003
vn -0.5958 -0.3144 -0.739
vn -0.5328 0.8462 0.0003
vn -0.5326 0.8464 -0.0003
vn -0.5327 0.8463 0.0002
vn -0.6503 -0.3683 -0.6644
vn -0.5194 -0.3225 -0.7914
vn -0.5867 -0.3796 -0.7153
vn -0.5329 0.8462 0.0001
vn -0.5324 0.8465 -0.0001
vn -0.5564 -0.3088 0.7715
vn -0.6203 -0.3665 0.6935
vn -0.579 -0.345 0.7387
vn -0.4888 -0.2444 0.8374
vn -0.5324 0.8465 -0.0001
vn -0.5331 0.8461 0.0002
vn -0.5564 -0.3088 0.7715
vn -0.5167 -0.2864 0.8068
vn -0.5321 0.8467 -0.0004
vn -0.4205 -0.1777 0.8897
vn -0.4888 -0.2444 0.8374
vn -0.4505 -0.2214 0.8649
vn -0.5331 0.8461 0.0002
vn 0.7015 0.4366 -0.5632
vn 0.6873 0.432 -0.584
vn 0.7254 0.456 -0.5156
vn 0.6666 0.432 -0.6075
vn 0.7254 0.4558 -0.5159
vn -0.5325 0.8464 -0.0001
vn -0.5336 0.8457 0.0005
vn -0.5331 0.8461 0.0002
vn -0.5329 0.8462 0.0001
vn 0.6666 0.432 -0.6075
vn 0.6309 0.4032 -0.6629
vn -0.5331 0.8461 0.0002
vn 0.5986 0.4009 -0.6935
vn 0.515 0.3286 0.7917
vn 0.5408 0.4009 0.7395
vn 0.4241 0.2912 0.8575
vn -0.5326 0.8464 -0.0003
vn -0.5328 0.8462 0.0003
vn 0.515 0.3286 0.7917
vn 0.6135 0.4274 0.664
vn -0.5326 0.8464 -0.0003
vn -0.5327 0.8463 0.0002
vn 0.5962 0.3652 0.7149
vn -0.6972 -0.4436 0.5631
vn -0.7249 -0.4568 0.5156
vn -0.6781 -0.4142 0.6072
vn -0.5331 0.8461 0.0002
vn -0.7245 -0.4568 0.5162
vn -0.6871 -0.433 0.5834
vn -0.5325 0.8464 -0.0001
vn -0.5336 0.8457 0.0005
vn -0.6203 -0.3665 0.6935
vn -0.6781 -0.4142 0.6072
vn -0.6361 -0.3943 0.6632
vn -0.5329 0.8462 0.0001
vn -0.5331 0.8461 0.0002
vn 0.2668 0.1545 0.9513
vn 0.1655 0.1938 0.967
vn 0.2412 0.1383 0.9606
vn 0.185 0.2068 0.9607
vn 0.204 0.1318 0.9701
vn 0.2268 0.2161 0.9497
vn 0.1655 0.1938 0.967
vn 0.1121 0.1726 0.9786
vn 0.1795 0.1165 0.9768
vn 0.1337 0.1869 0.9732
vn 0.204 0.1318 0.9701
vn 0.1484 0.1114 0.9826
vn 0.1795 0.1165 0.9768
vn 0.204 0.1318 0.9701
vn 0.2157 0.0497 0.9752
vn 0.2412 0.1383 0.9606
vn 0.2811 0.0685 0.9572
vn 0.2413 0.0451 0.9694
vn 0.5004 -0.5586 0.6615
vn 0.4591 -0.5643 0.6861
vn 0.4136 -0.4675 0.7813
vn 0.4377 -0.5643 0.7
vn 0.5003 -0.5329 0.6824
vn 0.484 -0.4632 0.7424
vn 0.4417 -0.4541 0.7738
vn 0.484 -0.4632 0.7424
vn 0.5632 -0.5272 0.6363
vn 0.5003 -0.5329 0.6824
vn 0.5108 -0.4491 0.7331
vn 0.5486 -0.4562 0.7007
vn 0.4417 -0.4541 0.7738
vn 0.4745 -0.3259 0.8177
vn 0.5108 -0.4491 0.7331
vn 0.4024 -0.3274 0.8549
vn 0.4277 -0.3147 0.8474
vn 0.484 -0.4632 0.7424
vn 0.5406 -0.3215 0.7774
vn 0.4994 -0.3124 0.8081
vn 0.4745 -0.3259 0.8177
vn 0.5108 -0.4491 0.7331
vn 0.5738 -0.4417 0.6897
vn 0.5486 -0.4562 0.7007
vn 0.6819 -0.1387 0.7182
vn 0.6361 -0.0313 0.7709
vn 0.5761 -0.0551 0.8155
vn 0.6451 -0.1646 0.7462
vn 0.6174 -0.0275 0.7862
vn 0.6213 -0.1596 0.7671
vn 0.6361 -0.0313 0.7709
vn 0.585 -0.0659 0.8083
vn 0.7423 -0.1228 0.6587
vn 0.716 -0.0421 0.6969
vn 0.6992 -0.1424 0.7006
vn 0.7481 -0.1043 0.6553
vn 0.6819 -0.1387 0.7182
vn 0.7014 -0.0205 0.7124
vn 0.6453 -0.0007 0.7639
vn 0.6507 0.0486 0.7578
vn 0.585 -0.0659 0.8083
vn 0.6361 -0.0313 0.7709
vn 0.6099 0.0914 0.7872
vn 0.5703 0.0638 0.8189
vn 0.6174 -0.0275 0.7862
vn 0.6359 0.2099 0.7427
vn 0.6397 0.3217 0.698
vn 0.6871 0.2503 0.6821
vn 0.6058 0.2446 0.757
vn 0.6271 0.2115 0.7496
vn 0.6932 0.249 0.6764
vn 0.6929 0.3604 0.6245
vn 0.653 0.2653 0.7094
vn 0.6397 0.3217 0.698
vn 0.7398 0.2889 0.6077
vn 0.6871 0.2503 0.6821
vn 0.6201 0.5378 0.5712
vn 0.7583 0.4183 0.5
vn 0.6958 0.4514 0.5587
vn 0.7493 0.4462 0.4894
vn 0.7358 0.4577 0.4991
vn 0.7042 0.4334 0.5624
vn 0.6739 0.4531 0.5835
vn 0.7328 0.4572 0.504
vn 0.7064 0.4541 0.5429
vn 0.7358 0.4577 0.4991
vn 0.7042 0.4334 0.5624
vn 0.6882 0.4328 0.5823
vn 0.6643 0.3997 0.6316
vn 0.7342 0.4531 0.5056
vn 0.5208 0.3373 0.7842
vn 0.4241 0.2912 0.8575
vn 0.4575 0.3744 0.8065
vn 0.5408 0.4009 0.7395
vn 0.4892 0.3316 0.8067
vn 0.5645 0.3685 0.7387
vn 0.5408 0.4009 0.7395
vn 0.515 0.3286 0.7917
vn 0.6312 0.4027 0.6628
vn 0.6135 0.4274 0.664
vn 0.5645 0.3685 0.7387
vn 0.5891 0.3721 0.7173
vn 0.2458 0.2289 0.9419
vn 0.1635 0.2379 0.9574
vn 0.2268 0.2161 0.9497
vn 0.185 0.2068 0.9607
vn 0.2062 0.2838 0.9365
vn 0.2959 0.2401 0.9246
vn 0.2458 0.2289 0.9419
vn 0.2062 0.2838 0.9365
vn 0.3219 0.2579 0.911
vn 0.2842 0.3091 0.9076
vn 0.1711 0.2003 0.9647
vn -0.0162 -0.0184 0.9997
vn 0.0077 -0.0235 0.9997
vn -0.0121 0.0491 0.9987
vn -0.0495 0.0256 0.9984
vn 0.0132 0.0001 0.9999
vn 0.0009 0.0461 0.9989
vn 0.0921 0.024 0.9955
vn 0.0309 -0.01 0.9995
vn 0.0132 0.0001 0.9999
vn 0.0009 0.0461 0.9989
vn 0.0509 0.0755 0.9958
vn 0.09 -0.0035 0.9959
vn -0.042 0.0925 0.9948
vn 0.0086 0.1242 0.9922
vn 0.0009 0.0461 0.9989
vn 0.0509 0.0755 0.9958
vn 0.0444 0.0587 0.9973
vn -0.0121 0.0491 0.9987
vn 0.7773 -0.3763 0.5042
vn 0.7701 -0.4968 0.4002
vn 0.7459 -0.4531 0.4882
vn 0.7473 -0.4976 0.4404
vn 0.7459 -0.4531 0.4882
vn 0.7203 -0.4223 0.5503
vn 0.6334 -0.5162 0.5765
vn 0.6955 -0.4047 0.5937
vn 0.7085 -0.5282 0.468
vn 0.7473 -0.4976 0.4404
vn 0.7701 -0.4968 0.4002
vn 0.7142 -0.601 0.3588
vn 0.6993 -0.5421 0.466
vn 0.6983 -0.5869 0.4098
vn 0.745 -0.5757 0.3371
vn 0.7473 -0.4976 0.4404
vn 0.7703 -0.4969 0.3997
vn 0.7696 -0.5076 0.3875
vn 0.7085 -0.5282 0.468
vn 0.7142 -0.601 0.3588
vn 0.7722 -0.6134 -0.1657
vn 0.745 -0.5757 0.3371
vn 0.7052 -0.6237 0.3372
vn 0.6051 -0.4469 0.6589
vn 0.5738 -0.4417 0.6897
vn 0.5943 -0.2891 0.7505
vn 0.6275 -0.4328 0.6472
vn 0.5406 -0.3215 0.7774
vn 0.6051 -0.4469 0.6589
vn 0.6639 -0.5285 0.529
vn 0.589 -0.5568 0.5857
vn 0.5584 -0.5145 0.6508
vn 0.6235 -0.5696 0.5355
vn 0.5632 -0.5272 0.6363
vn 0.5486 -0.4562 0.7007
vn 0.5738 -0.4417 0.6897
vn 0.6051 -0.4469 0.6589
vn 0.6548 -0.436 0.6174
vn 0.6682 -0.5415 0.5102
vn 0.628 -0.5682 0.5318
vn 0.6275 -0.4328 0.6472
vn 0.6235 -0.5696 0.5355
vn 0.6635 -0.6287 0.4055
vn 0.6993 -0.5421 0.466
vn 0.6983 -0.5869 0.4098
vn 0.6682 -0.5415 0.5102
vn 0.628 -0.5682 0.5318
vn 0.5406 -0.7862 0.2993
vn 0.4763 -0.7948 0.3761
vn 0.4879 -0.8309 0.2675
vn 0.4566 -0.8214 0.3419
vn 0.5166 -0.8056 0.2901
vn 0.4039 -0.8413 0.3593
vn 0.5547 -0.7641 0.3292
vn 0.4729 -0.8321 0.2898
vn 0.5435 -0.7617 0.3528
vn 0.525 -0.7706 0.3612
vn 0.5746 -0.784 0.2348
vn 0.6082 -0.7279 0.3167
vn 0.5973 -0.731 0.3299
vn 0.5406 -0.7862 0.2993
vn 0.5435 -0.7617 0.3528
vn 0.5547 -0.7641 0.3292
vn 0.5973 -0.731 0.3299
vn 0.5977 -0.6905 0.4074
vn 0.5616 -0.7092 0.4262
vn 0.5435 -0.7617 0.3528
vn 0.5616 -0.7092 0.4262
vn 0.5284 -0.7002 0.4801
vn 0.5401 -0.6966 0.4724
vn 0.5123 -0.7564 0.4066
vn 0.5547 -0.7641 0.3292
vn 0.525 -0.7706 0.3612
vn 0.5135 -0.7077 0.4852
vn 0.4322 -0.62 0.6548
vn 0.3718 -0.6581 0.6548
vn 0.347 -0.66 0.6663
vn 0.3441 -0.5675 0.748
vn 0.4448 -0.5983 0.6665
vn 0.3629 -0.5557 0.748
vn 0.3718 -0.6581 0.6548
vn 0.4394 -0.6627 0.6065
vn 0.4322 -0.62 0.6548
vn 0.4072 -0.683 0.6063
vn 0.4923 -0.7066 0.5083
vn 0.4394 -0.6627 0.6065
vn 0.4544 -0.7237 0.5194
vn 0.4448 -0.5983 0.6665
vn 0.4767 -0.5833 0.6577
vn 0.4322 -0.62 0.6548
vn 0.4544 -0.7237 0.5194
vn 0.6118 -0.5765 0.5417
vn 0.4394 -0.6627 0.6065
vn 0.4374 -0.7083 0.554
vn 0.4072 -0.683 0.6063
vn 0.4923 -0.7066 0.5083
vn 0.5123 -0.7564 0.4066
vn 0.4544 -0.7237 0.5194
vn 0.4368 -0.7783 0.4511
vn 0.5135 -0.7077 0.4852
vn 0.6118 -0.5765 0.5417
vn 0.6118 -0.5765 0.5417
vn 0.4368 -0.7783 0.4511
vn 0.3964 -0.7712 0.4981
vn 0.5124 -0.7307 0.4511
vn 0.4374 -0.7083 0.554
vn 0.4368 -0.7783 0.4511
vn 0.5123 -0.7564 0.4066
vn 0.4039 -0.8413 0.3593
vn 0.5124 -0.7307 0.4511
vn 0.525 -0.7706 0.3612
vn 0.3536 -0.437 0.8271
vn 0.2866 -0.4042 0.8686
vn 0.1836 -0.4193 0.8891
vn 0.3398 -0.4711 0.814
vn 0.2404 -0.433 0.8687
vn 0.2778 -0.5101 0.814
vn 0.2987 -0.3469 0.8891
vn 0.241 -0.5078 0.8271
vn 0.2975 -0.2829 0.9118
vn 0.1836 -0.4193 0.8891
vn 0.2601 -0.3266 0.9087
vn 0.2866 -0.4042 0.8686
vn 0.2246 -0.3164 0.9217
vn 0.1755 -0.301 0.9374
vn 0.1836 -0.4193 0.8891
vn 0.2987 -0.3469 0.8891
vn -0.0344 -0.4197 0.907
vn 0.2975 -0.2829 0.9118
vn 0.1495 -0.1995 0.9684
vn 0.1755 -0.301 0.9374
vn 0.2246 -0.3164 0.9217
vn 0.1837 -0.209 0.9605
vn 0.1555 -0.1926 0.9689
vn 0.2975 -0.2829 0.9118
vn 0.1062 -0.2237 0.9689
vn 0.2234 -0.3085 0.9246
vn 0.1755 -0.301 0.9374
vn -0.0344 -0.4197 0.907
vn 0.1555 -0.1926 0.9689
vn 0.1555 -0.1926 0.9689
vn 0.0576 -0.1464 0.9876
vn 0.1062 -0.2237 0.9689
vn 0.1133 -0.1277 0.9853
vn 0.1495 -0.1995 0.9684
vn 0.1153 -0.2212 0.9684
vn 0.0982 -0.1209 0.9878
vn -0.062 0.0723 0.9955
vn -0.0477 0.1295 0.9904
vn -0.0714 0.074 0.9947
vn -0.0686 0.13 0.9891
vn -0.0312 0.0917 0.9953
vn -0.0834 0.1067 0.9908
vn -0.0825 0.1077 0.9908
vn 0.1635 0.2379 0.9574
vn 0.1655 0.1938 0.967
vn 0.1337 0.1869 0.9732
vn 0.1043 0.2311 0.9673
vn 0.185 0.2068 0.9607
vn 0.0855 0.2026 0.9755
vn 0.0416 0.2059 0.9777
vn 0.1043 0.2311 0.9673
vn 0.0327 0.181 0.9829
vn 0.1121 0.1726 0.9786
vn 0.0683 0.1635 0.9842
vn 0.1337 0.1869 0.9732
vn 0.0683 0.1635 0.9842
vn 0.0629 0.1561 0.9857
vn 0.0416 0.2059 0.9777
vn -0.0154 0.1716 0.9851
vn -0.0182 0.1629 0.9865
vn 0.0072 0.1202 0.9927
vn -0.0182 0.1629 0.9865
vn -0.0686 0.13 0.9891
vn 0.0072 0.1202 0.9927
vn -0.0312 0.0917 0.9953
vn 0.0086 0.1242 0.9922
vn -0.042 0.0925 0.9948
vn -0.0495 0.0256 0.9984
vn -0.0312 0.0917 0.9953
vn -0.0121 0.0491 0.9987
vn -0.0345 0.0242 0.9991
vn -0.042 0.0925 0.9948
vn -0.062 0.0723 0.9955
vn 0.2476 0.2285 0.9415
vn 0.3219 0.2579 0.911
vn 0.2842 0.3091 0.9076
vn 0.3712 0.3411 0.8637
vn 0.4065 0.2936 0.8652
vn 0.3703 0.2685 0.8893
vn 0.5962 0.3652 0.7149
vn 0.6135 0.4274 0.664
vn 0.6312 0.4027 0.6628
vn 0.6504 0.4047 0.6428
vn 0.6882 0.4328 0.5823
vn 0.6739 0.4531 0.5835
vn 0.6201 0.5378 0.5712
vn 0.6475 0.4086 0.6433
vn 0.6882 0.4328 0.5823
vn 0.7224 0.3392 0.6026
vn 0.6504 0.4047 0.6428
vn 0.7042 0.4334 0.5624
vn 0.6201 0.3285 0.7124
vn 0.5891 0.3721 0.7173
vn 0.6475 0.4086 0.6433
vn 0.6504 0.4047 0.6428
vn 0.6312 0.4027 0.6628
vn 0.6201 0.3285 0.7124
vn 0.6007 0.3712 0.7081
vn 0.5742 0.3338 0.7476
vn 0.5336 0.3199 0.7829
vn 0.5208 0.3373 0.7842
vn 0.5891 0.3721 0.7173
vn 0.5645 0.3685 0.7387
vn 0.5208 0.3373 0.7842
vn 0.5306 0.2663 0.8047
vn 0.4854 0.2473 0.8386
vn 0.5105 0.252 0.8221
vn 0.4469 0.3018 0.8422
vn 0.4892 0.3316 0.8067
vn 0.5336 0.3199 0.7829
vn 0.5384 0.2799 0.7948
vn 0.6929 0.3604 0.6245
vn 0.7044 0.31 0.6385
vn 0.7387 0.397 0.5446
vn 0.7436 0.2878 0.6035
vn 0.7843 0.3263 0.5277
vn 0.7398 0.2889 0.6077
vn 0.7488 0.3521 0.5616
vn 0.7843 0.3263 0.5277
vn 0.7869 0.3253 0.5243
vn 0.7955 0.3342 0.5055
vn 0.7984 0.4046 0.4459
vn 0.7698 0.4041 0.4941
vn 0.7387 0.397 0.5446
vn 0.8272 -0.0073 0.5619
vn 0.7573 0.0378 0.652
vn 0.8393 -0.0441 0.5418
vn 0.7946 -0.0873 0.6009
vn 0.7695 -0.0188 0.6384
vn 0.8607 -0.026 0.5084
vn 0.8687 -0.0189 0.495
vn 0.8693 -0.1448 0.4726
vn 0.9138 -0.0866 0.3968
vn 0.8438 -0.0452 0.5347
vn 0.8647 -0.1713 0.4722
vn 0.8376 -0.2001 0.5084
vn 0.8315 -0.1989 0.5187
vn 0.8393 -0.0441 0.5418
vn 0.8438 -0.0452 0.5347
vn 0.8693 -0.1448 0.4726
vn 0.7946 -0.0873 0.6009
vn 0.7978 -0.0755 0.5982
vn 0.8505 -0.2921 0.4375
vn 0.8647 -0.1713 0.4722
vn 0.8376 -0.2001 0.5084
vn 0.8968 -0.2348 0.3751
vn 0.8533 -0.281 0.4393
vn 0.8315 -0.1989 0.5187
vn 0.8376 -0.2001 0.5084
vn 0.809 -0.3068 0.5013
vn 0.8505 -0.2921 0.4375
vn 0.7957 -0.2327 0.5593
vn 0.8025 -0.3419 0.489
vn 0.7734 -0.3084 0.5538
vn 0.809 -0.3068 0.5013
vn 0.7957 -0.2327 0.5593
vn 0.7859 -0.2308 0.5736
vn 0.7606 -0.2523 0.5981
vn 0.5879 -0.1813 0.7883
vn 0.6231 -0.2798 0.7304
vn 0.5581 -0.1748 0.8112
vn 0.5737 -0.328 0.7505
vn 0.5906 -0.3189 0.7413
vn 0.6213 -0.293 0.7267
vn 0.5265 -0.1938 0.8278
vn 0.6451 -0.1646 0.7462
vn 0.6818 -0.2735 0.6785
vn 0.7015 -0.2199 0.6778
vn 0.6213 -0.1596 0.7671
vn 0.6231 -0.2798 0.7304
vn 0.5879 -0.1813 0.7883
vn 0.7364 -0.2606 0.6243
vn 0.7506 -0.2369 0.6169
vn 0.6818 -0.2735 0.6785
vn 0.6451 -0.1646 0.7462
vn 0.6819 -0.1387 0.7182
vn 0.6992 -0.1424 0.7006
vn 0.7606 -0.2523 0.5981
vn 0.6992 -0.1424 0.7006
vn 0.7481 -0.1043 0.6553
vn 0.7859 -0.2308 0.5736
vn 0.7364 -0.2606 0.6243
vn 0.4994 -0.3124 0.8081
vn 0.5406 -0.3215 0.7774
vn 0.5943 -0.2891 0.7505
vn 0.4887 -0.1852 0.8526
vn 0.5265 -0.1938 0.8278
vn 0.4589 -0.2019 0.8652
vn 0.5737 -0.328 0.7505
vn 0.336 0.1805 0.9244
vn 0.4098 0.2115 0.8873
vn 0.3219 0.2579 0.911
vn 0.2959 0.2401 0.9246
vn 0.3703 0.2685 0.8893
vn 0.3742 0.1877 0.9082
vn 0.5617 0.1746 0.8087
vn 0.5742 0.1726 0.8003
vn 0.6271 0.2115 0.7496
vn 0.5306 0.2663 0.8047
vn 0.5105 0.252 0.8221
vn 0.6058 0.2446 0.757
vn 0.5094 0.1384 0.8493
vn 0.5105 0.252 0.8221
vn 0.5617 0.1746 0.8087
vn 0.4921 0.1411 0.859
vn 0.4425 0.2178 0.8699
vn 0.4854 0.2473 0.8386
vn 0.4465 -0.088 0.8904
vn 0.5581 -0.1748 0.8112
vn 0.5265 -0.1938 0.8278
vn 0.4887 -0.1852 0.8526
vn 0.5139 -0.0734 0.8547
vn 0.4825 -0.0668 0.8733
vn 0.5879 -0.1813 0.7883
vn 0.5581 -0.1748 0.8112
vn 0.5761 -0.0551 0.8155
vn 0.6213 -0.1596 0.7671
vn 0.5139 -0.0734 0.8547
vn 0.5513 -0.05 0.8328
vn 0.5064 0.0378 0.8615
vn 0.4825 -0.0668 0.8733
vn 0.5139 -0.0734 0.8547
vn 0.4408 0.0162 0.8975
vn 0.4825 0.0421 0.8749
vn 0.5513 -0.05 0.8328
vn 0.5512 0.0672 0.8317
vn 0.5761 -0.0551 0.8155
vn 0.5064 0.0378 0.8615
vn 0.5703 0.0638 0.8189
vn 0.6174 -0.0275 0.7862
vn 0.5513 -0.05 0.8328
vn 0.5512 0.0672 0.8317
vn 0.4921 0.1411 0.859
vn 0.5064 0.0378 0.8615
vn 0.444 0.1095 0.8893
vn 0.4825 0.0421 0.8749
vn 0.5094 0.1384 0.8493
vn 0.5742 0.1726 0.8003
vn 0.5512 0.0672 0.8317
vn 0.5094 0.1384 0.8493
vn 0.5617 0.1746 0.8087
vn 0.6137 0.1064 0.7823
vn 0.6099 0.0914 0.7872
vn 0.5703 0.0638 0.8189
vn 0.7869 0.3253 0.5243
vn 0.7955 0.3342 0.5055
vn 0.915 0.3263 0.2371
vn 0.8241 0.2593 0.5036
vn 0.7843 0.3263 0.5277
vn 0.7436 0.2878 0.6035
vn 0.7839 0.218 0.5814
vn 0.8241 0.2593 0.5036
vn 0.7869 0.3253 0.5243
vn 0.8231 0.239 0.5152
vn 0.7398 0.2889 0.6077
vn 0.6932 0.249 0.6764
vn 0.7436 0.2878 0.6035
vn 0.7811 0.2007 0.5913
vn 0.735 0.178 0.6543
vn 0.7839 0.218 0.5814
vn 0.6932 0.249 0.6764
vn 0.6359 0.2099 0.7427
vn 0.6776 0.14 0.722
vn 0.735 0.178 0.6543
vn 0.7313 0.1618 0.6626
vn 0.6871 0.2503 0.6821
vn 0.6137 0.1064 0.7823
vn 0.6754 0.1323 0.7255
vn 0.6776 0.14 0.722
vn 0.5742 0.1726 0.8003
vn 0.6271 0.2115 0.7496
vn 0.6359 0.2099 0.7427
vn 0.7481 -0.1043 0.6553
vn 0.7957 -0.2327 0.5593
vn 0.8315 -0.1989 0.5187
vn 0.7423 -0.1228 0.6587
vn 0.7978 -0.0755 0.5982
vn 0.7859 -0.2308 0.5736
vn 0.7423 -0.1228 0.6587
vn 0.7946 -0.0873 0.6009
vn 0.7695 -0.0188 0.6384
vn 0.7978 -0.0755 0.5982
vn 0.7014 -0.0205 0.7124
vn 0.204 -0.0234 0.9787
vn 0.2698 -0.0108 0.9629
vn 0.1787 0.0285 0.9835
vn 0.2157 0.0497 0.9752
vn 0.2348 -0.0301 0.9716
vn 0.2413 0.0451 0.9694
vn 0.204 -0.0234 0.9787
vn 0.1723 -0.0405 0.9842
vn 0.09 -0.0035 0.9959
vn 0.1081 -0.0257 0.9938
vn 0.1188 -0.0328 0.9924
vn 0.0921 0.024 0.9955
vn 0.1787 0.0285 0.9835
vn 0.155 0.0331 0.9874
vn 0.1723 -0.0405 0.9842
vn 0.204 -0.0234 0.9787
vn 0.2348 -0.0301 0.9716
vn 0.2357 -0.1137 0.9651
vn 0.2009 -0.1051 0.9739
vn 0.2659 -0.0982 0.959
vn 0.1081 -0.0257 0.9938
vn 0.2009 -0.1051 0.9739
vn 0.1739 -0.1188 0.9776
vn 0.1456 -0.1115 0.983
vn 0.1723 -0.0405 0.9842
vn 0.2066 -0.1981 0.9582
vn 0.2357 -0.1137 0.9651
vn 0.1739 -0.1188 0.9776
vn 0.2009 -0.1051 0.9739
vn 0.2699 -0.1962 0.9427
vn 0.2446 -0.2084 0.947
vn 0.3536 -0.437 0.8271
vn 0.241 -0.5078 0.8271
vn 0.3629 -0.5557 0.748
vn 0.3441 -0.5675 0.748
vn 0.2862 -0.7817 0.5541
vn 0.3712 -0.4574 0.8081
vn 0.4767 -0.5833 0.6577
vn 0.4448 -0.5983 0.6665
vn 0.4377 -0.5643 0.7
vn 0.3629 -0.5557 0.748
vn 0.3536 -0.437 0.8271
vn 0.3398 -0.4711 0.814
vn 0.4136 -0.4675 0.7813
vn 0.2601 -0.3266 0.9087
vn 0.3292 -0.3274 0.8857
vn 0.2866 -0.4042 0.8686
vn 0.3712 -0.4574 0.8081
vn 0.3398 -0.4711 0.814
vn 0.2849 -0.3154 0.9052
vn 0.1837 -0.209 0.9605
vn 0.2066 -0.1981 0.9582
vn 0.2446 -0.2084 0.947
vn 0.2246 -0.3164 0.9217
vn 0.2849 -0.3154 0.9052
vn 0.2601 -0.3266 0.9087
vn 0.1133 -0.1277 0.9853
vn 0.1495 -0.1995 0.9684
vn 0.2066 -0.1981 0.9582
vn 0.1456 -0.1115 0.983
vn 0.1739 -0.1188 0.9776
vn 0.1837 -0.209 0.9605
vn 0.0982 -0.1209 0.9878
vn 0.0643 -0.0615 0.996
vn 0.1133 -0.1277 0.9853
vn 0.1456 -0.1115 0.983
vn 0.1188 -0.0328 0.9924
vn 0.1081 -0.0257 0.9938
vn 0.0982 -0.1209 0.9878
vn 0.0207 -0.0744 0.997
vn 0.0508 -0.0555 0.9972
vn 0.0643 -0.0615 0.996
vn 0.0576 -0.1464 0.9876
vn 0.0739 -0.1514 0.9857
vn 0.1188 -0.0328 0.9924
vn 0.0921 0.024 0.9955
vn 0.0643 -0.0615 0.996
vn 0.0309 -0.01 0.9995
vn 0.0508 -0.0555 0.9972
vn 0.0356 -0.0786 0.9963
vn -0.0162 -0.0184 0.9997
vn 0.0207 -0.0744 0.997
vn 0.0309 -0.01 0.9995
vn 0.0508 -0.0555 0.9972
vn 0.0132 0.0001 0.9999
vn 0.4097 -0.08 0.9087
vn 0.4151 -0.1915 0.8894
vn 0.3755 -0.099 0.9215
vn 0.4465 -0.088 0.8904
vn 0.4589 -0.2019 0.8652
vn 0.4887 -0.1852 0.8526
vn 0.4097 -0.08 0.9087
vn 0.3718 -0.0024 0.9283
vn 0.4408 0.0162 0.8975
vn 0.4465 -0.088 0.8904
vn 0.4825 -0.0668 0.8733
vn 0.4123 0.0216 0.9108
vn 0.444 0.1095 0.8893
vn 0.4825 0.0421 0.8749
vn 0.4209 0.1131 0.9
vn 0.4123 0.0216 0.9108
vn 0.3769 0.0855 0.9223
vn 0.4408 0.0162 0.8975
vn 0.4425 0.2178 0.8699
vn 0.3742 0.1877 0.9082
vn 0.4209 0.1131 0.9
vn 0.444 0.1095 0.8893
vn 0.4921 0.1411 0.859
vn 0.4098 0.2115 0.8873
vn 0.4425 0.2178 0.8699
vn 0.4065 0.2936 0.8652
vn 0.3703 0.2685 0.8893
vn 0.4098 0.2115 0.8873
vn 0.4854 0.2473 0.8386
vn 0.4469 0.3018 0.8422
vn 0.4469 0.3018 0.8422
vn 0.4065 0.2936 0.8652
vn 0.3712 0.3411 0.8637
vn 0.4575 0.3744 0.8065
vn 0.3332 0.2573 0.9071
vn 0.4892 0.3316 0.8067
vn 0.4994 -0.3124 0.8081
vn 0.4589 -0.2019 0.8652
vn 0.4151 -0.1915 0.8894
vn 0.4277 -0.3147 0.8474
vn 0.3875 -0.2061 0.8985
vn 0.4745 -0.3259 0.8177
vn 0.5135 -0.7077 0.4852
vn 0.4767 -0.5833 0.6577
vn 0.2862 -0.7817 0.5541
vn 0.5264 -0.5991 0.6033
vn 0.5284 -0.7002 0.4801
vn 0.4923 -0.7066 0.5083
vn 0.6548 -0.436 0.6174
vn 0.6682 -0.5415 0.5102
vn 0.6993 -0.5421 0.466
vn 0.7085 -0.5282 0.468
vn 0.6955 -0.4047 0.5937
vn 0.09 -0.0035 0.9959
vn 0.1225 0.0956 0.9879
vn 0.0995 0.0919 0.9908
vn 0.0444 0.0587 0.9973
vn 0.0509 0.0755 0.9958
vn 0.155 0.0331 0.9874
vn 0.155 0.0331 0.9874
vn 0.1484 0.1114 0.9826
vn 0.2157 0.0497 0.9752
vn 0.1787 0.0285 0.9835
vn 0.1795 0.1165 0.9768
vn 0.1225 0.0956 0.9879
vn 0.0683 0.1635 0.9842
vn 0.1484 0.1114 0.9826
vn 0.0995 0.0919 0.9908
vn 0.1121 0.1726 0.9786
vn 0.1225 0.0956 0.9879
vn 0.0629 0.1561 0.9857
vn 0.0444 0.0587 0.9973
vn 0.0995 0.0919 0.9908
vn 0.0629 0.1561 0.9857
vn 0.0072 0.1202 0.9927
vn 0.0086 0.1242 0.9922
vn 0.3073 0.1619 0.9377
vn 0.2959 0.2401 0.9246
vn 0.2668 0.1545 0.9513
vn 0.2458 0.2289 0.9419
vn 0.2268 0.2161 0.9497
vn 0.336 0.1805 0.9244
vn 0.3507 0.0896 0.9322
vn 0.336 0.1805 0.9244
vn 0.3073 0.1619 0.9377
vn 0.3769 0.0855 0.9223
vn 0.4209 0.1131 0.9
vn 0.3742 0.1877 0.9082
vn 0.2668 0.1545 0.9513
vn 0.3507 0.0896 0.9322
vn 0.2412 0.1383 0.9606
vn 0.3082 0.0639 0.9492
vn 0.3073 0.1619 0.9377
vn 0.2811 0.0685 0.9572
vn 0.4123 0.0216 0.9108
vn 0.3718 -0.0024 0.9283
vn 0.3082 0.0639 0.9492
vn 0.3769 0.0855 0.9223
vn 0.3507 0.0896 0.9322
vn 0.3402 0.0038 0.9404
vn 0.3082 0.0639 0.9492
vn 0.3025 -0.0176 0.953
vn 0.2698 -0.0108 0.9629
vn 0.2811 0.0685 0.9572
vn 0.3402 0.0038 0.9404
vn 0.2413 0.0451 0.9694
vn 0.3718 -0.0024 0.9283
vn 0.4097 -0.08 0.9087
vn 0.3755 -0.099 0.9215
vn 0.3368 -0.0901 0.9373
vn 0.3402 0.0038 0.9404
vn 0.3025 -0.0176 0.953
vn 0.2698 -0.0108 0.9629
vn 0.3368 -0.0901 0.9373
vn 0.3025 -0.0176 0.953
vn 0.3044 -0.1074 0.9465
vn 0.2659 -0.0982 0.959
vn 0.2348 -0.0301 0.9716
vn 0.3044 -0.1074 0.9465
vn 0.3368 -0.0901 0.9373
vn 0.341 -0.1945 0.9197
vn 0.3755 -0.099 0.9215
vn 0.3875 -0.2061 0.8985
vn 0.4151 -0.1915 0.8894
vn 0.3146 -0.2078 0.9262
vn 0.341 -0.1945 0.9197
vn 0.2699 -0.1962 0.9427
vn 0.2357 -0.1137 0.9651
vn 0.2659 -0.0982 0.959
vn 0.3044 -0.1074 0.9465
vn 0.3146 -0.2078 0.9262
vn 0.4024 -0.3274 0.8549
vn 0.4277 -0.3147 0.8474
vn 0.3547 -0.3153 0.8802
vn 0.341 -0.1945 0.9197
vn 0.3875 -0.2061 0.8985
vn 0.2849 -0.3154 0.9052
vn 0.3146 -0.2078 0.9262
vn 0.3547 -0.3153 0.8802
vn 0.2699 -0.1962 0.9427
vn 0.3292 -0.3274 0.8857
vn 0.2446 -0.2084 0.947
vn 0.4417 -0.4541 0.7738
vn 0.4024 -0.3274 0.8549
vn 0.4136 -0.4675 0.7813
vn 0.3547 -0.3153 0.8802
vn 0.3712 -0.4574 0.8081
vn 0.3292 -0.3274 0.8857
vn -0.05 -0.0646 0.9967
vn -0.0469 -0.0906 0.9948
vn -0.0255 -0.1168 0.9928
vn 0.0077 -0.0235 0.9997
vn -0.0162 -0.1171 0.993
vn -0.0162 -0.0184 0.9997
vn 0.0356 -0.0786 0.9963
vn -0.0345 0.0242 0.9991
vn 0.0077 -0.0235 0.9997
vn -0.05 -0.0646 0.9967
vn -0.0734 -0.0019 0.9973
vn -0.0699 -0.0392 0.9968
vn -0.0495 0.0256 0.9984
vn -0.1278 -0.1354 0.9825
vn -0.1418 -0.1163 0.983
vn -0.05 -0.0646 0.9967
vn -0.0699 -0.0392 0.9968
vn -0.1125 -0.1364 0.9843
vn -0.1436 -0.0885 0.9857
vn -0.0469 -0.0906 0.9948
vn -0.2216 -0.1046 0.9695
vn -0.2422 -0.165 0.9561
vn -0.2527 -0.0555 0.966
vn -0.3006 -0.0977 0.9487
vn -0.2615 -0.1626 0.9514
vn -0.22 -0.05 0.9742
vn -0.2615 -0.1626 0.9514
vn -0.3537 -0.1466 0.9238
vn -0.3006 -0.0977 0.9487
vn -0.3232 -0.1998 0.925
vn -0.2585 -0.0911 0.9617
vn -0.263 -0.2313 0.9366
vn -0.2422 -0.165 0.9561
vn -0.2414 -0.1662 0.9561
vn -0.3463 -0.2652 0.8999
vn -0.3237 -0.2687 0.9072
vn -0.3232 -0.1998 0.925
vn -0.2615 -0.1626 0.9514
vn -0.3537 -0.1466 0.9238
vn -0.3941 -0.2934 0.871
vn -0.3032 -0.1393 0.9427
vn -0.4111 -0.2014 0.8891
vn -0.3463 -0.2652 0.8999
vn -0.3613 -0.2894 0.8864
vn -0.3232 -0.1998 0.925
vn -0.1839 -0.6821 0.7078
vn -0.1127 -0.642 0.7583
vn -0.2106 -0.5294 0.8218
vn -0.1602 -0.6847 0.711
vn -0.2556 -0.5761 0.7764
vn -0.1821 -0.5326 0.8265
vn -0.2556 -0.5761 0.7764
vn -0.1936 -0.5559 0.8084
vn -0.2109 -0.7224 0.6585
vn -0.1602 -0.6847 0.711
vn -0.2293 -0.7197 0.6553
vn -0.2696 -0.6597 0.7015
vn -0.2333 -0.5794 0.781
vn -0.1245 -0.8141 0.5672
vn -0.1602 -0.6847 0.711
vn -0.1419 -0.8125 0.5654
vn -0.2293 -0.7197 0.6553
vn -0.1839 -0.6821 0.7078
vn -0.0759 -0.7833 0.617
vn -0.0707 -0.7798 0.622
vn 0.121 -0.5439 0.8304
vn -0.0036 -0.4152 0.9097
vn 0.0347 -0.6063 0.7945
vn 0.0868 -0.605 0.7915
vn 0.0493 -0.415 0.9085
vn -0.0366 -0.4786 0.8773
vn -0.0036 -0.4152 0.9097
vn 0.0306 -0.3512 0.9358
vn 0.121 -0.5439 0.8304
vn 0.1535 -0.4788 0.8644
vn 0.0659 -0.5462 0.8351
vn 0.0805 -0.3504 0.9331
vn 0.0805 -0.3504 0.9331
vn -0.0036 -0.4152 0.9097
vn -0.015 -0.244 0.9697
vn 0.0231 -0.2445 0.9694
vn 0.0493 -0.415 0.9085
vn -0.0519 -0.3011 0.9522
vn 0.4345 -0.7544 0.492
vn 0.4061 -0.7638 0.5017
vn 0.4093 -0.7745 0.4823
vn 0.3848 -0.808 0.4461
vn 0.4763 -0.7948 0.3761
vn 0.4566 -0.8214 0.3419
vn 0.4398 -0.8282 0.3474
vn 0.3964 -0.7712 0.4981
vn 0.4763 -0.7948 0.3761
vn 0.5124 -0.7307 0.4511
vn 0.4061 -0.7638 0.5017
vn 0.4039 -0.8413 0.3593
vn 0.4374 -0.7083 0.554
vn 0.4072 -0.683 0.6063
vn 0.3718 -0.6581 0.6548
vn 0.347 -0.66 0.6663
vn 0.4345 -0.7544 0.492
vn 0.3964 -0.7712 0.4981
vn 0.4061 -0.7638 0.5017
vn 0.3646 -0.7125 0.5995
vn 0.3754 -0.6356 0.6746
vn 0.1062 -0.2237 0.9689
vn 0.2234 -0.3085 0.9246
vn 0.1091 -0.256 0.9605
vn 0.165 -0.3588 0.9187
vn 0.1153 -0.2212 0.9684
vn 0.2045 -0.3562 0.9118
vn 0.1316 -0.4175 0.8991
vn 0.1818 -0.4142 0.8918
vn 0.1091 -0.256 0.9605
vn 0.2045 -0.3562 0.9118
vn 0.0645 -0.2918 0.9543
vn 0.2045 -0.3562 0.9118
vn 0.1316 -0.4175 0.8991
vn 0.2219 -0.5573 0.8001
vn 0.2778 -0.5101 0.814
vn 0.2718 -0.5508 0.7892
vn 0.2404 -0.433 0.8687
vn 0.165 -0.3588 0.9187
vn -0.631 -0.4034 0.6627
vn -0.6781 -0.4142 0.6072
vn -0.6871 -0.433 0.5834
vn -0.6361 -0.3943 0.6632
vn -0.6361 -0.3943 0.6632
vn -0.579 -0.345 0.7387
vn -0.6203 -0.3665 0.6935
vn -0.631 -0.4034 0.6627
vn -0.6507 -0.4026 0.6438
vn -0.5709 -0.3596 0.7381
vn 0.2384 -0.8877 0.394
vn 0.1667 -0.8545 0.4919
vn 0.2247 -0.8221 0.5231
vn 0.2847 -0.8575 0.4286
vn 0.1984 -0.8931 0.4037
vn 0.401 -0.6963 0.5953
vn 0.3127 -0.7583 0.5721
vn 0.4093 -0.7745 0.4823
vn 0.4345 -0.7544 0.492
vn 0.3646 -0.7125 0.5995
vn 0.2489 -0.7536 0.6084
vn 0.2038 -0.6706 0.7133
vn 0.1239 -0.7255 0.677
vn 0.2303 -0.7346 0.6382
vn 0.1544 -0.6756 0.7209
vn 0.2113 -0.8154 0.539
vn 0.2372 -0.8048 0.5441
vn 0.2884 -0.6993 0.6541
vn 0.2751 -0.6641 0.6952
vn 0.2303 -0.7346 0.6382
vn 0.1544 -0.6756 0.7209
vn 0.1874 -0.6186 0.763
vn 0.239 -0.6125 0.7535
vn 0.1252 -0.889 0.4404
vn 0.1145 -0.9094 0.3999
vn 0.0694 -0.8591 0.5071
vn -0.0437 -0.8552 0.5165
vn 0.1084 -0.91 0.4001
vn 0.2374 -0.8563 0.4586
vn 0.1667 -0.8545 0.4919
vn 0.1697 -0.8672 0.4681
vn 0.1252 -0.889 0.4404
vn 0.1145 -0.9094 0.3999
vn 0.1244 -0.9133 0.3878
vn 0.197 -0.9207 0.3369
vn 0.2384 -0.8877 0.394
vn 0.2266 -0.9071 0.3547
vn 0.2266 -0.9071 0.3547
vn 0.2551 -0.9121 0.3209
vn 0.2539 -0.9282 0.272
vn 0.197 -0.9207 0.3369
vn 0.1889 -0.8931 0.4084
vn 0.0694 -0.8591 0.5071
vn 0.1252 -0.889 0.4404
vn 0.0706 -0.8069 0.5865
vn 0.1697 -0.8672 0.4681
vn 0.0534 -0.8366 0.5451
vn 0.157 -0.801 0.5777
vn 0.1408 -0.7611 0.6332
vn 0.0706 -0.8069 0.5865
vn 0.1697 -0.8672 0.4681
vn 0.2374 -0.8563 0.4586
vn 0.1093 -0.7787 0.6178
vn -0.0176 -0.6829 0.7303
vn -0.0263 -0.5402 0.8411
vn 0.0144 -0.6841 0.7293
vn 0.0483 -0.6599 0.7498
vn -0.0712 -0.5387 0.8395
vn -0.0291 -0.6791 0.7335
vn -0.1059 -0.5926 0.7985
vn -0.2348 -0.854 0.4642
vn -0.3257 -0.7788 0.5361
vn -0.2244 -0.8549 0.4677
vn -0.2646 -0.7542 0.6009
vn -0.1758 -0.8394 0.5143
vn -0.3255 -0.7768 0.5391
vn -0.2775 -0.7518 0.5981
vn -0.1758 -0.8394 0.5143
vn -0.1863 -0.838 0.5128
vn -0.1111 -0.8889 0.4443
vn -0.2244 -0.8549 0.4677
vn -0.1495 -0.9049 0.3984
vn -0.1071 -0.8939 0.4354
vn -0.2348 -0.854 0.4642
vn -0.3257 -0.7788 0.5361
vn -0.3674 -0.7952 0.4824
vn -0.2624 -0.8704 0.4166
vn -0.3255 -0.7768 0.5391
vn -0.3451 -0.6685 0.6589
vn -0.2646 -0.7542 0.6009
vn -0.3648 -0.7394 0.5659
vn -0.2646 -0.7542 0.6009
vn -0.2696 -0.6597 0.7015
vn -0.2775 -0.7518 0.5981
vn -0.2109 -0.7224 0.6585
vn -0.3234 -0.6966 0.6405
vn -0.2785 -0.655 0.7024
vn -0.3451 -0.6685 0.6589
vn -0.3452 -0.3998 0.8491
vn -0.4005 -0.4313 0.8084
vn -0.2992 -0.468 0.8316
vn -0.3472 -0.5106 0.7866
vn -0.3042 -0.4863 0.8191
vn -0.3609 -0.5079 0.7822
vn -0.4039 -0.443 0.8004
vn -0.4039 -0.443 0.8004
vn -0.4619 -0.4739 0.7497
vn -0.4643 -0.4826 0.7427
vn -0.4151 -0.5562 0.7199
vn -0.3609 -0.5079 0.7822
vn -0.4151 -0.5562 0.7199
vn -0.5243 -0.5167 0.6768
vn -0.4149 -0.5478 0.7264
vn -0.4704 -0.5961 0.6507
vn -0.4643 -0.4826 0.7427
vn -0.523 -0.5114 0.6819
vn -0.5243 -0.5167 0.6768
vn -0.4704 -0.5961 0.6507
vn -0.5258 -0.6263 0.5756
vn -0.47 -0.5784 0.6668
vn -0.5806 -0.5415 0.608
vn -0.5815 -0.5462 0.603
vn -0.5258 -0.6263 0.5756
vn -0.5815 -0.5462 0.603
vn -0.6334 -0.566 0.5277
vn -0.566 -0.6381 0.522
vn -0.526 -0.6021 0.6007
vn -0.5912 -0.6295 0.5042
vn -0.6337 -0.5688 0.5244
vn -0.6455 -0.5728 0.5053
vn -0.5912 -0.6295 0.5042
vn -0.69 -0.6844 0.2358
vn -0.5976 -0.6355 0.4889
vn -0.6337 -0.5688 0.5244
vn -0.6334 -0.566 0.5277
vn -0.6337 -0.5688 0.5244
vn -0.6455 -0.5728 0.5053
vn -0.7104 -0.5451 0.4452
vn -0.6946 -0.5142 0.5031
vn -0.6605 -0.5233 0.5384
vn -0.6334 -0.566 0.5277
vn -0.6605 -0.5233 0.5384
vn -0.5806 -0.5415 0.608
vn -0.6277 -0.463 0.6257
vn -0.5815 -0.5462 0.603
vn -0.6277 -0.463 0.6257
vn -0.523 -0.5114 0.6819
vn -0.5806 -0.5415 0.608
vn -0.5243 -0.5167 0.6768
vn -0.5052 -0.4863 0.7129
vn -0.5859 -0.4633 0.6649
vn -0.6219 -0.5373 0.5698
vn -0.5674 -0.4369 0.698
vn -0.4643 -0.4826 0.7427
vn -0.523 -0.5114 0.6819
vn -0.4619 -0.4739 0.7497
vn -0.4829 -0.4397 0.7572
vn -0.5674 -0.4369 0.698
vn -0.4829 -0.4397 0.7572
vn -0.4791 -0.3685 0.7966
vn -0.4619 -0.4739 0.7497
vn -0.4679 -0.3518 0.8107
vn -0.4039 -0.443 0.8004
vn -0.4005 -0.4313 0.8084
vn -0.4273 -0.3399 0.8378
vn -0.4535 -0.3422 0.823
vn -0.629 -0.4421 0.6394
vn -0.6507 -0.4026 0.6438
vn -0.5792 -0.3672 0.7278
vn -0.5709 -0.3596 0.7381
vn -0.5958 -0.3601 0.7179
vn -0.5747 -0.3994 0.7143
vn -0.6972 -0.4436 0.5631
vn -0.762 -0.3037 0.572
vn -0.6871 -0.433 0.5834
vn -0.631 -0.4034 0.6627
vn -0.629 -0.4421 0.6394
vn -0.6507 -0.4026 0.6438
vn -0.6555 -0.3458 0.6714
vn -0.6608 -0.4556 0.5964
vn -0.7292 -0.4725 0.4949
vn -0.7249 -0.4568 0.5156
vn -0.7303 -0.4685 0.4972
vn -0.6972 -0.4436 0.5631
vn -0.762 -0.3037 0.572
vn -0.6776 -0.4897 0.5487
vn -0.579 -0.345 0.7387
vn -0.5167 -0.2864 0.8068
vn -0.5041 -0.3096 0.8063
vn -0.5958 -0.3601 0.7179
vn -0.5709 -0.3596 0.7381
vn -0.5564 -0.3088 0.7715
vn -0.4329 -0.254 0.8649
vn -0.4505 -0.2214 0.8649
vn -0.4888 -0.2444 0.8374
vn -0.5167 -0.2864 0.8068
vn -0.5041 -0.3096 0.8063
vn -0.5358 -0.3117 0.7847
vn -0.4205 -0.1777 0.8897
vn -0.4505 -0.2214 0.8649
vn -0.4728 -0.258 0.8426
vn -0.384 -0.1561 0.9101
vn -0.4329 -0.254 0.8649
vn -0.3626 -0.1953 0.9113
vn -0.4111 -0.2014 0.8891
vn -0.3259 -0.0984 0.9403
vn -0.3546 -0.1157 0.9278
vn -0.384 -0.1561 0.9101
vn -0.3032 -0.1393 0.9427
vn -0.3626 -0.1953 0.9113
vn -0.2954 -0.0572 0.9537
vn -0.3032 -0.1393 0.9427
vn -0.3537 -0.1466 0.9238
vn -0.2585 -0.0911 0.9617
vn -0.282 -0.0503 0.9581
vn -0.3259 -0.0984 0.9403
vn -0.282 -0.0503 0.9581
vn -0.2394 0.0001 0.9709
vn -0.2585 -0.0911 0.9617
vn -0.3006 -0.0977 0.9487
vn -0.22 -0.05 0.9742
vn -0.2482 -0.0028 0.9687
vn -0.1681 -0.0049 0.9858
vn -0.197 0.041 0.9795
vn -0.22 -0.05 0.9742
vn -0.2527 -0.0555 0.966
vn -0.2482 -0.0028 0.9687
vn -0.197 0.041 0.9795
vn -0.1955 0.0471 0.9796
vn -0.1474 0.0996 0.984
vn -0.1114 0.0455 0.9927
vn -0.1681 -0.0049 0.9858
vn -0.1894 -0.0026 0.9819
vn -0.0714 0.074 0.9947
vn -0.1474 0.0996 0.984
vn -0.1534 0.0659 0.986
vn -0.1236 0.1022 0.9871
vn -0.0834 0.1067 0.9908
vn -0.1158 0.0459 0.9922
vn -0.1114 0.0455 0.9927
vn 0.0645 -0.2918 0.9543
vn 0.0576 -0.1464 0.9876
vn 0.019 -0.1938 0.9809
vn 0.0739 -0.1514 0.9857
vn 0.1091 -0.256 0.9605
vn 0.1153 -0.2212 0.9684
vn 0.1066 -0.2909 0.9508
vn 0.0739 -0.1514 0.9857
vn 0.0207 -0.0744 0.997
vn 0.0356 -0.0786 0.9963
vn -0.0162 -0.1171 0.993
vn 0.0501 -0.194 0.9797
vn 0.019 -0.1938 0.9809
vn 0.2404 -0.433 0.8687
vn -0.0344 -0.4197 0.907
vn 0.165 -0.3588 0.9187
vn 0.2987 -0.3469 0.8891
vn 0.2234 -0.3085 0.9246
vn 0.3192 -0.639 0.6998
vn 0.3754 -0.6356 0.6746
vn 0.2219 -0.5573 0.8001
vn 0.2778 -0.5101 0.814
vn 0.241 -0.5078 0.8271
vn 0.347 -0.66 0.6663
vn 0.3441 -0.5675 0.748
vn 0.4398 -0.8282 0.3474
vn 0.3848 -0.808 0.4461
vn 0.4034 -0.7992 0.4455
vn 0.3639 -0.8488 0.3835
vn 0.4167 -0.8551 0.3087
vn 0.3873 -0.8633 0.3237
vn 0.3873 -0.8633 0.3237
vn 0.4398 -0.8282 0.3474
vn 0.4078 -0.8671 0.2862
vn 0.4879 -0.8309 0.2675
vn 0.4566 -0.8214 0.3419
vn -0.0875 -0.2087 0.9741
vn -0.0381 -0.1728 0.9842
vn -0.0096 -0.302 0.9533
vn -0.0519 -0.3011 0.9522
vn 0.0231 -0.2445 0.9694
vn -0.1285 -0.2633 0.9561
vn -0.054 -0.2101 0.9762
vn -0.0875 -0.2087 0.9741
vn -0.0475 -0.3628 0.9306
vn -0.0901 -0.3612 0.9281
vn -0.0096 -0.302 0.9533
vn -0.0519 -0.3011 0.9522
vn -0.0096 -0.302 0.9533
vn 0.0493 -0.415 0.9085
vn -0.0366 -0.4786 0.8773
vn 0.0135 -0.4792 0.8776
vn -0.0901 -0.3612 0.9281
vn -0.1299 -0.421 0.8977
vn -0.0475 -0.3628 0.9306
vn -0.0263 -0.5402 0.8411
vn -0.0901 -0.3612 0.9281
vn 0.0135 -0.4792 0.8776
vn -0.0712 -0.5387 0.8395
vn -0.0366 -0.4786 0.8773
vn 0.0026 -0.6617 0.7498
vn 0.0868 -0.605 0.7915
vn 0.0135 -0.4792 0.8776
vn 0.0483 -0.6599 0.7498
vn -0.0712 -0.5387 0.8395
vn 0.1544 -0.6756 0.7209
vn 0.239 -0.6125 0.7535
vn 0.0659 -0.5462 0.8351
vn 0.0982 -0.4819 0.8707
vn 0.2038 -0.6706 0.7133
vn 0.1535 -0.4788 0.8644
vn 0.1668 -0.7219 0.6716
vn 0.2038 -0.6706 0.7133
vn 0.0659 -0.5462 0.8351
vn 0.121 -0.5439 0.8304
vn 0.0347 -0.6063 0.7945
vn 0.1239 -0.7255 0.677
vn 0.1179 -0.7535 0.6468
vn 0.1668 -0.7219 0.6716
vn 0.0347 -0.6063 0.7945
vn 0.0026 -0.6617 0.7498
vn 0.0868 -0.605 0.7915
vn -0.0889 -0.4235 0.9015
vn -0.0475 -0.3628 0.9306
vn -0.1714 -0.3193 0.932
vn -0.0936 -0.2653 0.9596
vn -0.1285 -0.2633 0.9561
vn -0.1299 -0.421 0.8977
vn -0.2167 -0.3748 0.9014
vn -0.1714 -0.3193 0.932
vn -0.17 -0.478 0.8618
vn -0.1345 -0.4811 0.8663
vn -0.0889 -0.4235 0.9015
vn -0.1378 -0.322 0.9367
vn -0.1299 -0.421 0.8977
vn -0.0263 -0.5402 0.8411
vn -0.1059 -0.5926 0.7985
vn -0.17 -0.478 0.8618
vn -0.0889 -0.4235 0.9015
vn -0.0691 -0.5948 0.8009
vn -0.2106 -0.5294 0.8218
vn -0.0691 -0.5948 0.8009
vn -0.17 -0.478 0.8618
vn -0.1423 -0.6396 0.7554
vn -0.1127 -0.642 0.7583
vn -0.1345 -0.4811 0.8663
vn -0.0712 -0.7115 0.6991
vn -0.0176 -0.6829 0.7303
vn -0.1059 -0.5926 0.7985
vn -0.1423 -0.6396 0.7554
vn -0.0691 -0.5948 0.8009
vn -0.1423 -0.6396 0.7554
vn -0.1127 -0.642 0.7583
vn -0.1839 -0.6821 0.7078
vn -0.1195 -0.7838 0.6094
vn -0.0623 -0.7467 0.6622
vn -0.0712 -0.7115 0.6991
vn -0.0759 -0.7833 0.617
vn 0.2374 -0.8563 0.4586
vn 0.1668 -0.7219 0.6716
vn 0.1239 -0.7255 0.677
vn 0.1179 -0.7535 0.6468
vn 0.1093 -0.7787 0.6178
vn 0.1667 -0.8545 0.4919
vn 0.2247 -0.8221 0.5231
vn 0.2372 -0.8048 0.5441
vn -0.1936 -0.5559 0.8084
vn -0.3332 -0.5473 0.7678
vn -0.3472 -0.5106 0.7866
vn -0.2333 -0.5794 0.781
vn -0.3042 -0.4863 0.8191
vn -0.2968 -0.5881 0.7524
vn -0.2992 -0.468 0.8316
vn -0.2333 -0.5794 0.781
vn -0.2556 -0.5761 0.7764
vn -0.1821 -0.5326 0.8265
vn -0.3042 -0.4863 0.8191
vn -0.2532 -0.4402 0.8614
vn -0.1862 -0.3779 0.9069
vn -0.1821 -0.5326 0.8265
vn -0.1345 -0.4811 0.8663
vn -0.2106 -0.5294 0.8218
vn -0.2467 -0.4168 0.8749
vn -0.2532 -0.4402 0.8614
vn -0.2167 -0.3748 0.9014
vn -0.1863 -0.838 0.5128
vn -0.1758 -0.8394 0.5143
vn -0.2775 -0.7518 0.5981
vn -0.1245 -0.8141 0.5672
vn -0.2293 -0.7197 0.6553
vn -0.2109 -0.7224 0.6585
vn -0.1419 -0.8125 0.5654
vn -0.1245 -0.8141 0.5672
vn -0.1863 -0.838 0.5128
vn -0.0735 -0.8624 0.5008
vn -0.1111 -0.8889 0.4443
vn -0.1419 -0.8125 0.5654
vn -0.0707 -0.7798 0.622
vn -0.0414 -0.871 0.4895
vn -0.0735 -0.8624 0.5008
vn -0.3237 -0.2687 0.9072
vn -0.2842 -0.3309 0.8999
vn -0.263 -0.2313 0.9366
vn -0.2224 -0.2918 0.9303
vn -0.3237 -0.2687 0.9072
vn -0.3463 -0.2652 0.8999
vn -0.2842 -0.3309 0.8999
vn -0.2909 -0.3529 0.8893
vn -0.3941 -0.2934 0.871
vn -0.34 -0.3825 0.8592
vn -0.4535 -0.3422 0.823
vn -0.3941 -0.2934 0.871
vn -0.34 -0.3825 0.8592
vn -0.3452 -0.3998 0.8491
vn -0.4005 -0.4313 0.8084
vn -0.3613 -0.2894 0.8864
vn -0.4273 -0.3399 0.8378
vn -0.3613 -0.2894 0.8864
vn -0.3626 -0.1953 0.9113
vn -0.4111 -0.2014 0.8891
vn -0.4535 -0.3422 0.823
vn -0.4728 -0.258 0.8426
vn -0.4791 -0.3685 0.7966
vn -0.4728 -0.258 0.8426
vn -0.4329 -0.254 0.8649
vn -0.5358 -0.3117 0.7847
vn -0.4273 -0.3399 0.8378
vn -0.5193 -0.3428 0.7828
vn -0.5958 -0.3601 0.7179
vn -0.5747 -0.3994 0.7143
vn -0.5358 -0.3117 0.7847
vn -0.5041 -0.3096 0.8063
vn -0.5193 -0.3428 0.7828
vn -0.0345 0.0242 0.9991
vn -0.0734 -0.0019 0.9973
vn -0.0714 0.074 0.9947
vn -0.0848 0.0029 0.9964
vn -0.062 0.0723 0.9955
vn -0.1158 0.0459 0.9922
vn -0.1603 -0.0456 0.986
vn -0.1114 0.0455 0.9927
vn -0.1894 -0.0026 0.9819
vn -0.0848 0.0029 0.9964
vn -0.1158 0.0459 0.9922
vn -0.1436 -0.0885 0.9857
vn -0.0734 -0.0019 0.9973
vn -0.0848 0.0029 0.9964
vn -0.0699 -0.0392 0.9968
vn -0.1596 -0.0659 0.985
vn -0.1603 -0.0456 0.986
vn -0.2527 -0.0555 0.966
vn -0.1681 -0.0049 0.9858
vn -0.1596 -0.0659 0.985
vn -0.1603 -0.0456 0.986
vn -0.1894 -0.0026 0.9819
vn -0.2216 -0.1046 0.9695
vn -0.1418 -0.1163 0.983
vn -0.1436 -0.0885 0.9857
vn -0.2414 -0.1662 0.9561
vn -0.2422 -0.165 0.9561
vn -0.2216 -0.1046 0.9695
vn -0.2219 -0.1682 0.9604
vn -0.1596 -0.0659 0.985
vn -0.2013 -0.2358 0.9507
vn -0.2219 -0.1682 0.9604
vn -0.173 -0.2384 0.9556
vn -0.1278 -0.1354 0.9825
vn -0.1452 -0.1982 0.9693
vn -0.1418 -0.1163 0.983
vn -0.2219 -0.1682 0.9604
vn -0.173 -0.2384 0.9556
vn -0.2498 -0.2886 0.9243
vn -0.2224 -0.2918 0.9303
vn -0.263 -0.2313 0.9366
vn -0.2414 -0.1662 0.9561
vn -0.2013 -0.2358 0.9507
vn -0.1862 -0.3779 0.9069
vn -0.2167 -0.3748 0.9014
vn -0.1378 -0.322 0.9367
vn -0.2498 -0.2886 0.9243
vn -0.173 -0.2384 0.9556
vn -0.2467 -0.4168 0.8749
vn -0.1862 -0.3779 0.9069
vn -0.2498 -0.2886 0.9243
vn -0.2224 -0.2918 0.9303
vn -0.2842 -0.3309 0.8999
vn -0.2909 -0.3529 0.8893
vn -0.2909 -0.3529 0.8893
vn -0.34 -0.3825 0.8592
vn -0.3452 -0.3998 0.8491
vn -0.2467 -0.4168 0.8749
vn -0.2532 -0.4402 0.8614
vn -0.2992 -0.468 0.8316
vn 0.2219 -0.5573 0.8001
vn 0.2718 -0.5508 0.7892
vn 0.2884 -0.6993 0.6541
vn 0.3192 -0.639 0.6998
vn 0.1874 -0.6186 0.763
vn 0.1874 -0.6186 0.763
vn 0.239 -0.6125 0.7535
vn 0.1818 -0.4142 0.8918
vn 0.2718 -0.5508 0.7892
vn 0.1316 -0.4175 0.8991
vn 0.0982 -0.4819 0.8707
vn 0.0982 -0.4819 0.8707
vn 0.1535 -0.4788 0.8644
vn 0.1066 -0.2909 0.9508
vn 0.0306 -0.3512 0.9358
vn 0.0645 -0.2918 0.9543
vn 0.1818 -0.4142 0.8918
vn 0.0501 -0.194 0.9797
vn 0.0306 -0.3512 0.9358
vn 0.019 -0.1938 0.9809
vn 0.0805 -0.3504 0.9331
vn 0.1066 -0.2909 0.9508
vn -0.015 -0.244 0.9697
vn -0.0255 -0.1168 0.9928
vn -0.0381 -0.1728 0.9842
vn -0.015 -0.244 0.9697
vn 0.0501 -0.194 0.9797
vn 0.0231 -0.2445 0.9694
vn -0.0162 -0.1171 0.993
vn -0.0255 -0.1168 0.9928
vn -0.0469 -0.0906 0.9948
vn -0.1125 -0.1364 0.9843
vn -0.054 -0.2101 0.9762
vn -0.0381 -0.1728 0.9842
vn -0.0875 -0.2087 0.9741
vn -0.0936 -0.2653 0.9596
vn -0.1285 -0.2633 0.9561
vn -0.1125 -0.1364 0.9843
vn -0.1278 -0.1354 0.9825
vn -0.054 -0.2101 0.9762
vn -0.1452 -0.1982 0.9693
vn -0.1714 -0.3193 0.932
vn -0.1452 -0.1982 0.9693
vn -0.1378 -0.322 0.9367
vn -0.0936 -0.2653 0.9596
vn -0.2013 -0.2358 0.9507
vn 0.1017 0.003 -0.9948
vn 0.0474 -0.0704 -0.9964
vn 0.1121 -0.0364 -0.993
vn 0.0241 0.0216 -0.9995
vn 0.0094 -0.0224 -0.9997
vn 0.0801 0.0167 -0.9966
vn 0.1159 -0.0276 -0.9929
vn 0.0655 0.0461 -0.9968
vn 0.0801 0.0167 -0.9966
vn 0.0094 -0.0224 -0.9997
vn -0.0143 0.0372 -0.9992
vn 0.0335 0.0653 -0.9973
vn 0.0004 0.0688 -0.9976
vn 0.1717 0.0426 -0.9842
vn 0.0801 0.0167 -0.9966
vn 0.1663 0.0775 -0.983
vn 0.0655 0.0461 -0.9968
vn 0.1017 0.003 -0.9948
vn 0.1418 0.0912 -0.9857
vn 0.1774 0.0566 -0.9825
vn 0.254 0.1469 -0.956
vn 0.26 0.1651 -0.9514
vn 0.1592 0.2037 -0.966
vn 0.218 0.2291 -0.9487
vn 0.1407 0.1774 -0.974
vn 0.1901 0.1545 -0.9695
vn 0.1934 0.1933 -0.9619
vn 0.26 0.1651 -0.9514
vn 0.3201 0.2046 -0.925
vn 0.218 0.2291 -0.9487
vn 0.2851 0.2555 -0.9238
vn 0.382 0.1757 -0.9073
vn 0.3223 0.1375 -0.9366
vn 0.2544 0.1462 -0.956
vn 0.3884 0.1972 -0.9002
vn 0.254 0.1469 -0.956
vn 0.3201 0.2046 -0.925
vn 0.26 0.1651 -0.9514
vn 0.3593 0.2835 -0.8891
vn 0.4174 0.2003 -0.8864
vn 0.2851 0.2555 -0.9238
vn 0.3884 0.1972 -0.9002
vn 0.4356 0.2288 -0.8706
vn 0.2567 0.2132 -0.9427
vn 0.3201 0.2046 -0.925
vn 0.6279 -0.1766 -0.758
vn 0.6301 -0.0186 -0.7763
vn 0.6868 -0.1519 -0.7108
vn 0.559 -0.0662 -0.8266
vn 0.6945 -0.1299 -0.7077
vn 0.5684 -0.039 -0.8218
vn 0.748 -0.1048 -0.6554
vn 0.6301 -0.0186 -0.7763
vn 0.6233 -0.0402 -0.7809
vn 0.7423 -0.1228 -0.6587
vn 0.7113 -0.043 -0.7016
vn 0.6868 -0.1519 -0.7108
vn 0.5852 -0.0657 -0.8082
vn 0.7355 -0.2723 -0.6204
vn 0.748 -0.1048 -0.6554
vn 0.7388 -0.2703 -0.6173
vn 0.7934 -0.2241 -0.5659
vn 0.6945 -0.1299 -0.7077
vn 0.7876 -0.2397 -0.5676
vn 0.6868 -0.1519 -0.7108
vn 0.3526 -0.2235 -0.9087
vn 0.3756 -0.1761 -0.9099
vn 0.4378 -0.3449 -0.8303
vn 0.5086 -0.339 -0.7914
vn 0.5316 -0.2941 -0.7943
vn 0.4479 -0.1731 -0.8772
vn 0.4642 -0.2954 -0.835
vn 0.3756 -0.1761 -0.9099
vn 0.4378 -0.3449 -0.8303
vn 0.2815 -0.2235 -0.9332
vn 0.3031 -0.1802 -0.9358
vn 0.3648 -0.3456 -0.8646
vn 0.3756 -0.1761 -0.9099
vn 0.2109 -0.1263 -0.9693
vn 0.2815 -0.2235 -0.9332
vn 0.227 -0.0917 -0.9696
vn 0.2939 -0.0834 -0.9522
vn 0.3526 -0.2235 -0.9087
vn 0.6425 -0.5588 -0.5242
vn 0.6985 -0.5195 -0.4921
vn 0.6974 -0.5989 -0.3937
vn 0.6496 -0.6287 -0.4275
vn 0.7184 -0.5672 -0.4027
vn 0.4928 -0.7177 -0.4921
vn 0.4853 -0.6373 -0.5986
vn 0.5472 -0.6135 -0.5694
vn 0.4349 -0.6798 -0.5905
vn 0.5198 -0.7046 -0.4831
vn 0.6077 -0.6951 -0.3841
vn 0.5621 -0.6966 -0.4459
vn 0.5565 -0.7547 -0.3475
vn 0.5956 -0.732 -0.3307
vn 0.5456 -0.71 -0.4452
vn 0.507 -0.7976 -0.3268
vn 0.5565 -0.7547 -0.3475
vn 0.5379 -0.7863 -0.3041
vn 0.6064 -0.7316 -0.3116
vn 0.5956 -0.732 -0.3307
vn 0.5906 -0.7599 -0.2718
vn 0.5451 -0.7863 -0.291
vn 0.5491 -0.747 -0.3747
vn 0.5379 -0.7863 -0.3041
vn 0.5155 -0.8038 -0.297
vn 0.461 -0.8011 -0.3817
vn 0.4718 -0.8303 -0.2968
vn 0.4968 -0.8265 -0.2649
vn 0.4549 -0.8221 -0.3425
vn 0.5223 -0.7626 -0.3817
vn 0.472 -0.7933 -0.3846
vn 0.5491 -0.747 -0.3747
vn 0.6666 0.432 -0.6075
vn 0.6309 0.4032 -0.6629
vn 0.6368 0.3947 -0.6623
vn 0.6873 0.432 -0.584
vn 0.5986 0.4009 -0.6935
vn 0.6447 0.4128 -0.6434
vn 0.6309 0.4032 -0.6629
vn 0.5713 0.3595 -0.7379
vn 0.5616 0.3731 -0.7385
vn 0.6368 0.3947 -0.6623
vn 0.6361 0.2096 -0.7426
vn 0.6273 0.2112 -0.7496
vn 0.6873 0.25 -0.682
vn 0.6393 0.3222 -0.6981
vn 0.6055 0.2452 -0.7572
vn 0.5389 0.2725 -0.797
vn 0.4917 0.2389 -0.8374
vn 0.5043 0.2602 -0.8234
vn 0.6273 0.2112 -0.7496
vn 0.5744 0.1723 -0.8002
vn 0.5614 0.1744 -0.809
vn 0.6055 0.2452 -0.7572
vn 0.5191 0.2696 -0.8111
vn 0.5713 0.3595 -0.7379
vn 0.6447 0.4128 -0.6434
vn 0.5823 0.3812 -0.7181
vn 0.6087 0.345 -0.7145
vn 0.5815 0.363 -0.728
vn 0.671 0.3763 -0.6389
vn 0.6978 0.3999 -0.5943
vn 0.6268 0.5299 -0.5712
vn 0.7015 0.4366 -0.5632
vn 0.6873 0.432 -0.584
vn 0.671 0.3763 -0.6389
vn 0.6368 0.3947 -0.6623
vn 0.6003 0.4378 -0.6694
vn 0.6447 0.4128 -0.6434
vn 0.7015 0.4366 -0.5632
vn 0.7385 0.4557 -0.4969
vn 0.6268 0.5299 -0.5712
vn 0.7254 0.456 -0.5156
vn 0.7423 0.4526 -0.4942
vn 0.7346 0.3985 -0.5491
vn 0.5194 0.3684 -0.7711
vn 0.5616 0.3731 -0.7385
vn 0.5713 0.3595 -0.7379
vn 0.4967 0.3202 -0.8067
vn 0.5823 0.3812 -0.7181
vn 0.4813 0.3418 -0.8072
vn 0.3944 0.3101 -0.865
vn 0.4318 0.3348 -0.8375
vn 0.416 0.2802 -0.8651
vn 0.4813 0.3418 -0.8072
vn 0.5124 0.3479 -0.7851
vn 0.4967 0.3202 -0.8067
vn 0.3944 0.3101 -0.865
vn 0.3424 0.302 -0.8897
vn 0.3075 0.2788 -0.9098
vn 0.416 0.2802 -0.8651
vn 0.4375 0.3153 -0.8421
vn 0.3332 0.243 -0.911
vn 0.3593 0.2835 -0.8891
vn 0.2567 0.2132 -0.9427
vn 0.3332 0.243 -0.911
vn 0.2298 0.2513 -0.9402
vn 0.2577 0.2696 -0.9278
vn 0.3075 0.2788 -0.9098
vn 0.1668 0.2321 -0.9583
vn 0.1793 0.2415 -0.9537
vn 0.2298 0.2513 -0.9402
vn 0.2567 0.2132 -0.9427
vn 0.2851 0.2555 -0.9238
vn 0.1934 0.1933 -0.9619
vn 0.1105 0.2231 -0.9685
vn 0.1407 0.1774 -0.974
vn 0.1032 0.2155 -0.971
vn 0.1668 0.2321 -0.9583
vn 0.218 0.2291 -0.9487
vn 0.1934 0.1933 -0.9619
vn 0.0481 0.1956 -0.9795
vn 0.1105 0.2231 -0.9685
vn 0.1407 0.1774 -0.974
vn 0.1592 0.2037 -0.966
vn 0.0771 0.1494 -0.9858
vn 0.0069 0.12 -0.9928
vn 0.0424 0.1967 -0.9796
vn 0.0481 0.1956 -0.9795
vn 0.0771 0.1494 -0.9858
vn 0.0843 0.1697 -0.9819
vn -0.0263 0.1759 -0.9841
vn 0.0069 0.12 -0.9928
vn -0.0263 0.1759 -0.9841
vn 0.0085 0.1245 -0.9922
vn -0.0386 0.1554 -0.9871
vn -0.0563 0.1271 -0.9903
vn 0.0071 0.1666 -0.986
vn -0.0421 0.0928 -0.9948
vn -0.0563 0.1271 -0.9903
vn -0.065 0.1252 -0.99
vn -0.0391 0.0997 -0.9943
vn -0.0963 0.1125 -0.989
vn -0.0421 0.0928 -0.9948
vn -0.0683 0.0813 -0.9943
vn -0.0988 0.1039 -0.9897
vn 0.0575 -0.1177 -0.9914
vn 0.118 -0.2055 -0.9715
vn 0.063 -0.1592 -0.9852
vn 0.2036 -0.1236 -0.9712
vn 0.0227 -0.2373 -0.9712
vn 0.1662 -0.1626 -0.9726
vn 0.1427 -0.2285 -0.963
vn 0.106 -0.087 -0.9905
vn 0.2036 -0.1236 -0.9712
vn 0.2333 -0.3382 -0.9117
vn 0.2528 -0.3038 -0.9186
vn 0.1662 -0.1626 -0.9726
vn 0.16 -0.2325 -0.9593
vn 0.187 -0.3326 -0.9243
vn 0.1788 -0.2814 -0.9428
vn 0.3043 -0.2946 -0.9059
vn 0.16 -0.2325 -0.9593
vn 0.2036 -0.1236 -0.9712
vn 0.0227 -0.2373 -0.9712
vn 0.1403 -0.2449 -0.9593
vn 0.16 -0.2325 -0.9593
vn 0.1403 -0.2449 -0.9593
vn 0.1762 -0.283 -0.9428
vn 0.1788 -0.2814 -0.9428
vn 0.2956 -0.43 -0.8531
vn 0.2528 -0.3038 -0.9186
vn 0.187 -0.3326 -0.9243
vn 0.3043 -0.2946 -0.9059
vn 0.187 -0.3326 -0.9243
vn 0.2956 -0.43 -0.8531
vn 0.2596 -0.4526 -0.8531
vn 0.2285 -0.3448 -0.9104
vn 0.1429 -0.3771 -0.9151
vn 0.1788 -0.2814 -0.9428
vn 0.1762 -0.283 -0.9428
vn 0.3043 -0.2946 -0.9059
vn 0.2285 -0.3448 -0.9104
vn 0.4267 -0.6064 -0.671
vn 0.3693 -0.5441 -0.7534
vn 0.4098 -0.6136 -0.6749
vn 0.3584 -0.4627 -0.8109
vn 0.3547 -0.4903 -0.7961
vn 0.4066 -0.4406 -0.8003
vn 0.4381 -0.5638 -0.7001
vn 0.3547 -0.4903 -0.7961
vn 0.3309 -0.5683 -0.7534
vn 0.3693 -0.5441 -0.7534
vn 0.2887 -0.5318 -0.7961
vn 0.3584 -0.4627 -0.8109
vn 0.2596 -0.4526 -0.8531
vn 0.2887 -0.5318 -0.7961
vn 0.2598 -0.4524 -0.8531
vn 0.2956 -0.43 -0.8531
vn 0.3547 -0.4903 -0.7961
vn 0.2622 -0.5232 -0.8109
vn 0.2333 -0.3382 -0.9117
vn 0.2528 -0.3038 -0.9186
vn 0.2956 -0.43 -0.8531
vn 0.3584 -0.4627 -0.8109
vn 0.3189 -0.2995 -0.8992
vn 0.3785 -0.4837 -0.7891
vn 0.4066 -0.4406 -0.8003
vn 0.3623 -0.6471 -0.6709
vn 0.4396 -0.5879 -0.679
vn 0.3693 -0.5441 -0.7534
vn 0.3398 -0.6508 -0.679
vn 0.4267 -0.6064 -0.671
vn 0.3309 -0.5683 -0.7534
vn 0.4109 -0.7412 -0.5308
vn 0.4098 -0.6136 -0.6749
vn 0.4347 -0.6942 -0.5737
vn 0.4267 -0.6064 -0.671
vn 0.4928 -0.7177 -0.4921
vn 0.5451 -0.6921 -0.4731
vn 0.4396 -0.5879 -0.679
vn 0.5132 -0.6964 -0.5016
vn 0.4853 -0.6373 -0.5986
vn 0.4347 -0.6942 -0.5737
vn 0.3398 -0.6508 -0.679
vn 0.4376 -0.6924 -0.5737
vn 0.4396 -0.5879 -0.679
vn 0.5132 -0.6964 -0.5016
vn 0.507 -0.7976 -0.3268
vn 0.5198 -0.7046 -0.4831
vn 0.4928 -0.7177 -0.4921
vn 0.5621 -0.6966 -0.4459
vn 0.5565 -0.7547 -0.3475
vn 0.5132 -0.6964 -0.5016
vn 0.5223 -0.7626 -0.3817
vn 0.5491 -0.747 -0.3747
vn 0.4109 -0.7412 -0.5308
vn 0.507 -0.7976 -0.3268
vn 0.4809 -0.7368 -0.4751
vn 0.4109 -0.7412 -0.5308
vn 0.5223 -0.7626 -0.3817
vn 0.461 -0.8011 -0.3817
vn 0.5451 -0.6921 -0.4731
vn 0.4015 -0.7673 -0.5
vn 0.4809 -0.7368 -0.4751
vn 0.5451 -0.6921 -0.4731
vn 0.4347 -0.6942 -0.5737
vn 0.4376 -0.6924 -0.5737
vn 0.6443 -0.5432 -0.5384
vn 0.6004 -0.4255 -0.6771
vn 0.5713 -0.5504 -0.6088
vn 0.6229 -0.5624 -0.5438
vn 0.5425 -0.4315 -0.7208
vn 0.5168 -0.4735 -0.7132
vn 0.5635 -0.5288 -0.6347
vn 0.4489 -0.4806 -0.7534
vn 0.4766 -0.4369 -0.7629
vn 0.5058 -0.5627 -0.6539
vn 0.5635 -0.5288 -0.6347
vn 0.4801 -0.5358 -0.6945
vn 0.5425 -0.4315 -0.7208
vn 0.7471 -0.4976 -0.4408
vn 0.7458 -0.4554 -0.4862
vn 0.7704 -0.4968 -0.3997
vn 0.7857 -0.3684 -0.4969
vn 0.6693 -0.5846 -0.4586
vn 0.745 -0.5757 -0.3368
vn 0.7087 -0.5278 -0.4681
vn 0.7696 -0.5076 -0.3873
vn 0.7471 -0.4976 -0.4408
vn 0.7704 -0.4968 -0.3997
vn 0.6985 -0.5195 -0.4921
vn 0.6974 -0.5989 -0.3937
vn 0.7201 -0.5964 -0.3546
vn 0.745 -0.5757 -0.3368
vn 0.7269 -0.5595 -0.3982
vn 0.7118 -0.6265 -0.3175
vn 0.7201 -0.5964 -0.3546
vn 0.7277 -0.6327 -0.2647
vn 0.6973 -0.413 -0.5858
vn 0.6511 -0.4939 -0.5764
vn 0.7458 -0.4554 -0.4862
vn 0.7267 -0.4222 -0.5419
vn 0.7471 -0.4976 -0.4408
vn 0.7087 -0.5278 -0.4681
vn 0.6693 -0.5846 -0.4586
vn 0.6973 -0.413 -0.5858
vn 0.7087 -0.5278 -0.4681
vn 0.6548 -0.436 -0.6174
vn 0.6268 -0.4559 -0.6319
vn 0.5161 -0.1692 -0.8397
vn 0.5803 -0.1609 -0.7984
vn 0.6112 -0.3073 -0.7294
vn 0.4981 -0.2103 -0.8412
vn 0.6231 -0.2786 -0.7309
vn 0.5732 -0.3281 -0.7508
vn 0.6241 -0.2704 -0.7331
vn 0.8328 -0.2046 -0.5143
vn 0.8498 -0.2845 -0.4437
vn 0.8648 -0.171 -0.4722
vn 0.8363 -0.194 -0.5128
vn 0.8791 -0.2585 -0.4004
vn 0.8524 -0.2902 -0.4349
vn 0.8715 -0.1827 -0.4551
vn 0.8648 -0.171 -0.4722
vn 0.8328 -0.2046 -0.5143
vn 0.8418 -0.0419 -0.5382
vn 0.8426 -0.0422 -0.5369
vn 0.7947 -0.0876 -0.6007
vn 0.8692 -0.1453 -0.4726
vn 0.798 -0.0753 -0.598
vn 0.8426 -0.0422 -0.5369
vn 0.9141 -0.0866 -0.3962
vn 0.8687 -0.0185 -0.4949
vn 0.8692 -0.1453 -0.4726
vn 0.826 0.006 -0.5636
vn 0.7539 0.018 -0.6567
vn 0.8418 -0.0419 -0.5382
vn 0.7947 -0.0876 -0.6007
vn 0.7668 -0.0073 -0.6418
vn 0.7109 -0.0284 -0.7027
vn 0.7539 0.018 -0.6567
vn 0.7423 -0.1228 -0.6587
vn 0.798 -0.0753 -0.598
vn 0.7113 -0.043 -0.7016
vn 0.7947 -0.0876 -0.6007
vn 0.5701 0.0641 -0.8191
vn 0.6096 0.0917 -0.7874
vn 0.5516 0.0675 -0.8314
vn 0.5098 0.1387 -0.849
vn 0.5614 0.1744 -0.809
vn 0.5744 0.1723 -0.8002
vn 0.6135 0.1069 -0.7825
vn 0.6135 0.1069 -0.7825
vn 0.6273 0.2112 -0.7496
vn 0.6361 0.2096 -0.7426
vn 0.5744 0.1723 -0.8002
vn 0.6804 0.135 -0.7203
vn 0.7417 0.1651 -0.6501
vn 0.6361 0.2096 -0.7426
vn 0.6804 0.135 -0.7203
vn 0.6873 0.25 -0.682
vn 0.675 0.1374 -0.7249
vn 0.693 0.2487 -0.6767
vn 0.726 0.1723 -0.6658
vn 0.693 0.2487 -0.6767
vn 0.744 0.2877 -0.6031
vn 0.7929 0.2012 -0.5752
vn 0.7398 0.2889 -0.6077
vn 0.7417 0.1651 -0.6501
vn 0.8329 0.2416 -0.4979
vn 0.7929 0.2012 -0.5752
vn 0.7868 0.3252 -0.5246
vn 0.7717 0.2118 -0.5997
vn 0.744 0.2877 -0.6031
vn 0.7844 0.326 -0.5276
vn 0.7959 0.3346 -0.5045
vn 0.7868 0.3252 -0.5246
vn 0.8139 0.2526 -0.5233
vn 0.9153 0.3264 -0.2359
vn 0.8329 0.2416 -0.4979
vn 0.7987 0.4046 -0.4453
vn 0.7639 0.4038 -0.5034
vn 0.7844 0.326 -0.5276
vn 0.7959 0.3346 -0.5045
vn 0.7574 0.3693 -0.5384
vn 0.7868 0.3252 -0.5246
vn 0.744 0.2877 -0.6031
vn 0.7398 0.2889 -0.6077
vn 0.6891 0.3657 -0.6256
vn 0.7574 0.3693 -0.5384
vn 0.7844 0.326 -0.5276
vn 0.7532 0.3285 -0.5699
vn 0.6565 0.2468 -0.7128
vn 0.67 0.3276 -0.6662
vn 0.6891 0.3657 -0.6256
vn 0.6393 0.3222 -0.6981
vn 0.6873 0.25 -0.682
vn 0.7398 0.2889 -0.6077
vn 0.693 0.2487 -0.6767
vn 0.0004 0.0688 -0.9976
vn -0.0701 0.0752 -0.9947
vn -0.0405 0.0432 -0.9982
vn -0.0683 0.0813 -0.9943
vn -0.0391 0.0997 -0.9943
vn -0.0143 0.0372 -0.9992
vn 0.0094 -0.0224 -0.9997
vn 0.0004 0.0688 -0.9976
vn -0.0405 0.0432 -0.9982
vn -0.012 -0.0011 -0.9999
vn -0.0436 0.0181 -0.9989
vn 0.0241 0.0216 -0.9995
vn 0.0474 -0.0704 -0.9964
vn 0.0583 -0.0301 -0.9978
vn -0.012 -0.0011 -0.9999
vn 0.0241 0.0216 -0.9995
vn -0.005 -0.0332 -0.9994
vn 0.0202 -0.0542 -0.9983
vn 0.0921 -0.1376 -0.9862
vn 0.0474 -0.0704 -0.9964
vn 0.1121 -0.0364 -0.993
vn 0.0583 -0.0301 -0.9978
vn 0.1663 -0.1005 -0.9809
vn 0.1527 -0.1294 -0.9798
vn 0.106 -0.087 -0.9905
vn 0.0921 -0.1376 -0.9862
vn 0.0246 -0.0869 -0.9959
vn 0.0575 -0.1177 -0.9914
vn 0.0202 -0.0542 -0.9983
vn 0.0583 -0.0301 -0.9978
vn 0.2163 -0.2224 -0.9507
vn 0.106 -0.087 -0.9905
vn 0.0921 -0.1376 -0.9862
vn 0.1427 -0.2285 -0.963
vn 0.2354 -0.1848 -0.9542
vn 0.1663 -0.1005 -0.9809
vn 0.2947 -0.3426 -0.8921
vn 0.1662 -0.1626 -0.9726
vn 0.2333 -0.3382 -0.9117
vn 0.3189 -0.2995 -0.8992
vn 0.2354 -0.1848 -0.9542
vn 0.1427 -0.2285 -0.963
vn 0.2765 -0.1219 -0.9533
vn 0.2263 -0.0119 -0.974
vn 0.2109 -0.1263 -0.9693
vn 0.1731 -0.0407 -0.9841
vn 0.2939 -0.0834 -0.9522
vn 0.2765 -0.1219 -0.9533
vn 0.3646 -0.0749 -0.9281
vn 0.2263 -0.0119 -0.974
vn 0.3474 -0.1148 -0.9307
vn 0.2132 -0.0425 -0.9761
vn 0.2926 0.0013 -0.9562
vn 0.3526 -0.2235 -0.9087
vn 0.4479 -0.1731 -0.8772
vn 0.2939 -0.0834 -0.9522
vn 0.2765 -0.1219 -0.9533
vn 0.3646 -0.0749 -0.9281
vn 0.4263 -0.2196 -0.8775
vn 0.3646 -0.0749 -0.9281
vn 0.4263 -0.2196 -0.8775
vn 0.5161 -0.1692 -0.8397
vn 0.4981 -0.2103 -0.8412
vn 0.4355 -0.0657 -0.8978
vn 0.3474 -0.1148 -0.9307
vn 0.594 -0.2889 -0.7508
vn 0.5732 -0.3281 -0.7508
vn 0.5161 -0.1692 -0.8397
vn 0.5086 -0.339 -0.7914
vn 0.4263 -0.2196 -0.8775
vn 0.4479 -0.1731 -0.8772
vn 0.4642 -0.2954 -0.835
vn 0.5425 -0.4315 -0.7208
vn 0.4489 -0.4806 -0.7534
vn 0.3918 -0.2965 -0.871
vn 0.3648 -0.3456 -0.8646
vn 0.5168 -0.4735 -0.7132
vn 0.5168 -0.4735 -0.7132
vn 0.4642 -0.2954 -0.835
vn 0.6004 -0.4255 -0.6771
vn 0.5785 -0.4628 -0.6717
vn 0.4378 -0.3449 -0.8303
vn 0.5316 -0.2941 -0.7943
vn 0.5785 -0.4628 -0.6717
vn 0.594 -0.2889 -0.7508
vn 0.5316 -0.2941 -0.7943
vn 0.5086 -0.339 -0.7914
vn 0.6275 -0.4328 -0.6473
vn 0.2796 -0.0305 -0.9596
vn 0.3626 0.0167 -0.9318
vn 0.3474 -0.1148 -0.9307
vn 0.4355 -0.0657 -0.8978
vn 0.4206 -0.1024 -0.9015
vn 0.2926 0.0013 -0.9562
vn 0.3503 -0.0148 -0.9365
vn 0.5043 -0.0532 -0.8619
vn 0.4206 -0.1024 -0.9015
vn 0.4915 -0.087 -0.8665
vn 0.4313 0.033 -0.9016
vn 0.3626 0.0167 -0.9318
vn 0.5662 -0.1953 -0.8008
vn 0.4355 -0.0657 -0.8978
vn 0.4206 -0.1024 -0.9015
vn 0.5803 -0.1609 -0.7984
vn 0.4981 -0.2103 -0.8412
vn 0.5043 -0.0532 -0.8619
vn 0.5043 -0.0532 -0.8619
vn 0.4915 -0.087 -0.8665
vn 0.5662 -0.1953 -0.8008
vn 0.5684 -0.039 -0.8218
vn 0.6387 -0.1483 -0.7551
vn 0.6279 -0.1766 -0.758
vn 0.6723 -0.2421 -0.6996
vn 0.6231 -0.2786 -0.7309
vn 0.6387 -0.1483 -0.7551
vn 0.5662 -0.1953 -0.8008
vn 0.5803 -0.1609 -0.7984
vn 0.7004 -0.2656 -0.6626
vn 0.6945 -0.1299 -0.7077
vn 0.6723 -0.2421 -0.6996
vn 0.7388 -0.2703 -0.6173
vn 0.6387 -0.1483 -0.7551
vn 0.6279 -0.1766 -0.758
vn 0.7587 -0.2297 -0.6096
vn 0.6229 -0.5624 -0.5438
vn 0.6693 -0.5846 -0.4586
vn 0.6425 -0.5588 -0.5242
vn 0.5785 -0.4628 -0.6717
vn 0.6548 -0.436 -0.6174
vn 0.6985 -0.5195 -0.4921
vn 0.6275 -0.4328 -0.6473
vn 0.6004 -0.4255 -0.6771
vn 0.6543 0.0096 -0.7562
vn 0.6233 -0.0402 -0.7809
vn 0.5852 -0.0657 -0.8082
vn 0.6096 0.0917 -0.7874
vn 0.5701 0.0641 -0.8191
vn 0.6406 0.0594 -0.7656
vn 0.559 -0.0662 -0.8266
vn 0.6233 -0.0402 -0.7809
vn 0.6301 -0.0186 -0.7763
vn 0.5064 0.0378 -0.8615
vn 0.5516 0.0675 -0.8314
vn 0.5701 0.0641 -0.8191
vn 0.4313 0.033 -0.9016
vn 0.4209 0.0041 -0.9071
vn 0.4825 0.0421 -0.8749
vn 0.559 -0.0662 -0.8266
vn 0.5684 -0.039 -0.8218
vn 0.5064 0.0378 -0.8615
vn 0.4915 -0.087 -0.8665
vn 0.798 -0.0753 -0.598
vn 0.8363 -0.194 -0.5128
vn 0.7423 -0.1228 -0.6587
vn 0.7876 -0.2397 -0.5676
vn 0.748 -0.1048 -0.6554
vn 0.8328 -0.2046 -0.5143
vn 0.8498 -0.2845 -0.4437
vn 0.7934 -0.2241 -0.5659
vn 0.8363 -0.194 -0.5128
vn 0.8089 -0.3075 -0.5012
vn 0.7876 -0.2397 -0.5676
vn 0.8089 -0.3075 -0.5012
vn 0.8032 -0.3382 -0.4904
vn 0.7934 -0.2241 -0.5659
vn 0.7355 -0.2723 -0.6204
vn 0.382 0.1757 -0.9073
vn 0.4209 0.1131 -0.9
vn 0.3223 0.1375 -0.9366
vn 0.3594 0.0745 -0.9302
vn 0.4926 0.1414 -0.8587
vn 0.4356 0.2288 -0.8706
vn 0.4209 0.1131 -0.9
vn 0.4441 0.1095 -0.8893
vn 0.382 0.1757 -0.9073
vn 0.3884 0.1972 -0.9002
vn 0.4926 0.1414 -0.8587
vn 0.4174 0.2003 -0.8864
vn 0.4356 0.2288 -0.8706
vn 0.5043 0.2602 -0.8234
vn 0.5614 0.1744 -0.809
vn 0.5098 0.1387 -0.849
vn 0.3332 0.243 -0.911
vn 0.4174 0.2003 -0.8864
vn 0.4375 0.3153 -0.8421
vn 0.3593 0.2835 -0.8891
vn 0.5043 0.2602 -0.8234
vn 0.4917 0.2389 -0.8374
vn 0.416 0.2802 -0.8651
vn 0.5124 0.3479 -0.7851
vn 0.5334 0.3194 -0.7833
vn 0.4375 0.3153 -0.8421
vn 0.5389 0.2725 -0.797
vn 0.4917 0.2389 -0.8374
vn 0.6087 0.345 -0.7145
vn 0.5823 0.3812 -0.7181
vn 0.4967 0.3202 -0.8067
vn 0.5124 0.3479 -0.7851
vn 0.5334 0.3194 -0.7833
vn 0.0341 0.0777 -0.9964
vn 0.0085 0.1245 -0.9922
vn -0.0421 0.0928 -0.9948
vn 0.0335 0.0653 -0.9973
vn -0.0391 0.0997 -0.9943
vn -0.0143 0.0372 -0.9992
vn 0.0341 0.0777 -0.9964
vn 0.1105 0.1248 -0.986
vn 0.0843 0.1697 -0.9819
vn 0.0069 0.12 -0.9928
vn 0.0085 0.1245 -0.9922
vn 0.0341 0.0777 -0.9964
vn 0.1105 0.1248 -0.986
vn 0.0335 0.0653 -0.9973
vn 0.0655 0.0461 -0.9968
vn 0.1284 0.1154 -0.985
vn 0.1418 0.0912 -0.9857
vn 0.1284 0.1154 -0.985
vn 0.1901 0.1545 -0.9695
vn 0.1592 0.2037 -0.966
vn 0.0843 0.1697 -0.9819
vn 0.1105 0.1248 -0.986
vn 0.0771 0.1494 -0.9858
vn 0.1663 0.0775 -0.983
vn 0.2544 0.1462 -0.956
vn 0.1284 0.1154 -0.985
vn 0.2477 0.1272 -0.9605
vn 0.1901 0.1545 -0.9695
vn 0.1418 0.0912 -0.9857
vn 0.254 0.1469 -0.956
vn 0.29 0.0524 -0.9556
vn 0.3002 0.0798 -0.9505
vn 0.2414 0.0451 -0.9694
vn 0.1663 0.0775 -0.983
vn 0.1774 0.0566 -0.9825
vn 0.2477 0.1272 -0.9605
vn 0.2477 0.1272 -0.9605
vn 0.3594 0.0745 -0.9302
vn 0.3681 0.0997 -0.9244
vn 0.2544 0.1462 -0.956
vn 0.29 0.0524 -0.9556
vn 0.3223 0.1375 -0.9366
vn 0.3002 0.0798 -0.9505
vn 0.3681 0.0997 -0.9244
vn 0.3503 -0.0148 -0.9365
vn 0.4209 0.0041 -0.9071
vn 0.4313 0.033 -0.9016
vn 0.29 0.0524 -0.9556
vn 0.3681 0.0997 -0.9244
vn 0.4825 0.0421 -0.8749
vn 0.4209 0.0041 -0.9071
vn 0.3594 0.0745 -0.9302
vn 0.4209 0.1131 -0.9
vn 0.4441 0.1095 -0.8893
vn 0.5516 0.0675 -0.8314
vn 0.5098 0.1387 -0.849
vn 0.5064 0.0378 -0.8615
vn 0.4825 0.0421 -0.8749
vn 0.4926 0.1414 -0.8587
vn 0.4441 0.1095 -0.8893
vn 0.4066 -0.4406 -0.8003
vn 0.5058 -0.5627 -0.6539
vn 0.3785 -0.4837 -0.7891
vn 0.4766 -0.4369 -0.7629
vn 0.4381 -0.5638 -0.7001
vn 0.4489 -0.4806 -0.7534
vn 0.4766 -0.4369 -0.7629
vn 0.2947 -0.3426 -0.8921
vn 0.3918 -0.2965 -0.871
vn 0.3785 -0.4837 -0.7891
vn 0.3189 -0.2995 -0.8992
vn 0.3648 -0.3456 -0.8646
vn 0.3918 -0.2965 -0.871
vn 0.3031 -0.1802 -0.9358
vn 0.2163 -0.2224 -0.9507
vn 0.2354 -0.1848 -0.9542
vn 0.2947 -0.3426 -0.8921
vn 0.227 -0.0917 -0.9696
vn 0.2163 -0.2224 -0.9507
vn 0.1527 -0.1294 -0.9798
vn 0.2815 -0.2235 -0.9332
vn 0.3031 -0.1802 -0.9358
vn 0.1663 -0.1005 -0.9809
vn 0.1527 -0.1294 -0.9798
vn 0.1159 -0.0276 -0.9929
vn 0.227 -0.0917 -0.9696
vn 0.1731 -0.0407 -0.9841
vn 0.2109 -0.1263 -0.9693
vn 0.1121 -0.0364 -0.993
vn 0.1017 0.003 -0.9948
vn 0.2132 -0.0425 -0.9761
vn 0.1159 -0.0276 -0.9929
vn 0.1731 -0.0407 -0.9841
vn 0.2263 -0.0119 -0.974
vn 0.1717 0.0426 -0.9842
vn 0.1717 0.0426 -0.9842
vn 0.2132 -0.0425 -0.9761
vn 0.1774 0.0566 -0.9825
vn 0.2926 0.0013 -0.9562
vn 0.2796 -0.0305 -0.9596
vn 0.2414 0.0451 -0.9694
vn 0.3503 -0.0148 -0.9365
vn 0.2796 -0.0305 -0.9596
vn 0.3626 0.0167 -0.9318
vn 0.2414 0.0451 -0.9694
vn 0.3002 0.0798 -0.9505
vn -0.2546 -0.1736 -0.9513
vn -0.2928 -0.1109 -0.9497
vn -0.2661 -0.0769 -0.9609
vn -0.2465 -0.0653 -0.9669
vn -0.2291 -0.1577 -0.9606
vn -0.2071 -0.127 -0.97
vn -0.2465 -0.0653 -0.9669
vn -0.2071 -0.127 -0.97
vn -0.2268 -0.0399 -0.9731
vn -0.2041 -0.0263 -0.9786
vn -0.1822 -0.1111 -0.977
vn -0.1644 -0.0858 -0.9826
vn -0.1833 -0.2239 -0.9572
vn -0.2291 -0.1577 -0.9606
vn -0.1822 -0.1111 -0.977
vn -0.1452 -0.1982 -0.9693
vn -0.2071 -0.127 -0.97
vn -0.138 -0.1722 -0.9753
vn 0.2424 -0.576 -0.7807
vn 0.2088 -0.6362 -0.7428
vn 0.3187 -0.6392 -0.6999
vn 0.2855 -0.692 -0.663
vn 0.2187 -0.595 -0.7734
vn 0.2673 -0.6831 -0.6796
vn 0.3126 -0.6518 -0.6909
vn 0.2326 -0.7363 -0.6355
vn 0.1843 -0.6544 -0.7333
vn 0.2673 -0.6831 -0.6796
vn 0.2088 -0.6362 -0.7428
vn 0.1743 -0.6919 -0.7006
vn 0.2187 -0.595 -0.7734
vn 0.2088 -0.6362 -0.7428
vn 0.0886 -0.5682 -0.8181
vn 0.0986 -0.5219 -0.8473
vn 0.1212 -0.5045 -0.8548
vn 0.1843 -0.6544 -0.7333
vn 0.1843 -0.6544 -0.7333
vn 0.1499 -0.7086 -0.6895
vn 0.0557 -0.6264 -0.7775
vn 0.0653 -0.5851 -0.8084
vn 0.0886 -0.5682 -0.8181
vn 0.1743 -0.6919 -0.7006
vn -0.1245 -0.6296 -0.7669
vn -0.2421 -0.5684 -0.7863
vn -0.1301 -0.6527 -0.7464
vn -0.1995 -0.5432 -0.8155
vn -0.1697 -0.6749 -0.7182
vn -0.2468 -0.5871 -0.771
vn -0.2468 -0.5871 -0.771
vn -0.285 -0.6417 -0.7121
vn -0.2109 -0.7224 -0.6585
vn -0.2721 -0.6635 -0.6969
vn -0.193 -0.5556 -0.8087
vn -0.174 -0.6925 -0.7001
vn -0.2288 -0.7198 -0.6554
vn -0.1697 -0.6749 -0.7182
vn -0.3044 -0.486 -0.8192
vn -0.2468 -0.5871 -0.771
vn -0.193 -0.5556 -0.8087
vn -0.2421 -0.5684 -0.7863
vn -0.3474 -0.5103 -0.7867
vn -0.2703 -0.5804 -0.7681
vn -0.3221 -0.5749 -0.7522
vn -0.5673 -0.4371 -0.6979
vn -0.4828 -0.4399 -0.7572
vn -0.4617 -0.4742 -0.7497
vn -0.4641 -0.4829 -0.7426
vn -0.5228 -0.5117 -0.6818
vn -0.5219 -0.4737 -0.7094
vn -0.6245 -0.4688 -0.6247
vn -0.5228 -0.5117 -0.6818
vn -0.524 -0.5166 -0.6771
vn -0.5673 -0.4371 -0.6979
vn -0.5806 -0.5415 -0.608
vn -0.7031 -0.5057 -0.5
vn -0.7266 -0.4832 -0.4884
vn -0.7068 -0.4336 -0.5589
vn -0.695 -0.4472 -0.563
vn -0.7313 -0.4655 -0.4985
vn -0.7612 -0.3052 -0.5723
vn -0.7265 -0.4661 -0.5049
vn -0.7293 -0.4632 -0.5035
vn -0.715 -0.4405 -0.5429
vn -0.6877 -0.4333 -0.5825
vn -0.6477 -0.4261 -0.6316
vn -0.7313 -0.4655 -0.4985
vn -0.6998 -0.4117 -0.5838
vn -0.695 -0.4472 -0.563
vn -0.535 -0.2506 -0.8068
vn -0.5958 -0.3144 -0.739
vn -0.5292 -0.3234 -0.7845
vn -0.5103 -0.2974 -0.807
vn -0.4459 -0.2565 -0.8575
vn -0.5769 -0.3497 -0.7382
vn -0.5958 -0.3144 -0.739
vn -0.5906 -0.3701 -0.7171
vn -0.5769 -0.3497 -0.7382
vn -0.5194 -0.3225 -0.7914
vn -0.6503 -0.3683 -0.6644
vn -0.636 -0.3946 -0.6632
vn -0.2661 -0.0769 -0.9609
vn -0.2928 -0.1109 -0.9497
vn -0.3126 -0.1225 -0.942
vn -0.2847 -0.0443 -0.9576
vn -0.3449 -0.0631 -0.9365
vn -0.3449 -0.0631 -0.9365
vn -0.3445 -0.163 -0.9245
vn -0.3722 -0.179 -0.9107
vn -0.4021 -0.1227 -0.9073
vn -0.2546 -0.0675 -0.9647
vn -0.3126 -0.1225 -0.942
vn -0.0608 -0.073 -0.9955
vn -0.012 -0.0011 -0.9999
vn -0.0436 0.0181 -0.9989
vn -0.0902 -0.0132 -0.9958
vn -0.0357 -0.0827 -0.9959
vn -0.005 -0.0332 -0.9994
vn -0.0436 0.0181 -0.9989
vn -0.0721 -0.0146 -0.9973
vn -0.0902 -0.0132 -0.9958
vn -0.1159 0.0462 -0.9922
vn -0.0701 0.0752 -0.9947
vn -0.0405 0.0432 -0.9982
vn 0.4549 -0.8221 -0.3425
vn 0.4398 -0.8282 -0.3474
vn 0.4968 -0.8265 -0.2649
vn 0.3912 -0.8642 -0.3164
vn 0.3987 -0.8561 -0.3289
vn 0.4078 -0.8672 -0.2859
vn 0.4398 -0.8282 -0.3474
vn 0.364 -0.8362 -0.4103
vn 0.3961 -0.8129 -0.427
vn 0.3987 -0.8561 -0.3289
vn 0.3912 -0.7882 -0.4751
vn 0.4549 -0.8221 -0.3425
vn 0.472 -0.7933 -0.3846
vn 0.4398 -0.8282 -0.3474
vn 0.3953 -0.7841 -0.4784
vn 0.4163 -0.7691 -0.485
vn 0.3961 -0.8129 -0.427
vn 0.3623 -0.6471 -0.6709
vn 0.3398 -0.6508 -0.679
vn 0.4015 -0.7673 -0.5
vn 0.4246 -0.749 -0.5085
vn 0.4376 -0.6924 -0.5737
vn 0.3203 -0.6818 -0.6577
vn 0.472 -0.7933 -0.3846
vn 0.4246 -0.749 -0.5085
vn 0.461 -0.8011 -0.3817
vn 0.4809 -0.7368 -0.4751
vn 0.4163 -0.7691 -0.485
vn 0.4015 -0.7673 -0.5
vn 0.1877 -0.3397 -0.9216
vn 0.118 -0.2055 -0.9715
vn 0.1089 -0.2568 -0.9603
vn 0.1429 -0.3771 -0.9151
vn 0.1762 -0.283 -0.9428
vn 0.1403 -0.2449 -0.9593
vn 0.0227 -0.2373 -0.9712
vn 0.1429 -0.3771 -0.9151
vn 0.2285 -0.3448 -0.9104
vn 0.1877 -0.3397 -0.9216
vn 0.1815 -0.3761 -0.9086
vn 0.2598 -0.4524 -0.8531
vn 0.2596 -0.4526 -0.8531
vn -0.2539 0.0056 -0.9672
vn -0.2196 0.0103 -0.9755
vn -0.2847 -0.0443 -0.9576
vn -0.2661 -0.0769 -0.9609
vn -0.2465 -0.0653 -0.9669
vn -0.2268 -0.0399 -0.9731
vn -0.177 0.0091 -0.9842
vn -0.2268 -0.0399 -0.9731
vn -0.2539 0.0056 -0.9672
vn -0.177 0.049 -0.983
vn -0.2038 0.0518 -0.9776
vn -0.2041 -0.0263 -0.9786
vn -0.2038 0.0518 -0.9776
vn -0.177 0.0091 -0.9842
vn -0.1111 0.0457 -0.9928
vn -0.1679 0.0108 -0.9857
vn -0.1386 0.0869 -0.9865
vn -0.1484 0.0882 -0.985
vn -0.1386 0.0869 -0.9865
vn -0.0963 0.1125 -0.989
vn -0.0683 0.0813 -0.9943
vn -0.1111 0.0457 -0.9928
vn -0.1159 0.0462 -0.9922
vn -0.0701 0.0752 -0.9947
vn -0.313 -0.1246 -0.9416
vn -0.4683 -0.1873 -0.8635
vn -0.4023 -0.2176 -0.8893
vn -0.4408 -0.2396 -0.865
vn -0.3722 -0.179 -0.9107
vn -0.4021 -0.1227 -0.9073
vn -0.6877 -0.4333 -0.5825
vn -0.6463 -0.4115 -0.6426
vn -0.636 -0.3946 -0.6632
vn -0.6503 -0.3683 -0.6644
vn -0.5867 -0.3796 -0.7153
vn -0.6998 -0.4117 -0.5838
vn -0.6493 -0.4058 -0.6432
vn -0.695 -0.4472 -0.563
vn -0.6877 -0.4333 -0.5825
vn -0.6463 -0.4115 -0.6426
vn -0.6171 -0.5087 -0.6004
vn -0.7612 -0.3052 -0.5723
vn -0.636 -0.3946 -0.6632
vn -0.6493 -0.4058 -0.6432
vn -0.6463 -0.4115 -0.6426
vn -0.5906 -0.3701 -0.7171
vn -0.5644 -0.4176 -0.7121
vn -0.5951 -0.3805 -0.7078
vn -0.5644 -0.4176 -0.7121
vn -0.5489 -0.3735 -0.7478
vn -0.5769 -0.3497 -0.7382
vn -0.5187 -0.3429 -0.7832
vn -0.5292 -0.3234 -0.7845
vn -0.5906 -0.3701 -0.7171
vn -0.4853 -0.3644 -0.7948
vn -0.5187 -0.3429 -0.7832
vn -0.4331 -0.3309 -0.8384
vn -0.4657 -0.2724 -0.842
vn -0.5103 -0.2974 -0.807
vn -0.4698 -0.3632 -0.8046
vn -0.448 -0.3511 -0.8222
vn -0.5292 -0.3234 -0.7845
vn -0.6332 -0.5663 -0.5276
vn -0.5806 -0.5415 -0.608
vn -0.6245 -0.4688 -0.6247
vn -0.5848 -0.5004 -0.6384
vn -0.6774 -0.4944 -0.5446
vn -0.5815 -0.5466 -0.6026
vn -0.7105 -0.5454 -0.4446
vn -0.6976 -0.5197 -0.4933
vn -0.646 -0.5729 -0.5043
vn -0.6416 -0.5226 -0.5615
vn -0.6774 -0.4944 -0.5446
vn -0.6332 -0.5663 -0.5276
vn -0.6335 -0.5687 -0.5247
vn -0.2644 -0.7544 -0.6008
vn -0.3201 -0.7753 -0.5445
vn -0.3159 -0.7016 -0.6387
vn -0.3506 -0.7459 -0.5663
vn -0.3637 -0.664 -0.6533
vn -0.322 -0.7819 -0.5338
vn -0.3457 -0.7866 -0.5116
vn -0.2625 -0.8706 -0.4161
vn -0.3649 -0.7977 -0.4802
vn -0.2345 -0.8541 -0.4643
vn -0.3657 -0.7948 -0.4843
vn -0.322 -0.7819 -0.5338
vn -0.2777 -0.752 -0.5978
vn -0.1806 -0.8361 -0.518
vn -0.3201 -0.7753 -0.5445
vn -0.1819 -0.8413 -0.509
vn -0.2345 -0.8541 -0.4643
vn -0.2644 -0.7544 -0.6008
vn -0.2249 -0.8549 -0.4676
vn -0.2249 -0.8549 -0.4676
vn -0.104 -0.8932 -0.4376
vn -0.1819 -0.8413 -0.509
vn -0.1495 -0.9052 -0.3979
vn -0.104 -0.8932 -0.4376
vn -0.1819 -0.8413 -0.509
vn -0.0728 -0.8626 -0.5006
vn -0.1343 -0.8182 -0.559
vn -0.1142 -0.8911 -0.4392
vn -0.1806 -0.8361 -0.518
vn -0.0728 -0.8626 -0.5006
vn -0.1343 -0.8182 -0.559
vn -0.1022 -0.7951 -0.5978
vn -0.0564 -0.8314 -0.5528
vn -0.1316 -0.8082 -0.574
vn -0.0394 -0.8715 -0.4888
vn -0.0185 -0.6826 -0.7305
vn 0.048 -0.659 -0.7506
vn 0.0309 -0.6714 -0.7404
vn -0.0044 -0.6872 -0.7264
vn -0.0527 -0.5583 -0.828
vn -0.0912 -0.6093 -0.7876
vn -0.084 -0.5788 -0.8111
vn -0.1301 -0.6527 -0.7464
vn -0.0479 -0.7328 -0.6788
vn -0.1059 -0.7275 -0.6779
vn -0.0185 -0.6826 -0.7305
vn -0.1245 -0.6296 -0.7669
vn -0.0912 -0.6093 -0.7876
vn -0.11 -0.7789 -0.6174
vn -0.0479 -0.7328 -0.6788
vn -0.174 -0.6925 -0.7001
vn -0.0842 -0.7764 -0.6246
vn -0.1301 -0.6527 -0.7464
vn -0.1697 -0.6749 -0.7182
vn -0.1022 -0.7951 -0.5978
vn -0.1316 -0.8082 -0.574
vn -0.2288 -0.7198 -0.6554
vn -0.0842 -0.7764 -0.6246
vn -0.174 -0.6925 -0.7001
vn -0.0527 -0.5583 -0.828
vn -0.044 -0.5202 -0.8529
vn -0.0167 -0.5011 -0.8652
vn 0.048 -0.659 -0.7506
vn 0.0653 -0.5851 -0.8084
vn 0.0035 -0.6607 -0.7506
vn 0.0557 -0.6264 -0.7775
vn 0.1252 -0.8889 -0.4407
vn 0.1693 -0.8673 -0.4681
vn 0.0639 -0.8024 -0.5934
vn 0.0716 -0.8601 -0.5051
vn 0.0616 -0.83 -0.5544
vn 0.1912 -0.7944 -0.5765
vn 0.0716 -0.8601 -0.5051
vn -0.0599 -0.8447 -0.5319
vn 0.1078 -0.9102 -0.4
vn 0.1145 -0.9095 -0.3997
vn 0.1252 -0.8889 -0.4407
vn 0.1866 -0.8649 -0.466
vn 0.2268 -0.8831 -0.4106
vn 0.197 -0.9208 -0.3367
vn 0.2332 -0.9039 -0.3585
vn 0.1145 -0.9095 -0.3997
vn 0.1693 -0.8673 -0.4681
vn 0.1244 -0.9134 -0.3876
vn 0.1252 -0.8889 -0.4407
vn 0.197 -0.9208 -0.3367
vn 0.2332 -0.9039 -0.3585
vn 0.2195 -0.9656 0.1398
vn 0.2554 -0.9054 -0.3391
vn 0.0035 -0.6607 -0.7506
vn 0.1186 -0.7531 -0.6471
vn 0.1411 -0.7389 -0.6588
vn 0.1499 -0.7086 -0.6895
vn 0.0557 -0.6264 -0.7775
vn 0.2232 -0.7266 -0.6498
vn 0.2482 -0.7705 -0.5872
vn 0.1911 -0.8262 -0.5299
vn 0.1499 -0.7086 -0.6895
vn 0.2326 -0.7363 -0.6355
vn 0.1743 -0.6919 -0.7006
vn 0.1411 -0.7389 -0.6588
vn 0.2433 -0.8083 -0.5361
vn 0.1994 -0.8369 -0.5098
vn 0.1186 -0.7531 -0.6471
vn 0.2433 -0.8083 -0.5361
vn 0.1097 -0.779 -0.6174
vn 0.238 -0.8139 -0.53
vn 0.1411 -0.7389 -0.6588
vn 0.2268 -0.8831 -0.4106
vn 0.238 -0.8139 -0.53
vn 0.1994 -0.8369 -0.5098
vn 0.281 -0.8695 -0.4061
vn 0.1866 -0.8649 -0.466
vn -0.3722 -0.179 -0.9107
vn -0.3445 -0.163 -0.9245
vn -0.3082 -0.2249 -0.9244
vn -0.3313 -0.2563 -0.908
vn -0.368 -0.278 -0.8873
vn -0.4023 -0.2176 -0.8893
vn -0.4617 -0.4742 -0.7497
vn -0.4698 -0.3632 -0.8046
vn -0.4037 -0.4433 -0.8003
vn -0.4001 -0.4311 -0.8087
vn -0.448 -0.3511 -0.8222
vn -0.4828 -0.4399 -0.7572
vn -0.3456 -0.4 -0.8488
vn -0.388 -0.3051 -0.8697
vn -0.4331 -0.3309 -0.8384
vn -0.3404 -0.3828 -0.8589
vn -0.4001 -0.4311 -0.8087
vn -0.448 -0.3511 -0.8222
vn -0.0527 -0.5583 -0.828
vn -0.084 -0.5788 -0.8111
vn -0.1562 -0.4951 -0.8547
vn -0.1136 -0.44 -0.8908
vn -0.044 -0.5202 -0.8529
vn -0.1484 -0.4634 -0.8737
vn -0.1562 -0.4951 -0.8547
vn -0.0912 -0.6093 -0.7876
vn -0.1245 -0.6296 -0.7669
vn -0.084 -0.5788 -0.8111
vn -0.1995 -0.5432 -0.8155
vn -0.1933 -0.5186 -0.8329
vn -0.1484 -0.4634 -0.8737
vn -0.2467 -0.4169 -0.8748
vn -0.1562 -0.4951 -0.8547
vn -0.2049 -0.3903 -0.8976
vn -0.2531 -0.4402 -0.8615
vn -0.1933 -0.5186 -0.8329
vn -0.2995 -0.4682 -0.8313
vn -0.2531 -0.4402 -0.8615
vn -0.1933 -0.5186 -0.8329
vn -0.3044 -0.486 -0.8192
vn -0.2421 -0.5684 -0.7863
vn -0.1995 -0.5432 -0.8155
vn -0.3456 -0.4 -0.8488
vn -0.2531 -0.4402 -0.8615
vn -0.2467 -0.4169 -0.8748
vn -0.2909 -0.3529 -0.8893
vn -0.2995 -0.4682 -0.8313
vn -0.3404 -0.3828 -0.8589
vn -0.4037 -0.4433 -0.8003
vn -0.2995 -0.4682 -0.8313
vn -0.3456 -0.4 -0.8488
vn -0.3044 -0.486 -0.8192
vn -0.4001 -0.4311 -0.8087
vn -0.3474 -0.5103 -0.7867
vn -0.3611 -0.5076 -0.7823
vn -0.646 -0.5729 -0.5043
vn -0.5899 -0.631 -0.5039
vn -0.6902 -0.6846 -0.2346
vn -0.6335 -0.5687 -0.5247
vn -0.6335 -0.5687 -0.5247
vn -0.5815 -0.5466 -0.6026
vn -0.5711 -0.6387 -0.5157
vn -0.5362 -0.6127 -0.5806
vn -0.6332 -0.5663 -0.5276
vn -0.5899 -0.631 -0.5039
vn -0.5175 -0.6181 -0.5917
vn -0.4773 -0.5861 -0.6547
vn -0.5806 -0.5415 -0.608
vn -0.5815 -0.5466 -0.6026
vn -0.5362 -0.6127 -0.5806
vn -0.524 -0.5166 -0.6771
vn -0.5228 -0.5117 -0.6818
vn -0.524 -0.5166 -0.6771
vn -0.4773 -0.5861 -0.6547
vn -0.4617 -0.5895 -0.6628
vn -0.4195 -0.5502 -0.7221
vn -0.4641 -0.4829 -0.7426
vn -0.4641 -0.4829 -0.7426
vn -0.4617 -0.4742 -0.7497
vn -0.4037 -0.4433 -0.8003
vn -0.4195 -0.5502 -0.7221
vn -0.4104 -0.5516 -0.7261
vn -0.3611 -0.5076 -0.7823
vn -0.2109 -0.7224 -0.6585
vn -0.1343 -0.8182 -0.559
vn -0.1316 -0.8082 -0.574
vn -0.2288 -0.7198 -0.6554
vn -0.1806 -0.8361 -0.518
vn -0.2777 -0.752 -0.5978
vn -0.2777 -0.752 -0.5978
vn -0.2644 -0.7544 -0.6008
vn -0.3159 -0.7016 -0.6387
vn -0.2109 -0.7224 -0.6585
vn -0.285 -0.6417 -0.7121
vn -0.074 -0.2252 -0.9715
vn -0.1067 -0.2485 -0.9627
vn -0.1452 -0.1982 -0.9693
vn -0.138 -0.1722 -0.9753
vn -0.1032 -0.1482 -0.9836
vn -0.0667 -0.1943 -0.9787
vn -0.1032 -0.1482 -0.9836
vn -0.0234 -0.1078 -0.9939
vn -0.0608 -0.073 -0.9955
vn -0.0973 -0.1258 -0.9873
vn -0.0357 -0.0827 -0.9959
vn -0.0382 -0.1736 -0.9841
vn -0.0216 -0.1211 -0.9924
vn -0.0667 -0.1943 -0.9787
vn 0.0073 -0.2271 -0.9738
vn -0.074 -0.2252 -0.9715
vn -0.0265 -0.2822 -0.959
vn 0.0001 -0.2621 -0.965
vn -0.0667 -0.1943 -0.9787
vn -0.0382 -0.1736 -0.9841
vn 0.0318 -0.2082 -0.9776
vn -0.0234 -0.1078 -0.9939
vn -0.0382 -0.1736 -0.9841
vn 0.0073 -0.2271 -0.9738
vn 0.0377 -0.1788 -0.9832
vn 0.0001 -0.2621 -0.965
vn 0.0897 -0.2724 -0.958
vn 0.06 -0.329 -0.9424
vn 0.0825 -0.3111 -0.9468
vn 0.0318 -0.2082 -0.9776
vn 0.0073 -0.2271 -0.9738
vn 0.3623 -0.6471 -0.6709
vn 0.3309 -0.5683 -0.7534
vn 0.3203 -0.6818 -0.6577
vn 0.2518 -0.532 -0.8084
vn 0.2424 -0.576 -0.7807
vn 0.2887 -0.5318 -0.7961
vn 0.3187 -0.6392 -0.6999
vn 0.2622 -0.5232 -0.8109
vn 0.5654 -0.6032 -0.5625
vn 0.1815 -0.3761 -0.9086
vn 0.2518 -0.532 -0.8084
vn 0.1529 -0.4378 -0.886
vn 0.1612 -0.3932 -0.9052
vn 0.2598 -0.4524 -0.8531
vn 0.2622 -0.5232 -0.8109
vn 0.0825 -0.3111 -0.9468
vn 0.1877 -0.3397 -0.9216
vn 0.0897 -0.2724 -0.958
vn 0.1089 -0.2568 -0.9603
vn 0.1612 -0.3932 -0.9052
vn 0.1815 -0.3761 -0.9086
vn 0.0377 -0.1788 -0.9832
vn 0.0897 -0.2724 -0.958
vn 0.0318 -0.2082 -0.9776
vn 0.1089 -0.2568 -0.9603
vn 0.118 -0.2055 -0.9715
vn 0.063 -0.1592 -0.9852
vn -0.0216 -0.1211 -0.9924
vn 0.063 -0.1592 -0.9852
vn -0.0234 -0.1078 -0.9939
vn 0.0575 -0.1177 -0.9914
vn 0.0377 -0.1788 -0.9832
vn 0.0246 -0.0869 -0.9959
vn -0.0608 -0.073 -0.9955
vn -0.0216 -0.1211 -0.9924
vn 0.0202 -0.0542 -0.9983
vn -0.005 -0.0332 -0.9994
vn 0.0246 -0.0869 -0.9959
vn -0.0167 -0.5011 -0.8652
vn -0.044 -0.5202 -0.8529
vn -0.1136 -0.44 -0.8908
vn -0.1052 -0.4045 -0.9085
vn -0.0729 -0.3817 -0.9214
vn -0.0071 -0.4568 -0.8895
vn -0.1136 -0.44 -0.8908
vn -0.2049 -0.3903 -0.8976
vn -0.1484 -0.4634 -0.8737
vn -0.1973 -0.362 -0.9111
vn -0.159 -0.3364 -0.9282
vn -0.1052 -0.4045 -0.9085
vn -0.2467 -0.4169 -0.8748
vn -0.2049 -0.3903 -0.8976
vn -0.2909 -0.3529 -0.8893
vn -0.1973 -0.362 -0.9111
vn -0.2395 -0.3026 -0.9225
vn -0.2842 -0.3309 -0.8999
vn -0.3404 -0.3828 -0.8589
vn -0.2842 -0.3309 -0.8999
vn -0.3313 -0.2563 -0.908
vn -0.2909 -0.3529 -0.8893
vn -0.368 -0.278 -0.8873
vn -0.388 -0.3051 -0.8697
vn -0.4023 -0.2176 -0.8893
vn -0.4657 -0.2724 -0.842
vn -0.4408 -0.2396 -0.865
vn -0.368 -0.278 -0.8873
vn -0.388 -0.3051 -0.8697
vn -0.4331 -0.3309 -0.8384
vn -0.4408 -0.2396 -0.865
vn -0.4683 -0.1873 -0.8635
vn -0.535 -0.2506 -0.8068
vn -0.376 -0.1894 -0.9071
vn -0.4657 -0.2724 -0.842
vn -0.5103 -0.2974 -0.807
vn 0.0986 -0.5219 -0.8473
vn 0.0178 -0.4384 -0.8986
vn -0.0167 -0.5011 -0.8652
vn -0.0071 -0.4568 -0.8895
vn 0.0886 -0.5682 -0.8181
vn 0.0653 -0.5851 -0.8084
vn 0.5654 -0.6032 -0.5625
vn 0.3254 -0.7283 -0.6031
vn 0.3912 -0.7882 -0.4751
vn 0.3203 -0.6818 -0.6577
vn 0.4246 -0.749 -0.5085
vn 0.4163 -0.7691 -0.485
vn 0.1866 -0.8649 -0.466
vn 0.1693 -0.8673 -0.4681
vn 0.0639 -0.8024 -0.5934
vn 0.1994 -0.8369 -0.5098
vn 0.1097 -0.779 -0.6174
vn -0.0902 -0.0132 -0.9958
vn -0.0973 -0.1258 -0.9873
vn -0.1395 -0.0697 -0.9878
vn -0.0357 -0.0827 -0.9959
vn -0.1259 -0.0499 -0.9908
vn -0.0721 -0.0146 -0.9973
vn -0.1644 -0.0858 -0.9826
vn -0.1822 -0.1111 -0.977
vn -0.138 -0.1722 -0.9753
vn -0.1032 -0.1482 -0.9836
vn -0.0973 -0.1258 -0.9873
vn -0.1395 -0.0697 -0.9878
vn -0.1395 -0.0697 -0.9878
vn -0.1644 -0.0858 -0.9826
vn -0.1259 -0.0499 -0.9908
vn -0.177 0.0091 -0.9842
vn -0.1679 0.0108 -0.9857
vn -0.2041 -0.0263 -0.9786
vn -0.1111 0.0457 -0.9928
vn -0.1159 0.0462 -0.9922
vn -0.0721 -0.0146 -0.9973
vn -0.1259 -0.0499 -0.9908
vn -0.1679 0.0108 -0.9857
vn -0.3445 -0.163 -0.9245
vn -0.2928 -0.1109 -0.9497
vn -0.3082 -0.2249 -0.9244
vn -0.2788 -0.2069 -0.9378
vn -0.2546 -0.1736 -0.9513
vn -0.3126 -0.1225 -0.942
vn -0.2842 -0.3309 -0.8999
vn -0.3313 -0.2563 -0.908
vn -0.2395 -0.3026 -0.9225
vn -0.2321 -0.2777 -0.9322
vn -0.2788 -0.2069 -0.9378
vn -0.3082 -0.2249 -0.9244
vn -0.2321 -0.2777 -0.9322
vn -0.2788 -0.2069 -0.9378
vn -0.1833 -0.2239 -0.9572
vn -0.1911 -0.251 -0.9489
vn -0.2546 -0.1736 -0.9513
vn -0.2291 -0.1577 -0.9606
vn -0.1973 -0.362 -0.9111
vn -0.1911 -0.251 -0.9489
vn -0.2395 -0.3026 -0.9225
vn -0.2321 -0.2777 -0.9322
vn -0.151 -0.3054 -0.9402
vn -0.159 -0.3364 -0.9282
vn -0.1145 -0.2801 -0.9531
vn -0.1452 -0.1982 -0.9693
vn -0.1833 -0.2239 -0.9572
vn -0.1911 -0.251 -0.9489
vn -0.151 -0.3054 -0.9402
vn -0.1067 -0.2485 -0.9627
vn -0.1052 -0.4045 -0.9085
vn -0.159 -0.3364 -0.9282
vn -0.0729 -0.3817 -0.9214
vn -0.1145 -0.2801 -0.9531
vn -0.064 -0.3423 -0.9374
vn -0.151 -0.3054 -0.9402
vn -0.0265 -0.2822 -0.959
vn -0.0349 -0.3209 -0.9465
vn -0.074 -0.2252 -0.9715
vn -0.064 -0.3423 -0.9374
vn -0.1145 -0.2801 -0.9531
vn -0.1067 -0.2485 -0.9627
vn 0.0178 -0.4384 -0.8986
vn -0.0071 -0.4568 -0.8895
vn -0.0349 -0.3209 -0.9465
vn -0.0729 -0.3817 -0.9214
vn -0.064 -0.3423 -0.9374
vn 0.0275 -0.3913 -0.9199
vn -0.0265 -0.2822 -0.959
vn 0.06 -0.329 -0.9424
vn 0.0001 -0.2621 -0.965
vn 0.0514 -0.3728 -0.9265
vn 0.0275 -0.3913 -0.9199
vn -0.0349 -0.3209 -0.9465
vn 0.1212 -0.5045 -0.8548
vn 0.0514 -0.3728 -0.9265
vn 0.0275 -0.3913 -0.9199
vn 0.0178 -0.4384 -0.8986
vn 0.0986 -0.5219 -0.8473
vn 0.131 -0.4556 -0.8805
vn 0.06 -0.329 -0.9424
vn 0.0825 -0.3111 -0.9468
vn 0.1612 -0.3932 -0.9052
vn 0.1529 -0.4378 -0.886
vn 0.0514 -0.3728 -0.9265
vn 0.131 -0.4556 -0.8805
vn 0.1529 -0.4378 -0.886
vn 0.2424 -0.576 -0.7807
vn 0.2187 -0.595 -0.7734
vn 0.131 -0.4556 -0.8805
vn 0.2518 -0.532 -0.8084
vn 0.1212 -0.5045 -0.8548
f 1//1 12//12 18//18
f 26//26 33//33 34//34
f 45//45 51//51 61//61
f 66//66 76//76 78//78
f 85//85 94//94 99//99
f 98//98 93//93 106//106
f 111//111 115//115 124//124
f 129//129 134//134 144//144
f 153//153 157//157 168//168
f 175//175 177//177 182//182
f 187//187 179//179 196//196
f 184//184 193//193 202//202
f 208//208 214//214 221//221
f 222//222 213//213 228//228
f 229//229 234//234 225//225
f 220//220 233//233 238//238
f 219//219 239//239 246//246
f 248//248 254//254 263//263
f 240//240 269//269 244//244
f 245//245 268//268 274//274
f 243//243 275//275 280//280
f 281//281 276//276 262//262
f 282//282 261//261 285//285
f 286//286 258//258 257//257
f 289//289 294//294 305//305
f 304//304 293//293 308//308
f 303//303 314//314 319//319
f 320//320 309//309 327//327
f 316//316 324//324 252//252
f 292//292 298//298 335//335
f 330//330 301//301 339//339
f 332//332 336//336 345//345
f 350//350 352//352 363//363
f 364//364 359//359 376//376
f 365//365 371//371 378//378
f 381//381 370//370 382//382
f 152//152 386//386 372//372
f 375//375 389//389 396//396
f 369//369 392//392 385//385
f 164//164 158//158 401//401
f 411//411 416//416 423//423
f 421//421 415//415 432//432
f 422//422 430//430 434//434
f 433//433 438//438 420//420
f 427//427 439//439 443//443
f 428//428 442//442 448//448
f 451//451 447//447 455//455
f 453//453 457//457 399//399
f 459//459 465//465 470//470
f 473//473 467//467 476//476
f 472//472 478//478 410//410
f 408//408 477//477 484//484
f 405//405 488//488 414//414
f 471//471 494//494 464//464
f 458//458 489//489 498//498
f 460//460 499//499 507//507
f 500//500 512//512 506//506
f 501//501 513//513 514//514
f 504//504 515//515 522//522
f 533//533 534//534 542//542
f 539//539 535//535 546//546
f 545//545 553//553 555//555
f 561//561 548//548 566//566
f 517//517 572//572 524//524
f 523//523 571//571 577//577
f 521//521 576//576 582//582
f 584//584 575//575 592//592
f 586//586 590//590 528//528
f 529//529 589//589 595//595
f 531//531 596//596 538//538
f 610//610 618//618 620//620
f 624//624 611//611 628//628
f 621//621 627//627 406//406
f 404//404 626//626 631//631
f 413//413 634//634 474//474
f 640//640 648//648 600//600
f 609//609 644//644 651//651
f 605//605 652//652 612//612
f 661//661 664//664 671//671
f 669//669 662//662 674//674
f 668//668 676//676 608//608
f 599//599 677//677 679//679
f 680//680 684//684 606//606
f 607//607 685//685 691//691
f 601//601 690//690 639//639
f 692//692 693//693 643//643
f 636//636 695//695 697//697
f 635//635 700//700 710//710
f 706//706 703//703 714//714
f 712//712 702//702 720//720
f 716//716 721//721 725//725
f 733//733 736//736 747//747
f 743//743 739//739 751//751
f 744//744 752//752 754//754
f 758//758 749//749 140//140
f 138//138 748//748 764//764
f 136//136 761//761 142//142
f 128//128 120//120 765//765
f 118//118 780//780 774//774
f 767//767 781//781 783//783
f 766//766 784//784 130//130
f 793//793 87//87 800//800
f 804//804 86//86 96//96
f 799//799 100//100 811//811
f 808//808 97//97 108//108
f 810//810 107//107 126//126
f 127//127 105//105 813//813
f 125//125 812//812 110//110
f 819//819 824//824 776//776
f 133//133 147//147 771//771
f 770//770 146//146 827//827
f 773//773 828//828 833//833
f 835//835 839//839 777//777
f 772//772 838//838 843//843
f 768//768 845//845 818//818
f 826//826 853//853 769//769
f 778//778 849//849 854//854
f 775//775 855//855 121//121
f 122//122 856//856 863//863
f 123//123 862//862 809//809
f 825//825 864//864 851//851
f 846//846 869//869 874//874
f 850//850 873//873 876//876
f 877//877 884//884 887//887
f 890//890 881//881 893//893
f 886//886 892//892 904//904
f 903//903 894//894 908//908
f 910//910 922//922 925//925
f 919//919 926//926 930//930
f 929//929 927//927 940//940
f 933//933 939//939 942//942
f 948//948 958//958 965//965
f 964//964 955//955 970//970
f 949//949 975//975 957//957
f 961//961 972//972 976//976
f 960//960 979//979 911//911
f 918//918 978//978 983//983
f 916//916 987//987 920//920
f 989//989 994//994 999//999
f 995//995 1009//1009 1004//1004
f 1007//1007 1008//1008 1012//1012
f 1005//1005 1013//1013 953//953
f 956//956 1014//1014 1017//1017
f 959//959 1018//1018 969//969
f 992//992 1023//1023 1029//1029
f 1030//1030 1024//1024 1036//1036
f 1042//1042 1043//1043 1058//1058
f 1057//1057 1046//1046 1061//1061
f 1056//1056 1060//1060 1066//1066
f 1064//1064 1067//1067 1055//1055
f 1053//1053 1068//1068 1075//1075
f 1050//1050 1074//1074 1025//1025
f 1026//1026 1073//1073 1079//1079
f 1028//1028 1078//1078 1037//1037
f 1081//1081 1087//1087 1098//1098
f 1100//1100 1086//1086 1105//1105
f 1097//1097 1103//1103 1111//1111
f 1106//1106 1102//1102 1115//1115
f 1108//1108 1114//1114 1054//1054
f 1049//1049 1116//1116 1117//1117
f 1048//1048 1118//1118 1038//1038
f 1082//1082 1095//1095 1121//1121
f 1124//1124 1096//1096 1126//1126
f 1122//1122 1127//1127 1137//1137
f 1142//1142 43//43 1147//1147
f 1146//1146 42//42 1151//1151
f 1141//1141 1156//1156 40//40
f 44//44 1157//1157 1162//1162
f 39//39 1160//1160 1131//1131
f 1129//1129 1159//1159 1163//1163
f 1128//1128 1164//1164 1139//1139
f 68//68 80//80 55//55
f 54//54 81//81 1170//1170
f 56//56 1171//1171 58//58
f 60//60 1169//1169 1175//1175
f 62//62 1174//1174 1181//1181
f 1152//1152 41//41 1180//1180
f 1179//1179 35//35 32//32
f 1178//1178 27//27 63//63
f 64//64 28//28 1188//1188
f 59//59 1189//1189 46//46
f 1191//1191 1197//1197 1204//1204
f 1099//1099 1211//1211 1135//1135
f 1134//1134 1210//1210 1192//1192
f 1132//1132 1194//1194 1216//1216
f 1215//1215 1196//1196 1203//1203
f 1214//1214 1221//1221 1133//1133
f 1130//1130 1222//1222 1225//1225
f 1136//1136 1229//1229 36//36
f 37//37 1227//1227 1232//1232
f 38//38 1233//1233 22//22
f 1238//1238 1246//1246 1251//1251
f 1253//1253 1247//1247 1207//1207
f 1252//1252 1206//1206 1257//1257
f 1255//1255 1208//1208 1198//1198
f 1265//1265 1270//1270 1278//1278
f 1271//1271 1268//1268 1282//1282
f 1272//1272 1280//1280 1235//1235
f 1236//1236 1279//1279 1287//1287
f 1241//1241 1291//1291 1245//1245
f 1296//1296 1297//1297 1309//1309
f 1306//1306 1298//1298 1311//1311
f 1305//1305 1313//1313 1322//1322
f 1321//1321 1312//1312 1327//1327
f 1318//1318 1326//1326 9//9
f 8//8 1329//1329 1334//1334
f 7//7 1335//1335 19//19
f 1292//1292 1342//1342 1301//1301
f 1302//1302 1341//1341 1344//1344
f 1304//1304 1345//1345 1352//1352
f 251//251 260//260 315//315
f 322//322 266//266 1355//1355
f 321//321 1354//1354 1364//1364
f 1353//1353 1368//1368 1365//1365
f 1359//1359 1370//1370 1377//1377
f 1361//1361 1376//1376 6//6
f 5//5 1375//1375 1380//1380
f 11//11 1379//1379 1319//1319
f 197//197 192//192 1387//1387
f 1386//1386 194//194 1394//1394
f 1385//1385 1395//1395 207//207
f 206//206 1396//1396 1400//1400
f 205//205 1401//1401 218//218
f 991//991 1006//1006 1027//1027
f 1021//1021 1002//1002 1402//1402
f 1022//1022 1410//1410 1051//1051
f 1047//1047 1403//1403 1413//1413
f 1052//1052 1411//1411 1107//1107
f 1419//1419 1427//1427 912//912
f 913//913 1425//1425 1429//1429
f 914//914 1434//1434 952//952
f 962//962 1432//1432 1438//1438
f 954//954 1437//1437 998//998
f 1443//1443 1447//1447 1418//1418
f 1420//1420 1444//1444 1452//1452
f 1417//1417 1449//1449 1426//1426
f 907//907 898//898 947//947
f 946//946 899//899 1455//1455
f 944//944 1453//1453 934//934
f 931//931 1456//1456 1461//1461
f 932//932 1462//1462 917//917
f 909//909 1459//1459 1467//1467
f 915//915 1466//1466 1423//1423
f 1422//1422 1469//1469 1473//1473
f 1421//1421 1476//1476 1440//1440
f 878//878 872//872 885//885
f 883//883 875//875 1483//1483
f 882//882 1479//1479 897//897
f 896//896 1480//1480 1487//1487
f 895//895 1484//1484 1454//1454
f 732//732 657//657 740//740
f 734//734 660//660 670//670
f 735//735 672//672 1489//1489
f 1493//1493 667//667 602//602
f 1494//1494 1500//1500 159//159
f 162//162 1501//1501 1503//1503
f 160//160 1508//1508 403//403
f 400//400 1505//1505 1512//1512
f 402//402 1511//1511 452//452
f 450//450 1510//1510 1517//1517
f 449//449 1515//1515 424//424
f 425//425 1516//1516 1525//1525
f 426//426 1524//1524 409//409
f 412//412 1526//1526 1530//1530
f 407//407 1529//1529 622//622
f 619//619 1531//1531 1534//1534
f 623//623 1536//1536 598//598
f 604//604 1538//1538 1542//1542
f 603//603 1543//1543 1492//1492
f 154//154 374//374 161//161
f 155//155 373//373 1550//1550
f 156//156 1545//1545 1496//1496
f 1551//1551 1563//1563 358//358
f 354//354 1562//1562 1568//1568
f 357//357 1567//1567 368//368
f 367//367 1566//1566 1574//1574
f 366//366 1575//1575 1546//1546
f 351//351 1578//1578 353//353
f 356//356 1579//1579 343//343
f 355//355 344//344 1555//1555
f 1558//1558 342//342 337//337
f 1556//1556 338//338 1584//1584
f 1585//1585 340//340 299//299
f 1581//1581 300//300 1586//1586
f 1360//1360 1592//1592 318//318
f 323//323 1595//1595 1597//1597
f 317//317 1598//1598 302//302
f 306//306 1596//1596 1604//1604
f 297//297 1605//1605 1588//1588
f 20//20 1264//1264 4//4
f 3//3 1260//1260 1273//1273
f 2//2 1274//1274 13//13
f 14//14 1277//1277 1608//1608
f 10//10 1607//1607 1362//1362
f 1363//1363 1613//1613 1617//1617
f 1358//1358 1615//1615 1593//1593
f 1618//1618 1626//1626 1631//1631
f 1638//1638 1642//1642 1644//1644
f 1653//1653 1659//1659 1669//1669
f 1676//1676 1679//1679 1686//1686
f 1698//1698 1702//1702 1711//1711
f 1703//1703 1695//1695 1715//1715
f 1719//1719 1730//1730 1735//1735
f 1743//1743 1736//1736 1749//1749
f 1754//1754 1765//1765 1771//1771
f 1779//1779 1783//1783 1790//1790
f 1797//1797 1807//1807 1814//1814
f 1815//1815 1822//1822 1830//1830
f 1828//1828 1820//1820 1835//1835
f 1841//1841 1851//1851 1862//1862
f 1867//1867 1872//1872 1880//1880
f 1881//1881 1873//1873 1889//1889
f 1882//1882 1890//1890 1891//1891
f 1892//1892 1884//1884 1900//1900
f 1893//1893 1897//1897 1902//1902
f 1903//1903 1899//1899 1844//1844
f 1904//1904 1848//1848 1910//1910
f 1909//1909 1843//1843 1857//1857
f 1916//1916 1921//1921 1925//1925
f 1917//1917 1930//1930 1931//1931
f 1928//1928 1941//1941 1933//1933
f 1935//1935 1942//1942 1944//1944
f 1938//1938 1945//1945 1850//1850
f 1849//1849 1943//1943 1953//1953
f 1853//1853 1952//1952 1860//1860
f 1920//1920 1913//1913 1958//1958
f 1957//1957 1915//1915 1965//1965
f 1960//1960 1963//1963 1967//1967
f 1972//1972 1987//1987 1994//1994
f 1971//1971 1998//1998 1955//1955
f 1956//1956 2000//2000 1974//1974
f 1959//1959 1976//1976 2003//2003
f 2001//2001 1977//1977 1991//1991
f 2007//2007 2017//2017 2026//2026
f 2025//2025 2015//2015 2033//2033
f 2023//2023 2030//2030 1984//1984
f 1986//1986 2035//2035 2038//2038
f 1982//1982 2036//2036 1993//1993
f 2045//2045 2050//2050 2055//2055
f 2054//2054 2049//2049 2060//2060
f 2056//2056 2064//2064 2029//2029
f 2063//2063 2065//2065 2020//2020
f 2028//2028 2066//2066 2070//2070
f 2021//2021 2075//2075 2011//2011
f 2074//2074 2079//2079 2005//2005
f 2006//2006 2076//2076 2085//2085
f 2010//2010 2086//2086 2089//2089
f 2088//2088 2082//2082 2099//2099
f 2098//2098 2080//2080 2101//2101
f 2096//2096 2102//2102 2109//2109
f 2115//2115 2123//2123 2126//2126
f 2127//2127 2124//2124 2135//2135
f 2144//2144 2149//2149 2155//2155
f 2152//2152 2146//2146 2161//2161
f 2157//2157 2163//2163 2136//2136
f 2137//2137 2162//2162 2164//2164
f 2134//2134 2166//2166 2131//2131
f 2171//2171 2182//2182 2199//2199
f 2194//2194 2180//2180 2202//2202
f 2201//2201 2207//2207 2197//2197
f 2191//2191 2209//2209 2214//2214
f 2196//2196 2211//2211 2215//2215
f 2225//2225 1817//1817 2233//2233
f 2232//2232 1818//1818 1831//1831
f 2234//2234 1827//1827 2236//2236
f 2240//2240 1829//1829 1832//1832
f 2237//2237 1837//1837 2169//2169
f 2170//2170 1833//1833 2247//2247
f 2175//2175 2245//2245 2183//2183
f 2252//2252 2254//2254 2179//2179
f 2253//2253 2258//2258 2173//2173
f 2178//2178 2259//2259 2263//2263
f 2176//2176 2264//2264 2242//2242
f 2193//2193 2271//2271 2272//2272
f 2273//2273 2276//2276 2190//2190
f 2189//2189 2277//2277 2280//2280
f 2186//2186 2283//2283 2172//2172
f 2174//2174 2281//2281 2289//2289
f 2177//2177 2287//2287 2251//2251
f 2290//2290 2187//2187 2141//2141
f 2139//2139 2192//2192 2218//2218
f 2145//2145 2216//2216 2151//2151
f 2292//2292 2296//2296 2188//2188
f 2195//2195 2297//2297 2302//2302
f 2198//2198 2301//2301 2270//2270
f 2267//2267 2300//2300 2307//2307
f 2268//2268 2308//2308 2317//2317
f 2316//2316 2309//2309 2320//2320
f 2319//2319 2311//2311 2326//2326
f 2325//2325 2310//2310 2330//2330
f 2327//2327 2329//2329 2337//2337
f 2341//2341 2353//2353 2359//2359
f 2356//2356 2351//2351 2362//2362
f 2357//2357 2361//2361 2373//2373
f 2342//2342 2374//2374 2355//2355
f 2346//2346 2377//2377 2381//2381
f 2350//2350 2378//2378 2384//2384
f 2385//2385 2387//2387 2354//2354
f 2349//2349 2388//2388 2392//2392
f 2352//2352 2394//2394 2336//2336
f 2396//2396 2403//2403 2365//2365
f 2366//2366 2405//2405 2410//2410
f 2367//2367 2409//2409 2370//2370
f 2411//2411 2415//2415 2429//2429
f 2428//2428 2418//2418 2431//2431
f 2438//2438 2449//2449 2457//2457
f 2451//2451 2450//2450 2419//2419
f 2452//2452 2425//2425 2461//2461
f 2459//2459 2416//2416 2414//2414
f 2463//2463 2469//2469 2476//2476
f 2471//2471 2484//2484 2472//2472
f 2478//2478 2483//2483 2490//2490
f 2474//2474 2487//2487 2422//2422
f 2423//2423 2489//2489 2494//2494
f 2421//2421 2491//2491 2432//2432
f 2465//2465 2501//2501 2503//2503
f 2504//2504 2499//2499 2508//2508
f 2512//2512 2520//2520 2530//2530
f 2527//2527 2519//2519 2536//2536
f 2531//2531 2535//2535 2539//2539
f 2537//2537 2544//2544 2521//2521
f 2528//2528 2542//2542 2547//2547
f 2532//2532 2550//2550 2498//2498
f 2496//2496 2548//2548 2551//2551
f 2502//2502 2552//2552 2511//2511
f 2558//2558 2559//2559 2567//2567
f 2565//2565 2563//2563 2575//2575
f 2572//2572 2578//2578 2581//2581
f 2583//2583 2577//2577 2587//2587
f 2585//2585 2590//2590 2522//2522
f 2523//2523 2586//2586 2591//2591
f 2525//2525 2593//2593 2516//2516
f 2557//2557 2569//2569 2598//2598
f 2597//2597 2574//2574 2605//2605
f 2595//2595 2607//2607 2611//2611
f 2615//2615 1767//1767 2619//2619
f 2620//2620 1769//1769 2625//2625
f 2617//2617 2630//2630 1773//1773
f 1770//1770 2631//2631 2632//2632
f 1775//1775 2634//2634 2601//2601
f 2604//2604 2635//2635 2641//2641
f 2606//2606 2639//2639 2613//2613
f 1798//1798 1812//1812 1784//1784
f 1782//1782 1813//1813 2642//2642
f 1785//1785 2643//2643 1789//1789
f 1795//1795 2647//2647 2652//2652
f 1793//1793 2651//2651 2655//2655
f 2624//2624 1774//1774 2653//2653
f 2654//2654 1776//1776 1760//1760
f 2656//2656 1763//1763 1792//1792
f 1794//1794 1764//1764 2661//2661
f 1791//1791 2663//2663 1777//1777
f 2672//2672 2678//2678 2602//2602
f 2609//2609 2677//2677 2682//2682
f 2608//2608 2683//2683 1772//1772
f 1768//1768 2679//2679 2688//2688
f 1766//1766 2687//2687 1757//1757
f 2571//2571 2692//2692 2603//2603
f 2610//2610 2691//2691 2698//2698
f 2600//2600 2696//2696 2668//2668
f 2671//2671 2699//2699 2702//2702
f 2669//2669 2700//2700 2708//2708
f 2701//2701 2717//2717 2706//2706
f 2707//2707 2719//2719 2721//2721
f 2709//2709 2724//2724 2732//2732
f 2734//2734 2741//2741 2745//2745
f 2749//2749 2742//2742 2753//2753
f 2751//2751 2757//2757 2726//2726
f 2727//2727 2759//2759 2760//2760
f 2722//2722 2761//2761 2733//2733
f 2768//2768 2775//2775 1728//1728
f 1725//1725 2776//2776 2781//2781
f 1726//1726 2779//2779 1737//1737
f 1742//1742 2784//2784 2788//2788
f 1738//1738 2787//2787 1747//1747
f 2767//2767 2795//2795 2772//2772
f 2778//2778 2797//2797 2798//2798
f 2769//2769 2800//2800 2806//2806
f 2810//2810 2820//2820 1741//1741
f 1739//1739 2819//2819 2824//2824
f 1734//1734 2823//2823 1718//1718
f 1678//1678 2831//2831 1687//1687
f 1685//1685 2832//2832 2835//2835
f 1689//1689 2836//2836 2814//2814
f 2813//2813 2837//2837 2844//2844
f 2808//2808 2842//2842 2817//2817
f 2845//2845 2859//2859 2865//2865
f 2864//2864 2870//2870 2850//2850
f 2851//2851 2869//2869 2873//2873
f 2847//2847 2875//2875 2880//2880
f 2876//2876 2871//2871 2888//2888
f 1677//1677 2893//2893 2833//2833
f 2829//2829 2892//2892 2895//2895
f 2830//2830 2897//2897 2900//2900
f 2901//2901 2898//2898 2879//2879
f 2903//2903 2878//2878 2907//2907
f 2906//2906 2877//2877 2887//2887
f 2916//2916 2919//2919 2929//2929
f 2922//2922 2920//2920 2930//2930
f 2923//2923 2935//2935 2853//2853
f 2858//2858 2931//2931 2937//2937
f 2854//2854 2936//2936 2860//2860
f 2913//2913 2928//2928 1699//1699
f 1700//1700 2927//2927 2946//2946
f 1697//1697 2944//2944 1714//1714
f 2952//2952 2957//2957 2958//2958
f 2960//2960 2955//2955 2971//2971
f 2967//2967 2972//2972 1690//1690
f 1683//1683 2973//2973 2979//2979
f 1692//1692 2975//2975 1675//1675
f 2951//2951 2965//2965 2983//2983
f 2981//2981 2966//2966 2988//2988
f 2980//2980 2991//2991 2996//2996
f 3000//3000 3005//3005 3014//3014
f 3011//3011 3006//3006 3017//3017
f 3016//3016 3018//3018 3028//3028
f 3030//3030 3021//3021 3035//3035
f 1657//1657 3040//3040 3022//3022
f 3023//3023 3039//3039 3047//3047
f 3025//3025 3044//3044 3036//3036
f 1671//1671 1661//1661 3048//3048
f 3056//3056 3060//3060 3073//3073
f 3068//3068 3061//3061 1973//1973
f 3071//3071 1979//1979 3075//3075
f 3076//3076 1975//1975 1999//1999
f 3057//3057 3082//3082 3067//3067
f 3064//3064 3079//3079 3084//3084
f 3062//3062 3087//3087 3092//3092
f 3094//3094 3083//3083 3098//3098
f 3091//3091 3095//3095 3053//3053
f 1628//1628 1620//1620 2441//2441
f 2440//2440 1621//1621 3103//3103
f 2447//2447 3100//3100 1651//1651
f 1649//1649 3101//3101 3107//3107
f 1647//1647 3105//3105 1639//1639
f 2338//2338 2332//2332 2345//2345
f 2348//2348 2333//2333 3114//3114
f 2347//2347 3116//3116 2369//2369
f 2436//2436 3117//3117 2442//2442
f 2445//2445 3119//3119 3123//3123
f 2446//2446 3124//3124 1625//1625
f 1627//1627 3126//3126 2398//2398
f 1629//1629 2399//2399 1632//1632
f 1635//1635 2397//2397 2364//2364
f 1630//1630 2363//2363 3130//3130
f 3128//3128 2368//2368 3115//3115
f 2116//2116 2044//2044 2119//2119
f 2121//2121 2043//2043 2057//2057
f 2120//2120 2059//2059 3134//3134
f 3135//3135 2058//2058 2024//2024
f 3136//3136 2027//2027 3138//3138
f 3144//3144 2022//2022 1983//1983
f 3143//3143 1985//1985 3145//3145
f 3146//3146 1988//1988 1978//1978
f 3147//3147 1980//1980 3151//3151
f 3156//3156 1981//1981 3063//3063
f 3152//3152 3066//3066 3157//3157
f 3162//3162 3065//3065 3093//3093
f 3163//3163 3090//3090 3167//3167
f 3166//3166 3089//3089 3054//3054
f 3165//3165 3049//3049 3169//3169
f 3172//3172 3050//3050 1664//1664
f 3173//3173 1658//1658 3177//3177
f 3176//3176 1663//1663 3180//3180
f 1654//1654 3027//3027 1665//1665
f 1662//1662 3026//3026 3186//3186
f 1660//1660 3188//3188 3181//3181
f 3192//3192 3197//3197 3004//3004
f 3007//3007 3202//3202 3208//3208
f 3008//3008 3206//3206 3020//3020
f 3019//3019 3207//3207 3210//3210
f 3024//3024 3209//3209 3189//3189
f 3002//3002 3215//3215 3009//3009
f 3010//3010 3218//3218 2994//2994
f 3003//3003 2992//2992 3190//3190
f 3193//3193 2993//2993 2987//2987
f 3195//3195 2989//2989 3224//3224
f 3222//3222 2990//2990 2959//2959
f 3223//3223 2962//2962 3228//3228
f 2807//2807 3233//3233 1688//1688
f 1684//1684 3234//3234 3240//3240
f 1691//1691 3237//3237 2961//2961
f 2963//2963 3235//3235 3244//3244
f 2964//2964 3241//3241 3227//3227
f 1751//1751 2735//2735 1746//1746
f 1745//1745 2737//2737 2746//2746
f 1744//1744 2752//2752 1733//1733
f 1732//1732 2748//2748 3248//3248
f 1740//1740 3252//3252 2811//2811
f 2812//2812 3246//3246 3253//3253
f 2809//2809 3255//3255 3230//3230
f 2462//2462 2479//2479 2495//2495
f 2500//2500 2481//2481 3265//3265
f 2497//2497 3264//3264 2524//2524
f 2526//2526 3263//3263 3270//3270
f 2529//2529 3269//3269 2582//2582
f 1648//1648 3272//3272 2448//2448
f 2444//2444 3273//3273 3282//3282
f 2443//2443 3281//3281 2424//2424
f 2417//2417 3278//3278 3283//3283
f 2420//2420 3286//3286 2475//2475
f 1643//1643 3290//3290 1646//1646
f 1650//1650 3291//3291 3292//3292
f 1645//1645 3296//3296 3276//3276
f 3297//3297 3305//3305 3313//3313
f 3316//3316 3306//3306 3319//3319
f 3324//3324 3329//3329 3334//3334
f 3341//3341 3352//3352 3362//3362
f 3349//3349 3342//3342 3371//3371
f 3374//3374 3384//3384 3393//3393
f 3397//3397 3402//3402 3410//3410
f 3406//3406 3404//3404 3418//3418
f 3423//3423 3426//3426 3437//3437
f 3422//3422 3439//3439 3442//3442
f 3446//3446 3434//3434 3451//3451
f 3447//3447 3450//3450 3453//3453
f 3460//3460 3464//3464 3472//3472
f 3474//3474 3465//3465 3480//3480
f 3468//3468 3483//3483 3485//3485
f 3492//3492 3500//3500 3502//3502
f 3503//3503 3496//3496 3471//3471
f 3504//3504 3479//3479 3511//3511
f 3509//3509 3469//3469 3489//3489
f 3493//3493 3515//3515 3501//3501
f 3497//3497 3514//3514 3516//3516
f 3498//3498 3517//3517 3525//3525
f 3537//3537 3542//3542 3550//3550
f 3414//3414 3401//3401 3531//3531
f 3536//3536 3405//3405 3557//3557
f 3530//3530 3558//3558 3543//3543
f 3372//3372 3562//3562 3380//3380
f 3381//3381 3376//3376 3367//3367
f 3365//3365 3379//3379 3566//3566
f 3366//3366 3567//3567 3354//3354
f 3568//3568 3574//3574 3351//3351
f 3353//3353 3571//3571 3580//3580
f 3350//3350 3577//3577 3361//3361
f 3359//3359 3575//3575 3581//3581
f 3360//3360 3583//3583 3589//3589
f 3595//3595 3612//3612 3616//3616
f 3620//3620 3614//3614 3363//3363
f 3621//3621 3355//3355 3624//3624
f 3622//3622 3357//3357 3588//3588
f 3563//3563 3632//3632 3385//3385
f 3382//3382 3626//3626 3639//3639
f 3383//3383 3637//3637 3390//3390
f 3389//3389 3634//3634 3641//3641
f 3386//3386 3642//3642 3646//3646
f 3656//3656 3659//3659 3668//3668
f 3658//3658 3674//3674 3670//3670
f 3667//3667 3672//3672 3675//3675
f 3669//3669 3676//3676 3599//3599
f 3597//3597 3679//3679 3684//3684
f 3682//3682 3688//3688 3602//3602
f 3601//3601 3687//3687 3694//3694
f 3600//3600 3692//3692 3697//3697
f 3699//3699 3706//3706 3598//3598
f 3604//3604 3704//3704 3712//3712
f 3603//3603 3709//3709 3358//3358
f 3356//3356 3711//3711 3717//3717
f 3364//3364 3714//3714 3345//3345
f 3346//3346 3716//3716 3718//3718
f 3348//3348 3720//3720 3724//3724
f 3664//3664 3726//3726 3654//3654
f 3652//3652 3727//3727 3731//3731
f 3651//3651 3730//3730 3335//3335
f 3340//3340 3734//3734 3738//3738
f 3337//3337 3735//3735 3322//3322
f 3746//3746 3753//3753 3332//3332
f 3333//3333 3752//3752 3760//3760
f 3328//3328 3759//3759 3339//3339
f 3744//3744 3767//3767 3772//3772
f 3769//3769 3776//3776 3741//3741
f 3747//3747 3774//3774 3779//3779
f 3750//3750 3778//3778 3755//3755
f 3764//3764 3742//3742 3787//3787
f 3783//3783 3743//3743 3792//3792
f 3782//3782 3795//3795 3796//3796
f 3803//3803 3810//3810 3818//3818
f 3804//3804 3814//3814 3828//3828
f 3829//3829 3821//3821 3837//3837
f 3827//3827 3833//3833 3845//3845
f 3809//3809 3846//3846 3823//3823
f 3822//3822 3849//3849 3855//3855
f 3819//3819 3854//3854 3860//3860
f 3857//3857 3861//3861 3870//3870
f 3797//3797 3874//3874 3789//3789
f 3788//3788 3875//3875 3883//3883
f 3785//3785 3882//3882 3884//3884
f 3885//3885 3880//3880 3890//3890
f 3887//3887 3889//3889 3897//3897
f 3898//3898 3892//3892 3868//3868
f 3899//3899 3869//3869 3903//3903
f 3902//3902 3871//3871 3865//3865
f 3904//3904 3914//3914 3924//3924
f 3919//3919 3912//3912 3931//3931
f 3920//3920 3927//3927 3839//3839
f 3830//3830 3926//3926 3937//3937
f 3831//3831 3932//3932 3842//3842
f 3840//3840 3941//3941 3944//3944
f 3949//3949 3922//3922 3956//3956
f 3952//3952 3918//3918 3838//3838
f 3951//3951 3835//3835 3962//3962
f 3958//3958 3834//3834 3942//3942
f 3907//3907 3964//3964 3969//3969
f 3971//3971 3967//3967 3980//3980
f 3950//3950 3984//3984 3921//3921
f 3925//3925 3983//3983 3985//3985
f 3923//3923 3989//3989 3905//3905
f 3908//3908 3988//3988 3995//3995
f 3906//3906 3994//3994 3965//3965
f 3963//3963 3993//3993 4004//4004
f 3966//3966 3999//3999 3974//3974
f 3975//3975 3998//3998 4009//4009
f 3977//3977 4007//4007 4012//4012
f 4021//4021 4028//4028 4035//4035
f 3318//3318 3303//3303 4020//4020
f 4019//4019 3304//3304 4046//4046
f 4018//4018 4045//4045 4031//4031
f 4047//4047 4055//4055 4064//4064
f 4069//4069 4073//4073 4085//4085
f 4084//4084 4079//4079 4090//4090
f 4082//4082 4091//4091 4097//4097
f 4101//4101 4105//4105 4113//4113
f 4114//4114 4107//4107 4122//4122
f 4117//4117 4121//4121 4134//4134
f 4135//4135 4119//4119 4138//4138
f 4137//4137 4142//4142 4145//4145
f 4095//4095 4155//4155 4081//4081
f 4080//4080 4150//4150 4163//4163
f 4083//4083 4162//4162 4065//4065
f 4066//4066 4164//4164 4168//4168
f 4067//4067 4166//4166 4172//4172
f 4075//4075 4048//4048 4086//4086
f 4088//4088 4051//4051 4061//4061
f 4087//4087 4063//4063 4175//4175
f 4179//4179 4062//4062 4184//4184
f 4057//4057 4099//4099 4060//4060
f 4058//4058 4098//4098 4110//4110
f 4059//4059 4111//4111 4181//4181
f 4182//4182 4115//4115 4187//4187
f 4192//4192 4199//4199 4205//4205
f 4206//4206 4200//4200 4210//4210
f 4207//4207 4212//4212 4133//4133
f 4126//4126 4215//4215 4219//4219
f 4130//4130 4216//4216 4225//4225
f 4221//4221 4229//4229 4127//4127
f 4128//4128 4230//4230 4236//4236
f 4136//4136 4232//4232 4116//4116
f 4109//4109 4237//4237 4242//4242
f 4112//4112 4238//4238 4188//4188
f 4243//4243 4248//4248 4257//4257
f 4256//4256 4249//4249 4265//4265
f 4254//4254 4266//4266 4270//4270
f 4247//4247 4253//4253 4276//4276
f 4275//4275 4258//4258 4285//4285
f 4272//4272 4281//4281 4290//4290
f 4283//4283 4297//4297 4303//4303
f 4302//4302 4308//4308 4287//4287
f 4279//4279 4305//4305 4311//4311
f 4282//4282 4312//4312 4289//4289
f 4294//4294 4284//4284 4321//4321
f 4319//4319 4278//4278 4326//4326
f 4317//4317 4325//4325 4330//4330
f 3478//3478 4331//4331 4347//4347
f 4340//4340 4335//4335 4350//4350
f 4339//4339 4352//4352 4360//4360
f 4358//4358 4364//4364 4337//4337
f 4343//4343 4365//4365 4367//4367
f 4338//4338 4370//4370 4371//4371
f 4375//4375 4379//4379 4382//4382
f 4383//4383 4377//4377 4388//4388
f 4381//4381 4393//4393 4397//4397
f 4329//4329 4401//4401 4315//4315
f 4314//4314 4403//4403 4407//4407
f 4318//4318 4409//4409 4412//4412
f 4410//4410 4408//4408 4394//4394
f 4413//4413 4399//4399 4418//4418
f 4417//4417 4398//4398 4391//4391
f 4425//4425 4426//4426 4435//4435
f 3524//3524 4441//4441 3495//3495
f 3494//3494 4440//4440 4422//4422
f 3499//3499 4423//4423 3475//3475
f 3477//3477 4424//4424 4432//4432
f 3476//3476 4431//4431 4332//4332
f 3520//3520 4443//4443 3522//3522
f 3523//3523 4444//4444 3459//3459
f 3526//3526 3458//3458 4447//4447
f 4448//4448 3457//3457 3448//3448
f 4449//4449 3452//3452 4453//4453
f 4454//4454 3449//3449 3432//3432
f 4459//4459 4132//4132 3314//3314
f 3312//3312 4124//4124 4146//4146
f 3311//3311 4148//4148 3300//3300
f 4460//4460 4469//4469 4129//4129
f 4131//4131 4466//4466 4474//4474
f 4125//4125 4473//4473 4204//4204
f 4203//4203 4472//4472 4475//4475
f 4202//4202 4478//4478 4190//4190
f 4195//4195 4476//4476 4484//4484
f 4191//4191 4481//4481 4486//4486
f 4488//4488 4485//4485 4495//4495
f 4487//4487 4492//4492 4262//4262
f 4260//4260 4491//4491 4497//4497
f 4261//4261 4496//4496 4269//4269
f 4503//4503 4509//4509 4022//4022
f 4023//4023 4510//4510 4514//4514
f 4027//4027 4516//4516 3320//3320
f 3321//3321 4515//4515 4522//4522
f 3317//3317 4520//4520 3310//3310
f 3309//3309 4517//4517 4525//4525
f 3315//3315 4523//4523 4464//4464
f 4529//4529 4537//4537 3817//3817
f 4530//4530 3816//3816 4540//4540
f 3859//3859 3872//3872 3815//3815
f 3812//3812 3873//3873 4544//4544
f 3824//3824 4547//4547 4542//4542
f 3940//3940 3832//3832 4033//4033
f 4040//4040 3836//3836 3820//3820
f 4036//4036 3811//3811 4025//4025
f 4026//4026 3813//3813 4533//4533
f 4024//4024 4536//4536 4505//4505
f 4554//4554 3606//3606 3411//3411
f 3412//3412 3605//3605 3590//3590
f 3413//3413 3592//3592 3395//3395
f 4552//4552 4556//4556 3611//3611
f 3610//3610 4555//4555 4560//4560
f 3609//3609 4561//4561 4566//4566
f 4564//4564 4571//4571 3608//3608
f 3613//3613 4569//4569 4573//4573
f 3607//3607 4574//4574 3665//3665
f 4580//4580 4581//4581 3532//3532
f 3534//3534 4582//4582 4590//4590
f 3538//3538 4591//4591 3417//3417
f 3415//3415 4586//4586 4592//4592
f 3416//3416 4597//4597 3409//3409
f 3408//3408 4593//4593 4600//4600
f 3407//3407 4599//4599 4553//4553
f 4604//4604 4607//4607 4345//4345
f 4603//4603 4346//4346 4617//4617
f 4372//4372 4384//4384 4348//4348
f 4349//4349 4385//4385 4620//4620
f 4344//4344 4619//4619 4616//4616
f 3461//3461 3473//3473 3546//3546
f 3552//3552 3470//3470 4336//4336
f 3547//3547 4342//4342 3535//3535
f 3539//3539 4341//4341 4612//4612
f 3533//3533 4606//4606 4577//4577
f 3725//3725 4626//4626 3347//3347
f 3344//3344 4627//4627 4630//4630
f 3343//3343 4633//4633 3370//3370
f 3368//3368 4632//4632 4637//4637
f 3369//3369 4635//4635 3560//3560
f 3559//3559 4640//4640 4641//4641
f 3561//3561 4642//4642 3631//3631
f 3630//3630 4643//4643 4649//4649
f 4653//4653 4657//4657 3629//3629
f 3628//3628 4655//4655 4661//4661
f 3627//3627 4660//4660 3635//3635
f 4628//4628 3722//3722 4663//4663
f 4666//4666 3723//3723 3719//3719
f 3721//3721 3715//3715 4665//4665
f 4667//4667 3713//3713 3708//3708
f 4669//4669 3707//3707 4673//4673
f 3680//3680 3671//3671 4683//4683
f 4682//4682 4686//4686 3678//3678
f 3681//3681 4684//4684 4689//4689
f 3677//3677 4690//4690 3683//3683
f 3686//3686 4692//4692 4695//4695
f 3685//3685 4696//4696 3691//3691
f 3690//3690 4697//4697 4701//4701
f 3689//3689 4702//4702 3693//3693
f 3695//3695 4703//4703 4707//4707
f 3696//3696 4708//4708 3698//3698
f 3700//3700 4706//4706 4714//4714
f 3701//3701 4713//4713 3703//3703
f 3705//3705 4712//4712 4674//4674
f 3702//3702 4675//4675 3710//3710
f 4680//4680 3673//3673 3657//3657
f 3655//3655 4719//4719 3662//3662
f 3661//3661 4721//4721 4724//4724
f 3660//3660 4727//4727 4681//4681
f 3754//3754 4730//4730 3758//3758
f 3761//3761 4728//4728 4720//4720
f 3757//3757 4723//4723 3336//3336
f 3338//3338 4722//4722 3653//3653
f 4731//4731 3756//3756 4738//4738
f 3751//3751 3780//3780 4737//4737
f 4736//4736 3781//3781 3773//3773
f 4735//4735 3777//3777 4739//4739
f 4740//4740 3775//3775 3771//3771
f 4741//4741 3770//3770 4748//4748
f 3768//3768 3762//3762 4747//4747
f 4742//4742 3766//3766 4750//4750
f 4751//4751 3765//3765 4758//4758
f 4756//4756 3763//3763 3786//3786
f 4759//4759 3784//3784 4763//4763
f 3901//3901 4767//4767 3896//3896
f 3894//3894 4766//4766 4761//4761
f 3895//3895 4765//4765 3886//3886
f 3888//3888 4762//4762 3790//3790
f 3800//3800 3825//3825 4777//4777
f 4778//4778 4781//4781 3801//3801
f 3805//3805 4782//4782 4784//4784
f 3802//3802 4785//4785 3808//3808
f 3807//3807 4786//4786 4788//4788
f 3806//3806 4790//4790 3850//3850
f 3848//3848 4792//4792 4797//4797
f 3847//3847 4796//4796 3851//3851
f 3853//3853 4795//4795 4804//4804
f 3852//3852 4803//4803 3858//3858
f 3856//3856 4801//4801 3862//3862
f 3863//3863 4800//4800 4772//4772
f 3864//3864 4769//4769 3900//3900
f 4774//4774 3826//3826 3844//3844
f 4773//4773 3843//3843 4809//4809
f 4806//4806 3841//3841 3936//3936
f 4810//4810 3934//3934 4811//4811
f 4812//4812 3933//3933 4818//4818
f 4820//4820 3935//3935 3928//3928
f 4819//4819 3929//3929 4828//4828
f 4824//4824 3930//3930 3916//3916
f 3973//3973 4831//4831 3968//3968
f 3972//3972 4830//4830 4840//4840
f 3970//3970 4838//4838 3910//3910
f 3909//3909 4835//4835 4841//4841
f 3911//3911 4845//4845 3917//3917
f 3913//3913 4844//4844 4851//4851
f 3915//3915 4850//4850 4829//4829
f 2235//2235 2262//2262 4852//4852
f 4855//4855 2261//2261 4865//4865
f 4864//4864 2265//2265 2257//2257
f 4863//4863 2260//2260 2255//2255
f 2256//2256 2249//2249 4862//4862
f 4866//4866 2250//2250 2288//2288
f 4860//4860 2285//2285 4874//4874
f 4867//4867 2286//2286 2284//2284
f 4868//4868 2282//2282 2278//2278
f 2279//2279 2275//2275 4870//4870
f 4871//4871 2274//2274 2266//2266
f 4873//4873 2269//2269 2315//2315
f 2318//2318 2321//2321 4872//4872
f 4869//4869 2322//2322 2324//2324
f 4875//4875 2323//2323 4887//4887
f 4886//4886 2328//2328 2335//2335
f 2339//2339 2393//2393 4885//4885
f 4884//4884 2391//2391 2390//2390
f 4881//4881 2389//2389 4888//4888
f 4889//4889 2386//2386 2383//2383
f 4890//4890 2382//2382 2379//2379
f 2358//2358 4903//4903 2343//2343
f 2340//2340 4902//4902 4891//4891
f 2344//2344 4894//4894 2375//2375
f 2376//2376 4893//4893 2380//2380
f 2360//2360 2372//2372 4897//4897
f 4899//4899 2371//2371 2408//2408
f 4900//4900 2407//2407 4908//4908
f 3122//3122 4917//4917 2401//2401
f 2400//2400 4916//4916 4907//4907
f 2395//2395 4904//4904 2404//2404
f 2402//2402 4910//4910 2406//2406
f 4920//4920 2223//2223 2228//2228
f 4853//4853 4926//4926 2241//2241
f 2239//2239 4928//4928 4933//4933
f 2238//2238 4932//4932 2229//2229
f 2230//2230 4931//4931 4938//4938
f 2231//2231 4936//4936 4922//4922
f 4914//4914 3125//3125 3118//3118
f 4913//4913 3120//3120 4942//4942
f 4940//4940 3121//3121 2435//2435
f 4941//4941 2437//2437 4943//4943
f 4944//4944 2439//2439 2456//2456
f 4945//4945 2455//2455 4947//4947
f 4948//4948 2454//2454 4955//4955
f 4957//4957 2453//2453 2458//2458
f 2460//2460 2413//2413 4956//4956
f 4954//4954 2412//2412 2427//2427
f 4953//4953 2430//2430 4965//4965
f 2426//2426 2434//2434 4963//4963
f 4966//4966 2433//2433 2493//2493
f 4961//4961 2492//2492 2486//2486
f 2488//2488 2482//2482 4962//4962
f 4960//4960 2485//2485 2470//2470
f 4959//4959 2468//2468 4969//4969
f 4970//4970 2467//2467 2466//2466
f 2464//2464 2505//2505 4971//4971
f 4967//4967 2506//2506 2510//2510
f 4968//4968 2509//2509 4979//4979
f 4972//4972 2507//2507 2554//2554
f 2553//2553 2546//2546 4973//4973
f 4975//4975 2549//2549 2541//2541
f 4974//4974 2543//2543 4983//4983
f 4987//4987 2545//2545 2540//2540
f 4985//4985 2538//2538 2533//2533
f 2534//2534 2518//2518 4980//4980
f 4984//4984 2517//2517 2513//2513
f 4981//4981 2514//2514 4993//4993
f 4988//4988 2515//2515 2592//2592
f 4989//4989 2594//2594 2588//2588
f 2629//2629 2616//2616 5002//5002
f 2589//2589 2579//2579 4991//4991
f 4992//4992 2576//2576 2561//2561
f 4994//4994 2562//2562 5007//5007
f 5011//5011 2560//2560 2556//2556
f 5012//5012 2555//2555 2596//2596
f 2599//2599 2612//2612 5006//5006
f 5009//5009 2614//2614 2637//2637
f 5014//5014 2638//2638 5004//5004
f 4996//4996 2640//2640 2633//2633
f 5001//5001 2636//2636 2628//2628
f 2618//2618 2621//2621 4999//4999
f 4998//4998 2622//2622 2626//2626
f 5003//5003 2623//2623 5016//5016
f 5017//5017 2627//2627 2657//2657
f 5019//5019 2658//2658 5024//5024
f 5022//5022 2659//2659 2650//2650
f 5023//5023 2649//2649 5033//5033
f 5030//5030 2648//2648 2646//2646
f 5029//5029 2645//2645 5038//5038
f 5037//5037 2644//2644 1809//1809
f 5036//5036 1810//1810 5042//5042
f 5043//5043 1811//1811 1801//1801
f 5047//5047 938//938 5051//5051
f 5052//5052 937//937 924//924
f 928//928 921//921 5053//5053
f 5054//5054 923//923 986//986
f 5055//5055 985//985 5057//5057
f 5056//5056 984//984 980//980
f 5058//5058 981//981 5061//5061
f 1112//1112 1104//1104 5063//5063
f 5062//5062 982//982 5073//5073
f 5072//5072 977//977 974//974
f 973//973 950//950 5074//5074
f 5075//5075 951//951 963//963
f 5076//5076 966//966 5085//5085
f 967//967 968//968 5080//5080
f 5083//5083 971//971 1019//1019
f 5084//5084 1020//1020 1016//1016
f 1015//1015 1011//1011 5079//5079
f 5077//5077 1010//1010 996//996
f 5081//5081 997//997 5092//5092
f 5091//5091 993//993 990//990
f 988//988 1032//1032 5090//5090
f 5089//5089 1031//1031 1034//1034
f 5087//5087 1033//1033 5097//5097
f 5095//5095 1035//1035 1080//1080
f 1077//1077 1076//1076 5100//5100
f 5099//5099 1072//1072 1071//1071
f 5098//5098 1070//1070 5103//5103
f 5102//5102 1069//1069 1065//1065
f 5104//5104 1063//1063 1062//1062
f 1059//1059 1044//1044 5107//5107
f 5108//5108 1045//1045 1041//1041
f 5109//5109 1040//1040 5064//5064
f 5068//5068 1039//1039 1119//1119
f 5065//5065 1120//1120 1113//1113
f 1123//1123 5113//5113 1085//1085
f 1084//1084 5114//5114 5069//5069
f 1083//1083 5070//5070 1088//1088
f 1089//1089 5071//5071 1101//1101
f 1155//1155 1143//1143 5126//5126
f 1125//1125 1138//1138 5115//5115
f 5116//5116 1140//1140 1165//1165
f 5117//5117 1166//1166 5127//5127
f 5124//5124 1167//1167 1158//1158
f 5123//5123 1161//1161 1154//1154
f 1144//1144 1148//1148 5122//5122
f 5120//5120 1145//1145 1149//1149
f 5121//5121 1150//1150 5129//5129
f 5128//5128 1153//1153 1183//1183
f 5130//5130 1184//1184 5139//5139
f 1182//1182 1177//1177 5143//5143
f 5142//5142 1176//1176 1173//1173
f 5141//5141 1168//1168 5144//5144
f 5147//5147 1172//1172 83//83
f 5145//5145 82//82 5153//5153
f 5151//5151 79//79 69//69
f 5155//5155 5162//5162 4151//4151
f 4189//4189 5169//5169 4180//4180
f 4185//4185 5168//5168 5180//5180
f 4183//4183 5176//5176 4176//4176
f 4178//4178 5175//5175 5185//5185
f 4177//4177 5181//5181 4089//4089
f 4093//4093 5182//5182 5157//5157
f 4092//4092 5158//5158 4096//4096
f 4094//4094 5159//5159 4154//4154
f 5167//5167 5188//5188 4152//4152
f 4156//4156 5189//5189 5193//5193
f 4153//4153 5191//5191 4158//4158
f 5170//5170 4186//4186 4240//4240
f 5172//5172 4241//4241 5195//5195
f 5198//5198 4239//4239 4234//4234
f 5199//5199 4231//4231 5205//5205
f 5208//5208 4213//4213 5213//5213
f 5214//5214 4209//4209 4198//4198
f 5201//5201 4233//4233 5218//5218
f 5217//5217 4235//4235 4227//4227
f 5220//5220 4228//4228 5223//5223
f 5224//5224 4226//4226 4223//4223
f 5225//5225 4222//4222 5228//5228
f 5230//5230 4224//4224 4218//4218
f 5231//5231 4217//4217 5235//5235
f 5236//5236 4220//4220 4211//4211
f 5237//5237 4214//4214 5241//5241
f 5242//5242 4208//4208 5207//5207
f 4201//4201 4194//4194 5210//5210
f 5211//5211 4197//4197 5244//5244
f 5245//5245 4196//4196 5251//5251
f 5252//5252 4193//4193 4489//4489
f 5253//5253 4490//4490 4264//4264
f 4277//4277 5258//5258 4246//4246
f 4244//4244 5264//5264 5255//5255
f 4245//4245 5249//5249 4250//4250
f 4251//4251 5250//5250 4263//4263
f 5262//5262 4274//4274 5267//5267
f 5266//5266 4273//4273 4293//4293
f 5265//5265 4292//4292 5270//5270
f 5269//5269 4291//4291 4309//4309
f 5268//5268 4310//4310 5274//5274
f 5275//5275 4313//4313 4307//4307
f 5273//5273 4304//4304 5279//5279
f 5285//5285 5295//5295 4301//4301
f 4300//4300 5293//5293 5278//5278
f 4298//4298 5276//5276 4306//4306
f 4299//4299 4296//4296 5283//5283
f 5284//5284 4295//4295 4316//4316
f 5286//5286 4320//4320 4411//4411
f 4378//4378 5298//5298 4389//4389
f 4390//4390 5303//5303 5287//5287
f 4392//4392 5289//5289 4415//4415
f 4416//4416 5290//5290 4414//4414
f 4351//4351 4334//4334 5311//5311
f 5310//5310 5312//5312 4354//4354
f 4353//4353 5313//5313 5316//5316
f 4355//4355 5319//5319 4356//4356
f 4359//4359 5317//5317 5323//5323
f 4357//4357 5324//5324 4363//4363
f 4361//4361 5325//5325 5330//5330
f 4362//4362 5331//5331 4366//4366
f 4368//4368 5329//5329 5333//5333
f 4369//4369 5336//5336 4376//4376
f 4374//4374 5332//5332 5299//5299
f 4373//4373 5300//5300 4380//4380
f 5308//5308 4333//4333 4436//4436
f 5306//5306 4434//4434 5338//5338
f 5340//5340 4433//4433 4428//4428
f 5341//5341 4430//4430 5348//5348
f 5346//5346 4429//4429 5353//5353
f 5354//5354 4427//4427 4420//4420
f 5351//5351 4421//4421 5356//5356
f 5359//5359 4419//4419 4437//4437
f 5355//5355 4438//4438 5363//5363
f 5364//5364 4439//4439 3528//3528
f 5361//5361 3529//3529 5371//5371
f 5369//5369 3527//3527 4450//4450
f 5368//5368 4451//4451 4455//4455
f 3433//3433 5377//5377 4456//4456
f 4457//4457 5374//5374 5379//5379
f 4452//4452 5380//5380 5372//5372
f 5385//5385 4526//4526 4519//4519
f 5386//5386 4521//4521 5395//5395
f 5394//5394 4518//4518 4512//4512
f 5393//5393 4513//4513 5399//5399
f 4531//4531 4527//4527 5409//5409
f 5410//5410 5411//5411 4534//4534
f 4532//4532 5412//5412 5416//5416
f 4535//4535 5418//5418 4504//4504
f 4502//4502 5415//5415 4508//4508
f 4507//4507 5420//5420 5398//5398
f 4506//4506 5397//5397 4511//4511
f 4528//4528 4538//4538 5407//5407
f 5405//5405 4539//4539 5421//5421
f 3866//3866 3893//3893 5431//5431
f 5424//5424 4541//4541 5435//5435
f 5430//5430 4543//4543 4546//4546
f 5428//5428 4545//4545 3867//3867
f 3799//3799 5437//5437 3876//3876
f 3877//3877 5439//5439 5425//5425
f 3878//3878 5427//5427 3881//3881
f 3879//3879 5429//5429 3891//3891
f 5441//5441 3798//3798 3794//3794
f 5440//5440 3793//3793 5444//5444
f 5443//5443 3791//3791 3745//3745
f 5442//5442 3748//3748 5446//5446
f 5449//5449 3749//3749 3327//3327
f 5445//5445 3330//3330 5452//5452
f 5450//5450 3331//3331 3326//3326
f 5451//5451 3323//3323 5455//5455
f 5461//5461 5471//5471 3736//3736
f 3739//3739 5469//5469 5456//5456
f 3740//3740 5457//5457 3325//3325
f 3737//3737 3733//3733 5463//5463
f 5468//5468 3732//3732 3729//3729
f 5466//5466 3728//3728 3663//3663
f 4565//4565 5482//5482 4568//4568
f 4570//4570 5475//5475 5467//5467
f 4572//4572 5464//5464 4576//4576
f 4575//4575 5460//5460 3666//3666
f 4549//4549 4601//4601 5483//5483
f 5484//5484 5491//5491 4548//4548
f 4550//4550 5493//5493 5495//5495
f 4551//4551 5497//5497 4557//4557
f 4558//4558 5498//5498 4559//4559
f 4562//4562 5496//5496 5480//5480
f 4563//4563 5476//5476 4567//4567
f 5486//5486 4598//4598 4594//4594
f 5488//5488 4595//4595 5500//5500
f 5501//5501 4596//4596 4587//4587
f 5503//5503 4588//4588 5511//5511
f 4609//4609 4602//4602 5514//5514
f 5516//5516 5519//5519 4608//4608
f 4611//4611 5520//5520 5524//5524
f 4610//4610 5526//5526 4578//4578
f 4579//4579 5528//5528 4585//4585
f 4583//4583 5523//5523 5506//5506
f 4584//4584 5508//5508 4589//4589
f 4605//4605 4615//4615 5513//5513
f 5518//5518 4618//4618 5532//5532
f 4387//4387 4395//4395 5534//5534
f 5530//5530 4613//4613 5533//5533
f 5539//5539 4614//4614 4622//4622
f 5540//5540 4621//4621 4386//4386
f 4328//4328 5545//5545 4400//4400
f 4402//4402 5549//5549 5541//5541
f 4404//4404 5543//5543 4405//4405
f 4406//4406 5542//5542 4396//4396
f 5544//5544 4327//4327 4323//4323
f 5547//5547 4322//4322 5552//5552
f 5551//5551 4324//4324 4280//4280
f 5550//5550 4286//4286 5555//5555
f 5553//5553 4288//4288 4252//4252
f 5557//5557 4259//4259 5560//5560
f 5559//5559 4255//4255 4267//4267
f 5558//5558 4271//4271 5563//5563
f 5564//5564 4268//4268 4500//4500
f 4493//4493 5571//5571 4501//4501
f 4498//4498 5572//5572 5575//5575
f 4499//4499 5577//5577 5565//5565
f 4470//4470 5587//5587 4477//4477
f 4479//4479 5581//5581 5570//5570
f 4480//4480 5566//5566 4482//4482
f 4483//4483 5567//5567 4494//4494
f 4458//4458 4524//4524 5389//5389
f 5387//5387 5591//5591 4463//4463
f 4462//4462 5590//5590 5596//5596
f 4461//4461 5595//5595 4468//4468
f 4467//4467 5594//5594 5583//5583
f 4465//4465 5582//5582 4471//4471
f 5597//5597 1109//1109 1415//1415
f 1409//1409 5606//5606 1414//1414
f 1412//1412 5607//5607 5609//5609
f 1416//1416 5613//5613 5603//5603
f 5615//5615 5620//5620 1407//1407
f 1408//1408 5619//5619 5625//5625
f 1406//1406 5627//5627 5604//5604
f 5616//5616 1405//1405 5631//5631
f 5630//5630 1404//1404 1000//1000
f 5629//5629 1001//1001 5636//5636
f 1428//1428 5644//5644 1430//1430
f 1431//1431 5646//5646 5634//5634
f 1433//1433 5639//5639 1436//1436
f 1435//1435 5638//5638 1003//1003
f 5641//5641 1424//1424 1451//1451
f 5642//5642 1448//1448 5648//5648
f 1450//1450 1446//1446 5649//5649
f 5650//5650 1445//1445 1441//1441
f 5651//5651 1439//1439 5655//5655
f 5656//5656 1442//1442 1472//1472
f 5657//5657 1474//1474 5662//5662
f 5661//5661 1475//1475 5666//5666
f 5665//5665 1477//1477 1470//1470
f 5667//5667 1471//1471 5671//5671
f 5672//5672 1468//1468 1463//1463
f 1458//1458 5675//5675 1464//1464
f 1460//1460 5676//5676 5679//5679
f 1465//1465 5683//5683 5673//5673
f 871//871 5687//5687 1478//1478
f 1482//1482 5685//5685 5674//5674
f 1481//1481 5677//5677 1486//1486
f 1485//1485 5678//5678 1457//1457
f 760//760 5694//5694 148//148
f 145//145 5691//5691 5695//5695
f 143//143 5696//5696 5702//5702
f 5708//5708 841//841 5714//5714
f 5712//5712 842//842 837//837
f 5711//5711 836//836 5719//5719
f 5718//5718 840//840 831//831
f 5717//5717 832//832 5701//5701
f 5700//5700 834//834 829//829
f 5703//5703 830//830 141//141
f 868//868 822//822 5707//5707
f 5710//5710 823//823 821//821
f 5706//5706 820//820 844//844
f 5709//5709 5722//5722 865//865
f 866//866 5724//5724 5688//5688
f 867//867 5689//5689 870//870
f 5693//5693 763//763 5732//5732
f 762//762 750//750 5731//5731
f 5730//5730 753//753 738//738
f 5734//5734 741//741 5736//5736
f 1537//1537 1528//1528 5745//5745
f 5744//5744 5748//5748 1535//1535
f 1533//1533 5749//5749 5751//5751
f 1539//1539 5755//5755 1541//1541
f 1540//1540 5754//5754 5757//5757
f 1544//1544 5759//5759 1491//1491
f 1490//1490 5761//5761 5738//5738
f 1488//1488 5740//5740 737//737
f 5746//5746 1532//1532 1523//1523
f 5762//5762 5771//5771 1520//1520
f 1519//1519 5772//5772 5775//5775
f 1514//1514 5776//5776 1522//1522
f 1521//1521 5774//5774 5780//5780
f 1527//1527 5779//5779 5742//5742
f 1495//1495 5782//5782 1502//1502
f 1498//1498 5781//5781 5788//5788
f 1499//1499 5791//5791 1507//1507
f 1506//1506 5789//5789 5768//5768
f 1504//1504 5763//5763 1509//1509
f 1513//1513 5767//5767 1518//1518
f 5783//5783 1497//1497 1547//1547
f 5784//5784 1548//1548 5795//5795
f 5794//5794 1549//1549 1571//1571
f 5796//5796 1573//1573 5797//5797
f 5798//5798 1572//1572 1570//1570
f 5799//5799 1569//1569 5801//5801
f 1565//1565 1561//1561 5802//5802
f 5803//5803 1564//1564 5806//5806
f 5805//5805 1560//1560 5810//5810
f 5812//5812 1559//1559 1554//1554
f 5814//5814 1552//1552 5815//5815
f 5817//5817 1553//1553 5820//5820
f 5821//5821 1557//1557 1583//1583
f 5822//5822 1582//1582 5830//5830
f 1601//1601 5835//5835 1602//1602
f 1606//1606 5837//5837 5831//5831
f 1603//1603 5829//5829 1587//1587
f 1589//1589 5828//5828 1580//1580
f 1275//1275 5844//5844 1609//1609
f 1610//1610 5846//5846 5849//5849
f 1611//1611 5848//5848 5851//5851
f 5836//5836 1600//1600 5861//5861
f 5859//5859 1599//1599 1594//1594
f 5858//5858 1590//1590 5852//5852
f 5856//5856 1591//1591 1616//1616
f 5854//5854 1614//1614 1612//1612
f 5842//5842 1276//1276 1239//1239
f 5841//5841 1240//1240 5868//5868
f 5866//5866 1237//1237 1248//1248
f 5863//5863 1250//1250 5869//5869
f 5877//5877 1093//1093 5602//5602
f 5601//5601 1094//1094 1110//1110
f 5880//5880 1212//1212 5890//5890
f 5886//5886 1213//1213 1092//1092
f 5887//5887 1091//1091 5895//5895
f 5891//5891 1090//1090 5876//5876
f 1258//1258 1200//1200 5881//5881
f 5884//5884 1199//1199 1193//1193
f 5883//5883 1195//1195 1209//1209
f 5882//5882 5898//5898 1259//1259
f 1256//1256 5899//5899 5872//5872
f 1254//1254 5873//5873 1249//1249
f 2143//2143 2154//2154 5904//5904
f 5901//5901 5907//5907 2138//2138
f 2140//2140 5909//5909 5914//5914
f 2142//2142 5911//5911 2291//2291
f 2294//2294 5913//5913 5915//5915
f 2293//2293 5916//5916 2299//2299
f 2298//2298 5917//5917 5921//5921
f 2295//2295 5923//5923 2305//2305
f 5920//5920 5928//5928 2304//2304
f 2303//2303 5926//5926 5931//5931
f 2306//2306 5930//5930 2312//2312
f 2313//2313 5932//5932 5935//5935
f 2314//2314 5937//5937 2334//2334
f 5905//5905 2153//2153 5946//5946
f 2156//2156 2132//2132 5944//5944
f 5943//5943 2133//2133 2117//2117
f 5945//5945 2118//2118 5953//5953
f 5956//5956 3137//3137 5960//5960
f 5961//5961 3141//3141 3149//3149
f 5957//5957 5968//5968 3140//3140
f 3139//3139 5969//5969 5974//5974
f 3142//3142 5972//5972 3132//3132
f 3131//3131 5970//5970 5950//5950
f 3133//3133 5952//5952 2122//2122
f 5964//5964 3148//3148 3155//3155
f 5975//5975 5983//5983 3161//3161
f 3160//3160 5982//5982 5992//5992
f 3159//3159 5991//5991 3153//3153
f 3150//3150 5990//5990 5993//5993
f 3154//3154 5994//5994 5959//5959
f 3183//3183 5999//5999 3175//3175
f 3178//3178 6001//6001 6004//6004
f 3179//3179 6006//6006 3170//3170
f 3171//3171 6007//6007 5979//5979
f 3174//3174 5978//5978 3164//3164
f 3168//3168 5977//5977 3158//3158
f 3214//3214 3205//3205 6011//6011
f 6010//6010 6017//6017 3213//3213
f 3211//3211 6018//6018 6022//6022
f 3212//3212 6020//6020 3184//3184
f 3187//3187 6019//6019 6003//6003
f 3185//3185 5998//5998 3182//3182
f 6024//6024 6032//6032 3203//3203
f 3199//3199 6031//6031 6013//6013
f 3200//3200 6009//6009 3204//3204
f 6027//6027 3198//3198 6037//6037
f 6035//6035 3201//3201 3194//3194
f 6038//6038 3191//3191 6044//6044
f 6042//6042 3196//3196 3219//3219
f 6040//6040 3220//3220 6047//6047
f 3238//3238 6054//6054 3242//3242
f 3243//3243 6056//6056 6049//6049
f 3245//3245 6045//6045 3226//3226
f 3225//3225 6046//6046 3221//3221
f 2750//2750 6061//6061 3249//3249
f 3250//3250 6063//6063 6066//6066
f 3251//3251 6068//6068 6072//6072
f 6055//6055 3239//3239 6080//6080
f 6078//6078 3236//3236 3232//3232
f 6079//6079 3231//3231 6069//6069
f 6074//6074 3229//3229 3254//3254
f 6070//6070 3256//3256 3247//3247
f 6084//6084 6064//6064 2725//2725
f 2728//2728 6060//6060 2747//2747
f 6082//6082 2723//2723 6088//6088
f 6090//6090 2720//2720 2718//2718
f 6093//6093 2715//2715 6095//6095
f 6100//6100 2570//2570 6104//6104
f 6109//6109 2573//2573 2580//2580
f 6101//6101 6111//6111 2564//2564
f 2568//2568 6113//6113 6115//6115
f 2566//2566 6116//6116 2689//2689
f 2693//2693 6117//6117 6121//6121
f 2690//2690 6122//6122 2695//2695
f 2694//2694 6124//6124 6127//6127
f 2697//2697 6125//6125 2703//2703
f 2704//2704 6126//6126 6098//6098
f 2705//2705 6099//6099 2716//2716
f 6107//6107 2584//2584 3271//3271
f 3258//3258 6135//6135 3266//3266
f 3267//3267 6131//6131 6139//6139
f 3268//3268 6141//6141 6105//6105
f 6144//6144 6149//6149 3259//3259
f 3260//3260 6151//6151 6153//6153
f 3257//3257 6152//6152 6133//6133
f 6143//6143 3262//3262 6159//6159
f 6160//6160 3261//3261 2477//2477
f 6162//6162 2473//2473 6164//6164
f 3275//3275 6174//6174 3280//3280
f 3279//3279 6170//6170 6166//6166
f 3277//3277 6163//6163 3284//3284
f 3285//3285 6168//6168 2480//2480
f 1640//1640 6178//6178 3288//3288
f 3287//3287 6177//6177 6183//6183
f 3289//3289 6182//6182 3295//3295
f 3294//3294 6184//6184 6175//6175
f 3293//3293 6176//6176 3274//3274
f 1641//1641 1636//1636 6179//6179
f 6180//6180 1637//1637 3106//3106
f 6181//6181 3109//3109 6189//6189
f 6188//6188 3108//3108 6192//6192
f 6193//6193 3110//3110 3104//3104
f 6194//6194 3102//3102 6198//6198
f 6200//6200 3099//3099 1619//1619
f 1634//1634 6205//6205 1624//1624
f 1622//1622 6201//6201 6211//6211
f 1623//1623 6214//6214 6199//6199
f 2331//2331 5940//5940 3113//3113
f 3112//3112 5936//5936 6202//6202
f 3111//3111 6209//6209 3129//3129
f 3127//3127 6208//6208 1633//1633
f 6217//6217 3456//3456 6222//6222
f 6221//6221 3454//3454 4445//4445
f 6220//6220 4442//4442 6228//6228
f 6227//6227 4446//4446 3518//3518
f 6226//6226 3519//3519 6238//6238
f 6237//6237 3521//3521 3513//3513
f 6241//6241 3512//3512 3491//3491
f 3490//3490 3505//3505 6236//6236
f 6240//6240 3506//3506 3507//3507
f 6235//6235 3510//3510 6242//6242
f 6246//6246 3508//3508 3487//3487
f 6244//6244 3488//3488 6249//6249
f 6250//6250 3486//3486 3482//3482
f 6251//6251 3484//3484 6257//6257
f 6253//6253 3481//3481 3466//3466
f 3467//3467 3463//3463 6254//6254
f 6258//6258 3462//3462 3548//3548
f 6256//6256 3549//3549 6264//6264
f 3551//3551 3544//3544 6259//6259
f 6263//6263 3540//3540 6266//6266
f 6267//6267 3541//3541 6271//6271
f 6272//6272 3545//3545 3553//3553
f 6273//6273 3554//3554 6278//6278
f 6279//6279 3555//3555 6283//6283
f 6284//6284 3556//3556 3403//3403
f 6285//6285 3400//3400 6289//6289
f 6288//6288 3399//3399 3394//3394
f 6291//6291 3398//3398 6292//6292
f 6293//6293 3396//3396 3591//3591
f 6294//6294 3596//3596 6301//6301
f 6309//6309 3584//3584 6314//6314
f 6312//6312 3582//3582 3578//3578
f 6311//6311 3576//3576 6318//6318
f 6317//6317 3579//3579 3573//3573
f 6315//6315 3572//3572 6323//6323
f 6325//6325 3570//3570 3565//3565
f 6327//6327 3564//3564 6332//6332
f 3615//3615 3623//3623 6303//6303
f 6304//6304 3625//3625 3586//3586
f 6305//6305 3587//3587 3585//3585
f 6306//6306 6334//6334 3617//3617
f 3618//3618 6333//6333 6340//6340
f 3619//3619 6339//6339 3594//3594
f 3593//3593 6338//6338 6300//6300
f 6331//6331 3569//3569 3373//3373
f 3392//3392 6343//6343 3375//3375
f 3377//3377 6345//6345 6349//6349
f 3378//3378 6350//6350 6330//6330
f 3647//3647 6356//6356 3388//3388
f 3387//3387 6355//6355 6360//6360
f 3391//3391 6363//6363 6344//6344
f 6367//6367 4037//4037 6375//6375
f 6374//6374 4039//4039 4029//4029
f 6373//6373 4030//4030 6381//6381
f 6378//6378 4032//4032 4041//4041
f 6380//6380 4042//4042 6383//6383
f 6385//6385 4044//4044 6391//6391
f 3298//3298 4144//4144 6398//6398
f 4043//4043 3308//3308 6390//6390
f 6392//6392 3307//3307 3301//3301
f 6389//6389 3302//3302 6400//6400
f 6399//6399 3299//3299 6397//6397
f 4050//4050 6405//6405 6412//6412
f 4052//4052 6411//6411 4053//4053
f 4056//4056 6410//6410 6421//6421
f 4054//4054 6413//6413 4100//4100
f 4103//4103 6415//6415 6423//6423
f 4102//4102 6424//6424 4104//4104
f 4106//4106 6422//6422 6427//6427
f 4108//4108 6426//6426 4120//4120
f 4118//4118 6430//6430 6436//6436
f 4123//4123 6432//6432 4139//4139
f 6396//6396 4149//4149 6438//6438
f 6437//6437 4147//4147 4141//4141
f 6440//6440 4143//4143 6442//6442
f 6443//6443 4140//4140 6435//6435
f 6406//6406 4049//4049 4076//4076
f 4070//4070 6451//6451 4077//4077
f 4078//4078 6450//6450 6453//6453
f 4074//4074 6455//6455 6407//6407
f 4173//4173 6458//6458 4068//4068
f 4072//4072 6461//6461 6465//6465
f 4071//4071 6463//6463 6449//6449
f 6470//6470 537//537 593//593
f 6471//6471 594//594 6476//6476
f 597//597 588//588 6477//6477
f 6479//6479 591//591 579//579
f 6478//6478 578//578 6481//6481
f 6482//6482 574//574 573//573
f 6483//6483 570//570 6487//6487
f 6488//6488 569//569 6491//6491
f 6492//6492 568//568 516//516
f 6493//6493 519//519 6495//6495
f 6496//6496 518//518 511//511
f 6497//6497 509//509 6504//6504
f 6500//6500 510//510 495//495
f 6501//6501 496//496 6505//6505
f 469//469 633//633 6511//6511
f 475//475 6512//6512 490//490
f 6514//6514 6521//6521 491//491
f 492//492 6520//6520 6509//6509
f 493//493 6508//6508 497//497
f 6525//6525 613//613 6531//6531
f 6529//6529 616//616 654//654
f 6524//6524 6533//6533 617//617
f 615//615 6535//6535 6536//6536
f 614//614 6540//6540 630//630
f 629//629 6537//6537 6513//6513
f 625//625 6517//6517 632//632
f 6542//6542 745//745 759//759
f 132//132 6546//6546 137//137
f 135//135 6548//6548 6554//6554
f 139//139 6556//6556 756//756
f 755//755 6557//6557 6560//6560
f 757//757 6561//6561 6545//6545
f 119//119 109//109 6567//6567
f 6566//6566 6571//6571 114//114
f 116//116 6569//6569 6575//6575
f 117//117 6577//6577 779//779
f 782//782 6573//6573 786//786
f 785//785 6574//6574 6551//6551
f 787//787 6550//6550 131//131
f 1788//1788 1778//1778 6583//6583
f 6579//6579 1780//1780 2666//2666
f 6578//6578 2665//2665 6586//6586
f 6594//6594 6601//6601 1755//1755
f 1756//1756 6599//6599 6604//6604
f 1758//1758 6603//6603 1759//1759
f 1761//1761 6602//6602 6609//6609
f 1762//1762 6613//6613 2664//2664
f 2662//2662 6614//6614 6618//6618
f 2660//2660 6616//6616 6589//6589
f 2676//2676 2667//2667 6621//6621
f 6619//6619 6627//6627 2675//2675
f 2674//2674 6629//6629 6631//6631
f 2673//2673 6632//6632 2681//2681
f 2680//2680 6633//6633 2685//2685
f 2686//2686 6634//6634 6595//6595
f 2684//2684 6590//6590 1753//1753
f 6638//6638 6622//6622 2712//2712
f 2714//2714 6625//6625 2670//2670
f 2763//2763 6640//6640 2729//2729
f 2730//2730 6644//6644 6646//6646
f 2731//2731 6647//6647 2713//2713
f 2711//2711 6648//6648 6654//6654
f 2710//2710 6652//6652 6636//6636
f 2762//2762 2756//2756 6642//6642
f 6643//6643 2754//2754 6658//6658
f 6659//6659 2755//2755 6663//6663
f 6660//6660 2758//2758 2740//2740
f 6662//6662 2743//2743 6665//6665
f 6670//6670 2744//2744 2736//2736
f 6669//6669 2738//2738 6673//6673
f 6672//6672 2739//2739 1748//1748
f 6671//6671 1750//1750 6679//6679
f 6678//6678 1752//1752 2786//2786
f 6681//6681 2789//2789 6686//6686
f 6682//6682 2790//2790 2785//2785
f 6683//6683 2783//2783 6688//6688
f 6689//6689 2782//2782 6697//6697
f 6696//6696 2780//2780 2770//2770
f 6693//6693 2774//2774 6698//6698
f 2804//2804 6707//6707 2777//2777
f 2773//2773 6708//6708 6713//6713
f 2771//2771 6712//6712 6699//6699
f 1723//1723 6718//6718 6721//6721
f 6720//6720 6727//6727 1724//1724
f 1721//1721 6728//6728 6731//6731
f 1722//1722 6730//6730 1731//1731
f 1729//1729 6732//6732 6738//6738
f 1727//1727 6739//6739 2765//2765
f 2766//2766 6740//6740 6745//6745
f 2764//2764 6746//6746 2796//2796
f 2840//2840 2838//2838 6750//6750
f 6748//6748 6756//6756 2839//2839
f 2841//2841 6754//6754 6758//6758
f 2843//2843 6759//6759 2818//2818
f 2816//2816 6757//6757 6764//6764
f 2815//2815 6765//6765 2822//2822
f 2825//2825 6766//6766 6716//6716
f 2821//2821 6719//6719 1720//1720
f 2909//2909 6767//6767 2902//2902
f 2904//2904 6771//6771 6775//6775
f 2905//2905 6778//6778 2826//2826
f 2828//2828 6779//6779 6749//6749
f 2827//2827 6751//6751 2834//2834
f 2917//2917 2910//2910 6781//6781
f 6780//6780 2915//2915 6791//6791
f 2918//2918 6785//6785 2933//2933
f 2932//2932 6786//6786 6794//6794
f 2934//2934 6795//6795 2939//2939
f 2940//2940 6793//6793 6796//6796
f 2938//2938 6797//6797 2863//2863
f 2861//2861 6798//6798 6806//6806
f 2862//2862 6802//6802 2866//2866
f 2867//2867 6807//6807 6811//6811
f 2868//2868 6810//6810 2872//2872
f 2874//2874 6809//6809 2884//2884
f 2885//2885 6808//6808 6769//6769
f 2886//2886 6773//6773 2908//2908
f 1707//1707 6817//6817 1693//1693
f 1696//1696 6816//6816 6823//6823
f 1694//1694 6822//6822 2911//2911
f 2914//2914 6821//6821 6824//6824
f 2912//2912 6825//6825 6787//6787
f 6828//6828 6833//6833 2948//2948
f 2943//2943 6834//6834 6841//6841
f 2945//2945 6842//6842 1717//1717
f 1716//1716 6843//6843 1704//1704
f 2921//2921 6845//6845 2947//2947
f 2942//2942 6846//6846 6852//6852
f 2941//2941 6853//6853 6829//6829
f 2852//2852 2848//2848 6857//6857
f 6858//6858 6861//6861 2855//2855
f 2856//2856 6862//6862 6868//6868
f 2857//2857 6866//6866 2924//2924
f 2925//2925 6869//6869 6871//6871
f 2926//2926 6874//6874 6844//6844
f 6854//6854 2846//2846 6876//6876
f 6878//6878 2849//2849 2883//2883
f 6875//6875 2881//2881 6885//6885
f 6882//6882 2882//2882 2894//2894
f 6880//6880 2896//2896 6888//6888
f 2970//2970 2956//2956 6896//6896
f 6892//6892 6900//6900 2974//2974
f 2968//2968 6899//6899 6904//6904
f 2969//2969 6902//6902 2978//2978
f 2977//2977 6903//6903 6909//6909
f 2976//2976 6907//6907 1674//1674
f 1672//1672 6910//6910 6914//6914
f 1673//1673 6912//6912 1680//1680
f 1682//1682 6913//6913 6916//6916
f 1681//1681 6918//6918 2890//2890
f 2891//2891 6919//6919 6887//6887
f 2889//2889 6886//6886 2899//2899
f 2985//2985 6922//6922 2953//2953
f 2949//2949 6924//6924 6891//6891
f 2950//2950 6895//6895 2954//2954
f 2997//2997 6927//6927 2986//2986
f 2984//2984 6928//6928 6937//6937
f 2982//2982 6939//6939 6923//6923
f 3015//3015 6944//6944 2998//2998
f 3001//3001 6945//6945 6933//6933
f 2999//2999 6931//6931 3217//3217
f 3216//3216 6935//6935 2995//2995
f 3042//3042 3038//3038 6947//6947
f 6957//6957 3033//3033 6961//6961
f 6962//6962 3034//3034 3043//3043
f 6959//6959 3045//3045 6966//6966
f 6965//6965 3046//3046 6950//6950
f 6943//6943 3013//3013 6954//6954
f 6956//6956 3012//3012 3031//3031
f 6952//6952 3029//3029 3032//3032
f 6948//6948 3037//3037 6972//6972
f 6968//6968 3041//3041 1655//1655
f 6971//6971 1656//1656 6973//6973
f 6978//6978 1652//1652 1667//1667
f 3051//3051 6982//6982 1666//1666
f 1670//1670 6983//6983 6989//6989
f 1668//1668 6988//6988 6977//6977
f 3081//3081 6992//6992 3086//3086
f 3085//3085 6995//6995 6985//6985
f 3088//3088 6981//6981 3096//3096
f 3097//3097 6979//6979 3052//3052
f 1969//1969 1964//1964 7000//7000
f 6999//6999 7007//7007 1968//1968
f 1966//1966 7008//7008 7011//7011
f 1970//1970 7012//7012 1996//1996
f 1995//1995 7013//7013 7015//7015
f 1997//1997 7016//7016 3078//3078
f 3077//3077 7017//7017 7025//7025
f 3074//3074 7024//7024 3069//3069
f 3070//3070 7023//7023 7030//7030
f 3072//3072 7031//7031 3058//3058
f 3059//3059 7026//7026 6993//6993
f 3055//3055 6994//6994 3080//3080
f 7004//7004 1962//1962 1918//1918
f 7001//7001 1912//1912 7036//7036
f 7037//7037 1914//1914 1937//1937
f 7033//7033 1936//1936 7038//7038
f 7045//7045 7051//7051 1842//1842
f 7039//7039 1934//1934 7055//7055
f 7054//7054 1932//1932 1855//1855
f 1840//1840 7050//7050 1854//1854
f 1852//1852 7052//7052 7061//7061
f 1856//1856 7062//7062 7053//7053
f 1901//1901 7063//7063 1845//1845
f 1846//1846 7064//7064 7071//7071
f 1847//1847 7070//7070 7044//7044
f 1954//1954 2004//2004 7079//7079
f 1961//1961 7076//7076 1924//1924
f 7077//7077 7086//7086 1919//1919
f 1923//1923 7085//7085 7092//7092
f 1922//1922 7093//7093 1927//1927
f 7096//7096 2042//2042 7101//7101
f 7103//7103 2037//2037 2034//2034
f 7097//7097 7104//7104 2039//2039
f 2040//2040 7105//7105 7110//7110
f 2041//2041 7109//7109 1989//1989
f 1990//1990 7108//7108 7080//7080
f 1992//1992 7082//7082 2002//2002
f 2219//2219 7118//7118 2148//2148
f 2150//2150 7119//7119 7121//7121
f 2147//2147 7122//7122 2159//2159
f 2160//2160 7120//7120 7130//7130
f 2158//2158 7128//7128 2165//2165
f 2167//2167 7127//7127 7131//7131
f 2168//2168 7133//7133 2128//2128
f 2129//2129 7134//7134 7141//7141
f 2200//2200 2181//2181 7144//7144
f 7142//7142 7151//7151 2205//2205
f 2203//2203 7153//7153 7157//7157
f 2204//2204 7154//7154 2206//2206
f 2208//2208 7156//7156 2213//2213
f 2210//2210 7158//7158 7114//7114
f 2212//2212 7117//7117 2217//2217
f 1185//1185 7161//7161 47//47
f 48//48 7164//7164 7167//7167
f 49//49 7166//7166 57//57
f 7171//7171 7178//7178 24//24
f 25//25 7176//7176 7183//7183
f 21//21 7185//7185 31//31
f 30//30 7186//7186 7189//7189
f 29//29 7190//7190 1187//1187
f 1186//1186 7191//7191 7194//7194
f 1190//1190 7195//7195 7159//7159
f 1219//1219 1218//1218 7202//7202
f 7203//7203 7206//7206 1224//1224
f 1223//1223 7204//7204 7210//7210
f 1220//1220 7209//7209 1226//1226
f 1228//1228 7212//7212 1231//1231
f 1230//1230 7208//7208 7173//7173
f 1234//1234 7172//7172 23//23
f 7200//7200 1217//1217 1201//1201
f 7199//7199 1202//1202 7214//7214
f 7216//7216 1205//1205 1244//1244
f 7215//7215 1242//1242 7221//7221
f 7220//7220 1243//1243 1286//1286
f 7219//7219 1288//1288 7224//7224
f 7226//7226 1289//1289 7227//7227
f 7231//7231 1290//1290 1281//1281
f 7228//7228 1285//1285 7233//7233
f 7232//7232 1284//1284 7239//7239
f 7238//7238 1283//1283 1266//1266
f 7237//7237 1267//1267 7243//7243
f 7241//7241 1269//1269 1263//1263
f 7242//7242 1261//1261 7250//7250
f 7248//7248 1262//1262 15//15
f 7249//7249 16//16 7255//7255
f 7254//7254 17//17 1336//1336
f 7252//7252 1333//1333 7261//7261
f 7260//7260 1332//1332 1328//1328
f 7259//7259 1325//1325 7266//7266
f 7264//7264 1331//1331 7269//7269
f 7268//7268 1330//1330 1316//1316
f 1350//1350 7277//7277 1299//1299
f 1303//1303 7275//7275 7282//7282
f 1300//1300 7283//7283 1317//1317
f 1315//1315 7284//7284 7288//7288
f 1314//1314 7287//7287 7271//7271
f 7293//7293 7300//7300 1383//1383
f 1381//1381 7299//7299 7302//7302
f 1382//1382 7306//7306 1323//1323
f 1320//1320 7307//7307 7312//7312
f 1324//1324 7313//7313 1310//1310
f 1308//1308 7308//7308 7315//7315
f 1307//1307 7318//7318 1295//1295
f 1293//1293 7317//7317 7322//7322
f 1294//1294 7324//7324 1337//1337
f 7325//7325 1371//1371 7329//7329
f 7330//7330 1367//1367 1357//1357
f 7326//7326 7336//7336 1366//1366
f 1369//1369 7335//7335 7341//7341
f 1372//1372 7340//7340 1378//1378
f 1373//1373 7339//7339 7295//7295
f 1374//1374 7294//7294 1384//1384
f 270//270 7344//7344 271//271
f 272//272 7346//7346 7354//7354
f 273//273 7351//7351 264//264
f 265//265 7352//7352 7331//7331
f 259//259 7332//7332 1356//1356
f 191//191 7360//7360 7364//7364
f 189//189 7367//7367 1393//1393
f 1392//1392 7366//7366 7372//7372
f 1397//1397 7371//7371 1398//1398
f 1399//1399 7370//7370 215//215
f 216//216 7369//7369 7376//7376
f 217//217 7375//7375 227//227
f 226//226 7374//7374 7383//7383
f 230//230 7384//7384 231//231
f 232//232 7385//7385 237//237
f 235//235 7382//7382 7345//7345
f 236//236 7350//7350 267//267
f 173//173 7389//7389 178//178
f 176//176 7386//7386 7393//7393
f 180//180 7392//7392 188//188
f 195//195 7391//7391 7398//7398
f 190//190 7400//7400 7361//7361
f 7403//7403 7408//7408 203//203
f 198//198 7409//7409 7415//7415
f 199//199 7412//7412 181//181
f 1390//1390 7417//7417 200//200
f 204//204 7418//7418 7422//7422
f 201//201 7424//7424 7405//7405
f 209//209 224//224 7426//7426
f 7430//7430 7432//7432 212//212
f 210//210 7436//7436 7442//7442
f 211//211 7440//7440 1389//1389
f 1388//1388 7439//7439 7446//7446
f 1391//1391 7445//7445 7420//7420
f 7431//7431 223//223 7450//7450
f 7450//7450 223//223 247//247
f 7449//7449 242//242 7453//7453
f 7452//7452 241//241 277//277
f 7451//7451 278//278 7457//7457
f 7460//7460 313//313 7468//7468
f 7467//7467 312//312 295//295
f 7461//7461 7473//7473 311//311
f 310//310 7469//7469 7478//7478
f 307//307 7476//7476 325//325
f 326//326 7477//7477 7481//7481
f 328//328 7480//7480 253//253
f 250//250 7483//7483 7484//7484
f 249//249 7487//7487 255//255
f 256//256 7488//7488 283//283
f 284//284 7489//7489 7454//7454
f 287//287 7458//7458 279//279
f 331//331 7491//7491 288//288
f 291//291 7493//7493 7465//7465
f 290//290 7463//7463 296//296
f 341//341 7499//7499 329//329
f 333//333 7501//7501 7504//7504
f 334//334 7502//7502 7496//7496
f 360//360 7511//7511 349//349
f 348//348 7508//7508 7497//7497
f 347//347 7498//7498 1577//1577
f 1576//1576 7500//7500 346//346
f 388//388 7516//7516 394//394
f 393//393 7515//7515 7519//7519
f 391//391 7521//7521 7523//7523
f 7506//7506 361//361 7529//7529
f 7531//7531 362//362 379//379
f 7533//7533 380//380 7524//7524
f 7525//7525 377//377 383//383
f 7527//7527 384//384 395//395
f 7514//7514 390//390 7535//7535
f 7536//7536 387//387 151//151
f 7537//7537 150//150 7539//7539
f 7540//7540 149//149 165//165
f 397//397 7551//7551 167//167
f 163//163 7552//7552 7555//7555
f 166//166 7556//7556 7541//7541
f 440//440 7562//7562 446//446
f 445//445 7563//7563 7550//7550
f 444//444 7545//7545 454//454
f 456//456 7549//7549 398//398
f 7565//7565 483//483 7570//7570
f 7573//7573 482//482 466//466
f 7566//7566 7577//7577 481//481
f 480//480 7578//7578 7585//7585
f 479//479 7586//7586 486//486
f 487//487 7579//7579 7588//7588
f 485//485 7589//7589 419//419
f 418//418 7590//7590 7593//7593
f 417//417 7592//7592 429//429
f 431//431 7591//7591 435//435
f 436//436 7597//7597 7564//7564
f 437//437 7561//7561 441//441
f 7572//7572 468//468 461//461
f 7571//7571 462//462 7598//7598
f 7599//7599 463//463 503//503
f 7600//7600 502//502 7601//7601
f 7610//7610 7615//7615 585//585
f 7603//7603 505//505 7617//7617
f 7618//7618 508//508 525//525
f 587//587 7612//7612 520//520
f 527//527 7611//7611 7625//7625
f 526//526 7624//7624 7619//7619
f 530//530 7627//7627 580//580
f 581//581 7631//7631 7633//7633
f 583//583 7636//7636 7607//7607
f 7640//7640 6103//6103 6142//6142
f 5980//5980 7645//7645 5984//5984
f 7646//7646 5976//5976 7650//7650
f 5963//5963 5995//5995 7661//7661
f 7657//7657 5996//5996 5988//5988
f 7664//7664 5989//5989 7669//7669
f 5955//5955 5958//5958 5967//5967
f 5966//5966 5962//5962 7656//7656
f 5965//5965 7662//7662 5971//5971
f 5973//5973 7659//7659 5954//5954
f 6207//6207 5939//5939 7680//7680
f 7674//7674 5938//5938 5934//5934
f 5919//5919 7679//7679 5925//5925
f 5924//5924 7681//7681 5933//5933
f 5922//5922 5929//5929 5927//5927
f 5918//5918 5910//5910 7677//7677
f 7676//7676 5912//5912 5908//5908
f 7678//7678 5906//5906 5903//5903
f 5902//5902 5949//5949 7675//7675
f 7673//7673 5947//5947 7682//7682
f 7672//7672 7686//7686 6203//6203
f 6204//6204 7684//7684 7688//7688
f 6186//6186 6190//6190 7694//7694
f 7695//7695 6191//6191 6195//6195
f 7693//7693 6196//6196 7697//7697
f 7698//7698 6197//6197 6213//6213
f 6187//6187 7712//7712 7714//7714
f 7715//7715 7709//7709 7722//7722
f 7713//7713 7723//7723 7724//7724
f 7717//7717 7726//7726 7736//7736
f 7725//7725 7716//7716 6171//6171
f 6172//6172 7721//7721 7732//7732
f 6173//6173 7733//7733 6167//6167
f 6165//6165 7744//7744 6158//6158
f 6161//6161 7743//7743 7746//7746
f 6157//6157 7745//7745 6146//6146
f 6154//6154 6150//6150 7753//7753
f 7758//7758 6140//6140 6132//6132
f 6102//6102 6108//6108 6112//6112
f 6110//6110 6106//6106 7638//7638
f 6114//6114 7639//7639 6118//6118
f 6123//6123 6119//6119 6130//6130
f 6129//6129 6120//6120 7641//7641
f 6128//6128 7643//7643 6094//6094
f 6097//6097 7642//7642 6138//6138
f 6096//6096 6137//6137 6092//6092
f 6087//6087 6136//6136 7761//7761
f 6134//6134 6155//6155 7762//7762
f 7759//7759 6156//6156 7757//7757
f 7760//7760 7751//7751 6091//6091
f 6089//6089 7756//7756 6083//6083
f 7766//7766 6077//6077 6071//6071
f 7755//7755 7774//7774 6085//6085
f 6081//6081 7776//7776 7764//7764
f 6086//6086 7765//7765 6065//6065
f 6062//6062 7771//7771 6073//6073
f 6059//6059 6075//6075 6067//6067
f 7779//7779 6041//6041 7788//7788
f 7782//7782 6043//6043 6051//6051
f 5981//5981 6008//6008 7652//7652
f 7651//7651 6005//6005 6002//6002
f 7649//7649 6000//6000 7789//7789
f 7790//7790 5997//5997 6023//6023
f 7791//7791 6021//6021 6015//6015
f 6016//6016 6012//6012 7792//7792
f 7797//7797 6014//6014 6028//6028
f 7793//7793 6029//6029 7798//7798
f 7799//7799 6030//6030 6025//6025
f 7804//7804 6026//6026 6034//6034
f 5987//5987 5985//5985 7671//7671
f 7670//7670 5986//5986 7648//7648
f 7668//7668 7647//7647 7710//7710
f 7705//7705 7644//7644 7653//7653
f 7708//7708 7654//7654 7720//7720
f 7719//7719 7655//7655 7794//7794
f 7718//7718 7795//7795 7731//7731
f 7730//7730 7796//7796 7802//7802
f 5948//5948 7805//7805 7683//7683
f 7687//7687 7808//7808 7699//7699
f 7685//7685 7703//7703 7691//7691
f 7689//7689 7701//7701 6212//6212
f 7690//7690 6210//6210 6206//6206
f 6185//6185 7692//7692 7707//7707
f 7706//7706 7696//7696 7704//7704
f 7711//7711 7702//7702 7667//7667
f 7666//7666 7700//7700 7807//7807
f 7665//7665 7809//7809 7663//7663
f 7658//7658 7806//7806 5942//5942
f 7660//7660 5941//5941 5951//5951
f 6169//6169 7734//7734 7740//7740
f 7741//7741 7735//7735 7728//7728
f 7742//7742 7727//7727 7781//7781
f 7783//7783 7729//7729 7801//7801
f 7787//7787 7800//7800 7780//7780
f 7778//7778 7803//7803 6036//6036
f 7777//7777 6033//6033 6039//6039
f 6076//6076 7763//7763 6057//6057
f 6058//6058 7767//7767 7810//7810
f 6053//6053 7812//7812 6048//6048
f 6050//6050 7811//7811 7770//7770
f 6052//6052 7769//7769 7784//7784
f 7785//7785 7768//7768 7772//7772
f 7786//7786 7773//7773 7738//7738
f 7737//7737 7775//7775 7754//7754
f 7739//7739 7752//7752 7749//7749
f 7748//7748 7750//7750 6147//6147
f 7747//7747 6148//6148 6145//6145
f 7503//7503 7813//7813 7818//7818
f 7828//7828 7830//7830 7606//7606
f 7613//7613 7608//7608 7840//7840
f 7614//7614 7834//7834 7621//7621
f 7605//7605 7832//7832 7843//7843
f 7576//7576 7568//7568 7584//7584
f 7581//7581 7567//7567 7569//7569
f 7583//7583 7575//7575 7851//7851
f 7530//7530 7522//7522 7854//7854
f 7853//7853 7526//7526 7520//7520
f 7855//7855 7518//7518 7866//7866
f 7867//7867 7517//7517 7512//7512
f 7513//7513 7538//7538 7869//7869
f 7865//7865 7534//7534 7542//7542
f 7863//7863 7543//7543 7875//7875
f 7870//7870 7544//7544 7554//7554
f 7874//7874 7557//7557 7548//7548
f 7876//7876 7475//7475 7471//7471
f 7505//7505 7819//7819 7494//7494
f 7495//7495 7820//7820 7881//7881
f 7492//7492 7883//7883 7462//7462
f 7464//7464 7879//7879 7470//7470
f 7466//7466 7472//7472 7459//7459
f 7428//7428 7447//7447 7892//7892
f 7887//7887 7448//7448 7894//7894
f 7482//7482 7474//7474 7485//7485
f 7486//7486 7479//7479 7882//7882
f 7490//7490 7878//7878 7456//7456
f 7455//7455 7880//7880 7893//7893
f 7441//7441 7434//7434 7900//7900
f 7899//7899 7433//7433 7909//7909
f 7916//7916 7419//7419 7443//7443
f 7918//7918 7925//7925 7847//7847
f 7574//7574 7844//7844 7848//7848
f 7852//7852 7842//7842 7833//7833
f 7849//7849 7831//7831 7924//7924
f 7920//7920 7829//7829 7824//7824
f 7923//7923 7823//7823 7929//7929
f 7587//7587 7582//7582 7596//7596
f 7595//7595 7580//7580 7845//7845
f 7594//7594 7846//7846 7560//7560
f 7558//7558 7850//7850 7927//7927
f 7559//7559 7928//7928 7553//7553
f 7547//7547 7926//7926 7919//7919
f 7546//7546 7921//7921 7871//7871
f 7872//7872 7922//7922 7933//7933
f 7873//7873 7931//7931 7861//7861
f 7435//7435 7429//7429 7904//7904
f 7906//7906 7427//7427 7889//7889
f 7910//7910 7890//7890 7940//7940
f 7937//7937 7891//7891 7942//7942
f 7939//7939 7941//7941 7950//7950
f 7947//7947 7944//7944 7956//7956
f 7895//7895 7877//7877 7888//7888
f 7886//7886 7884//7884 7822//7822
f 7885//7885 7821//7821 7945//7945
f 7946//7946 7817//7817 7816//7816
f 7943//7943 7815//7815 7958//7958
f 7957//7957 7814//7814 7509//7509
f 7959//7959 7507//7507 7949//7949
f 7962//7962 7971//7971 7860//7860
f 7856//7856 7970//7970 7955//7955
f 7857//7857 7954//7954 7528//7528
f 7532//7532 7953//7953 7510//7510
f 7620//7620 7622//7622 7992//7992
f 7991//7991 7623//7623 7837//7837
f 7990//7990 7836//7836 8000//8000
f 7999//7999 7835//7835 8003//8003
f 7996//7996 8006//8006 8008//8008
f 7978//7978 8013//8013 7951//7951
f 7952//7952 8012//8012 8018//8018
f 7948//7948 8015//8015 7936//7936
f 7938//7938 8019//8019 8023//8023
f 7935//7935 8020//8020 7905//7905
f 7907//7907 8024//8024 8028//8028
f 7908//7908 8026//8026 7901//7901
f 7902//7902 8025//8025 8029//8029
f 7898//7898 8030//8030 8035//8035
f 7444//7444 7438//7438 7915//7915
f 7911//7911 7437//7437 7897//7897
f 7913//7913 7896//7896 8041//8041
f 8038//8038 7903//7903 8036//8036
f 7963//7963 7858//7858 8050//8050
f 8046//8046 7859//7859 7868//7868
f 8045//8045 7862//7862 8053//8053
f 8052//8052 7864//7864 7934//7934
f 8054//8054 7932//7932 7998//7998
f 7995//7995 7930//7930 7827//7827
f 7997//7997 7826//7826 7993//7993
f 7989//7989 7825//7825 7602//7602
f 7994//7994 7604//7604 7616//7616
f 8061//8061 8062//8062 8068//8068
f 8078//8078 8081//8081 8089//8089
f 8099//8099 8104//8104 8088//8088
f 4729//4729 8107//8107 4718//4718
f 4976//4976 4982//4982 8112//8112
f 4639//4639 4631//4631 8117//8117
f 8118//8118 4629//4629 8128//8128
f 8116//8116 8125//8125 8135//8135
f 4950//4950 4958//4958 8136//8136
f 8141//8141 4964//4964 8142//8142
f 8137//8137 8144//8144 8151//8151
f 4946//4946 8155//8155 8161//8161
f 8162//8162 8157//8157 4911//4911
f 8160//8160 4912//4912 8163//8163
f 8170//8170 4896//4896 8171//8171
f 8173//8173 4892//4892 4898//4898
f 8172//8172 4901//4901 4909//4909
f 8064//8064 4857//4857 8066//8066
f 8073//8073 4856//4856 4859//4859
f 8072//8072 4861//4861 8180//8180
f 8178//8178 4858//4858 4878//4878
f 4825//4825 8183//8183 4823//4823
f 4821//4821 8184//8184 8192//8192
f 4822//4822 8186//8186 4817//4817
f 4779//4779 4808//4808 8197//8197
f 8198//8198 4807//4807 4816//4816
f 4794//4794 4787//4787 4783//4783
f 4780//4780 4776//4776 4789//4789
f 4791//4791 4775//4775 8195//8195
f 4793//4793 8199//8199 4799//4799
f 4798//4798 8200//8200 4805//4805
f 8206//8206 8212//8212 4743//4743
f 4691//4691 8214//8214 4698//4698
f 4694//4694 8220//8220 8223//8223
f 4693//4693 8222//8222 4704//4704
f 4705//4705 4699//4699 4711//4711
f 4710//4710 4700//4700 8225//8225
f 4709//4709 8224//8224 4670//4670
f 4672//4672 8221//8221 8219//8219
f 4671//4671 8215//8215 4662//4662
f 4664//4664 8213//8213 8226//8226
f 4668//4668 8228//8228 4625//4625
f 8238//8238 8244//8244 8246//8246
f 8248//8248 8240//8240 8253//8253
f 8247//8247 8255//8255 5005//5005
f 5008//5008 8256//8256 8111//8111
f 5010//5010 8109//8109 4995//4995
f 4990//4990 8114//8114 4986//4986
f 8143//8143 4978//4978 8145//8145
f 8147//8147 4977//4977 8115//8115
f 8146//8146 8113//8113 8258//8258
f 8261//8261 8110//8110 8254//8254
f 8259//8259 8257//8257 8267//8267
f 8266//8266 8252//8252 8243//8243
f 4949//4949 4952//4952 8152//8152
f 8159//8159 4951//4951 8138//8138
f 8158//8158 8140//8140 8271//8271
f 8272//8272 8139//8139 8148//8148
f 8273//8273 8149//8149 8281//8281
f 8278//8278 8150//8150 8262//8262
f 8280//8280 8260//8260 8282//8282
f 8283//8283 8263//8263 8265//8265
f 8290//8290 8071//8071 8301//8301
f 8298//8298 8074//8074 8181//8181
f 8296//8296 8179//8179 8302//8302
f 8303//8303 8177//8177 4877//4877
f 8304//8304 4876//4876 8310//8310
f 8311//8311 4879//4879 4880//4880
f 8086//8086 8317//8317 8202//8202
f 8194//8194 8314//8314 4768//4768
f 8196//8196 4771//4771 4802//4802
f 8092//8092 8292//8292 8075//8075
f 8080//8080 8293//8293 8297//8297
f 8076//8076 8299//8299 8318//8318
f 8319//8319 8300//8300 8305//8305
f 8321//8321 8306//8306 8326//8326
f 8327//8327 8307//8307 8309//8309
f 8324//8324 8308//8308 8168//8168
f 8165//8165 8312//8312 4883//4883
f 8169//8169 4882//4882 4895//4895
f 8083//8083 8077//8077 8094//8094
f 8095//8095 8079//8079 8323//8323
f 8100//8100 8322//8322 8286//8286
f 8289//8289 8320//8320 8329//8329
f 8287//8287 8325//8325 8276//8276
f 8277//8277 8328//8328 8164//8164
f 8279//8279 8166//8166 8274//8274
f 8270//8270 8167//8167 8176//8176
f 8275//8275 8175//8175 8153//8153
f 8154//8154 8174//8174 4906//4906
f 8156//8156 4905//4905 4915//4915
f 8334//8334 8230//8230 8336//8336
f 8337//8337 8231//8231 8216//8216
f 8338//8338 8217//8217 4678//4678
f 4676//4676 8218//8218 4688//4688
f 4679//4679 4687//4687 4685//4685
f 5013//5013 5000//5000 8249//8249
f 8250//8250 4997//4997 5015//5015
f 8251//8251 5020//5020 8234//8234
f 8235//8235 5018//5018 8344//8344
f 8237//8237 8345//8345 8350//8350
f 4634//4634 4624//4624 8122//8122
f 8124//8124 4623//4623 8232//8232
f 8129//8129 8229//8229 8353//8353
f 8355//8355 8227//8227 8330//8330
f 8356//8356 8331//8331 8359//8359
f 4677//4677 4725//4725 8340//8340
f 8339//8339 4726//4726 4715//4715
f 8341//8341 4717//4717 8335//8335
f 8333//8333 4716//4716 8108//8108
f 8332//8332 8105//8105 8361//8361
f 8358//8358 8106//8106 4734//4734
f 8360//8360 4733//4733 8207//8207
f 8204//8204 4732//4732 8364//8364
f 8208//8208 8365//8365 8211//8211
f 8082//8082 8201//8201 8093//8093
f 8090//8090 8203//8203 4815//4815
f 8091//8091 4814//4814 8294//8294
f 8295//8295 4813//4813 8193//8193
f 8291//8291 8191//8191 8067//8067
f 8069//8069 8190//8190 8366//8366
f 8070//8070 8369//8369 8058//8058
f 8349//8349 8133//8133 8236//8236
f 8233//8233 8131//8131 8123//8123
f 8239//8239 8127//8127 8245//8245
f 8242//8242 8126//8126 8354//8354
f 8241//8241 8352//8352 8268//8268
f 8264//8264 8351//8351 8357//8357
f 8269//8269 8363//8363 8284//8284
f 8285//8285 8362//8362 8209//8209
f 8288//8288 8210//8210 8096//8096
f 8097//8097 8205//8205 4744//4744
f 8098//8098 4745//4745 8102//8102
f 8103//8103 4746//4746 4752//4752
f 8101//8101 4749//4749 8087//8087
f 8084//8084 4753//4753 4757//4757
f 8085//8085 4755//4755 8316//8316
f 8313//8313 4754//4754 4764//4764
f 8315//8315 4760//4760 4770//4770
f 5818//5818 8373//8373 8376//8376
f 5892//5892 5878//5878 5600//5600
f 8386//8386 5889//5889 5893//5893
f 8393//8393 5862//5862 5874//5874
f 8399//8399 5857//5857 5850//5850
f 8396//8396 8406//8406 5864//5864
f 5865//5865 8409//8409 8400//8400
f 5867//5867 8402//8402 5845//5845
f 5840//5840 8403//8403 5853//5853
f 5843//5843 5855//5855 5847//5847
f 8416//8416 5823//5823 5826//5826
f 8419//8419 5800//5800 8426//8426
f 8423//8423 5804//5804 5807//5807
f 8424//8424 5808//5808 8380//8380
f 8377//8377 5809//5809 5811//5811
f 8375//8375 5813//5813 5819//5819
f 8431//8431 8420//8420 5785//5785
f 5786//5786 8421//8421 8430//8430
f 5787//5787 8427//8427 5792//5792
f 5793//5793 8425//8425 8433//8433
f 5790//5790 8437//8437 5765//5765
f 5766//5766 8436//8436 8440//8440
f 5764//5764 8438//8438 5770//5770
f 5747//5747 5777//5777 8443//8443
f 8444//8444 5778//5778 8452//8452
f 8446//8446 8453//8453 8457//8457
f 5750//5750 5741//5741 5753//5753
f 5752//5752 5743//5743 8450//8450
f 5756//5756 8449//8449 5758//5758
f 5760//5760 8448//8448 5737//5737
f 8464//8464 5684//5684 8467//8467
f 8468//8468 5686//5686 5723//5723
f 5720//5720 8469//8469 5713//5713
f 5715//5715 8470//8470 5726//5726
f 5716//5716 5725//5725 5705//5705
f 5721//5721 5704//5704 8475//8475
f 8474//8474 5699//5699 5697//5697
f 8473//8473 5698//5698 5692//5692
f 5690//5690 5729//5729 8472//8472
f 8466//8466 5727//5727 8480//8480
f 8471//8471 8479//8479 8462//8462
f 8465//8465 8481//8481 8483//8483
f 5659//5659 5664//5664 8489//8489
f 8488//8488 5663//5663 5669//5669
f 8487//8487 5670//5670 8494//8494
f 8493//8493 5668//5668 5682//5682
f 5660//5660 8499//8499 5652//5652
f 5653//5653 8505//8505 8513//8513
f 5654//5654 8510//8510 8515//8515
f 5647//5647 8519//8519 5640//5640
f 5637//5637 8518//8518 8529//8529
f 5635//5635 8527//8527 5632//5632
f 5628//5628 8528//8528 8530//8530
f 5633//5633 8531//8531 5617//5617
f 5879//5879 5888//5888 5897//5897
f 5896//5896 5885//5885 8384//8384
f 5900//5900 8383//8383 5875//5875
f 5870//5870 8382//8382 8536//8536
f 5871//5871 8537//8537 8389//8389
f 8390//8390 8540//8540 5626//5626
f 8395//8395 5624//5624 5621//5621
f 5894//5894 5599//5599 8387//8387
f 8388//8388 5598//5598 5611//5611
f 8385//8385 5612//5612 8535//8535
f 8538//8538 5610//5610 5605//5605
f 8539//8539 5608//5608 5623//5623
f 5728//5728 8541//8541 8478//8478
f 8477//8477 8542//8542 8495//8495
f 8476//8476 8496//8496 8482//8482
f 8484//8484 8497//8497 5680//5680
f 8485//8485 5681//5681 8463//8463
f 5658//5658 8486//8486 8503//8503
f 8501//8501 8490//8490 8498//8498
f 8500//8500 8491//8491 8459//8459
f 8456//8456 8492//8492 8544//8544
f 8460//8460 8545//8545 8447//8447
f 8445//8445 8543//8543 5735//5735
f 8451//8451 5733//5733 5739//5739
f 8414//8414 8525//8525 8548//8548
f 8547//8547 8524//8524 8517//8517
f 8550//8550 8520//8520 8508//8508
f 8511//8511 8521//8521 5645//5645
f 8509//8509 5643//5643 8516//8516
f 5860//5860 8404//8404 5838//5838
f 5839//5839 8401//8401 8554//8554
f 5834//5834 8553//8553 5827//5827
f 5833//5833 8552//8552 8405//8405
f 5832//5832 8397//8397 8411//8411
f 8418//8418 8398//8398 8410//8410
f 8413//8413 8407//8407 8522//8522
f 8526//8526 8408//8408 8394//8394
f 8523//8523 8392//8392 8532//8532
f 8533//8533 8391//8391 5622//5622
f 8534//8534 5618//5618 5614//5614
f 5816//5816 5825//5825 8374//8374
f 8371//8371 5824//5824 8415//8415
f 8372//8372 8412//8412 8378//8378
f 8379//8379 8417//8417 8546//8546
f 8381//8381 8551//8551 8422//8422
f 8429//8429 8549//8549 8507//8507
f 8428//8428 8512//8512 8434//8434
f 8432//8432 8514//8514 8502//8502
f 8435//8435 8504//8504 8441//8441
f 8442//8442 8506//8506 8458//8458
f 8439//8439 8461//8461 5773//5773
f 5769//5769 8455//8455 8454//8454
f 5478//5478 8557//8557 5462//5462
f 5538//5538 8564//8564 5529//5529
f 5561//5561 5580//5580 8569//8569
f 5584//5584 8573//8573 5574//5574
f 5384//5384 5392//5392 8581//8581
f 5413//5413 5406//5406 8588//8588
f 5414//5414 8587//8587 5417//5417
f 5396//5396 5403//5403 8583//8583
f 8579//8579 5401//5401 8597//8597
f 8578//8578 8593//8593 8599//8599
f 8600//8600 8598//8598 8611//8611
f 5593//5593 5592//5592 5586//5586
f 5585//5585 5589//5589 5391//5391
f 5588//5588 5388//5388 8574//8574
f 8568//8568 5548//5548 8613//8613
f 8612//8612 5554//5554 8570//8570
f 8572//8572 5556//5556 8615//8615
f 8571//8571 8614//8614 5562//5562
f 8562//8562 5536//5536 8618//8618
f 5510//5510 5527//5527 8623//8623
f 8626//8626 5525//5525 5522//5522
f 8624//8624 5521//5521 5515//5515
f 8555//8555 8633//8633 5465//5465
f 5459//5459 8635//8635 8639//8639
f 5458//5458 8638//8638 5472//5472
f 5470//5470 8643//8643 8646//8646
f 5434//5434 5438//5438 8656//8656
f 8658//8658 5436//5436 8660//8660
f 8661//8661 5448//5448 8655//8655
f 8654//8654 5447//5447 8663//8663
f 8653//8653 8662//8662 5454//5454
f 5453//5453 5473//5473 8652//8652
f 8657//8657 5474//5474 8651//8651
f 8659//8659 8647//8647 5432//5432
f 5433//5433 8645//8645 8667//8667
f 5426//5426 8668//8668 5423//5423
f 5499//5499 5494//5494 5479//5479
f 5481//5481 5492//5492 5485//5485
f 5477//5477 5490//5490 8558//8558
f 8556//8556 5489//5489 8670//8670
f 8559//8559 8669//8669 8634//8634
f 8632//8632 8674//8674 8677//8677
f 8636//8636 8678//8678 8640//8640
f 8641//8641 8679//8679 8682//8682
f 8689//8689 8696//8696 8700//8700
f 8688//8688 8701//8701 8584//8584
f 8683//8683 8692//8692 8644//8644
f 8637//8637 8691//8691 8686//8686
f 8642//8642 8687//8687 8648//8648
f 8649//8649 8690//8690 8585//8585
f 8650//8650 8586//8586 8666//8666
f 8664//8664 8589//8589 5408//5408
f 8665//8665 5404//5404 5422//5422
f 5390//5390 8582//8582 8575//8575
f 8576//8576 8580//8580 8602//8602
f 8577//8577 8603//8603 5569//5569
f 5568//5568 8601//8601 8605//8605
f 5573//5573 8606//8606 5576//5576
f 5579//5579 8609//8609 8616//8616
f 5578//5578 8621//8621 8567//8567
f 8566//8566 8620//8620 5537//5537
f 8565//8565 5535//5535 5546//5546
f 8607//8607 8705//8705 8617//8617
f 8619//8619 8702//8702 8625//8625
f 8622//8622 8631//8631 8563//8563
f 8560//8560 8628//8628 5517//5517
f 8561//8561 5512//5512 5531//5531
f 5487//5487 5502//5502 8673//8673
f 8672//8672 5504//5504 5509//5509
f 8671//8671 5507//5507 8676//8676
f 8680//8680 5505//5505 8629//8629
f 8675//8675 8630//8630 8684//8684
f 8681//8681 8627//8627 8704//8704
f 8685//8685 8703//8703 8695//8695
f 8694//8694 8706//8706 8608//8608
f 8693//8693 8604//8604 8698//8698
f 8697//8697 8610//8610 8596//8596
f 8699//8699 8594//8594 8592//8592
f 8591//8591 8595//8595 5400//5400
f 8590//8590 5402//5402 5419//5419
f 8713//8713 8715//8715 8723//8723
f 5094//5094 5106//5106 8727//8727
f 5259//5259 8733//8733 5254//5254
f 5307//5307 5339//5339 8745//8745
f 5349//5349 8748//8748 8754//8754
f 8749//8749 5350//5350 5360//5360
f 8766//8766 8771//8771 5050//5050
f 8776//8776 8785//8785 8787//8787
f 8791//8791 8784//8784 8792//8792
f 8789//8789 8793//8793 8801//8801
f 5326//5326 5318//5318 5314//5314
f 5315//5315 5305//5305 5320//5320
f 5321//5321 5309//5309 8737//8737
f 5322//5322 8739//8739 5328//5328
f 5327//5327 8738//8738 5334//5334
f 5272//5272 8807//8807 8816//8816
f 8814//8814 8808//8808 5277//5277
f 5239//5239 8821//8821 5233//5233
f 5234//5234 8818//8818 8829//8829
f 5238//5238 8825//8825 5232//5232
f 5226//5226 5229//5229 5222//5222
f 5221//5221 5227//5227 8826//8826
f 5219//5219 8827//8827 5202//5202
f 5203//5203 8828//8828 8817//8817
f 5204//5204 8822//8822 5200//5200
f 5197//5197 8823//8823 8833//8833
f 5174//5174 8837//8837 5179//5179
f 5178//5178 8844//8844 8846//8846
f 5177//5177 8845//8845 5186//5186
f 8853//8853 5082//5082 8855//8855
f 8854//8854 5078//5078 5088//5088
f 8858//8858 5086//5086 8860//8860
f 5059//5059 8759//8759 8869//8869
f 8868//8868 8760//8760 5046//5046
f 8867//8867 5049//5049 8870//8870
f 8758//8758 8876//8876 8796//8796
f 8871//8871 8879//8879 8797//8797
f 8798//8798 8880//8880 8881//8881
f 8795//8795 8882//8882 8805//8805
f 8720//8720 8887//8887 8743//8743
f 5335//5335 8742//8742 5301//5301
f 5302//5302 8740//8740 8888//8888
f 5304//5304 8886//8886 5292//5292
f 5291//5291 8885//8885 8719//8719
f 5288//5288 8725//8725 5296//5296
f 5294//5294 8722//8722 8716//8716
f 5297//5297 8714//8714 5280//5280
f 5282//5282 8717//8717 8712//8712
f 5281//5281 8710//8710 8809//8809
f 8811//8811 8709//8709 8889//8889
f 8813//8813 8896//8896 8902//8902
f 8907//8907 8912//8912 8920//8920
f 5118//5118 5119//5119 8923//8923
f 8922//8922 5125//5125 5131//5131
f 8927//8927 5132//5132 8919//8919
f 8918//8918 5134//5134 8931//8931
f 8917//8917 8929//8929 8905//8905
f 5209//5209 5246//5246 8934//8934
f 8933//8933 5247//5247 5257//5257
f 8932//8932 5248//5248 8941//8941
f 8942//8942 5256//5256 8736//8736
f 8943//8943 8735//8735 8897//8897
f 8903//8903 8734//8734 5261//5261
f 8901//8901 5260//5260 8815//8815
f 8812//8812 5263//5263 8944//8944
f 8810//8810 8945//8945 5271//5271
f 5060//5060 8852//8852 8761//8761
f 8765//8765 8851//8851 8856//8856
f 8762//8762 8859//8859 8947//8947
f 8948//8948 8857//8857 8864//8864
f 8951//8951 8863//8863 8955//8955
f 8954//8954 8861//8861 8963//8963
f 8956//8956 8961//8961 8892//8892
f 8891//8891 8960//8960 8968//8968
f 8894//8894 8967//8967 8900//8900
f 8898//8898 8969//8969 8975//8975
f 8899//8899 8974//8974 8939//8939
f 8940//8940 8972//8972 8835//8835
f 8938//8938 8831//8831 8936//8936
f 8937//8937 8832//8832 8824//8824
f 8935//8935 8819//8819 5212//5212
f 5216//5216 8820//8820 5243//5243
f 5215//5215 5240//5240 5206//5206
f 5105//5105 5066//5066 8728//8728
f 8726//8726 5067//5067 5112//5112
f 8729//8729 5111//5111 8977//8977
f 8978//8978 5110//5110 8924//8924
f 8980//8980 8925//8925 8987//8987
f 8982//8982 8926//8926 8916//8916
f 8984//8984 8921//8921 8842//8842
f 8843//8843 8915//8915 8914//8914
f 8841//8841 8909//8909 8850//8850
f 5093//5093 5096//5096 8865//8865
f 8862//8862 5101//5101 8732//8732
f 8866//8866 8730//8730 8958//8958
f 8962//8962 8731//8731 8981//8981
f 8959//8959 8979//8979 8966//8966
f 8964//8964 8976//8976 8983//8983
f 8965//8965 8985//8985 8973//8973
f 8971//8971 8986//8986 8840//8840
f 8970//8970 8839//8839 8836//8836
f 8830//8830 8838//8838 5173//5173
f 8834//8834 5171//5171 5196//5196
f 8988//8988 8998//8998 9003//9003
f 8990//8990 9000//9000 9009//9009
f 9007//9007 9001//9001 9012//9012
f 9006//9006 9016//9016 9020//9020
f 9019//9019 9014//9014 9028//9028
f 9022//9022 9025//9025 9034//9034
f 9033//9033 9026//9026 9036//9036
f 9031//9031 9037//9037 5343//5343
f 9047//9047 9051//9051 9056//9056
f 9058//9058 9052//9052 8994//8994
f 9053//9053 8996//8996 9063//9063
f 9065//9065 8997//8997 8992//8992
f 9064//9064 8991//8991 8780//8780
f 8779//8779 8989//8989 9008//9008
f 8778//8778 9010//9010 8782//8782
f 8781//8781 9011//9011 9021//9021
f 8783//8783 9018//9018 8794//8794
f 8800//8800 9023//9023 9032//9032
f 8799//8799 9035//9035 8751//8751
f 8752//8752 9030//9030 5344//5344
f 8753//8753 5345//5345 5352//5352
f 5337//5337 5347//5347 8746//8746
f 8744//8744 5342//5342 9039//9039
f 8741//8741 9040//9040 8721//8721
f 8724//8724 9038//9038 9027//9027
f 8718//8718 9024//9024 8707//8707
f 8711//8711 9029//9029 9017//9017
f 8708//8708 9013//9013 8893//8893
f 8890//8890 9015//9015 9002//9002
f 8895//8895 9005//9005 8952//8952
f 8953//8953 9004//9004 8993//8993
f 8957//8957 8995//8995 8949//8949
f 8950//8950 8999//8999 9050//9050
f 8946//8946 9048//9048 8764//8764
f 8763//8763 9049//9049 9046//9046
f 8767//8767 9043//9043 8768//8768
f 9068//9068 9080//9080 7362//7362
f 7365//7365 9081//9081 7379//7379
f 7368//7368 7377//7377 7373//7373
f 9087//9087 7338//7338 7328//7328
f 7301//7301 7298//7298 9067//9067
f 9069//9069 7297//7297 7291//7291
f 9066//9066 7296//7296 9082//9082
f 9088//9088 7292//7292 7343//7343
f 9084//9084 7342//7342 7337//7337
f 7327//7327 7333//7333 9085//9085
f 9086//9086 7334//7334 7353//7353
f 9083//9083 7356//7356 9070//9070
f 9076//9076 7355//7355 7347//7347
f 9075//9075 7348//7348 9079//9079
f 9078//9078 7349//7349 7381//7381
f 9077//9077 7380//7380 7378//7378
f 7180//7180 7174//7174 9090//9090
f 9103//9103 7257//7257 9111//9111
f 9107//9107 7218//7218 7225//7225
f 7247//7247 7258//7258 7244//7244
f 7245//7245 7256//7256 9104//9104
f 7246//7246 9098//9098 7236//7236
f 7240//7240 9102//9102 7235//7235
f 9106//9106 7222//7222 9101//9101
f 9100//9100 7223//7223 7230//7230
f 9099//9099 7229//7229 7234//7234
f 7217//7217 9110//9110 9113//9113
f 9114//9114 9105//9105 9089//9089
f 9115//9115 9091//9091 7201//7201
f 7175//7175 7213//7213 9095//9095
f 9094//9094 7211//7211 7207//7207
f 9093//9093 7205//7205 7198//7198
f 7182//7182 7177//7177 9120//9120
f 9121//9121 7179//7179 9092//9092
f 9122//9122 9096//9096 9124//9124
f 9125//9125 9097//9097 9109//9109
f 9126//9126 9112//9112 9132//9132
f 9133//9133 9108//9108 7253//7253
f 9134//9134 7251//7251 7262//7262
f 6230//6230 6243//6243 9136//9136
f 9138//9138 6245//6245 6252//6252
f 9142//9142 6239//6239 6270//6270
f 6269//6269 6232//6232 9137//9137
f 6268//6268 9139//9139 6262//6262
f 6261//6261 9135//9135 6248//6248
f 6260//6260 6247//6247 6255//6255
f 9146//9146 9149//9149 6233//6233
f 6234//6234 9152//9152 9160//9160
f 6231//6231 9159//9159 6229//6229
f 6225//6225 9158//9158 6223//6223
f 6320//6320 6324//6324 9162//9162
f 9168//9168 9179//9179 6319//6319
f 6322//6322 9178//9178 6302//6302
f 6316//6316 6310//6310 6313//6313
f 6335//6335 6308//6308 6337//6337
f 6336//6336 6307//6307 9177//9177
f 6341//6341 9176//9176 6297//6297
f 6299//6299 9175//9175 9167//9167
f 9187//9187 6286//6286 9170//9170
f 9169//9169 6287//6287 6296//6296
f 9173//9173 6295//6295 6298//6298
f 6265//6265 6275//6275 9141//9141
f 9143//9143 6274//6274 6280//6280
f 9144//9144 6277//6277 9184//9184
f 9181//9181 6276//6276 6282//6282
f 9180//9180 6281//6281 6290//6290
f 6321//6321 9161//9161 9174//9174
f 9172//9172 9166//9166 9194//9194
f 9171//9171 9193//9193 9185//9185
f 9191//9191 9197//9197 9182//9182
f 9186//9186 9195//9195 9203//9203
f 9183//9183 9201//9201 9145//9145
f 9147//9147 9204//9204 9207//9207
f 9140//9140 9205//9205 9154//9154
f 9211//9211 7139//7139 7136//7136
f 7155//7155 7150//7150 7113//7113
f 7115//7115 7152//7152 7149//7149
f 7116//7116 7145//7145 7125//7125
f 7124//7124 7143//7143 9220//9220
f 9213//9213 9230//9230 9232//9232
f 9235//9235 9239//9239 9212//9212
f 9216//9216 9240//9240 9242//9242
f 9210//9210 9246//9246 7138//7138
f 9226//9226 9214//9214 9250//9250
f 9251//9251 9215//9215 7137//7137
f 9248//9248 7132//7132 9219//9219
f 9217//9217 7135//7135 7126//7126
f 9223//9223 7129//7129 7123//7123
f 9257//9257 9262//9262 9263//9263
f 9269//9269 9231//9231 9275//9275
f 9278//9278 9228//9228 9249//9249
f 9274//9274 9252//9252 9287//9287
f 9283//9283 9247//9247 9221//9221
f 9284//9284 9218//9218 9268//9268
f 9264//9264 9222//9222 7146//7146
f 9265//9265 7148//7148 9256//9256
f 9289//9289 6519//6519 6510//6510
f 6532//6532 6522//6522 9304//9304
f 9308//9308 6523//6523 6530//6530
f 9307//9307 6526//6526 9300//9300
f 9295//9295 6527//6527 9314//9314
f 9303//9303 9310//9310 9319//9319
f 9296//9296 6516//6516 9309//9309
f 9306//9306 6515//6515 6538//6538
f 9305//9305 6539//6539 6534//6534
f 9288//9288 6480//6480 6485//6485
f 6484//6484 6489//6489 9290//9290
f 9302//9302 6486//6486 6490//6490
f 9301//9301 6494//6494 6499//6499
f 6498//6498 6503//6503 9299//9299
f 9298//9298 6502//6502 6506//6506
f 9293//9293 6507//6507 6518//6518
f 9320//9320 9326//9326 9332//9332
f 6570//6570 6563//6563 9341//9341
f 6568//6568 9342//9342 6576//6576
f 9347//9347 9352//9352 9360//9360
f 9369//9369 9375//9375 9359//9359
f 9357//9357 9376//9376 9380//9380
f 9362//9362 9379//9379 9349//9349
f 9353//9353 6544//6544 9358//9358
f 9363//9363 6543//6543 6559//6559
f 9361//9361 6558//6558 9368//9368
f 9364//9364 6562//6562 6555//6555
f 9370//9370 6553//6553 9339//9339
f 9345//9345 6552//6552 6549//6549
f 9346//9346 6547//6547 6572//6572
f 9384//9384 9377//9377 9391//9391
f 9394//9394 9373//9373 9365//9365
f 9393//9393 9366//9366 9335//9335
f 9333//9333 9367//9367 9344//9344
f 9338//9338 9343//9343 9325//9325
f 9322//9322 9340//9340 6565//6565
f 7112//7112 7106//7106 9401//9401
f 7107//7107 7095//7095 9398//9398
f 9397//9397 7094//7094 7098//7098
f 9400//9400 7100//7100 9409//9409
f 9412//9412 7099//7099 9417//9417
f 9413//9413 9418//9418 9421//9421
f 9411//9411 9429//9429 9436//9436
f 9435//9435 9430//9430 9441//9441
f 9433//9433 9438//9438 9446//9446
f 7111//7111 9399//9399 7078//7078
f 7075//7075 9402//9402 9404//9404
f 7081//7081 9403//9403 7084//7084
f 7083//7083 9407//9407 9431//9431
f 7087//7087 9434//9434 7090//7090
f 7089//7089 9432//9432 9443//9443
f 7088//7088 9444//9444 9449//9449
f 6597//6597 6596//6596 9459//9459
f 6645//6645 9466//9466 9474//9474
f 9472//9472 9465//9465 6676//6676
f 6677//6677 9463//9463 6666//6666
f 6675//6675 6667//6667 6674//6674
f 6641//6641 6656//6656 9462//9462
f 9461//9461 6657//6657 6664//6664
f 9464//9464 6661//6661 6668//6668
f 9456//9456 6653//6653 9468//9468
f 9470//9470 6651//6651 6650//6650
f 9473//9473 6649//6649 6639//6639
f 6630//6630 6628//6628 6593//6593
f 6591//6591 6626//6626 6623//6623
f 6592//6592 6624//6624 9453//9453
f 9458//9458 6620//6620 6637//6637
f 9457//9457 6635//6635 6655//6655
f 6605//6605 6598//6598 9475//9475
f 9476//9476 6600//6600 9454//9454
f 9480//9480 9455//9455 9484//9484
f 9488//9488 9460//9460 9471//9471
f 9486//9486 9467//9467 6685//6685
f 6687//6687 9469//9469 6680//6680
f 9489//9489 9497//9497 9502//9502
f 7043//7043 7056//7056 9507//9507
f 9509//9509 7057//7057 7059//7059
f 9510//9510 7060//7060 9517//9517
f 9513//9513 7058//7058 7048//7048
f 9512//9512 7049//7049 7046//7046
f 9519//9519 6958//6958 6967//6967
f 6949//6949 6969//6969 9527//9527
f 9532//9532 6970//6970 6974//6974
f 9534//9534 6975//6975 9541//9541
f 9540//9540 6976//6976 6990//6990
f 9538//9538 6991//6991 6986//6986
f 6960//6960 9522//9522 6953//6953
f 6951//6951 9521//9521 9550//9550
f 6955//6955 9544//9544 6942//6942
f 6911//6911 6908//6908 9559//9559
f 9552//9552 6906//6906 6905//6905
f 9554//9554 6901//6901 6898//6898
f 6897//6897 6893//6893 9558//9558
f 9557//9557 6894//6894 6921//6921
f 9556//9556 6926//6926 9565//9565
f 9566//9566 6925//6925 6936//6936
f 9567//9567 6938//6938 6932//6932
f 6859//6859 6879//6879 9572//9572
f 9569//9569 6877//6877 6883//6883
f 6884//6884 6889//6889 9561//9561
f 9551//9551 6890//6890 6920//6920
f 9553//9553 6917//6917 6915//6915
f 6865//6865 6863//6863 9577//9577
f 9576//9576 6864//6864 9584//9584
f 9594//9594 6847//6847 6872//6872
f 6873//6873 6867//6867 9595//9595
f 9596//9596 6870//6870 9580//9580
f 9593//9593 9579//9579 9600//9600
f 9598//9598 9583//9583 9604//9604
f 9548//9548 9612//9612 9615//9615
f 9614//9614 9611//9611 9623//9623
f 9613//9613 9622//9622 9587//9587
f 9589//9589 9621//9621 9627//9627
f 9586//9586 9626//9626 9582//9582
f 9581//9581 9625//9625 9632//9632
f 9578//9578 9629//9629 9603//9603
f 9636//9636 9520//9520 9530//9530
f 9533//9533 9523//9523 6964//6964
f 9535//9535 6963//6963 6946//6946
f 9644//9644 9649//9649 9656//9656
f 9660//9660 9664//9664 9648//9648
f 9645//9645 9661//9661 9669//9669
f 9647//9647 9670//9670 9672//9672
f 9677//9677 9671//9671 9499//9499
f 9675//9675 9498//9498 9682//9682
f 7022//7022 7019//7019 7027//7027
f 7029//7029 7014//7014 9659//9659
f 7028//7028 9658//9658 6998//6998
f 6997//6997 9657//9657 9652//9652
f 6996//6996 9650//9650 6980//6980
f 6987//6987 9651//9651 9642//9642
f 6984//6984 9643//9643 9537//9537
f 9536//9536 9646//9646 9674//9674
f 9539//9539 9676//9676 9531//9531
f 9529//9529 9673//9673 9679//9679
f 9528//9528 9683//9683 9634//9634
f 6881//6881 9560//9560 9574//9574
f 9570//9570 9555//9555 9562//9562
f 9568//9568 9564//9564 9689//9689
f 9684//9684 9563//9563 6930//6930
f 9686//9686 6929//6929 9693//9693
f 6934//6934 6941//6941 9690//9690
f 9691//9691 6940//6940 9546//9546
f 9692//9692 9549//9549 9685//9685
f 9688//9688 9543//9543 9617//9617
f 9687//9687 9616//9616 9571//9571
f 9573//9573 9618//9618 9588//9588
f 9575//9575 9590//9590 6855//6855
f 6856//6856 9585//9585 6860//6860
f 7010//7010 7009//7009 7021//7021
f 7020//7020 7006//7006 7002//7002
f 7018//7018 7003//7003 9655//9655
f 9654//9654 7005//7005 7035//7035
f 9653//9653 7034//7034 9665//9665
f 9663//9663 7032//7032 7042//7042
f 9662//9662 7041//7041 9668//9668
f 9667//9667 7040//7040 9505//9505
f 9666//9666 9506//9506 9501//9501
f 9503//9503 9508//9508 9518//9518
f 9504//9504 9511//9511 9492//9492
f 9635//9635 9700//9700 9524//9524
f 9525//9525 9695//9695 9714//9714
f 9526//9526 9710//9710 9545//9545
f 9547//9547 9723//9723 9724//9724
f 9542//9542 9726//9726 9608//9608
f 6792//6792 6782//6782 6801//6801
f 6800//6800 6784//6784 9732//9732
f 6799//6799 9736//9736 6804//6804
f 9744//9744 6760//6760 6755//6755
f 6725//6725 6723//6723 9730//9730
f 9733//9733 6722//6722 6715//6715
f 9739//9739 6714//6714 9740//9740
f 9742//9742 6717//6717 6763//6763
f 9741//9741 6762//6762 6761//6761
f 6812//6812 6803//6803 6768//6768
f 6770//6770 6805//6805 9737//9737
f 6772//6772 9735//9735 6776//6776
f 6777//6777 9734//9734 9746//9746
f 6774//6774 9745//9745 6747//6747
f 6752//6752 9743//9743 6753//6753
f 9753//9753 9754//9754 801//801
f 9752//9752 798//798 8803//8803
f 8802//8802 797//797 805//805
f 8804//8804 806//806 8790//8790
f 8786//8786 807//807 859//859
f 8788//8788 860//860 8774//8774
f 861//861 858//858 8773//8773
f 8777//8777 857//857 852//852
f 8775//8775 847//847 9060//9060
f 848//848 879//879 9062//9062
f 9059//9059 880//880 888//888
f 9061//9061 889//889 9057//9057
f 9055//9055 891//891 900//900
f 9054//9054 901//901 9045//9045
f 902//902 905//905 9044//9044
f 9042//9042 906//906 943//943
f 9041//9041 945//945 8772//8772
f 8770//8770 941//941 936//936
f 8769//8769 935//935 5048//5048
f 9755//9755 9760//9760 803//803
f 796//796 9762//9762 9766//9766
f 802//802 9767//9767 794//794
f 3455//3455 6219//6219 3444//3444
f 3441//3441 6218//6218 9771//9771
f 9773//9773 9777//9777 3440//3440
f 3443//3443 9776//9776 9781//9781
f 3445//3445 9784//9784 3421//3421
f 3419//3419 9783//9783 9787//9787
f 3420//3420 9788//9788 3431//3431
f 3992//3992 9793//9793 4000//4000
f 4001//4001 9791//9791 9795//9795
f 9799//9799 9802//9802 4003//4003
f 4002//4002 9801//9801 9810//9810
f 3997//3997 9804//9804 4008//4008
f 4006//4006 9809//9809 9811//9811
f 4005//4005 9812//9812 4013//4013
f 9789//9789 3991//3991 9818//9818
f 9817//9817 3996//3996 3987//3987
f 9819//9819 3990//3990 9820//9820
f 3959//3959 9828//9828 3954//3954
f 3955//3955 9827//9827 9832//9832
f 3953//3953 9833//9833 3946//3946
f 3947//3947 9835//9835 9824//9824
f 3948//3948 9823//9823 3981//3981
f 3982//3982 9822//9822 3986//3986
f 3943//3943 9839//9839 3960//3960
f 3961//3961 9843//9843 9849//9849
f 3957//3957 9845//9845 9830//9830
f 3945//3945 3938//3938 9841//9841
f 9840//9840 3939//3939 4038//4038
f 9844//9844 4034//4034 6366//6366
f 9851//9851 547//547 6473//6473
f 6474//6474 549//549 536//536
f 9850//9850 9859//9859 550//550
f 551//551 9856//9856 9863//9863
f 552//552 9861//9861 564//564
f 641//641 708//708 9868//9868
f 6528//6528 655//655 9313//9313
f 9312//9312 653//653 650//650
f 9311//9311 649//649 9316//9316
f 9867//9867 9873//9873 637//637
f 642//642 9870//9870 9877//9877
f 638//638 9874//9874 646//646
f 645//645 9875//9875 9882//9882
f 647//647 9881//9881 9317//9317
f 9885//9885 723//723 722//722
f 694//694 9888//9888 698//698
f 701//701 9893//9893 9901//9901
f 699//699 9894//9894 717//717
f 718//718 9899//9899 9905//9905
f 719//719 9906//9906 9884//9884
f 689//689 9892//9892 696//696
f 9891//9891 688//688 9386//9386
f 687//687 686//686 9385//9385
f 9389//9389 683//683 678//678
f 9388//9388 682//682 9372//9372
f 681//681 673//673 9374//9374
f 9378//9378 675//675 665//665
f 9371//9371 663//663 9381//9381
f 9383//9383 666//666 656//656
f 9382//9382 659//659 9350//9350
f 9351//9351 658//658 730//730
f 9348//9348 729//729 9355//9355
f 9356//9356 731//731 742//742
f 9354//9354 746//746 6541//6541
f 103//103 92//92 9909//9909
f 6564//6564 112//112 9324//9324
f 9323//9323 113//113 817//817
f 9908//9908 9913//9913 102//102
f 104//104 9912//9912 9921//9921
f 101//101 9922//9922 816//816
f 814//814 9917//9917 9329//9329
f 815//815 9330//9330 9321//9321
f 7065//7065 1898//1898 1888//1888
f 1871//1871 9928//9928 1886//1886
f 1885//1885 9924//9924 9929//9929
f 1887//1887 9930//9930 7069//7069
f 9934//9934 1868//1868 1883//1883
f 1895//1895 9940//9940 9948//9948
f 1896//1896 9946//9946 1877//1877
f 1879//1879 9945//9945 9950//9950
f 1878//1878 9951//9951 9936//9936
f 9941//9941 1894//1894 1905//1905
f 9938//9938 1906//1906 9427//9427
f 1907//1907 1908//1908 9426//9426
f 9425//9425 1911//1911 1861//1861
f 9424//9424 1858//1858 9437//9437
f 9439//9439 1859//1859 1949//1949
f 9440//9440 1950//1950 9447//9447
f 9442//9442 1951//1951 1946//1946
f 9445//9445 1947//1947 9450//9450
f 1948//1948 1940//1940 9452//9452
f 9451//9451 1939//1939 1926//1926
f 9448//9448 1929//1929 7091//7091
f 7102//7102 2031//2031 9415//9415
f 9414//9414 2032//2032 2016//2016
f 9416//9416 2014//2014 9419//9419
f 2092//2092 9955//9955 2008//2008
f 2012//2012 9956//9956 9963//9963
f 2009//2009 9964//9964 2013//2013
f 2018//2018 9962//9962 9965//9965
f 2019//2019 9969//9969 9422//9422
f 9970//9970 2107//2107 2100//2100
f 2078//2078 9977//9977 2081//2081
f 2084//2084 9976//9976 9985//9985
f 2083//2083 9984//9984 2103//2103
f 2105//2105 9983//9983 9989//9989
f 2104//2104 9990//9990 9972//9972
f 9225//9225 2062//2062 2051//2051
f 9227//9227 2053//2053 9236//9236
f 9233//9233 2052//2052 2048//2048
f 9234//9234 2047//2047 9241//9241
f 9238//9238 2046//2046 2113//2113
f 9237//9237 2114//2114 9245//9245
f 9244//9244 2112//2112 2130//2130
f 9243//9243 2125//2125 7140//7140
f 2061//2061 9229//9229 2068//2068
f 2069//2069 9224//9224 9273//9273
f 2067//2067 9271//9271 2072//2072
f 2071//2071 9270//9270 9974//9974
f 2073//2073 9979//9979 2077//2077
f 1838//1838 1826//1826 9995//9995
f 7147//7147 2185//2185 9255//9255
f 9254//9254 2184//2184 2246//2246
f 9996//9996 9999//9999 1834//1834
f 1836//1836 10000//10000 10003//10003
f 1839//1839 10009//10009 2244//2244
f 2248//2248 10008//10008 9259//9259
f 2243//2243 9258//9258 9253//9253
f 7626//7626 532//532 543//543
f 559//559 10013//10013 541//541
f 540//540 10014//10014 10018//10018
f 544//544 10017//10017 7629//7629
f 9825//9825 9836//9836 10019//10019
f 10026//10026 6417//6417 10040//10040
f 10039//10039 6402//6402 6394//6394
f 6425//6425 6414//6414 6431//6431
f 6429//6429 6416//6416 10031//10031
f 6428//6428 10032//10032 6433//6433
f 6434//6434 10029//10029 6444//6444
f 10034//10034 6393//6393 10028//10028
f 10030//10030 6395//6395 6441//6441
f 10027//10027 6439//6439 6445//6445
f 10045//10045 6365//6365 6369//6369
f 9842//9842 6368//6368 9846//9846
f 9847//9847 6364//6364 10044//10044
f 9848//9848 10043//10043 9829//9829
f 9831//9831 10046//10046 9838//9838
f 9834//9834 10042//10042 6371//6371
f 9837//9837 6372//6372 10020//10020
f 10024//10024 6370//6370 6376//6376
f 10025//10025 6377//6377 10052//10052
f 10053//10053 6379//6379 6384//6384
f 10054//10054 6386//6386 10036//10036
f 10041//10041 6382//6382 6387//6387
f 10035//10035 6388//6388 6401//6401
f 9816//9816 9821//9821 10059//10059
f 10058//10058 9826//9826 10022//10022
f 10057//10057 10021//10021 10064//10064
f 10066//10066 10023//10023 10051//10051
f 10062//10062 10050//10050 10068//10068
f 6409//6409 10076//10076 6418//6418
f 6419//6419 10075//10075 10081//10081
f 6420//6420 10078//10078 10038//10038
f 10037//10037 10079//10079 10089//10089
f 10033//10033 10084//10084 10047//10047
f 10048//10048 10086//10086 10092//10092
f 10049//10049 10090//10090 10067//10067
f 8016//8016 8011//8011 9707//9707
f 9722//9722 8014//8014 9727//9727
f 9727//9727 8014//8014 7985//7985
f 9725//9725 7979//7979 9609//9609
f 9721//9721 8037//8037 8032//8032
f 7986//7986 9605//9605 9630//9630
f 10097//10097 10101//10101 9705//9705
f 9719//9719 10102//10102 10107//10107
f 8031//8031 8027//8027 9703//9703
f 9703//9703 8027//8027 8022//8022
f 9717//9717 8021//8021 8017//8017
f 10112//10112 10113//10113 9697//9697
f 9699//9699 10115//10115 10122//10122
f 9696//9696 10123//10123 9711//9711
f 9715//9715 10120//10120 10126//10126
f 9709//9709 10127//10127 10096//10096
f 10133//10133 10137//10137 7988//7988
f 7987//7987 10134//10134 10138//10138
f 9631//9631 9624//9624 7984//7984
f 7972//7972 9628//9628 9619//9619
f 7984//7984 9620//9620 9610//9610
f 10107//10107 10144//10144 9719//9719
f 9701//9701 10143//10143 10151//10151
f 9706//9706 10150//10150 10153//10153
f 10162//10162 10166//10166 7965//7965
f 7966//7966 10167//10167 10172//10172
f 7961//7961 10170//10170 7975//7975
f 7974//7974 10174//10174 10179//10179
f 7973//7973 10178//10178 10130//10130
f 10138//10138 10181//10181 7987//7987
f 7977//7977 10183//10183 10188//10188
f 7976//7976 10185//10185 10190//10190
f 9637//9637 10201//10201 9696//9696
f 9694//9694 10196//10196 10206//10206
f 9698//9698 10203//10203 10108//10108
f 10155//10155 10209//10209 9718//9718
f 9712//9712 10210//10210 10215//10215
f 9704//9704 10214//10214 10219//10219
f 10223//10223 10228//10228 9720//9720
f 9703//9703 10230//10230 10231//10231
f 9716//9716 10234//10234 8034//8034
f 8051//8051 10236//10236 7961//7961
f 7964//7964 10241//10241 10242//10242
f 7960//7960 10243//10243 10161//10161
f 10192//10192 10249//10249 7967//7967
f 7968//7968 10250//10250 10252//10252
f 7972//7972 10253//10253 10259//10259
f 10265//10265 10267//10267 7969//7969
f 7984//7984 10268//10268 10275//10275
f 7983//7983 10274//10274 9607//9607
f 10278//10278 10282//10282 9633//9633
f 9639//9639 10283//10283 10288//10288
f 9641//9641 10286//10286 10197//10197
f 10221//10221 10295//10295 9702//9702
f 9708//9708 10293//10293 10296//10296
f 9713//9713 10297//10297 10225//10225
f 10302//10302 10307//10307 8049//8049
f 8048//8048 10308//10308 10315//10315
f 8047//8047 10311//10311 10238//10238
f 9500//9500 9494//9494 9680//9680
f 9678//9678 9496//9496 10322//10322
f 9681//9681 10321//10321 9638//9638
f 9639//9639 10323//10323 10327//10327
f 9640//9640 10324//10324 10280//10280
f 10258//10258 10333//10333 7982//7982
f 7981//7981 10332//10332 10336//10336
f 7980//7980 10337//10337 10262//10262
f 8001//8001 8007//8007 8057//8057
f 8056//8056 8009//8009 10346//10346
f 8055//8055 10345//10345 8043//8043
f 8048//8048 10342//10342 10351//10351
f 8044//8044 10350//10350 10301//10301
f 10356//10356 10362//10362 10365//10365
f 10375//10375 10377//10377 10387//10387
f 10384//10384 10380//10380 10391//10391
f 10395//10395 10400//10400 10411//10411
f 1710//1710 10416//10416 10423//10423
f 6849//6849 10427//10427 6850//6850
f 9592//9592 9602//9602 10439//10439
f 10330//10330 10443//10443 10446//10446
f 10191//10191 10456//10456 10459//10459
f 10468//10468 10472//10472 10477//10477
f 10483//10483 5040//5040 10485//10485
f 10486//10486 5041//5041 5044//5044
f 10487//10487 5045//5045 1805//1805
f 8343//8343 5021//5021 5027//5027
f 8342//8342 5025//5025 8346//8346
f 8347//8347 5026//5026 5031//5031
f 8348//8348 5034//5034 8130//8130
f 8134//8134 5032//5032 10497//10497
f 8132//8132 10498//10498 8120//8120
f 8121//8121 10495//10495 10502//10502
f 8119//8119 10501//10501 4636//4636
f 10504//10504 10509//10509 10517//10517
f 10522//10522 10513//10513 4652//4652
f 10520//10520 4651//4651 10527//10527
f 10523//10523 4650//4650 4644//4644
f 3638//3638 4659//4659 10512//10512
f 10511//10511 4658//4658 4654//4654
f 10510//10510 4656//4656 4648//4648
f 6326//6326 6328//6328 9165//9165
f 9164//9164 6329//6329 6352//6352
f 9163//9163 6351//6351 9189//9189
f 9188//9188 6353//6353 6346//6346
f 10532//10532 9202//9202 9198//9198
f 9199//9199 10541//10541 10528//10528
f 10536//10536 10542//10542 10547//10547
f 10534//10534 10543//10543 10552//10552
f 10555//10555 10563//10563 10570//10570
f 10566//10566 10562//10562 10573//10573
f 10567//10567 10571//10571 10578//10578
f 10581//10581 10572//10572 10582//10582
f 10579//10579 10583//10583 10587//10587
f 10594//10594 10601//10601 10606//10606
f 10609//10609 10600//10600 10615//10615
f 10605//10605 10611//10611 10618//10618
f 10620//10620 10614//10614 10621//10621
f 10141//10141 10136//10136 10629//10629
f 10453//10453 10193//10193 10635//10635
f 10640//10640 10195//10195 10186//10186
f 10638//10638 10187//10187 10642//10642
f 10643//10643 10189//10189 10184//10184
f 10641//10641 10180//10180 10649//10649
f 10650//10650 10182//10182 10142//10142
f 10651//10651 10140//10140 10653//10653
f 10654//10654 10139//10139 10631//10631
f 10656//10656 10632//10632 10660//10660
f 10665//10665 10255//10255 10251//10251
f 10329//10329 10447//10447 10334//10334
f 10335//10335 10449//10449 10672//10672
f 10338//10338 10671//10671 10266//10266
f 10263//10263 10676//10676 10432//10432
f 10264//10264 10438//10438 10269//10269
f 10270//10270 10434//10434 10272//10272
f 10271//10271 10433//10433 9601//9601
f 10273//10273 9599//9599 9606//9606
f 6851//6851 10428//10428 6832//6832
f 6831//6831 10426//10426 10677//10677
f 6830//6830 10680//10680 6836//6836
f 10678//10678 10685//10685 6835//6835
f 6838//6838 10683//10683 10688//10688
f 6837//6837 10689//10689 6840//6840
f 6839//6839 10690//10690 1701//1701
f 1705//1705 10691//10691 10701//10701
f 1706//1706 10702//10702 1713//1713
f 1712//1712 10422//10422 6813//6813
f 6814//6814 10421//10421 10703//10703
f 6815//6815 10704//10704 6818//6818
f 6819//6819 10705//10705 10715//10715
f 6820//6820 10709//10709 6827//6827
f 9738//9738 6783//6783 6788//6788
f 6702//6702 6710//6710 10716//10716
f 10717//10717 6711//6711 6709//6709
f 9485//9485 10724//10724 9478//9478
f 9477//9477 10723//10723 10731//10731
f 9479//9479 10726//10726 10735//10735
f 10738//10738 6610//6610 6608//6608
f 6584//6584 6615//6615 10745//10745
f 10744//10744 6617//6617 6612//6612
f 10751//10751 1787//1787 10761//10761
f 10759//10759 1781//1781 6581//6581
f 10758//10758 6582//6582 10765//10765
f 10764//10764 6580//6580 6588//6588
f 10763//10763 6587//6587 10773//10773
f 10769//10769 6585//6585 10749//10749
f 10780//10780 1804//1804 10753//10753
f 10754//10754 1806//1806 1799//1799
f 10755//10755 1796//1796 1786//1786
f 10783//10783 10666//10666 10460//10460
f 10461//10461 10667//10667 10248//10248
f 10462//10462 10247//10247 10194//10194
f 6848//6848 9597//9597 10429//10429
f 10430//10430 9591//9591 10435//10435
f 10431//10431 10436//10436 10682//10682
f 10679//10679 10437//10437 10675//10675
f 10681//10681 10674//10674 10686//10686
f 10687//10687 10673//10673 10448//10448
f 10684//10684 10451//10451 10693//10693
f 10694//10694 10450//10450 10445//10445
f 10692//10692 10440//10440 10695//10695
f 10418//10418 1709//1709 10792//10792
f 10790//10790 1708//1708 10696//10696
f 10791//10791 10698//10698 10794//10794
f 10803//10803 10809//10809 10813//10813
f 10816//10816 10810//10810 10822//10822
f 10811//10811 10819//10819 10825//10825
f 10823//10823 10817//10817 10830//10830
f 10836//10836 10711//10711 10844//10844
f 10840//10840 10710//10710 10707//10707
f 10841//10841 10706//10706 10848//10848
f 10846//10846 10708//10708 10424//10424
f 10847//10847 10420//10420 10852//10852
f 10857//10857 10425//10425 10417//10417
f 10853//10853 10415//10415 10863//10863
f 10862//10862 10419//10419 10789//10789
f 10861//10861 10788//10788 10829//10829
f 10832//10832 10787//10787 10795//10795
f 10831//10831 10793//10793 10828//10828
f 10807//10807 10396//10396 10818//10818
f 10821//10821 10398//10398 10414//10414
f 10820//10820 10413//10413 10835//10835
f 10834//10834 10412//10412 2791//2791
f 10833//10833 2792//2792 10858//10858
f 10859//10859 2793//2793 6743//6743
f 10860//10860 6744//6744 10854//10854
f 10856//10856 6742//6742 6741//6741
f 10855//10855 6737//6737 10850//10850
f 10849//10849 6736//6736 6734//6734
f 10851//10851 6733//6733 10842//10842
f 10845//10845 6735//6735 6726//6726
f 10843//10843 6724//6724 10839//10839
f 10838//10838 6729//6729 9728//9728
f 10837//10837 9731//9731 10712//10712
f 10713//10713 9729//9729 6790//6790
f 10714//10714 6789//6789 6826//6826
f 10867//10867 10870//10870 10402//10402
f 10873//10873 10868//10868 10733//10733
f 10728//10728 10866//10866 10739//10739
f 10727//10727 10740//10740 10736//10736
f 10734//10734 10742//10742 6606//6606
f 10737//10737 6607//6607 9481//9481
f 6684//6684 6691//6691 9487//9487
f 9483//9483 6690//6690 6692//6692
f 9482//9482 6695//6695 10722//10722
f 10721//10721 6694//6694 6703//6703
f 10725//10725 6700//6700 10730//10730
f 10729//10729 6701//6701 10718//10718
f 10732//10732 10719//10719 10871//10871
f 10872//10872 10720//10720 6704//6704
f 10874//10874 6705//6705 10407//10407
f 10403//10403 6706//6706 2803//2803
f 10401//10401 2805//2805 10410//10410
f 10408//10408 2802//2802 2799//2799
f 10409//10409 2801//2801 2794//2794
f 10875//10875 10881//10881 10890//10890
f 10889//10889 10882//10882 10899//10899
f 10893//10893 10896//10896 10903//10903
f 10906//10906 10916//10916 10592//10592
f 10595//10595 10917//10917 10923//10923
f 10593//10593 10921//10921 10603//10603
f 10602//10602 10919//10919 10930//10930
f 10604//10604 10928//10928 10612//10612
f 10613//10613 10925//10925 10936//10936
f 10610//10610 10932//10932 10625//10625
f 10624//10624 10931//10931 10939//10939
f 10627//10627 10937//10937 10943//10943
f 10946//10946 10938//10938 10951//10951
f 10945//10945 10953//10953 10958//10958
f 10963//10963 10799//10799 10969//10969
f 10970//10970 10804//10804 10812//10812
f 10968//10968 10814//10814 10977//10977
f 10973//10973 10815//10815 10827//10827
f 10972//10972 10826//10826 10981//10981
f 10982//10982 10824//10824 10796//10796
f 10978//10978 10797//10797 10984//10984
f 10988//10988 10798//10798 10697//10697
f 10989//10989 10699//10699 10990//10990
f 10995//10995 10700//10700 10444//10444
f 10993//10993 10442//10442 10260//10260
f 10257//10257 10441//10441 10331//10331
f 3650//3650 3643//3643 10371//10371
f 10370//10370 3644//3644 3640//3640
f 10374//10374 3633//3633 10379//10379
f 10378//10378 3636//3636 10514//10514
f 10381//10381 10515//10515 10393//10393
f 10392//10392 10516//10516 10505//10505
f 6611//6611 10741//10741 10746//10746
f 10747//10747 10743//10743 10865//10865
f 10748//10748 10869//10869 10772//10772
f 10771//10771 10864//10864 10405//10405
f 10770//10770 10404//10404 10768//10768
f 10767//10767 10406//10406 10394//10394
f 10766//10766 10397//10397 10757//10757
f 10760//10760 10399//10399 10808//10808
f 10762//10762 10805//10805 10750//10750
f 10752//10752 10806//10806 10800//10800
f 10756//10756 10801//10801 10778//10778
f 10777//10777 10802//10802 10965//10965
f 10779//10779 10964//10964 10997//10997
f 10908//10908 10560//10560 10915//10915
f 10913//10913 10559//10559 10568//10568
f 10912//10912 10569//10569 11003//11003
f 11007//11007 10565//10565 10576//10576
f 11002//11002 10580//10580 10554//10554
f 10551//10551 10577//10577 10588//10588
f 10553//10553 10591//10591 10537//10537
f 1802//1802 11012//11012 10488//10488
f 10489//10489 11011//11011 10499//10499
f 10490//10490 10496//10496 10484//10484
f 10482//10482 10491//10491 5035//5035
f 10481//10481 5028//5028 5039//5039
f 4638//4638 10503//10503 4645//4645
f 4646//4646 10500//10500 10492//10492
f 4647//4647 10494//10494 10525//10525
f 10524//10524 10493//10493 11010//11010
f 10526//10526 11009//11009 10519//10519
f 10518//10518 11008//11008 1808//1808
f 10521//10521 1803//1803 10507//10507
f 10506//10506 1800//1800 10776//10776
f 10508//10508 10775//10775 10388//10388
f 10389//10389 10774//10774 10996//10996
f 10390//10390 11001//11001 10383//10383
f 10478//10478 10473//10473 11017//11017
f 11013//11013 10474//10474 10883//10883
f 11018//11018 10888//10888 11019//11019
f 11022//11022 10887//10887 10877//10877
f 11021//11021 10878//10878 10366//10366
f 10364//10364 10360//10360 11023//11023
f 11020//11020 10363//10363 11026//11026
f 11024//11024 11029//11029 11014//11014
f 11015//11015 11027//11027 11032//11032
f 11016//11016 11031//11031 10479//10479
f 10781//10781 11041//11041 11043//11043
f 11044//11044 11036//11036 11052//11052
f 11042//11042 11049//11049 11058//11058
f 11056//11056 11051//11051 11060//11060
f 11059//11059 11064//11064 11070//11070
f 11071//11071 11061//11061 11074//11074
f 11069//11069 11073//11073 11079//11079
f 11078//11078 11075//11075 11089//11089
f 11080//11080 11085//11085 11094//11094
f 11090//11090 11084//11084 11097//11097
f 11093//11093 11098//11098 11105//11105
f 11038//11038 10352//10352 11048//11048
f 11050//11050 10354//10354 10367//10367
f 11053//11053 10368//10368 11063//11063
f 11065//11065 10369//10369 10880//10880
f 11062//11062 10876//10876 11072//11072
f 11077//11077 10879//10879 10891//10891
f 11076//11076 10894//10894 11088//11088
f 11087//11087 10892//10892 10901//10901
f 11086//11086 10904//10904 11099//11099
f 10784//10784 10457//10457 11037//11037
f 11039//11039 10458//10458 10452//10452
f 11040//11040 10454//10454 10357//10357
f 10355//10355 10455//10455 10639//10639
f 10353//10353 10636//10636 10358//10358
f 10361//10361 10637//10637 10646//10646
f 10359//10359 10644//10644 11028//11028
f 11025//11025 10645//10645 10647//10647
f 11030//11030 10648//10648 11033//11033
f 11034//11034 10652//10652 10655//10655
f 11035//11035 10657//10657 10476//10476
f 10475//10475 10658//10658 10663//10663
f 10480//10480 10661//10661 10465//10465
f 10911//10911 11106//11106 10922//10922
f 10920//10920 11107//11107 11100//11100
f 10924//10924 11096//11096 10929//10929
f 10927//10927 11101//11101 10905//10905
f 10926//10926 10900//10900 10933//10933
f 10935//10935 10902//10902 10897//10897
f 10934//10934 10898//10898 10940//10940
f 10942//10942 10895//10895 10884//10884
f 10941//10941 10885//10885 10949//10949
f 10950//10950 10886//10886 10469//10469
f 10952//10952 10470//10470 10957//10957
f 10959//10959 10471//10471 10467//10467
f 9196//9196 9192//9192 10538//10538
f 10539//10539 9190//9190 6347//6347
f 10540//10540 6348//6348 10544//10544
f 10545//10545 6342//6342 6362//6362
f 10546//10546 6359//6359 10548//10548
f 10550//10550 6361//6361 6354//6354
f 10549//10549 6357//6357 11006//11006
f 11005//11005 6358//6358 3649//3649
f 11004//11004 3648//3648 10910//10910
f 10914//10914 3645//3645 10373//10373
f 10918//10918 10372//10372 11104//11104
f 11102//11102 10376//10376 10382//10382
f 11103//11103 10385//10385 11091//11091
f 11092//11092 10386//10386 10999//10999
f 11095//11095 11000//11000 11082//11082
f 11083//11083 10998//10998 10961//10961
f 11081//11081 10962//10962 11068//11068
f 11067//11067 10960//10960 10966//10966
f 11066//11066 10967//10967 11055//11055
f 11054//11054 10971//10971 10975//10975
f 11057//11057 10976//10976 11045//11045
f 11046//11046 10974//10974 10980//10980
f 11047//11047 10979//10979 10786//10786
f 10782//10782 10983//10983 10987//10987
f 10785//10785 10986//10986 10670//10670
f 10669//10669 10985//10985 10991//10991
f 10668//10668 10992//10992 10254//10254
f 10256//10256 10994//10994 10261//10261
f 11108//11108 11117//11117 11123//11123
f 11132//11132 11134//11134 11145//11145
f 11144//11144 11137//11137 11152//11152
f 11156//11156 11162//11162 11167//11167
f 11174//11174 11179//11179 11186//11186
f 11192//11192 11201//11201 11209//11209
f 11217//11217 11221//11221 11223//11223
f 10349//10349 11233//11233 11234//11234
f 5367//5367 5370//5370 11244//11244
f 11243//11243 5373//5373 5382//5382
f 3430//3430 9785//9785 11245//11245
f 11246//11246 9786//9786 9780//9780
f 9151//9151 9769//9769 9155//9155
f 9156//9156 9772//9772 6216//6216
f 9157//9157 6215//6215 6224//6224
f 11253//11253 3435//3435 11259//11259
f 11258//11258 3438//3438 3429//3429
f 9757//9757 9749//9749 11266//11266
f 11267//11267 9751//9751 8875//8875
f 11264//11264 8874//8874 11272//11272
f 11273//11273 8873//8873 8757//8757
f 11274//11274 8756//8756 11280//11280
f 11281//11281 8755//8755 8750//8750
f 8806//8806 8883//8883 9747//9747
f 9748//9748 8884//8884 8877//8877
f 9750//9750 8878//8878 8872//8872
f 11286//11286 9759//9759 9758//9758
f 9761//9761 11287//11287 9765//9765
f 9764//9764 11284//11284 11289//11289
f 9763//9763 11288//11288 790//790
f 89//89 84//84 11298//11298
f 11302//11302 9331//9331 11310//11310
f 11311//11311 9336//9336 9328//9328
f 11312//11312 9327//9327 9923//9923
f 11315//11315 9896//9896 9395//9395
f 9396//9396 9900//9900 9890//9890
f 9392//9392 9889//9889 9387//9387
f 9390//9390 9337//9337 11316//11316
f 11313//11313 9334//9334 11300//11300
f 11314//11314 11301//11301 9895//9895
f 9898//9898 11305//11305 11317//11317
f 728//728 9886//9886 11326//11326
f 11325//11325 9887//9887 9904//9904
f 11333//11333 11339//11339 709//709
f 707//707 11338//11338 11340//11340
f 705//705 11342//11342 9866//9866
f 9865//9865 11343//11343 11347//11347
f 9864//9864 11349//11349 9872//9872
f 9871//9871 11348//11348 11352//11352
f 9869//9869 11356//11356 9876//9876
f 9878//9878 11355//11355 9883//9883
f 9879//9879 11357//11357 11360//11360
f 9880//9880 11362//11362 9318//9318
f 6475//6475 9294//9294 6472//6472
f 6469//6469 9291//9291 11367//11367
f 6468//6468 11368//11368 9853//9853
f 9852//9852 11369//11369 11371//11371
f 9855//9855 11373//11373 11375//11375
f 563//563 9860//9860 11379//11379
f 11380//11380 9862//9862 9857//9857
f 11381//11381 9858//9858 9854//9854
f 11382//11382 11387//11387 562//562
f 565//565 11386//11386 11388//11388
f 567//567 11391//11391 554//554
f 556//556 11398//11398 10010//10010
f 10011//10011 11396//11396 11406//11406
f 10012//10012 11408//11408 10015//10015
f 11415//11415 7637//7637 7628//7628
f 7609//7609 7634//7634 7841//7841
f 7839//7839 7635//7635 11410//11410
f 7838//7838 11412//11412 8005//8005
f 8010//8010 8004//8004 10343//10343
f 10340//10340 8002//8002 11411//11411
f 10339//10339 11413//11413 11402//11402
f 11403//11403 11414//11414 7630//7630
f 11409//11409 7632//7632 10016//10016
f 10347//10347 11236//11236 10304//10304
f 10305//10305 11235//11235 11416//11416
f 10303//10303 11421//11421 10309//10309
f 10310//10310 11417//11417 11425//11425
f 10306//10306 11424//11424 10313//10313
f 10314//10314 11423//11423 11429//11429
f 10312//10312 11428//11428 10237//10237
f 10239//10239 11431//11431 11437//11437
f 10240//10240 11436//11436 10245//10245
f 10246//10246 11435//11435 11445//11445
f 10244//10244 11440//11440 10160//10160
f 10159//10159 11444//11444 11446//11446
f 10163//10163 11447//11447 10164//10164
f 11451//11451 11456//11456 10169//10169
f 10168//10168 11453//11453 11457//11457
f 10165//10165 11458//11458 10171//10171
f 10173//10173 11459//11459 11464//11464
f 10175//10175 11465//11465 10176//10176
f 10177//10177 11466//11466 10132//10132
f 10131//10131 11467//11467 10633//10633
f 10129//10129 10634//10634 10135//10135
f 11220//11220 11214//11214 11474//11474
f 10659//10659 11120//11120 10466//10466
f 10464//10464 11116//11116 11111//11111
f 10463//10463 11113//11113 10955//10955
f 10954//10954 11114//11114 11479//11479
f 10956//10956 11478//11478 10944//10944
f 10948//10948 11477//11477 11473//11473
f 10947//10947 11471//11471 10622//10622
f 10626//10626 11475//11475 11216//11216
f 10598//10598 10607//10607 11486//11486
f 11484//11484 10608//10608 10619//10619
f 10561//10561 10556//10556 11205//11205
f 11206//11206 10557//10557 11493//11493
f 11198//11198 10584//10584 11208//11208
f 11203//11203 10586//10586 10574//10574
f 11204//11204 10575//10575 10564//10564
f 11495//11495 11502//11502 11197//11197
f 11196//11196 11505//11505 10531//10531
f 11195//11195 10529//10529 11199//11199
f 11202//11202 10533//10533 10589//10589
f 11200//11200 10590//10590 10585//10585
f 9775//9775 9768//9768 11498//11498
f 11499//11499 9770//9770 9148//9148
f 11500//11500 9150//9150 11501//11501
f 11503//11503 9153//9153 9208//9208
f 11504//11504 9209//9209 10530//10530
f 10535//10535 9206//9206 9200//9200
f 10558//10558 10909//10909 11494//11494
f 11492//11492 10907//10907 10599//10599
f 11491//11491 10597//10597 11226//11226
f 11228//11228 10596//10596 11483//11483
f 11229//11229 11485//11485 11215//11215
f 11213//11213 11487//11487 10617//10617
f 11212//11212 10616//10616 10623//10623
f 11508//11508 11516//11516 11518//11518
f 11522//11522 11515//11515 11526//11526
f 11521//11521 11527//11527 11532//11532
f 11534//11534 11528//11528 11297//11297
f 11533//11533 11296//11296 795//795
f 792//792 11295//11295 88//88
f 11537//11537 11183//11183 11543//11543
f 11544//11544 11181//11181 11173//11173
f 11545//11545 11175//11175 11549//11549
f 11552//11552 11562//11562 11568//11568
f 11567//11567 11560//11560 11572//11572
f 11569//11569 11571//11571 11580//11580
f 11579//11579 11573//11573 11581//11581
f 11514//11514 11553//11553 11524//11524
f 11523//11523 11557//11557 11564//11564
f 11525//11525 11565//11565 11294//11294
f 11299//11299 11566//11566 11578//11578
f 11293//11293 11577//11577 91//91
f 95//95 11576//11576 11586//11586
f 90//90 11585//11585 9910//9910
f 9907//9907 11584//11584 9914//9914
f 11548//11548 11589//11589 11541//11541
f 11546//11546 11590//11590 11252//11252
f 11542//11542 11251//11251 11539//11539
f 11535//11535 11254//11254 11260//11260
f 8747//8747 5357//5357 11279//11279
f 11278//11278 5358//5358 5365//5365
f 11277//11277 5362//5362 11276//11276
f 11275//11275 5366//5366 11240//11240
f 11269//11269 11241//11241 11593//11593
f 11594//11594 11242//11242 5378//5378
f 11595//11595 5381//5381 11256//11256
f 11255//11255 5383//5383 5375//5375
f 11250//11250 5376//5376 3436//3436
f 9756//9756 11265//11265 11282//11282
f 11283//11283 11263//11263 11271//11271
f 11285//11285 11270//11270 11290//11290
f 11291//11291 11268//11268 11588//11588
f 11292//11292 11592//11592 791//791
f 789//789 11591//11591 11547//11547
f 788//788 11550//11550 11530//11530
f 11531//11531 11551//11551 11176//11176
f 11529//11529 11178//11178 11520//11520
f 11519//11519 11177//11177 11189//11189
f 11517//11517 11190//11190 11509//11509
f 715//715 727//727 11601//11601
f 11596//11596 724//724 11160//11160
f 11599//11599 11165//11165 11603//11603
f 11604//11604 11159//11159 11157//11157
f 11605//11605 11158//11158 11609//11609
f 726//726 11322//11322 11164//11164
f 11161//11161 11324//11324 11620//11620
f 11163//11163 11619//11619 11169//11169
f 11166//11166 11618//11618 11622//11622
f 11168//11168 11621//11621 11626//11626
f 11630//11630 11143//11143 11634//11634
f 11635//11635 11142//11142 11150//11150
f 11638//11638 11147//11147 11641//11641
f 11645//11645 11151//11151 11647//11647
f 11640//11640 11650//11650 11395//11395
f 11394//11394 11646//11646 11656//11656
f 11389//11389 11652//11652 557//557
f 560//560 11657//11657 11662//11662
f 558//558 11659//11659 11401//11401
f 11666//11666 11672//11672 11676//11676
f 11679//11679 11669//11669 11683//11683
f 11678//11678 11682//11682 11692//11692
f 10662//10662 11663//11663 11115//11115
f 11118//11118 11664//11664 11675//11675
f 11119//11119 11677//11677 11124//11124
f 11126//11126 11674//11674 11687//11687
f 11122//11122 11686//11686 11698//11698
f 11694//11694 11691//11691 11699//11699
f 11695//11695 11700//11700 11710//11710
f 11709//11709 11701//11701 11713//11713
f 11706//11706 11712//11712 11608//11608
f 11612//11612 11711//11711 11720//11720
f 11613//11613 11721//11721 11607//11607
f 11602//11602 11722//11722 11330//11330
f 11606//11606 11332//11332 11600//11600
f 11598//11598 11331//11331 704//704
f 11597//11597 711//711 713//713
f 11685//11685 11128//11128 11690//11690
f 11689//11689 11129//11129 11140//11140
f 11688//11688 11141//11141 11704//11704
f 11703//11703 11139//11139 11632//11632
f 11702//11702 11633//11633 11714//11714
f 11715//11715 11631//11631 11636//11636
f 11716//11716 11637//11637 11717//11717
f 11718//11718 11639//11639 11642//11642
f 11719//11719 11643//11643 11328//11328
f 11329//11329 11644//11644 11393//11393
f 11334//11334 11392//11392 11335//11335
f 11336//11336 11390//11390 11385//11385
f 11337//11337 11383//11383 11344//11344
f 11345//11345 11384//11384 11376//11376
f 11341//11341 11378//11378 11346//11346
f 11350//11350 11377//11377 11372//11372
f 11351//11351 11374//11374 11353//11353
f 11354//11354 11370//11370 11364//11364
f 11358//11358 11365//11365 11363//11363
f 11359//11359 11366//11366 9297//9297
f 11361//11361 9292//9292 9315//9315
f 3427//3427 11725//11725 11257//11257
f 11261//11261 11727//11727 11728//11728
f 11262//11262 11729//11729 11536//11536
f 11538//11538 11733//11733 11734//11734
f 11540//11540 11735//11735 11182//11182
f 11180//11180 11737//11737 11741//11741
f 11184//11184 11743//11743 11185//11185
f 11187//11187 11745//11745 11748//11748
f 11188//11188 11750//11750 11510//11510
f 11507//11507 11747//11747 11756//11756
f 11506//11506 11757//11757 11513//11513
f 11512//11512 11755//11755 11762//11762
f 11511//11511 11759//11759 11556//11556
f 11555//11555 11758//11758 11767//11767
f 11554//11554 11764//11764 11559//11559
f 10348//10348 10341//10341 11231//11231
f 11232//11232 10344//10344 11404//11404
f 11230//11230 11405//11405 11237//11237
f 11238//11238 11407//11407 11397//11397
f 11239//11239 11399//11399 11420//11420
f 11419//11419 11400//11400 11658//11658
f 11418//11418 11661//11661 11426//11426
f 11427//11427 11660//11660 11655//11655
f 11422//11422 11654//11654 11432//11432
f 11430//11430 11653//11653 11651//11651
f 11433//11433 11648//11648 11439//11439
f 11434//11434 11649//11649 11149//11149
f 11438//11438 11148//11148 11441//11441
f 11442//11442 11146//11146 11135//11135
f 11443//11443 11138//11138 11448//11448
f 11449//11449 11136//11136 11131//11131
f 11450//11450 11133//11133 11454//11454
f 11455//11455 11130//11130 11680//11680
f 11452//11452 11681//11681 11461//11461
f 11462//11462 11684//11684 11671//11671
f 11460//11460 11670//11670 11469//11469
f 11468//11468 11673//11673 11668//11668
f 11463//11463 11665//11665 10630//10630
f 10628//10628 11667//11667 10664//10664
f 9774//9774 11497//11497 9782//9782
f 9779//9779 11496//11496 11194//11194
f 9778//9778 11193//11193 11247//11247
f 11248//11248 11191//11191 11207//11207
f 11249//11249 11210//11210 3428//3428
f 3424//3424 11211//11211 11489//11489
f 3425//3425 11488//11488 11726//11726
f 11723//11723 11490//11490 11225//11225
f 11724//11724 11227//11227 11731//11731
f 11732//11732 11224//11224 11218//11218
f 11730//11730 11219//11219 11739//11739
f 11738//11738 11222//11222 11470//11470
f 11736//11736 11476//11476 11744//11744
f 11742//11742 11472//11472 11482//11482
f 11740//11740 11481//11481 11749//11749
f 11751//11751 11480//11480 11112//11112
f 11746//11746 11110//11110 11752//11752
f 11753//11753 11109//11109 11127//11127
f 11754//11754 11125//11125 11760//11760
f 11761//11761 11121//11121 11696//11696
f 11763//11763 11697//11697 11765//11765
f 11768//11768 11693//11693 11705//11705
f 11766//11766 11708//11708 11563//11563
f 11558//11558 11707//11707 11614//11614
f 11561//11561 11610//11610 11575//11575
f 11570//11570 11611//11611 11155//11155
f 11574//11574 11154//11154 11582//11582
f 11583//11583 11153//11153 11170//11170
f 11587//11587 11171//11171 9916//9916
f 9911//9911 11172//11172 11627//11627
f 9915//9915 11628//11628 9920//9920
f 9919//9919 11629//11629 11624//11624
f 9918//9918 11625//11625 11309//11309
f 11308//11308 11623//11623 11615//11615
f 11307//11307 11616//11616 11304//11304
f 11306//11306 11617//11617 11323//11323
f 11303//11303 11321//11321 11319//11319
f 11318//11318 11327//11327 9902//9902
f 11320//11320 9903//9903 9897//9897
f 11774//11774 11777//11777 11783//11783
f 11790//11790 11796//11796 11806//11806
f 11805//11805 11797//11797 11813//11813
f 11816//11816 11825//11825 11833//11833
f 11835//11835 11841//11841 11846//11846
f 4848//4848 4843//4843 11856//11856
f 11855//11855 4842//4842 4839//4839
f 4016//4016 9814//9814 11860//11860
f 11859//11859 9813//9813 9806//9806
f 9798//9798 11862//11862 9803//9803
f 10063//10063 11872//11872 10061//10061
f 10071//10071 10093//10093 11876//11876
f 10326//10326 11885//11885 11890//11890
f 1865//1865 11898//11898 11905//11905
f 1864//1864 11906//11906 1875//1875
f 1874//1874 11911//11911 9925//9925
f 9926//9926 11912//11912 11917//11917
f 9927//9927 11919//11919 9931//9931
f 11926//11926 7074//7074 7066//7066
f 7047//7047 7073//7073 9514//9514
f 9515//9515 7072//7072 11925//11925
f 9516//9516 11922//11922 9490//9490
f 9495//9495 9491//9491 10320//10320
f 10318//10318 9493//9493 11924//11924
f 10316//10316 11921//11921 11915//11915
f 11914//11914 11923//11923 7068//7068
f 11913//11913 7067//7067 9932//9932
f 10328//10328 11888//11888 10277//10277
f 10276//10276 11892//11892 11928//11928
f 10279//10279 11927//11927 10281//10281
f 10284//10284 11932//11932 11936//11936
f 10285//10285 11934//11934 10290//10290
f 10289//10289 11933//11933 11939//11939
f 10287//10287 11940//11940 10200//10200
f 10199//10199 11941//11941 11950//11950
f 10198//10198 11949//11949 10202//10202
f 10204//10204 11948//11948 11953//11953
f 10205//10205 11952//11952 10111//10111
f 10110//10110 11951//11951 11960//11960
f 10109//10109 11959//11959 10114//10114
f 11957//11957 11964//11964 10116//10116
f 10118//10118 11963//11963 11970//11970
f 10117//10117 11969//11969 10124//10124
f 10121//10121 11973//11973 11975//11975
f 10119//10119 11979//11979 10125//10125
f 10128//10128 11977//11977 10094//10094
f 10098//10098 11978//11978 11981//11981
f 10095//10095 11982//11982 10100//10100
f 11991//11991 11996//11996 12005//12005
f 12004//12004 12000//12000 12008//12008
f 12014//12014 12016//12016 12001//12001
f 12003//12003 12015//12015 12023//12023
f 12002//12002 12021//12021 12011//12011
f 12029//12029 12032//12032 12041//12041
f 12028//12028 12036//12036 12046//12046
f 12034//12034 12026//12026 12052//12052
f 12054//12054 12025//12025 12059//12059
f 12051//12051 12062//12062 12068//12068
f 12063//12063 12069//12069 12075//12075
f 12079//12079 12070//12070 11867//11867
f 10065//10065 10069//10069 11873//11873
f 11869//11869 10070//10070 11875//11875
f 11874//11874 11883//11883 12077//12077
f 12076//12076 11881//11881 12082//12082
f 12078//12078 12081//12081 12056//12056
f 12061//12061 12084//12084 12087//12087
f 12058//12058 12088//12088 12065//12065
f 12074//12074 11864//11864 11868//11868
f 11871//11871 11865//11865 9794//9794
f 11870//11870 9796//9796 10055//10055
f 10060//10060 9797//9797 9790//9790
f 10056//10056 9792//9792 9815//9815
f 12096//12096 3976//3976 12100//12100
f 12101//12101 3978//3978 4017//4017
f 4930//4930 4927//4927 12106//12106
f 12105//12105 4923//4923 8367//8367
f 12105//12105 8367//8367 12112//12112
f 12110//12110 8368//8368 8189//8189
f 12108//12108 8188//8188 12116//12116
f 12117//12117 8187//8187 8185//8185
f 4854//4854 8065//8065 4925//4925
f 4929//4929 8063//8063 8059//8059
f 4924//4924 8060//8060 8370//8370
f 12124//12124 4937//4937 4935//4935
f 4939//4939 12122//12122 4921//4921
f 4918//4918 12121//12121 12128//12128
f 4919//4919 12131//12131 2222//2222
f 1821//1821 1816//1816 12138//12138
f 12144//12144 9260//9260 10007//10007
f 12146//12146 9286//9286 12141//12141
f 12145//12145 9285//9285 9266//9266
f 12143//12143 9267//9267 9261//9261
f 12155//12155 9986//9986 9276//9276
f 9277//9277 9980//9980 9978//9978
f 9279//9279 9975//9975 9272//9272
f 9280//9280 9282//9282 12154//12154
f 12156//12156 9281//9281 12151//12151
f 12153//12153 12149//12149 9981//9981
f 9987//9987 12148//12148 12159//12159
f 2108//2108 9971//9971 12162//12162
f 12161//12161 9973//9973 9988//9988
f 12174//12174 12175//12175 2093//2093
f 2091//2091 12179//12179 12182//12182
f 2087//2087 12184//12184 9954//9954
f 9958//9958 12180//12180 12191//12191
f 9957//9957 12186//12186 9959//9959
f 9960//9960 12189//12189 12193//12193
f 9961//9961 12195//12195 9968//9968
f 9966//9966 12192//12192 12202//12202
f 9967//9967 12200//12200 9420//9420
f 9428//9428 9408//9408 9942//9942
f 9939//9939 9410//9410 12203//12203
f 9937//9937 12204//12204 9947//9947
f 12207//12207 12212//12212 9944//9944
f 9949//9949 12211//12211 12217//12217
f 9943//9943 12214//12214 9953//9953
f 11897//11897 1866//1866 12218//12218
f 12215//12215 1863//1863 9935//9935
f 12216//12216 9933//9933 9952//9952
f 12222//12222 11781//11781 12229//12229
f 12228//12228 11778//11778 11773//11773
f 12233//12233 11772//11772 12237//12237
f 12234//12234 11770//11770 12241//12241
f 12235//12235 12243//12243 12251//12251
f 12247//12247 12240//12240 12254//12254
f 12246//12246 12253//12253 11995//11995
f 11994//11994 12255//12255 12263//12263
f 11993//11993 12259//12259 11999//11999
f 11997//11997 12260//12260 12043//12043
f 11998//11998 12044//12044 12013//12013
f 12012//12012 12045//12045 12040//12040
f 12012//12012 12040//12040 12017//12017
f 12264//12264 12269//12269 12278//12278
f 12279//12279 12270//12270 12281//12281
f 12280//12280 12282//12282 12291//12291
f 12289//12289 12283//12283 12132//12132
f 12288//12288 12137//12137 2226//2226
f 2220//2220 12134//12134 1819//1819
f 12293//12293 11840//11840 12300//12300
f 12303//12303 11842//11842 11836//11836
f 12304//12304 11838//11838 12307//12307
f 12314//12314 12318//12318 12324//12324
f 12327//12327 12317//12317 12328//12328
f 12322//12322 12330//12330 12337//12337
f 12336//12336 12332//12332 12343//12343
f 12272//12272 12312//12312 12286//12286
f 12285//12285 12313//12313 12323//12323
f 12284//12284 12326//12326 12135//12135
f 12133//12133 12325//12325 12338//12338
f 12136//12136 12335//12335 1824//1824
f 1823//1823 12334//12334 12341//12341
f 1825//1825 12339//12339 9993//9993
f 9994//9994 12345//12345 10002//10002
f 12305//12305 12349//12349 12302//12302
f 12301//12301 12353//12353 12091//12091
f 12299//12299 12095//12095 12298//12298
f 12294//12294 12094//12094 12102//12102
f 8182//8182 4826//4826 12120//12120
f 12118//12118 4827//4827 4846//4846
f 12119//12119 4847//4847 12115//12115
f 12114//12114 4849//4849 11854//11854
f 12113//12113 11853//11853 12351//12351
f 12348//12348 11852//11852 4834//4834
f 12346//12346 4836//4836 12093//12093
f 12090//12090 4837//4837 4833//4833
f 12092//12092 4832//4832 3979//3979
f 4934//4934 12104//12104 12123//12123
f 12125//12125 12103//12103 12111//12111
f 12126//12126 12109//12109 12129//12129
f 12127//12127 12107//12107 12347//12347
f 12130//12130 12350//12350 2227//2227
f 2221//2221 12352//12352 12309//12309
f 2224//2224 12306//12306 12287//12287
f 12290//12290 12308//12308 11837//11837
f 12292//12292 11839//11839 12276//12276
f 12275//12275 11834//11834 11851//11851
f 12277//12277 11850//11850 12268//12268
f 2095//2095 2110//2110 12354//12354
f 12356//12356 2106//2106 11826//11826
f 12355//12355 11822//11822 12361//12361
f 12362//12362 11821//11821 11815//11815
f 12360//12360 11817//11817 12369//12369
f 2111//2111 12166//12166 11824//11824
f 11823//11823 12164//12164 12375//12375
f 11820//11820 12377//12377 11828//11828
f 11832//11832 12376//12376 12383//12383
f 11830//11830 12380//12380 12386//12386
f 12388//12388 11800//11800 12396//12396
f 12397//12397 11803//11803 11810//11810
f 12393//12393 11811//11811 12400//12400
f 12399//12399 11808//11808 12405//12405
f 12401//12401 12408//12408 11901//11901
f 11900//11900 12409//12409 12415//12415
f 11899//11899 12414//12414 1876//1876
f 1869//1869 12412//12412 12420//12420
f 1870//1870 12416//12416 11910//11910
f 12421//12421 12427//12427 12432//12432
f 12433//12433 12428//12428 12442//12442
f 12436//12436 12438//12438 12446//12446
f 12227//12227 12426//12426 11779//11779
f 11780//11780 12424//12424 12434//12434
f 11776//11776 12435//12435 11785//11785
f 11787//11787 12437//12437 12449//12449
f 11784//11784 12444//12444 12454//12454
f 12456//12456 12447//12447 12457//12457
f 12451//12451 12461//12461 12468//12468
f 12464//12464 12459//12459 12469//12469
f 12466//12466 12471//12471 12367//12367
f 12368//12368 12470//12470 12478//12478
f 12371//12371 12477//12477 12363//12363
f 12364//12364 12475//12475 12170//12170
f 12365//12365 12168//12168 12358//12358
f 12357//12357 12169//12169 2090//2090
f 12359//12359 2094//2094 2097//2097
f 12439//12439 11794//11794 12448//12448
f 12450//12450 11789//11789 11804//11804
f 12445//12445 11802//11802 12460//12460
f 12462//12462 11801//11801 12390//12390
f 12458//12458 12391//12391 12472//12472
f 12473//12473 12389//12389 12394//12394
f 12474//12474 12395//12395 12480//12480
f 12479//12479 12392//12392 12398//12398
f 12476//12476 12403//12403 12171//12171
f 12172//12172 12402//12402 11904//11904
f 12173//12173 11903//11903 12178//12178
f 12176//12176 11902//11902 11895//11895
f 12177//12177 11894//11894 12181//12181
f 12183//12183 11896//11896 12219//12219
f 12185//12185 12221//12221 12187//12187
f 12190//12190 12220//12220 12210//12210
f 12188//12188 12209//12209 12196//12196
f 12197//12197 12213//12213 12205//12205
f 12194//12194 12208//12208 12199//12199
f 12198//12198 12206//12206 9406//9406
f 12201//12201 9405//9405 9423//9423
f 4010//4010 12482//12482 12099//12099
f 12098//12098 12484//12484 12487//12487
f 12097//12097 12486//12486 12295//12295
f 12296//12296 12489//12489 12493//12493
f 12297//12297 12492//12492 11845//11845
f 11844//11844 12494//12494 12502//12502
f 11843//11843 12501//12501 11848//11848
f 11849//11849 12498//12498 12506//12506
f 11847//11847 12508//12508 12266//12266
f 12267//12267 12507//12507 12513//12513
f 12265//12265 12514//12514 12271//12271
f 12273//12273 12511//12511 12517//12517
f 12274//12274 12519//12519 12315//12315
f 12310//12310 12520//12520 12523//12523
f 12311//12311 12524//12524 12321//12321
f 10325//10325 10319//10319 11884//11884
f 11887//11887 10317//10317 11916//11916
f 11886//11886 11918//11918 11893//11893
f 11889//11889 11920//11920 11908//11908
f 11891//11891 11907//11907 11929//11929
f 11931//11931 11909//11909 12417//12417
f 11930//11930 12418//12418 11938//11938
f 11937//11937 12419//12419 12411//12411
f 11935//11935 12410//12410 11942//11942
f 11943//11943 12413//12413 12406//12406
f 11944//11944 12404//12404 11947//11947
f 11945//11945 12407//12407 11807//11807
f 11946//11946 11812//11812 11954//11954
f 11955//11955 11809//11809 11799//11799
f 11956//11956 11795//11795 11962//11962
f 11961//11961 11798//11798 11792//11792
f 11958//11958 11793//11793 11965//11965
f 11966//11966 11791//11791 12440//12440
f 11967//11967 12443//12443 11971//11971
f 11972//11972 12441//12441 12429//12429
f 11968//11968 12430//12430 11974//11974
f 11976//11976 12431//12431 12422//12422
f 11980//11980 12423//12423 11985//11985
f 11983//11983 12425//12425 12226//12226
f 9800//9800 11866//11866 9805//9805
f 9807//9807 11863//11863 12073//12073
f 9808//9808 12071//12071 11861//11861
f 11857//11857 12072//12072 12060//12060
f 11858//11858 12064//12064 4011//4011
f 4015//4015 12057//12057 12027//12027
f 4014//4014 12031//12031 12485//12485
f 12481//12481 12030//12030 12049//12049
f 12483//12483 12048//12048 12490//12490
f 12491//12491 12047//12047 12261//12261
f 12488//12488 12258//12258 12497//12497
f 12496//12496 12262//12262 12256//12256
f 12495//12495 12252//12252 12499//12499
f 12503//12503 12257//12257 12244//12244
f 12500//12500 12245//12245 12504//12504
f 12509//12509 12242//12242 11771//11771
f 12505//12505 11775//11775 12512//12512
f 12510//12510 11769//11769 11786//11786
f 12515//12515 11782//11782 12516//12516
f 12518//12518 11788//11788 12455//12455
f 12521//12521 12453//12453 12525//12525
f 12526//12526 12452//12452 12463//12463
f 12522//12522 12465//12465 12316//12316
f 12320//12320 12467//12467 12366//12366
f 12319//12319 12372//12372 12329//12329
f 12331//12331 12370//12370 11819//11819
f 12333//12333 11814//11814 12344//12344
f 12340//12340 11818//11818 11831//11831
f 12342//12342 11829//11829 10001//10001
f 9998//9998 11827//11827 12387//12387
f 9997//9997 12385//12385 10004//10004
f 10005//10005 12384//12384 12382//12382
f 10006//10006 12379//12379 12140//12140
f 12142//12142 12381//12381 12374//12374
f 12139//12139 12378//12378 12147//12147
f 12152//12152 12373//12373 12165//12165
f 12150//12150 12167//12167 12160//12160
f 12158//12158 12163//12163 9992//9992
f 12157//12157 9991//9991 9982//9982
f 12532//12532 12534//12534 12543//12543
f 12546//12546 12555//12555 12558//12558
f 12562//12562 12553//12553 12563//12563
f 12574//12574 12575//12575 12584//12584
f 8928//8928 5133//5133 5140//5140
f 170//170 12590//12590 12599//12599
f 7416//7416 12601//12601 7425//7425
f 7914//7914 8040//8040 12607//12607
f 10294//10294 12616//12616 12621//12621
f 10158//10158 12631//12631 12632//12632
f 12232//12232 12640//12640 12644//12644
f 6408//6408 6403//6403 10073//10073
f 10072//10072 6404//6404 6457//6457
f 10074//10074 6454//6454 10082//10082
f 10083//10083 6456//6456 6452//6452
f 11878//11878 10091//10091 10087//10087
f 12651//12651 12656//12656 12663//12663
f 12053//12053 12066//12066 12668//12668
f 12671//12671 12067//12067 12089//12089
f 12669//12669 12085//12085 12678//12678
f 12676//12676 12086//12086 12080//12080
f 12675//12675 12083//12083 11877//11877
f 12682//12682 12020//12020 12686//12686
f 12687//12687 12024//12024 12019//12019
f 12691//12691 12018//12018 12037//12037
f 11992//11992 12006//12006 12685//12685
f 12684//12684 12007//12007 12009//12009
f 12683//12683 12010//12010 12022//12022
f 10103//10103 10099//10099 11987//11987
f 12630//12630 10157//10157 12694//12694
f 12693//12693 10156//10156 10148//10148
f 12692//12692 10152//10152 12700//12700
f 12701//12701 10149//10149 10147//10147
f 12702//12702 10146//10146 12704//12704
f 12709//12709 10145//10145 10106//10106
f 12708//12708 10105//10105 12710//12710
f 12711//12711 10104//10104 11984//11984
f 12712//12712 11986//11986 12225//12225
f 12716//12716 10216//10216 10207//10207
f 10291//10291 12624//12624 10299//10299
f 10298//10298 12625//12625 12725//12725
f 10300//10300 12726//12726 10224//10224
f 10226//10226 12727//12727 12613//12613
f 10222//10222 12611//12611 10227//10227
f 10229//10229 12609//12609 10232//10232
f 10235//10235 12608//12608 8039//8039
f 10233//10233 8042//8042 8033//8033
f 7423//7423 12603//12603 7401//7401
f 7404//7404 12606//12606 12733//12733
f 7402//7402 12732//12732 7410//7410
f 12728//12728 12735//12735 7407//7407
f 7411//7411 12738//12738 12740//12740
f 7406//7406 12739//12739 7413//7413
f 7414//7414 12741//12741 185//185
f 186//186 12743//12743 12747//12747
f 183//183 12746//12746 169//169
f 174//174 12595//12595 7390//7390
f 7388//7388 12596//12596 12756//12756
f 7387//7387 12757//12757 7395//7395
f 7394//7394 12758//12758 12764//12764
f 7396//7396 12763//12763 7397//7397
f 9073//9073 7363//7363 7359//7359
f 7286//7286 7281//7281 12770//12770
f 12771//12771 7280//7280 7276//7276
f 12775//12775 9127//9127 9130//9130
f 9123//9123 12774//12774 9118//9118
f 9119//9119 12776//12776 12783//12783
f 9117//9117 12785//12785 12786//12786
f 12794//12794 7192//7192 7181//7181
f 7160//7160 7196//7196 12799//12799
f 12801//12801 7197//7197 7193//7193
f 12802//12802 52//52 12812//12812
f 12811//12811 50//50 7169//7169
f 12810//12810 7168//7168 12816//12816
f 12815//12815 7170//7170 7165//7165
f 12818//12818 7163//7163 12824//12824
f 12821//12821 7162//7162 12798//12798
f 12829//12829 72//72 12803//12803
f 12804//12804 73//73 67//67
f 12805//12805 65//65 53//53
f 12838//12838 5152//5152 71//71
f 5150//5150 12837//12837 5146//5146
f 5148//5148 12836//12836 12839//12839
f 5149//5149 12840//12840 5138//5138
f 8908//8908 12850//12850 8849//8849
f 8847//8847 12846//12846 12852//12852
f 8848//8848 12854//12854 5183//5183
f 12858//12858 12867//12867 12874//12874
f 12871//12871 12868//12868 5164//5164
f 12873//12873 5165//5165 12876//12876
f 12878//12878 5166//5166 5156//5156
f 4157//4157 5192//5192 12861//12861
f 12862//12862 5194//5194 5190//5190
f 12863//12863 5187//5187 5163//5163
f 12880//12880 12720//12720 12634//12634
f 12635//12635 12721//12721 10208//10208
f 12636//12636 10211//10211 10154//10154
f 7421//7421 7912//7912 12602//12602
f 12605//12605 7917//7917 12612//12612
f 12604//12604 12614//12614 12729//12729
f 12730//12730 12610//12610 12722//12722
f 12731//12731 12723//12723 12736//12736
f 12734//12734 12724//12724 12626//12626
f 12737//12737 12622//12622 12745//12745
f 12742//12742 12623//12623 12620//12620
f 12744//12744 12617//12617 12753//12753
f 12591//12591 172//172 12891//12891
f 12887//12887 171//171 12751//12751
f 12890//12890 12752//12752 12897//12897
f 12900//12900 12904//12904 12912//12912
f 12915//12915 12909//12909 12918//12918
f 12914//12914 12917//12917 12923//12923
f 12926//12926 12916//12916 12929//12929
f 12938//12938 12766//12766 12939//12939
f 12943//12943 12765//12765 12754//12754
f 12940//12940 12759//12759 12948//12948
f 12947//12947 12755//12755 12600//12600
f 12950//12950 12598//12598 12952//12952
f 12951//12951 12597//12597 12594//12594
f 12956//12956 12593//12593 12957//12957
f 12958//12958 12592//12592 12886//12886
f 12959//12959 12888//12888 12928//12928
f 12932//12932 12889//12889 12896//12896
f 12930//12930 12892//12892 12922//12922
f 12908//12908 12572//12572 12921//12921
f 12920//12920 12570//12570 12586//12586
f 12919//12919 12583//12583 12931//12931
f 12933//12933 12587//12587 1340//1340
f 12934//12934 1339//1339 12962//12962
f 12961//12961 1338//1338 7323//7323
f 12960//12960 7321//7321 12955//12955
f 12954//12954 7320//7320 7316//7316
f 12953//12953 7319//7319 12946//12946
f 12945//12945 7314//7314 7311//7311
f 12949//12949 7310//7310 12942//12942
f 12941//12941 7309//7309 7305//7305
f 12944//12944 7304//7304 12936//12936
f 12937//12937 7303//7303 9071//9071
f 12935//12935 9074//9074 12762//12762
f 12760//12760 9072//9072 7358//7358
f 12761//12761 7357//7357 7399//7399
f 12963//12963 12972//12972 12577//12577
f 12969//12969 12968//12968 12779//12779
f 12780//12780 12967//12967 12795//12795
f 12782//12782 12791//12791 12788//12788
f 12787//12787 12790//12790 7187//7187
f 12789//12789 7184//7184 9116//9116
f 7263//7263 7267//7267 9128//9128
f 9129//9129 7265//7265 7273//7273
f 9131//9131 7270//7270 12777//12777
f 12773//12773 7272//7272 7290//7290
f 12772//12772 7289//7289 12778//12778
f 12781//12781 7285//7285 12768//12768
f 12784//12784 12767//12767 12970//12970
f 12971//12971 12769//12769 7278//7278
f 12973//12973 7274//7274 12576//12576
f 12578//12578 7279//7279 1351//1351
f 12579//12579 1349//1349 12585//12585
f 12588//12588 1348//1348 1347//1347
f 12589//12589 1346//1346 1343//1343
f 12979//12979 12987//12987 12992//12992
f 12993//12993 12985//12985 12996//12996
f 12988//12988 12997//12997 13004//13004
f 12035//12035 13010//13010 12038//12038
f 12042//12042 13012//13012 13019//13019
f 12039//12039 13018//13018 12690//12690
f 12689//12689 13014//13014 13025//13025
f 12688//12688 13021//13021 12679//12679
f 12681//12681 13023//13023 13029//13029
f 12680//12680 13030//13030 11989//11989
f 11990//11990 13031//13031 13033//13033
f 11988//11988 13035//13035 12249//12249
f 12248//12248 13037//13037 13042//13042
f 12250//12250 13040//13040 12239//12239
f 13045//13045 12901//12901 13049//13049
f 13051//13051 12903//12903 12910//12910
f 13050//13050 12913//12913 13056//13056
f 13055//13055 12911//12911 12924//12924
f 13057//13057 12925//12925 13064//13064
f 13061//13061 12927//12927 12895//12895
f 13066//13066 12893//12893 13071//13071
f 13072//13072 12894//12894 12748//12748
f 13068//13068 12749//12749 13077//13077
f 13078//13078 12750//12750 12618//12618
f 13075//13075 12615//12615 10218//10218
f 10220//10220 12619//12619 10292//10292
f 4174//4174 4165//4165 12551//12551
f 12548//12548 4167//4167 4161//4161
f 12550//12550 4160//4160 12554//12554
f 12552//12552 4159//4159 12865//12865
f 12556//12556 12866//12866 12568//12568
f 12564//12564 12864//12864 12859//12859
f 7188//7188 12792//12792 12796//12796
f 12797//12797 12793//12793 12964//12964
f 12800//12800 12965//12965 12822//12822
f 12823//12823 12966//12966 12581//12581
f 12825//12825 12580//12580 12817//12817
f 12820//12820 12582//12582 12573//12573
f 12819//12819 12571//12571 12809//12809
f 12813//12813 12569//12569 12906//12906
f 12814//12814 12905//12905 12807//12807
f 12808//12808 12907//12907 12899//12899
f 12806//12806 12898//12898 12826//12826
f 12827//12827 12902//12902 13044//13044
f 12828//12828 13043//13043 13081//13081
f 10085//10085 12652//12652 11879//11879
f 11880//11880 12650//12650 12661//12661
f 11882//11882 12662//12662 12673//12673
f 12677//12677 12665//12665 13090//13090
f 12674//12674 13089//13089 12670//12670
f 12672//12672 13088//13088 13007//13007
f 12667//12667 13005//13005 12050//12050
f 12055//12055 13006//13006 12033//12033
f 70//70 13093//13093 12835//12835
f 12834//12834 13092//13092 12849//12849
f 12833//12833 12851//12851 12843//12843
f 12842//12842 12848//12848 8910//8910
f 12841//12841 8913//8913 5137//5137
f 5136//5136 8911//8911 8904//8904
f 5135//5135 8906//8906 8930//8930
f 5184//5184 12855//12855 5160//5160
f 5154//5154 12853//12853 12847//12847
f 5161//5161 12845//12845 12875//12875
f 12879//12879 12844//12844 13091//13091
f 12877//12877 13094//13094 12869//12869
f 12872//12872 13095//13095 77//77
f 12870//12870 74//74 12857//12857
f 12856//12856 75//75 12831//12831
f 12860//12860 12832//12832 12565//12565
f 12566//12566 12830//12830 13084//13084
f 12567//12567 13083//13083 12559//12559
f 12646//12646 12641//12641 13096//13096
f 13099//13099 12642//12642 12984//12984
f 13097//13097 12983//12983 13106//13106
f 13105//13105 12980//12980 12978//12978
f 13104//13104 12977//12977 12544//12544
f 12541//12541 12537//12537 13103//13103
f 13102//13102 12538//12538 13109//13109
f 13107//13107 13108//13108 13098//13098
f 13100//13100 13110//13110 13117//13117
f 13101//13101 13116//13116 12645//12645
f 12882//12882 13121//13121 13130//13130
f 13129//13129 13122//13122 13132//13132
f 13128//13128 13131//13131 13140//13140
f 13138//13138 13134//13134 13146//13146
f 13141//13141 13147//13147 13154//13154
f 13152//13152 13143//13143 13159//13159
f 13153//13153 13158//13158 13165//13165
f 13163//13163 13156//13156 13172//13172
f 13166//13166 13171//13171 13175//13175
f 13174//13174 13170//13170 13183//13183
f 13178//13178 13184//13184 13188//13188
f 13123//13123 12527//12527 13135//13135
f 13136//13136 12531//12531 12540//12540
f 13133//13133 12539//12539 13145//13145
f 13144//13144 12542//12542 12976//12976
f 13148//13148 12975//12975 13160//13160
f 13157//13157 12974//12974 12989//12989
f 13155//13155 12990//12990 13167//13167
f 13169//13169 12991//12991 12999//12999
f 13168//13168 13001//13001 13179//13179
f 12881//12881 12633//12633 13119//13119
f 13124//13124 12637//12637 12629//12629
f 13120//13120 12628//12628 12528//12528
f 12529//12529 12627//12627 12695//12695
f 12530//12530 12696//12696 12533//12533
f 12535//12535 12697//12697 12699//12699
f 12536//12536 12703//12703 13113//13113
f 13111//13111 12698//12698 12705//12705
f 13112//13112 12707//12707 13118//13118
f 13114//13114 12706//12706 12713//12713
f 13115//13115 12714//12714 12647//12647
f 12648//12648 12715//12715 12223//12223
f 12649//12649 12224//12224 12230//12230
f 13008//13008 13189//13189 13015//13015
f 13016//13016 13185//13185 13182//13182
f 13017//13017 13181//13181 13024//13024
f 13020//13020 13180//13180 13002//13002
f 13022//13022 13000//13000 13027//13027
f 13028//13028 13003//13003 12994//12994
f 13026//13026 12998//12998 13036//13036
f 13034//13034 12995//12995 12981//12981
f 13032//13032 12986//12986 13039//13039
f 13038//13038 12982//12982 12638//12638
f 13041//13041 12643//12643 12238//12238
f 12236//12236 12639//12639 12231//12231
f 10088//10088 10080//10080 12655//12655
f 12653//12653 10077//10077 6448//6448
f 12654//12654 6447//6447 12659//12659
f 12657//12657 6446//6446 6467//6467
f 12658//12658 6464//6464 12666//12666
f 12664//12664 6466//6466 6462//6462
f 12660//12660 6460//6460 13087//13087
f 13086//13086 6459//6459 4171//4171
f 13085//13085 4170//4170 13013//13013
f 13011//13011 4169//4169 12547//12547
f 13009//13009 12545//12545 13186//13186
f 13187//13187 12549//12549 12557//12557
f 13190//13190 12561//12561 13173//13173
f 13177//13177 12560//12560 13079//13079
f 13176//13176 13080//13080 13161//13161
f 13162//13162 13082//13082 13048//13048
f 13164//13164 13047//13047 13151//13151
f 13149//13149 13046//13046 13054//13054
f 13150//13150 13053//13053 13142//13142
f 13137//13137 13052//13052 13058//13058
f 13139//13139 13059//13059 13127//13127
f 13125//13125 13060//13060 13062//13062
f 13126//13126 13063//13063 12883//12883
f 12884//12884 13065//13065 13070//13070
f 12885//12885 13067//13067 12718//12718
f 12719//12719 13069//13069 13073//13073
f 12717//12717 13074//13074 10213//10213
f 10212//10212 13076//13076 10217//10217
